date,day_of_week,is_weekend,is_holiday,season,temperature,rain,local_event,past_demand_1day,past_demand_7day,target_demand
2000-01-01,Saturday,1,1,Winter,4.1,0,0,95,90,92
2000-01-02,Sunday,1,0,Winter,0.1,1,0,92,92,77
2000-01-03,Monday,0,0,Winter,5.6,0,0,77,88,67
2000-01-04,Tuesday,0,0,Winter,6.2,1,0,67,94,79
2000-01-05,Wednesday,0,0,Winter,-2.5,1,0,79,100,77
2000-01-06,Thursday,0,0,Winter,-0.5,1,0,77,120,72
2000-01-07,Friday,0,0,Winter,3.9,0,0,72,112,80
2000-01-08,Saturday,1,0,Winter,2.6,0,0,80,92,74
2000-01-09,Sunday,1,0,Winter,3.6,1,0,74,77,70
2000-01-10,Monday,0,0,Winter,1.1,0,0,70,67,70
2000-01-11,Tuesday,0,0,Winter,6.4,0,0,70,79,63
2000-01-12,Wednesday,0,0,Winter,6.1,1,0,63,77,57
2000-01-13,Thursday,0,0,Winter,4.1,1,0,57,72,60
2000-01-14,Friday,0,0,Winter,7.3,1,0,60,80,54
2000-01-15,Saturday,1,0,Winter,5.4,0,0,54,74,76
2000-01-16,Sunday,1,0,Winter,1.5,0,0,76,70,80
2000-01-17,Monday,0,0,Winter,5.3,1,0,80,70,75
2000-01-18,Tuesday,0,0,Winter,1.4,0,0,75,63,68
2000-01-19,Wednesday,0,0,Winter,7.0,0,0,68,57,59
2000-01-20,Thursday,0,0,Winter,4.3,0,0,59,60,54
2000-01-21,Friday,0,0,Winter,4.0,1,0,54,54,62
2000-01-22,Saturday,1,0,Winter,2.6,0,0,62,76,79
2000-01-23,Sunday,1,0,Winter,8.4,1,0,79,80,71
2000-01-24,Monday,0,0,Winter,4.3,0,0,71,75,59
2000-01-25,Tuesday,0,0,Winter,3.6,0,0,59,68,61
2000-01-26,Wednesday,0,0,Winter,3.9,1,0,61,59,59
2000-01-27,Thursday,0,0,Winter,6.7,1,0,59,54,65
2000-01-28,Friday,0,0,Winter,6.3,1,0,65,62,71
2000-01-29,Saturday,1,0,Winter,6.5,1,0,71,79,77
2000-01-30,Sunday,1,0,Winter,6.7,0,0,77,71,85
2000-01-31,Monday,0,0,Winter,12.0,0,0,85,59,71
2000-02-01,Tuesday,0,0,Winter,4.4,0,0,71,61,63
2000-02-02,Wednesday,0,0,Winter,4.2,0,0,63,59,68
2000-02-03,Thursday,0,0,Winter,3.4,1,0,68,65,71
2000-02-04,Friday,0,0,Winter,7.9,1,0,71,71,79
2000-02-05,Saturday,1,0,Winter,9.5,0,0,79,77,84
2000-02-06,Sunday,1,0,Winter,5.9,0,1,84,85,93
2000-02-07,Monday,0,0,Winter,3.9,1,0,93,71,67
2000-02-08,Tuesday,0,0,Winter,4.0,1,0,67,63,67
2000-02-09,Wednesday,0,0,Winter,8.6,0,0,67,68,64
2000-02-10,Thursday,0,0,Winter,9.0,0,1,64,71,64
2000-02-11,Friday,0,0,Winter,8.5,0,0,64,79,72
2000-02-12,Saturday,1,0,Winter,5.1,0,0,72,84,76
2000-02-13,Sunday,1,0,Winter,7.9,0,0,76,93,65
2000-02-14,Monday,0,0,Winter,7.7,0,0,65,67,61
2000-02-15,Tuesday,0,0,Winter,8.1,0,0,61,67,69
2000-02-16,Wednesday,0,0,Winter,10.2,0,0,69,64,72
2000-02-17,Thursday,0,0,Winter,8.4,0,0,72,64,74
2000-02-18,Friday,0,0,Winter,10.0,0,0,74,72,88
2000-02-19,Saturday,1,0,Winter,8.3,0,0,88,76,84
2000-02-20,Sunday,1,0,Winter,9.1,1,0,84,65,69
2000-02-21,Monday,0,0,Winter,10.3,1,0,69,61,66
2000-02-22,Tuesday,0,0,Winter,4.1,0,0,66,69,68
2000-02-23,Wednesday,0,0,Winter,7.7,0,0,68,72,61
2000-02-24,Thursday,0,0,Winter,7.4,1,0,61,74,64
2000-02-25,Friday,0,0,Winter,7.1,0,0,64,88,81
2000-02-26,Saturday,1,0,Winter,8.3,1,0,81,84,86
2000-02-27,Sunday,1,0,Winter,13.8,1,0,86,69,87
2000-02-28,Monday,0,0,Winter,6.9,0,0,87,66,69
2000-02-29,Tuesday,0,0,Winter,12.5,0,0,69,68,60
2000-03-01,Wednesday,0,0,Spring,4.7,0,0,60,61,58
2000-03-02,Thursday,0,0,Spring,8.9,0,0,58,64,74
2000-03-03,Friday,0,0,Spring,10.6,0,0,74,81,91
2000-03-04,Saturday,1,0,Spring,12.0,0,0,91,86,96
2000-03-05,Sunday,1,0,Spring,12.6,0,0,96,87,107
2000-03-06,Monday,0,0,Spring,13.0,1,0,107,69,85
2000-03-07,Tuesday,0,0,Spring,9.7,0,0,85,60,73
2000-03-08,Wednesday,0,0,Spring,9.6,0,0,73,58,61
2000-03-09,Thursday,0,0,Spring,13.7,1,0,61,74,71
2000-03-10,Friday,0,0,Spring,10.7,1,0,71,91,89
2000-03-11,Saturday,1,0,Spring,7.6,0,0,89,96,106
2000-03-12,Sunday,1,0,Spring,8.2,1,0,106,107,109
2000-03-13,Monday,0,0,Spring,9.0,1,0,109,85,93
2000-03-14,Tuesday,0,0,Spring,13.5,0,0,93,73,96
2000-03-15,Wednesday,0,0,Spring,12.6,0,0,96,61,77
2000-03-16,Thursday,0,0,Spring,14.4,0,1,77,71,97
2000-03-17,Friday,0,0,Spring,11.2,0,0,97,89,98
2000-03-18,Saturday,1,0,Spring,13.1,1,0,98,106,104
2000-03-19,Sunday,1,0,Spring,14.7,0,0,104,109,97
2000-03-20,Monday,0,0,Spring,12.1,0,1,97,93,101
2000-03-21,Tuesday,0,0,Spring,14.5,0,1,101,96,111
2000-03-22,Wednesday,0,0,Spring,11.4,1,1,111,77,84
2000-03-23,Thursday,0,0,Spring,12.4,0,0,84,97,96
2000-03-24,Friday,0,0,Spring,12.5,0,1,96,98,91
2000-03-25,Saturday,1,0,Spring,10.3,0,0,91,104,91
2000-03-26,Sunday,1,0,Spring,15.5,1,0,91,97,94
2000-03-27,Monday,0,0,Spring,12.8,0,0,94,101,103
2000-03-28,Tuesday,0,0,Spring,14.4,0,0,103,111,100
2000-03-29,Wednesday,0,0,Spring,16.0,0,0,100,84,97
2000-03-30,Thursday,0,0,Spring,16.1,0,0,97,96,91
2000-03-31,Friday,0,0,Spring,16.9,0,0,91,91,95
2000-04-01,Saturday,1,0,Spring,14.8,0,0,95,91,101
2000-04-02,Sunday,1,0,Spring,13.9,1,0,101,94,109
2000-04-03,Monday,0,0,Spring,15.1,0,0,109,103,95
2000-04-04,Tuesday,0,0,Spring,10.5,0,0,95,100,88
2000-04-05,Wednesday,0,0,Spring,11.4,0,0,88,97,97
2000-04-06,Thursday,0,0,Spring,11.9,0,0,97,91,93
2000-04-07,Friday,0,0,Spring,13.1,0,0,93,95,98
2000-04-08,Saturday,1,0,Spring,17.4,0,1,98,101,117
2000-04-09,Sunday,1,0,Spring,13.7,0,0,117,109,108
2000-04-10,Monday,0,0,Spring,15.4,0,0,108,95,83
2000-04-11,Tuesday,0,0,Spring,20.6,1,0,83,88,92
2000-04-12,Wednesday,0,0,Spring,15.8,0,0,92,97,94
2000-04-13,Thursday,0,0,Spring,19.2,0,0,94,93,88
2000-04-14,Friday,0,0,Spring,14.4,1,0,88,98,98
2000-04-15,Saturday,1,0,Spring,16.7,0,1,98,117,132
2000-04-16,Sunday,1,0,Spring,14.6,1,0,132,108,125
2000-04-17,Monday,0,0,Spring,16.6,0,1,125,83,125
2000-04-18,Tuesday,0,0,Spring,20.3,0,0,125,92,99
2000-04-19,Wednesday,0,0,Spring,12.8,1,0,99,94,93
2000-04-20,Thursday,0,0,Spring,19.4,0,0,93,88,98
2000-04-21,Friday,0,0,Spring,18.9,1,0,98,98,99
2000-04-22,Saturday,1,0,Spring,16.6,0,0,99,132,113
2000-04-23,Sunday,1,0,Spring,14.2,0,0,113,125,95
2000-04-24,Monday,0,0,Spring,18.9,0,0,95,125,114
2000-04-25,Tuesday,0,0,Spring,17.2,0,0,114,99,92
2000-04-26,Wednesday,0,0,Spring,19.6,0,0,92,93,100
2000-04-27,Thursday,0,0,Spring,19.1,1,0,100,98,98
2000-04-28,Friday,0,0,Spring,24.0,0,1,98,99,112
2000-04-29,Saturday,1,0,Spring,18.6,1,1,112,113,120
2000-04-30,Sunday,1,0,Spring,16.4,0,0,120,95,113
2000-05-01,Monday,0,1,Spring,20.2,0,0,113,114,118
2000-05-02,Tuesday,0,0,Spring,20.4,0,1,118,92,119
2000-05-03,Wednesday,0,0,Spring,23.9,0,0,119,100,109
2000-05-04,Thursday,0,0,Spring,22.5,0,1,109,98,106
2000-05-05,Friday,0,0,Spring,21.2,1,0,106,112,99
2000-05-06,Saturday,1,0,Spring,24.6,1,0,99,120,120
2000-05-07,Sunday,1,0,Spring,16.8,0,0,120,113,114
2000-05-08,Monday,0,0,Spring,18.5,0,0,114,118,101
2000-05-09,Tuesday,0,0,Spring,17.8,0,0,101,119,98
2000-05-10,Wednesday,0,0,Spring,19.5,0,0,98,109,100
2000-05-11,Thursday,0,0,Spring,16.7,1,0,100,106,90
2000-05-12,Friday,0,0,Spring,22.8,0,0,90,99,101
2000-05-13,Saturday,1,0,Spring,20.3,0,0,101,120,123
2000-05-14,Sunday,1,0,Spring,16.7,0,0,123,114,117
2000-05-15,Monday,0,0,Spring,18.2,1,0,117,101,89
2000-05-16,Tuesday,0,0,Spring,22.2,1,0,89,98,97
2000-05-17,Wednesday,0,0,Spring,23.9,1,0,97,100,105
2000-05-18,Thursday,0,0,Spring,27.5,0,1,105,90,120
2000-05-19,Friday,0,0,Spring,30.3,0,0,120,101,119
2000-05-20,Saturday,1,0,Spring,22.9,0,0,119,123,141
2000-05-21,Sunday,1,0,Spring,18.8,1,1,141,117,137
2000-05-22,Monday,0,0,Spring,15.4,0,1,137,89,138
2000-05-23,Tuesday,0,0,Spring,22.7,1,0,138,97,122
2000-05-24,Wednesday,0,0,Spring,19.6,0,0,122,105,119
2000-05-25,Thursday,0,0,Spring,20.8,0,0,119,120,112
2000-05-26,Friday,0,0,Spring,20.3,0,0,112,119,109
2000-05-27,Saturday,1,0,Spring,21.8,0,0,109,141,125
2000-05-28,Sunday,1,0,Spring,25.5,1,1,125,137,132
2000-05-29,Monday,0,0,Spring,22.8,1,0,132,138,117
2000-05-30,Tuesday,0,0,Spring,21.9,0,0,117,122,112
2000-05-31,Wednesday,0,0,Spring,19.3,0,0,112,119,109
2000-06-01,Thursday,0,0,Summer,17.5,1,1,109,112,110
2000-06-02,Friday,0,0,Summer,21.1,0,0,110,109,119
2000-06-03,Saturday,1,0,Summer,22.4,1,0,119,125,119
2000-06-04,Sunday,1,0,Summer,28.0,0,0,119,132,128
2000-06-05,Monday,0,0,Summer,23.1,0,0,128,117,110
2000-06-06,Tuesday,0,0,Summer,25.7,0,0,110,112,112
2000-06-07,Wednesday,0,0,Summer,21.3,0,0,112,109,112
2000-06-08,Thursday,0,0,Summer,19.3,0,0,112,110,105
2000-06-09,Friday,0,0,Summer,19.9,1,0,105,119,112
2000-06-10,Saturday,1,0,Summer,20.7,0,0,112,119,121
2000-06-11,Sunday,1,0,Summer,29.3,0,0,121,128,125
2000-06-12,Monday,0,0,Summer,20.5,0,0,125,110,111
2000-06-13,Tuesday,0,0,Summer,25.5,0,0,111,112,115
2000-06-14,Wednesday,0,0,Summer,20.2,0,1,115,112,120
2000-06-15,Thursday,0,0,Summer,25.8,0,0,120,105,124
2000-06-16,Friday,0,0,Summer,24.1,0,0,124,112,115
2000-06-17,Saturday,1,0,Summer,22.5,0,0,115,121,123
2000-06-18,Sunday,1,0,Summer,22.9,0,0,123,125,122
2000-06-19,Monday,0,0,Summer,21.0,0,0,122,111,114
2000-06-20,Tuesday,0,0,Summer,24.3,0,0,114,115,115
2000-06-21,Wednesday,0,0,Summer,21.6,1,1,115,120,111
2000-06-22,Thursday,0,0,Summer,19.3,1,0,111,124,116
2000-06-23,Friday,0,0,Summer,19.1,1,1,116,115,137
2000-06-24,Saturday,1,0,Summer,23.5,1,0,137,123,133
2000-06-25,Sunday,1,0,Summer,27.7,0,0,133,122,126
2000-06-26,Monday,0,0,Summer,23.4,0,0,126,114,115
2000-06-27,Tuesday,0,0,Summer,22.6,0,0,115,115,111
2000-06-28,Wednesday,0,0,Summer,23.7,0,0,111,111,107
2000-06-29,Thursday,0,0,Summer,26.8,1,0,107,116,116
2000-06-30,Friday,0,0,Summer,23.5,0,0,116,137,113
2000-07-01,Saturday,1,0,Summer,21.6,0,0,113,133,128
2000-07-02,Sunday,1,0,Summer,26.1,0,0,128,126,139
2000-07-03,Monday,0,0,Summer,24.0,1,0,139,115,129
2000-07-04,Tuesday,0,0,Summer,27.3,0,1,129,111,135
2000-07-05,Wednesday,0,0,Summer,23.2,0,0,135,107,116
2000-07-06,Thursday,0,0,Summer,18.9,0,0,116,116,125
2000-07-07,Friday,0,0,Summer,18.4,0,0,125,113,124
2000-07-08,Saturday,1,0,Summer,27.4,0,0,124,128,142
2000-07-09,Sunday,1,0,Summer,27.6,0,1,142,139,156
2000-07-10,Monday,0,0,Summer,21.8,0,0,156,129,136
2000-07-11,Tuesday,0,0,Summer,21.2,0,0,136,135,126
2000-07-12,Wednesday,0,0,Summer,26.6,0,0,126,116,137
2000-07-13,Thursday,0,0,Summer,18.9,1,0,137,125,112
2000-07-14,Friday,0,0,Summer,19.4,0,0,112,124,117
2000-07-15,Saturday,1,0,Summer,24.0,0,0,117,142,122
2000-07-16,Sunday,1,0,Summer,20.8,0,0,122,156,134
2000-07-17,Monday,0,0,Summer,21.9,1,0,134,136,125
2000-07-18,Tuesday,0,0,Summer,21.3,0,1,125,126,123
2000-07-19,Wednesday,0,0,Summer,22.7,0,0,123,137,120
2000-07-20,Thursday,0,0,Summer,25.9,1,0,120,112,106
2000-07-21,Friday,0,0,Summer,21.8,0,0,106,117,118
2000-07-22,Saturday,1,0,Summer,23.4,0,0,118,122,123
2000-07-23,Sunday,1,0,Summer,15.2,0,0,123,134,128
2000-07-24,Monday,0,0,Summer,21.1,0,0,128,125,116
2000-07-25,Tuesday,0,0,Summer,18.6,1,0,116,123,112
2000-07-26,Wednesday,0,0,Summer,17.4,0,0,112,120,117
2000-07-27,Thursday,0,0,Summer,18.3,1,0,117,106,113
2000-07-28,Friday,0,0,Summer,19.9,1,0,113,118,116
2000-07-29,Saturday,1,0,Summer,23.5,0,0,116,123,125
2000-07-30,Sunday,1,0,Summer,16.7,0,0,125,128,128
2000-07-31,Monday,0,0,Summer,20.6,0,0,128,116,113
2000-08-01,Tuesday,0,0,Summer,19.0,1,1,113,112,113
2000-08-02,Wednesday,0,0,Summer,19.3,0,0,113,117,115
2000-08-03,Thursday,0,0,Summer,23.2,0,0,115,113,127
2000-08-04,Friday,0,0,Summer,21.7,1,0,127,116,117
2000-08-05,Saturday,1,0,Summer,24.0,0,0,117,125,121
2000-08-06,Sunday,1,0,Summer,19.4,1,0,121,128,123
2000-08-07,Monday,0,0,Summer,17.6,0,0,123,113,121
2000-08-08,Tuesday,0,0,Summer,18.9,0,0,121,113,119
2000-08-09,Wednesday,0,0,Summer,20.2,0,0,119,115,115
2000-08-10,Thursday,0,0,Summer,19.8,0,0,115,127,127
2000-08-11,Friday,0,0,Summer,15.9,0,0,127,117,109
2000-08-12,Saturday,1,0,Summer,19.3,0,0,109,121,127
2000-08-13,Sunday,1,0,Summer,19.6,0,0,127,123,124
2000-08-14,Monday,0,0,Summer,26.3,1,0,124,121,120
2000-08-15,Tuesday,0,0,Summer,24.2,0,0,120,119,124
2000-08-16,Wednesday,0,0,Summer,15.9,0,0,124,115,116
2000-08-17,Thursday,0,0,Summer,17.5,0,0,116,127,118
2000-08-18,Friday,0,0,Summer,13.8,0,0,118,109,112
2000-08-19,Saturday,1,0,Summer,16.3,0,0,112,127,134
2000-08-20,Sunday,1,0,Summer,18.8,0,0,134,124,131
2000-08-21,Monday,0,0,Summer,21.3,0,0,131,120,121
2000-08-22,Tuesday,0,0,Summer,15.4,0,0,121,124,126
2000-08-23,Wednesday,0,0,Summer,15.5,0,0,126,116,113
2000-08-24,Thursday,0,0,Summer,10.8,1,0,113,118,106
2000-08-25,Friday,0,0,Summer,16.6,0,0,106,112,118
2000-08-26,Saturday,1,0,Summer,13.8,1,0,118,134,135
2000-08-27,Sunday,1,0,Summer,15.2,0,0,135,131,130
2000-08-28,Monday,0,0,Summer,14.0,1,0,130,121,116
2000-08-29,Tuesday,0,0,Summer,16.2,1,0,116,126,99
2000-08-30,Wednesday,0,0,Summer,11.0,0,0,99,113,110
2000-08-31,Thursday,0,0,Summer,11.7,0,1,110,106,107
2000-09-01,Friday,0,0,Autumn,22.4,1,0,107,118,106
2000-09-02,Saturday,1,0,Autumn,12.0,0,0,106,135,118
2000-09-03,Sunday,1,0,Autumn,12.4,1,0,118,130,109
2000-09-04,Monday,0,0,Autumn,21.0,0,0,109,116,92
2000-09-05,Tuesday,0,0,Autumn,24.0,0,0,92,99,87
2000-09-06,Wednesday,0,0,Autumn,11.6,1,0,87,110,89
2000-09-07,Thursday,0,0,Autumn,13.9,0,0,89,107,106
2000-09-08,Friday,0,0,Autumn,15.8,0,0,106,106,116
2000-09-09,Saturday,1,0,Autumn,19.8,0,0,116,118,122
2000-09-10,Sunday,1,0,Autumn,11.5,1,0,122,109,111
2000-09-11,Monday,0,0,Autumn,13.6,0,0,111,92,102
2000-09-12,Tuesday,0,0,Autumn,16.5,0,0,102,87,103
2000-09-13,Wednesday,0,0,Autumn,15.3,1,0,103,89,92
2000-09-14,Thursday,0,0,Autumn,12.7,1,1,92,106,101
2000-09-15,Friday,0,0,Autumn,13.2,0,0,101,116,107
2000-09-16,Saturday,1,0,Autumn,9.3,1,0,107,122,116
2000-09-17,Sunday,1,0,Autumn,12.6,0,0,116,111,102
2000-09-18,Monday,0,0,Autumn,12.3,1,0,102,102,91
2000-09-19,Tuesday,0,0,Autumn,13.6,0,0,91,103,94
2000-09-20,Wednesday,0,0,Autumn,11.1,0,0,94,92,77
2000-09-21,Thursday,0,0,Autumn,14.0,1,0,77,101,91
2000-09-22,Friday,0,0,Autumn,15.5,0,0,91,107,107
2000-09-23,Saturday,1,0,Autumn,12.7,0,0,107,116,98
2000-09-24,Sunday,1,0,Autumn,13.1,0,0,98,102,98
2000-09-25,Monday,0,0,Autumn,12.1,0,0,98,91,87
2000-09-26,Tuesday,0,0,Autumn,11.7,1,0,87,94,77
2000-09-27,Wednesday,0,0,Autumn,9.4,0,0,77,77,72
2000-09-28,Thursday,0,0,Autumn,12.3,1,0,72,91,75
2000-09-29,Friday,0,0,Autumn,10.9,0,0,75,107,95
2000-09-30,Saturday,1,0,Autumn,17.3,1,0,95,98,109
2000-10-01,Sunday,1,0,Autumn,15.6,1,0,109,98,106
2000-10-02,Monday,0,0,Autumn,11.9,0,0,106,87,86
2000-10-03,Tuesday,0,0,Autumn,8.3,0,0,86,77,85
2000-10-04,Wednesday,0,0,Autumn,7.0,1,0,85,72,79
2000-10-05,Thursday,0,0,Autumn,13.8,0,0,79,75,61
2000-10-06,Friday,0,0,Autumn,10.8,0,0,61,95,89
2000-10-07,Saturday,1,0,Autumn,11.3,1,0,89,109,99
2000-10-08,Sunday,1,0,Autumn,4.5,1,0,99,106,97
2000-10-09,Monday,0,0,Autumn,12.3,1,0,97,86,72
2000-10-10,Tuesday,0,0,Autumn,10.8,1,0,72,85,85
2000-10-11,Wednesday,0,0,Autumn,5.9,0,0,85,79,82
2000-10-12,Thursday,0,0,Autumn,7.7,1,1,82,61,86
2000-10-13,Friday,0,0,Autumn,9.7,0,0,86,89,80
2000-10-14,Saturday,1,0,Autumn,8.9,1,0,80,99,94
2000-10-15,Sunday,1,0,Autumn,7.7,1,0,94,97,96
2000-10-16,Monday,0,0,Autumn,8.2,0,0,96,72,81
2000-10-17,Tuesday,0,0,Autumn,7.6,1,0,81,85,67
2000-10-18,Wednesday,0,0,Autumn,8.6,0,0,67,82,73
2000-10-19,Thursday,0,0,Autumn,12.4,0,0,73,86,75
2000-10-20,Friday,0,0,Autumn,0.2,0,0,75,80,73
2000-10-21,Saturday,1,0,Autumn,7.0,0,1,73,94,104
2000-10-22,Sunday,1,0,Autumn,8.1,0,0,104,96,100
2000-10-23,Monday,0,0,Autumn,8.3,1,0,100,81,82
2000-10-24,Tuesday,0,0,Autumn,6.2,0,0,82,67,66
2000-10-25,Wednesday,0,0,Autumn,1.9,1,0,66,73,64
2000-10-26,Thursday,0,0,Autumn,8.0,0,0,64,75,71
2000-10-27,Friday,0,0,Autumn,12.0,1,1,71,73,77
2000-10-28,Saturday,1,0,Autumn,2.1,1,1,77,104,102
2000-10-29,Sunday,1,0,Autumn,9.2,0,0,102,100,108
2000-10-30,Monday,0,0,Autumn,5.5,0,0,108,82,83
2000-10-31,Tuesday,0,0,Autumn,6.2,1,0,83,66,74
2000-11-01,Wednesday,0,0,Autumn,3.1,0,0,74,64,57
2000-11-02,Thursday,0,0,Autumn,5.1,0,0,57,71,69
2000-11-03,Friday,0,0,Autumn,9.9,0,0,69,77,84
2000-11-04,Saturday,1,0,Autumn,7.6,0,0,84,102,87
2000-11-05,Sunday,1,0,Autumn,10.9,1,0,87,108,93
2000-11-06,Monday,0,0,Autumn,9.1,1,0,93,83,82
2000-11-07,Tuesday,0,0,Autumn,6.8,1,0,82,74,93
2000-11-08,Wednesday,0,0,Autumn,10.6,0,0,93,57,97
2000-11-09,Thursday,0,0,Autumn,6.6,1,0,97,69,84
2000-11-10,Friday,0,0,Autumn,7.6,1,0,84,84,79
2000-11-11,Saturday,1,0,Autumn,4.2,1,0,79,87,86
2000-11-12,Sunday,1,0,Autumn,5.2,0,0,86,93,97
2000-11-13,Monday,0,0,Autumn,2.8,0,0,97,82,71
2000-11-14,Tuesday,0,0,Autumn,7.7,1,0,71,93,59
2000-11-15,Wednesday,0,0,Autumn,1.1,1,0,59,97,60
2000-11-16,Thursday,0,0,Autumn,6.9,0,0,60,84,78
2000-11-17,Friday,0,0,Autumn,3.9,0,0,78,79,87
2000-11-18,Saturday,1,0,Autumn,7.9,0,0,87,86,95
2000-11-19,Sunday,1,0,Autumn,6.5,1,0,95,97,100
2000-11-20,Monday,0,0,Autumn,9.7,1,0,100,71,79
2000-11-21,Tuesday,0,0,Autumn,6.3,1,0,79,59,66
2000-11-22,Wednesday,0,0,Autumn,-0.7,1,0,66,60,63
2000-11-23,Thursday,0,0,Autumn,3.8,1,0,63,78,80
2000-11-24,Friday,0,0,Autumn,0.4,0,0,80,87,85
2000-11-25,Saturday,1,0,Autumn,2.3,0,0,85,95,91
2000-11-26,Sunday,1,0,Autumn,8.3,1,0,91,100,95
2000-11-27,Monday,0,0,Autumn,5.6,0,0,95,79,92
2000-11-28,Tuesday,0,0,Autumn,1.5,0,0,92,66,74
2000-11-29,Wednesday,0,0,Autumn,0.5,0,0,74,63,65
2000-11-30,Thursday,0,0,Autumn,3.6,1,0,65,80,66
2000-12-01,Friday,0,0,Winter,-0.2,1,1,66,85,84
2000-12-02,Saturday,1,0,Winter,1.4,0,0,84,91,82
2000-12-03,Sunday,1,0,Winter,4.3,1,0,82,95,87
2000-12-04,Monday,0,0,Winter,6.8,0,1,87,92,78
2000-12-05,Tuesday,0,0,Winter,5.1,0,0,78,74,71
2000-12-06,Wednesday,0,0,Winter,-3.6,0,0,71,65,64
2000-12-07,Thursday,0,0,Winter,4.1,0,0,64,66,79
2000-12-08,Friday,0,0,Winter,3.4,0,0,79,84,88
2000-12-09,Saturday,1,0,Winter,4.4,1,0,88,82,83
2000-12-10,Sunday,1,0,Winter,8.0,1,0,83,87,79
2000-12-11,Monday,0,0,Winter,-3.1,1,0,79,78,61
2000-12-12,Tuesday,0,0,Winter,1.3,1,0,61,71,51
2000-12-13,Wednesday,0,0,Winter,4.8,1,0,51,64,66
2000-12-14,Thursday,0,0,Winter,-1.7,0,0,66,79,63
2000-12-15,Friday,0,0,Winter,7.5,0,0,63,88,89
2000-12-16,Saturday,1,0,Winter,4.1,0,0,89,83,90
2000-12-17,Sunday,1,0,Winter,5.5,1,0,90,79,82
2000-12-18,Monday,0,0,Winter,1.3,0,0,82,61,68
2000-12-19,Tuesday,0,0,Winter,5.4,1,0,68,51,67
2000-12-20,Wednesday,0,0,Winter,6.2,1,0,67,66,57
2000-12-21,Thursday,0,0,Winter,3.7,1,0,57,63,63
2000-12-22,Friday,0,0,Winter,3.7,0,0,63,89,75
2000-12-23,Saturday,1,0,Winter,3.8,0,0,75,90,87
2000-12-24,Sunday,1,1,Winter,0.4,0,0,87,82,88
2000-12-25,Monday,0,1,Winter,2.6,1,0,88,68,73
2000-12-26,Tuesday,0,1,Winter,2.6,1,0,73,67,73
2000-12-27,Wednesday,0,0,Winter,4.2,1,0,73,57,53
2000-12-28,Thursday,0,0,Winter,6.1,1,1,53,63,76
2000-12-29,Friday,0,0,Winter,-0.0,0,0,76,75,76
2000-12-30,Saturday,1,0,Winter,2.8,0,0,76,87,80
2000-12-31,Sunday,1,1,Winter,7.7,0,0,80,88,93
2001-01-01,Monday,0,1,Winter,1.0,0,0,93,73,77
2001-01-02,Tuesday,0,0,Winter,0.8,0,0,77,73,70
2001-01-03,Wednesday,0,0,Winter,3.9,0,0,70,53,64
2001-01-04,Thursday,0,0,Winter,5.9,1,0,64,76,76
2001-01-05,Friday,0,0,Winter,3.4,0,1,76,76,87
2001-01-06,Saturday,1,0,Winter,7.4,0,0,87,80,81
2001-01-07,Sunday,1,0,Winter,6.1,0,0,81,93,90
2001-01-08,Monday,0,0,Winter,6.1,0,0,90,77,83
2001-01-09,Tuesday,0,0,Winter,5.3,0,0,83,70,62
2001-01-10,Wednesday,0,0,Winter,10.6,0,0,62,64,57
2001-01-11,Thursday,0,0,Winter,3.1,0,0,57,76,80
2001-01-12,Friday,0,0,Winter,-2.2,1,0,80,87,74
2001-01-13,Saturday,1,0,Winter,8.7,0,0,74,81,82
2001-01-14,Sunday,1,0,Winter,2.6,0,0,82,90,84
2001-01-15,Monday,0,0,Winter,4.3,0,0,84,83,72
2001-01-16,Tuesday,0,0,Winter,8.0,0,0,72,62,55
2001-01-17,Wednesday,0,0,Winter,-0.6,1,0,55,57,45
2001-01-18,Thursday,0,0,Winter,0.5,0,0,45,80,56
2001-01-19,Friday,0,0,Winter,-0.5,1,0,56,74,59
2001-01-20,Saturday,1,0,Winter,2.0,1,0,59,82,66
2001-01-21,Sunday,1,0,Winter,5.8,1,0,66,84,63
2001-01-22,Monday,0,0,Winter,6.2,0,0,63,72,61
2001-01-23,Tuesday,0,0,Winter,5.5,0,0,61,55,67
2001-01-24,Wednesday,0,0,Winter,0.6,0,0,67,45,54
2001-01-25,Thursday,0,0,Winter,-2.0,1,0,54,56,52
2001-01-26,Friday,0,0,Winter,5.2,0,0,52,59,73
2001-01-27,Saturday,1,0,Winter,3.7,1,0,73,66,69
2001-01-28,Sunday,1,0,Winter,6.6,0,0,69,63,94
2001-01-29,Monday,0,0,Winter,7.4,0,1,94,61,90
2001-01-30,Tuesday,0,0,Winter,5.8,0,0,90,67,77
2001-01-31,Wednesday,0,0,Winter,7.8,0,1,77,54,74
2001-02-01,Thursday,0,0,Winter,6.3,1,0,74,52,74
2001-02-02,Friday,0,0,Winter,7.4,1,0,74,73,69
2001-02-03,Saturday,1,0,Winter,3.8,0,0,69,69,73
2001-02-04,Sunday,1,0,Winter,5.5,0,0,73,94,94
2001-02-05,Monday,0,0,Winter,6.7,1,1,94,90,85
2001-02-06,Tuesday,0,0,Winter,8.7,0,0,85,77,75
2001-02-07,Wednesday,0,0,Winter,5.2,1,0,75,74,64
2001-02-08,Thursday,0,0,Winter,8.1,0,0,64,74,57
2001-02-09,Friday,0,0,Winter,5.9,1,0,57,69,72
2001-02-10,Saturday,1,0,Winter,6.4,1,0,72,73,76
2001-02-11,Sunday,1,0,Winter,9.4,0,0,76,94,93
2001-02-12,Monday,0,0,Winter,1.1,1,0,93,85,75
2001-02-13,Tuesday,0,0,Winter,3.3,0,0,75,75,68
2001-02-14,Wednesday,0,0,Winter,2.9,0,0,68,64,61
2001-02-15,Thursday,0,0,Winter,0.5,1,0,61,57,63
2001-02-16,Friday,0,0,Winter,5.6,0,1,63,72,73
2001-02-17,Saturday,1,0,Winter,10.0,0,1,73,76,93
2001-02-18,Sunday,1,0,Winter,7.1,1,0,93,93,89
2001-02-19,Monday,0,0,Winter,8.7,1,0,89,75,68
2001-02-20,Tuesday,0,0,Winter,11.5,0,0,68,68,66
2001-02-21,Wednesday,0,0,Winter,12.4,1,0,66,61,64
2001-02-22,Thursday,0,0,Winter,8.3,0,0,64,63,65
2001-02-23,Friday,0,0,Winter,12.7,1,0,65,73,85
2001-02-24,Saturday,1,0,Winter,9.1,0,1,85,93,101
2001-02-25,Sunday,1,0,Winter,6.5,1,0,101,89,89
2001-02-26,Monday,0,0,Winter,7.4,0,0,89,68,73
2001-02-27,Tuesday,0,0,Winter,4.9,0,0,73,66,66
2001-02-28,Wednesday,0,0,Winter,6.8,1,0,66,64,58
2001-03-01,Thursday,0,0,Spring,8.6,0,1,58,65,70
2001-03-02,Friday,0,0,Spring,12.2,0,0,70,85,88
2001-03-03,Saturday,1,0,Spring,15.1,0,0,88,101,112
2001-03-04,Sunday,1,0,Spring,6.0,0,0,112,89,98
2001-03-05,Monday,0,0,Spring,11.5,0,0,98,73,88
2001-03-06,Tuesday,0,0,Spring,7.3,0,0,88,66,74
2001-03-07,Wednesday,0,0,Spring,12.0,0,0,74,58,74
2001-03-08,Thursday,0,0,Spring,10.4,0,0,74,70,68
2001-03-09,Friday,0,0,Spring,5.5,1,0,68,88,71
2001-03-10,Saturday,1,0,Spring,13.9,0,0,71,112,90
2001-03-11,Sunday,1,0,Spring,9.5,0,0,90,98,95
2001-03-12,Monday,0,0,Spring,9.9,0,0,95,88,79
2001-03-13,Tuesday,0,0,Spring,8.4,0,0,79,74,61
2001-03-14,Wednesday,0,0,Spring,9.8,1,0,61,74,58
2001-03-15,Thursday,0,0,Spring,13.3,1,1,58,68,74
2001-03-16,Friday,0,0,Spring,11.6,1,0,74,71,72
2001-03-17,Saturday,1,0,Spring,13.3,1,0,72,90,83
2001-03-18,Sunday,1,0,Spring,13.6,0,0,83,95,95
2001-03-19,Monday,0,0,Spring,16.6,0,1,95,79,90
2001-03-20,Tuesday,0,0,Spring,11.8,0,0,90,61,79
2001-03-21,Wednesday,0,0,Spring,8.6,1,0,79,58,85
2001-03-22,Thursday,0,0,Spring,16.4,0,1,85,74,91
2001-03-23,Friday,0,0,Spring,12.3,0,0,91,72,88
2001-03-24,Saturday,1,0,Spring,16.9,1,0,88,83,96
2001-03-25,Sunday,1,0,Spring,14.8,0,0,96,95,94
2001-03-26,Monday,0,0,Spring,13.5,1,0,94,90,82
2001-03-27,Tuesday,0,0,Spring,15.1,1,1,82,79,86
2001-03-28,Wednesday,0,0,Spring,20.1,1,0,86,85,87
2001-03-29,Thursday,0,0,Spring,20.6,0,0,87,91,87
2001-03-30,Friday,0,0,Spring,14.8,0,0,87,88,97
2001-03-31,Saturday,1,0,Spring,15.2,1,1,97,96,119
2001-04-01,Sunday,1,0,Spring,18.1,0,0,119,94,98
2001-04-02,Monday,0,0,Spring,12.5,0,0,98,82,91
2001-04-03,Tuesday,0,0,Spring,16.2,1,0,91,86,85
2001-04-04,Wednesday,0,0,Spring,15.3,1,1,85,87,90
2001-04-05,Thursday,0,0,Spring,16.5,1,0,90,87,91
2001-04-06,Friday,0,0,Spring,13.2,0,1,91,97,114
2001-04-07,Saturday,1,0,Spring,11.1,0,0,114,119,118
2001-04-08,Sunday,1,0,Spring,9.8,1,0,118,98,112
2001-04-09,Monday,0,0,Spring,12.9,0,0,112,91,97
2001-04-10,Tuesday,0,0,Spring,15.0,0,0,97,85,93
2001-04-11,Wednesday,0,0,Spring,15.7,0,0,93,90,88
2001-04-12,Thursday,0,0,Spring,22.5,1,0,88,91,92
2001-04-13,Friday,0,0,Spring,20.2,0,0,92,114,103
2001-04-14,Saturday,1,0,Spring,14.1,0,0,103,118,113
2001-04-15,Sunday,1,0,Spring,18.2,0,0,113,112,102
2001-04-16,Monday,0,0,Spring,16.1,0,0,102,97,88
2001-04-17,Tuesday,0,0,Spring,16.6,1,0,88,93,95
2001-04-18,Wednesday,0,0,Spring,18.2,0,0,95,88,103
2001-04-19,Thursday,0,0,Spring,19.6,0,0,103,92,89
2001-04-20,Friday,0,0,Spring,16.9,0,0,89,103,95
2001-04-21,Saturday,1,0,Spring,21.3,0,1,95,113,113
2001-04-22,Sunday,1,0,Spring,14.8,0,0,113,102,111
2001-04-23,Monday,0,0,Spring,18.4,1,0,111,88,95
2001-04-24,Tuesday,0,0,Spring,26.3,0,0,95,95,102
2001-04-25,Wednesday,0,0,Spring,19.3,0,0,102,103,92
2001-04-26,Thursday,0,0,Spring,23.1,0,0,92,89,99
2001-04-27,Friday,0,0,Spring,19.2,1,0,99,95,97
2001-04-28,Saturday,1,0,Spring,20.8,1,0,97,113,103
2001-04-29,Sunday,1,0,Spring,19.0,0,0,103,111,112
2001-04-30,Monday,0,0,Spring,18.8,0,0,112,95,99
2001-05-01,Tuesday,0,1,Spring,17.1,0,1,99,102,110
2001-05-02,Wednesday,0,0,Spring,20.9,1,1,110,92,116
2001-05-03,Thursday,0,0,Spring,17.2,1,0,116,99,105
2001-05-04,Friday,0,0,Spring,21.9,1,0,105,97,117
2001-05-05,Saturday,1,0,Spring,23.2,1,1,117,103,106
2001-05-06,Sunday,1,0,Spring,21.2,0,0,106,112,112
2001-05-07,Monday,0,0,Spring,19.4,0,0,112,99,95
2001-05-08,Tuesday,0,0,Spring,21.7,0,0,95,110,93
2001-05-09,Wednesday,0,0,Spring,19.5,1,0,93,116,93
2001-05-10,Thursday,0,0,Spring,23.4,0,0,93,105,108
2001-05-11,Friday,0,0,Spring,15.2,0,0,108,117,108
2001-05-12,Saturday,1,0,Spring,19.8,0,0,108,106,106
2001-05-13,Sunday,1,0,Spring,14.9,0,0,106,112,114
2001-05-14,Monday,0,0,Spring,16.5,1,0,114,95,89
2001-05-15,Tuesday,0,0,Spring,25.2,0,0,89,93,106
2001-05-16,Wednesday,0,0,Spring,23.9,1,0,106,93,90
2001-05-17,Thursday,0,0,Spring,19.1,0,0,90,108,97
2001-05-18,Friday,0,0,Spring,16.9,0,1,97,108,125
2001-05-19,Saturday,1,0,Spring,12.6,1,0,125,106,113
2001-05-20,Sunday,1,0,Spring,20.0,1,0,113,114,115
2001-05-21,Monday,0,0,Spring,28.9,1,0,115,89,101
2001-05-22,Tuesday,0,0,Spring,23.1,0,0,101,106,102
2001-05-23,Wednesday,0,0,Spring,20.2,0,0,102,90,92
2001-05-24,Thursday,0,0,Spring,23.3,1,0,92,97,99
2001-05-25,Friday,0,0,Spring,17.3,1,0,99,125,116
2001-05-26,Saturday,1,0,Spring,21.2,1,0,116,113,103
2001-05-27,Sunday,1,0,Spring,22.4,1,0,103,115,102
2001-05-28,Monday,0,0,Spring,21.9,0,0,102,101,96
2001-05-29,Tuesday,0,0,Spring,24.6,0,0,96,102,93
2001-05-30,Wednesday,0,0,Spring,23.4,1,0,93,92,97
2001-05-31,Thursday,0,0,Spring,24.4,0,0,97,99,98
2001-06-01,Friday,0,0,Summer,20.4,0,1,98,116,119
2001-06-02,Saturday,1,0,Summer,25.2,0,1,119,103,140
2001-06-03,Sunday,1,0,Summer,27.4,1,0,140,102,113
2001-06-04,Monday,0,0,Summer,19.7,1,0,113,96,103
2001-06-05,Tuesday,0,0,Summer,20.0,0,0,103,93,99
2001-06-06,Wednesday,0,0,Summer,26.7,1,0,99,97,99
2001-06-07,Thursday,0,0,Summer,22.2,0,0,99,98,98
2001-06-08,Friday,0,0,Summer,27.0,0,0,98,119,112
2001-06-09,Saturday,1,0,Summer,21.5,1,0,112,140,124
2001-06-10,Sunday,1,0,Summer,27.2,0,0,124,113,124
2001-06-11,Monday,0,0,Summer,23.3,0,0,124,103,118
2001-06-12,Tuesday,0,0,Summer,23.7,0,0,118,99,103
2001-06-13,Wednesday,0,0,Summer,27.6,1,0,103,99,93
2001-06-14,Thursday,0,0,Summer,21.9,0,0,93,98,87
2001-06-15,Friday,0,0,Summer,20.1,0,0,87,112,105
2001-06-16,Saturday,1,0,Summer,21.6,0,0,105,124,125
2001-06-17,Sunday,1,0,Summer,24.3,0,0,125,124,119
2001-06-18,Monday,0,0,Summer,18.3,0,0,119,118,104
2001-06-19,Tuesday,0,0,Summer,24.9,0,0,104,103,119
2001-06-20,Wednesday,0,0,Summer,21.4,1,0,119,93,115
2001-06-21,Thursday,0,0,Summer,26.4,0,0,115,87,119
2001-06-22,Friday,0,0,Summer,15.8,1,0,119,105,114
2001-06-23,Saturday,1,0,Summer,20.6,1,1,114,125,133
2001-06-24,Sunday,1,0,Summer,17.9,0,0,133,119,125
2001-06-25,Monday,0,0,Summer,20.5,0,0,125,104,102
2001-06-26,Tuesday,0,0,Summer,23.7,0,0,102,119,99
2001-06-27,Wednesday,0,0,Summer,22.4,0,0,99,115,107
2001-06-28,Thursday,0,0,Summer,22.2,0,0,107,119,120
2001-06-29,Friday,0,0,Summer,22.4,0,1,120,114,127
2001-06-30,Saturday,1,0,Summer,23.5,0,0,127,133,138
2001-07-01,Sunday,1,0,Summer,19.8,0,0,138,125,131
2001-07-02,Monday,0,0,Summer,24.9,0,0,131,102,118
2001-07-03,Tuesday,0,0,Summer,24.8,0,0,118,99,116
2001-07-04,Wednesday,0,0,Summer,23.9,1,0,116,107,119
2001-07-05,Thursday,0,0,Summer,24.4,0,0,119,120,122
2001-07-06,Friday,0,0,Summer,23.5,0,0,122,127,139
2001-07-07,Saturday,1,0,Summer,28.7,0,0,139,138,141
2001-07-08,Sunday,1,0,Summer,22.3,0,0,141,131,145
2001-07-09,Monday,0,0,Summer,21.6,0,0,145,118,130
2001-07-10,Tuesday,0,0,Summer,20.2,0,0,130,116,106
2001-07-11,Wednesday,0,0,Summer,19.3,0,0,106,119,120
2001-07-12,Thursday,0,0,Summer,18.6,0,0,120,122,112
2001-07-13,Friday,0,0,Summer,19.6,0,0,112,139,121
2001-07-14,Saturday,1,0,Summer,22.0,1,1,121,141,143
2001-07-15,Sunday,1,0,Summer,23.1,0,0,143,145,135
2001-07-16,Monday,0,0,Summer,22.2,0,0,135,130,124
2001-07-17,Tuesday,0,0,Summer,19.7,0,0,124,106,118
2001-07-18,Wednesday,0,0,Summer,24.6,1,0,118,120,109
2001-07-19,Thursday,0,0,Summer,24.0,0,0,109,112,112
2001-07-20,Friday,0,0,Summer,21.2,0,0,112,121,116
2001-07-21,Saturday,1,0,Summer,19.7,0,0,116,143,136
2001-07-22,Sunday,1,0,Summer,23.2,1,0,136,135,142
2001-07-23,Monday,0,0,Summer,22.0,0,0,142,124,119
2001-07-24,Tuesday,0,0,Summer,17.0,0,0,119,118,114
2001-07-25,Wednesday,0,0,Summer,21.1,0,0,114,109,108
2001-07-26,Thursday,0,0,Summer,22.0,0,0,108,112,112
2001-07-27,Friday,0,0,Summer,18.4,0,1,112,116,136
2001-07-28,Saturday,1,0,Summer,21.5,0,0,136,136,140
2001-07-29,Sunday,1,0,Summer,16.5,0,0,140,142,132
2001-07-30,Monday,0,0,Summer,24.8,0,1,132,119,120
2001-07-31,Tuesday,0,0,Summer,24.4,0,0,120,114,123
2001-08-01,Wednesday,0,0,Summer,19.8,1,0,123,108,108
2001-08-02,Thursday,0,0,Summer,21.5,0,0,108,112,106
2001-08-03,Friday,0,0,Summer,13.1,1,0,106,136,115
2001-08-04,Saturday,1,0,Summer,16.7,1,0,115,140,128
2001-08-05,Sunday,1,0,Summer,19.2,0,0,128,132,126
2001-08-06,Monday,0,0,Summer,16.7,0,0,126,120,109
2001-08-07,Tuesday,0,0,Summer,22.0,0,0,109,123,122
2001-08-08,Wednesday,0,0,Summer,25.7,0,0,122,108,121
2001-08-09,Thursday,0,0,Summer,16.0,0,0,121,106,120
2001-08-10,Friday,0,0,Summer,16.9,0,0,120,115,116
2001-08-11,Saturday,1,0,Summer,20.0,0,0,116,128,120
2001-08-12,Sunday,1,0,Summer,24.0,0,0,120,126,122
2001-08-13,Monday,0,0,Summer,15.4,0,0,122,109,99
2001-08-14,Tuesday,0,0,Summer,19.6,1,0,99,122,101
2001-08-15,Wednesday,0,0,Summer,24.2,0,0,101,121,105
2001-08-16,Thursday,0,0,Summer,13.7,0,0,105,120,109
2001-08-17,Friday,0,0,Summer,14.6,0,0,109,116,113
2001-08-18,Saturday,1,0,Summer,17.1,0,1,113,120,129
2001-08-19,Sunday,1,0,Summer,16.6,1,0,129,122,118
2001-08-20,Monday,0,0,Summer,20.5,0,0,118,99,99
2001-08-21,Tuesday,0,0,Summer,18.6,1,0,99,101,87
2001-08-22,Wednesday,0,0,Summer,12.4,1,0,87,105,92
2001-08-23,Thursday,0,0,Summer,19.1,0,0,92,109,104
2001-08-24,Friday,0,0,Summer,15.7,0,0,104,113,101
2001-08-25,Saturday,1,0,Summer,21.1,0,0,101,129,130
2001-08-26,Sunday,1,0,Summer,15.2,0,0,130,118,130
2001-08-27,Monday,0,0,Summer,15.0,1,0,130,99,100
2001-08-28,Tuesday,0,0,Summer,18.4,0,0,100,87,98
2001-08-29,Wednesday,0,0,Summer,18.9,1,0,98,92,94
2001-08-30,Thursday,0,0,Summer,17.8,0,0,94,104,103
2001-08-31,Friday,0,0,Summer,11.3,0,0,103,101,106
2001-09-01,Saturday,1,0,Autumn,17.8,0,0,106,130,122
2001-09-02,Sunday,1,0,Autumn,12.9,0,0,122,130,130
2001-09-03,Monday,0,0,Autumn,16.5,0,0,130,100,111
2001-09-04,Tuesday,0,0,Autumn,11.4,1,0,111,98,99
2001-09-05,Wednesday,0,0,Autumn,16.8,0,0,99,94,105
2001-09-06,Thursday,0,0,Autumn,12.9,1,0,105,103,94
2001-09-07,Friday,0,0,Autumn,11.3,0,0,94,106,92
2001-09-08,Saturday,1,0,Autumn,17.1,0,0,92,122,113
2001-09-09,Sunday,1,0,Autumn,15.5,0,0,113,130,108
2001-09-10,Monday,0,0,Autumn,12.8,0,0,108,111,94
2001-09-11,Tuesday,0,0,Autumn,18.8,0,0,94,99,105
2001-09-12,Wednesday,0,0,Autumn,13.0,0,0,105,105,87
2001-09-13,Thursday,0,0,Autumn,14.2,1,0,87,94,90
2001-09-14,Friday,0,0,Autumn,14.8,0,0,90,92,84
2001-09-15,Saturday,1,0,Autumn,11.9,0,0,84,113,103
2001-09-16,Sunday,1,0,Autumn,15.0,0,0,103,108,118
2001-09-17,Monday,0,0,Autumn,11.9,0,0,118,94,92
2001-09-18,Tuesday,0,0,Autumn,12.0,0,0,92,105,77
2001-09-19,Wednesday,0,0,Autumn,17.2,1,0,77,87,83
2001-09-20,Thursday,0,0,Autumn,9.8,0,0,83,90,82
2001-09-21,Friday,0,0,Autumn,5.5,0,0,82,84,83
2001-09-22,Saturday,1,0,Autumn,17.4,0,0,83,103,102
2001-09-23,Sunday,1,0,Autumn,20.1,0,1,102,118,122
2001-09-24,Monday,0,0,Autumn,11.0,1,0,122,92,101
2001-09-25,Tuesday,0,0,Autumn,6.3,1,0,101,77,82
2001-09-26,Wednesday,0,0,Autumn,11.0,1,0,82,83,82
2001-09-27,Thursday,0,0,Autumn,10.9,0,0,82,82,82
2001-09-28,Friday,0,0,Autumn,11.0,0,0,82,83,84
2001-09-29,Saturday,1,0,Autumn,8.1,0,0,84,102,95
2001-09-30,Sunday,1,0,Autumn,13.0,1,0,95,122,106
2001-10-01,Monday,0,0,Autumn,12.6,0,0,106,101,92
2001-10-02,Tuesday,0,0,Autumn,6.4,0,0,92,82,85
2001-10-03,Wednesday,0,0,Autumn,12.8,0,0,85,82,81
2001-10-04,Thursday,0,0,Autumn,16.7,1,1,81,82,85
2001-10-05,Friday,0,0,Autumn,10.9,0,1,85,84,103
2001-10-06,Saturday,1,0,Autumn,9.2,0,0,103,95,105
2001-10-07,Sunday,1,0,Autumn,9.6,1,0,105,106,103
2001-10-08,Monday,0,0,Autumn,11.7,0,0,103,92,85
2001-10-09,Tuesday,0,0,Autumn,4.5,1,0,85,85,75
2001-10-10,Wednesday,0,0,Autumn,10.1,0,0,75,81,82
2001-10-11,Thursday,0,0,Autumn,8.2,1,0,82,85,83
2001-10-12,Friday,0,0,Autumn,14.8,1,0,83,103,109
2001-10-13,Saturday,1,0,Autumn,8.6,0,0,109,105,109
2001-10-14,Sunday,1,0,Autumn,13.9,1,0,109,103,98
2001-10-15,Monday,0,0,Autumn,5.5,0,0,98,85,82
2001-10-16,Tuesday,0,0,Autumn,10.4,0,0,82,75,72
2001-10-17,Wednesday,0,0,Autumn,9.4,0,0,72,82,72
2001-10-18,Thursday,0,0,Autumn,5.7,0,0,72,83,78
2001-10-19,Friday,0,0,Autumn,8.7,0,0,78,109,88
2001-10-20,Saturday,1,0,Autumn,11.6,0,0,88,109,110
2001-10-21,Sunday,1,0,Autumn,6.9,1,0,110,98,105
2001-10-22,Monday,0,0,Autumn,2.6,1,0,105,82,89
2001-10-23,Tuesday,0,0,Autumn,7.5,0,0,89,72,78
2001-10-24,Wednesday,0,0,Autumn,4.7,0,0,78,72,81
2001-10-25,Thursday,0,0,Autumn,6.3,0,0,81,78,87
2001-10-26,Friday,0,0,Autumn,6.9,0,0,87,88,100
2001-10-27,Saturday,1,0,Autumn,1.9,1,0,100,110,95
2001-10-28,Sunday,1,0,Autumn,2.0,1,0,95,105,92
2001-10-29,Monday,0,0,Autumn,8.2,0,0,92,89,79
2001-10-30,Tuesday,0,0,Autumn,5.0,0,0,79,78,94
2001-10-31,Wednesday,0,0,Autumn,-1.2,0,0,94,81,80
2001-11-01,Thursday,0,0,Autumn,8.7,0,0,80,87,92
2001-11-02,Friday,0,0,Autumn,7.0,0,1,92,100,103
2001-11-03,Saturday,1,0,Autumn,3.9,0,0,103,95,106
2001-11-04,Sunday,1,0,Autumn,2.0,0,0,106,92,97
2001-11-05,Monday,0,0,Autumn,8.3,0,0,97,79,91
2001-11-06,Tuesday,0,0,Autumn,6.8,1,0,91,94,85
2001-11-07,Wednesday,0,0,Autumn,12.8,1,0,85,80,92
2001-11-08,Thursday,0,0,Autumn,6.8,0,0,92,92,91
2001-11-09,Friday,0,0,Autumn,6.5,0,0,91,103,89
2001-11-10,Saturday,1,0,Autumn,4.8,1,0,89,106,98
2001-11-11,Sunday,1,0,Autumn,7.6,0,0,98,97,97
2001-11-12,Monday,0,0,Autumn,6.9,1,0,97,91,77
2001-11-13,Tuesday,0,0,Autumn,8.7,0,0,77,85,81
2001-11-14,Wednesday,0,0,Autumn,3.3,1,0,81,92,73
2001-11-15,Thursday,0,0,Autumn,3.4,0,0,73,91,77
2001-11-16,Friday,0,0,Autumn,3.2,1,0,77,89,80
2001-11-17,Saturday,1,0,Autumn,6.9,0,0,80,98,78
2001-11-18,Sunday,1,0,Autumn,9.0,1,0,78,97,82
2001-11-19,Monday,0,0,Autumn,3.0,1,0,82,77,78
2001-11-20,Tuesday,0,0,Autumn,3.0,0,0,78,81,74
2001-11-21,Wednesday,0,0,Autumn,5.2,1,0,74,73,56
2001-11-22,Thursday,0,0,Autumn,3.4,0,1,56,77,74
2001-11-23,Friday,0,0,Autumn,6.9,0,0,74,80,84
2001-11-24,Saturday,1,0,Autumn,-2.8,0,0,84,78,82
2001-11-25,Sunday,1,0,Autumn,1.4,1,0,82,82,78
2001-11-26,Monday,0,0,Autumn,1.5,1,0,78,78,66
2001-11-27,Tuesday,0,0,Autumn,-3.2,0,0,66,74,69
2001-11-28,Wednesday,0,0,Autumn,0.8,1,0,69,56,55
2001-11-29,Thursday,0,0,Autumn,0.9,1,0,55,74,66
2001-11-30,Friday,0,0,Autumn,3.0,1,0,66,84,71
2001-12-01,Saturday,1,0,Winter,6.9,0,0,71,82,91
2001-12-02,Sunday,1,0,Winter,2.7,0,0,91,78,81
2001-12-03,Monday,0,0,Winter,0.3,0,0,81,66,61
2001-12-04,Tuesday,0,0,Winter,3.2,0,0,61,69,67
2001-12-05,Wednesday,0,0,Winter,6.5,0,0,67,55,67
2001-12-06,Thursday,0,0,Winter,0.4,1,0,67,66,66
2001-12-07,Friday,0,0,Winter,0.5,1,0,66,71,73
2001-12-08,Saturday,1,0,Winter,4.9,1,0,73,91,74
2001-12-09,Sunday,1,0,Winter,2.5,0,0,74,81,72
2001-12-10,Monday,0,0,Winter,5.1,0,0,72,61,74
2001-12-11,Tuesday,0,0,Winter,3.1,1,0,74,67,68
2001-12-12,Wednesday,0,0,Winter,5.2,0,0,68,67,64
2001-12-13,Thursday,0,0,Winter,-0.0,1,0,64,66,49
2001-12-14,Friday,0,0,Winter,3.0,1,0,49,73,52
2001-12-15,Saturday,1,0,Winter,2.4,0,0,52,74,62
2001-12-16,Sunday,1,0,Winter,-0.6,1,0,62,72,61
2001-12-17,Monday,0,0,Winter,-1.7,1,0,61,74,60
2001-12-18,Tuesday,0,0,Winter,5.1,0,0,60,68,53
2001-12-19,Wednesday,0,0,Winter,1.9,1,0,53,64,51
2001-12-20,Thursday,0,0,Winter,-0.1,0,0,51,49,45
2001-12-21,Friday,0,0,Winter,2.7,0,0,45,52,53
2001-12-22,Saturday,1,0,Winter,6.4,0,0,53,62,85
2001-12-23,Sunday,1,0,Winter,-3.8,1,0,85,61,80
2001-12-24,Monday,0,1,Winter,-1.5,1,0,80,60,72
2001-12-25,Tuesday,0,1,Winter,0.3,0,0,72,53,64
2001-12-26,Wednesday,0,1,Winter,7.4,1,0,64,51,57
2001-12-27,Thursday,0,0,Winter,3.9,1,0,57,45,54
2001-12-28,Friday,0,0,Winter,5.4,0,0,54,53,51
2001-12-29,Saturday,1,0,Winter,-0.3,0,0,51,85,75
2001-12-30,Sunday,1,0,Winter,-0.2,0,0,75,80,75
2001-12-31,Monday,0,1,Winter,4.5,0,0,75,72,75
2002-01-01,Tuesday,0,1,Winter,3.4,1,0,75,64,58
2002-01-02,Wednesday,0,0,Winter,4.9,1,0,58,57,57
2002-01-03,Thursday,0,0,Winter,2.7,0,0,57,54,58
2002-01-04,Friday,0,0,Winter,4.2,0,0,58,51,56
2002-01-05,Saturday,1,0,Winter,3.9,0,1,56,75,81
2002-01-06,Sunday,1,0,Winter,5.8,0,0,81,75,78
2002-01-07,Monday,0,0,Winter,5.9,0,0,78,75,74
2002-01-08,Tuesday,0,0,Winter,-1.3,0,0,74,58,68
2002-01-09,Wednesday,0,0,Winter,-3.1,0,0,68,57,53
2002-01-10,Thursday,0,0,Winter,6.7,0,1,53,58,69
2002-01-11,Friday,0,0,Winter,7.3,0,0,69,56,71
2002-01-12,Saturday,1,0,Winter,0.7,0,0,71,81,88
2002-01-13,Sunday,1,0,Winter,-1.7,0,0,88,78,87
2002-01-14,Monday,0,0,Winter,4.2,0,0,87,74,72
2002-01-15,Tuesday,0,0,Winter,6.8,0,0,72,68,66
2002-01-16,Wednesday,0,0,Winter,9.5,0,0,66,53,65
2002-01-17,Thursday,0,0,Winter,5.7,1,0,65,69,57
2002-01-18,Friday,0,0,Winter,3.1,0,0,57,71,60
2002-01-19,Saturday,1,0,Winter,1.6,1,1,60,88,77
2002-01-20,Sunday,1,0,Winter,4.5,0,0,77,87,65
2002-01-21,Monday,0,0,Winter,3.6,0,0,65,72,57
2002-01-22,Tuesday,0,0,Winter,1.6,1,0,57,66,54
2002-01-23,Wednesday,0,0,Winter,10.8,1,0,54,65,79
2002-01-24,Thursday,0,0,Winter,10.1,1,0,79,57,66
2002-01-25,Friday,0,0,Winter,8.3,0,0,66,60,75
2002-01-26,Saturday,1,0,Winter,2.2,0,0,75,77,79
2002-01-27,Sunday,1,0,Winter,7.7,1,0,79,65,78
2002-01-28,Monday,0,0,Winter,7.1,0,0,78,57,60
2002-01-29,Tuesday,0,0,Winter,6.6,0,0,60,54,48
2002-01-30,Wednesday,0,0,Winter,9.2,1,0,48,79,69
2002-01-31,Thursday,0,0,Winter,7.4,0,0,69,66,61
2002-02-01,Friday,0,0,Winter,7.9,0,1,61,75,90
2002-02-02,Saturday,1,0,Winter,7.7,0,1,90,79,95
2002-02-03,Sunday,1,0,Winter,6.9,0,0,95,78,83
2002-02-04,Monday,0,0,Winter,0.7,1,0,83,60,61
2002-02-05,Tuesday,0,0,Winter,6.4,0,0,61,48,69
2002-02-06,Wednesday,0,0,Winter,4.6,0,0,69,69,63
2002-02-07,Thursday,0,0,Winter,2.5,0,0,63,61,61
2002-02-08,Friday,0,0,Winter,11.6,0,0,61,90,85
2002-02-09,Saturday,1,0,Winter,11.8,0,0,85,95,97
2002-02-10,Sunday,1,0,Winter,10.9,0,0,97,83,107
2002-02-11,Monday,0,0,Winter,7.7,0,1,107,61,98
2002-02-12,Tuesday,0,0,Winter,11.1,0,0,98,69,78
2002-02-13,Wednesday,0,0,Winter,7.2,1,0,78,63,77
2002-02-14,Thursday,0,0,Winter,7.9,0,0,77,61,59
2002-02-15,Friday,0,0,Winter,4.2,1,0,59,85,75
2002-02-16,Saturday,1,0,Winter,8.8,0,0,75,97,84
2002-02-17,Sunday,1,0,Winter,8.0,0,0,84,107,96
2002-02-18,Monday,0,0,Winter,4.0,1,0,96,98,96
2002-02-19,Tuesday,0,0,Winter,7.9,1,0,96,78,68
2002-02-20,Wednesday,0,0,Winter,8.0,0,0,68,77,77
2002-02-21,Thursday,0,0,Winter,13.8,0,0,77,59,81
2002-02-22,Friday,0,0,Winter,11.2,1,0,81,75,84
2002-02-23,Saturday,1,0,Winter,8.7,0,0,84,84,82
2002-02-24,Sunday,1,0,Winter,9.6,0,1,82,96,96
2002-02-25,Monday,0,0,Winter,9.1,0,0,96,96,80
2002-02-26,Tuesday,0,0,Winter,8.5,1,0,80,68,73
2002-02-27,Wednesday,0,0,Winter,6.1,0,1,73,77,71
2002-02-28,Thursday,0,0,Winter,9.0,0,1,71,81,81
2002-03-01,Friday,0,0,Spring,7.4,1,0,81,84,87
2002-03-02,Saturday,1,0,Spring,6.0,0,0,87,82,86
2002-03-03,Sunday,1,0,Spring,11.5,1,0,86,96,88
2002-03-04,Monday,0,0,Spring,11.3,0,0,88,80,76
2002-03-05,Tuesday,0,0,Spring,4.9,1,0,76,73,72
2002-03-06,Wednesday,0,0,Spring,10.1,0,0,72,71,74
2002-03-07,Thursday,0,0,Spring,13.6,0,0,74,81,77
2002-03-08,Friday,0,0,Spring,14.0,0,0,77,87,84
2002-03-09,Saturday,1,0,Spring,14.0,1,0,84,86,93
2002-03-10,Sunday,1,0,Spring,11.2,0,0,93,88,87
2002-03-11,Monday,0,0,Spring,8.8,0,0,87,76,80
2002-03-12,Tuesday,0,0,Spring,8.2,0,0,80,72,77
2002-03-13,Wednesday,0,0,Spring,12.7,0,0,77,74,80
2002-03-14,Thursday,0,0,Spring,12.9,0,0,80,77,80
2002-03-15,Friday,0,0,Spring,15.8,0,1,80,84,101
2002-03-16,Saturday,1,0,Spring,15.4,0,1,101,93,119
2002-03-17,Sunday,1,0,Spring,11.9,1,0,119,87,108
2002-03-18,Monday,0,0,Spring,8.8,0,0,108,80,92
2002-03-19,Tuesday,0,0,Spring,11.7,0,0,92,77,75
2002-03-20,Wednesday,0,0,Spring,13.5,0,0,75,80,92
2002-03-21,Thursday,0,0,Spring,12.4,0,1,92,80,97
2002-03-22,Friday,0,0,Spring,11.4,1,1,97,101,106
2002-03-23,Saturday,1,0,Spring,14.1,0,0,106,119,109
2002-03-24,Sunday,1,0,Spring,12.0,0,0,109,108,106
2002-03-25,Monday,0,0,Spring,11.8,1,0,106,92,100
2002-03-26,Tuesday,0,0,Spring,14.8,0,0,100,75,95
2002-03-27,Wednesday,0,0,Spring,12.8,1,0,95,92,87
2002-03-28,Thursday,0,0,Spring,14.9,0,0,87,97,104
2002-03-29,Friday,0,0,Spring,15.2,1,0,104,106,96
2002-03-30,Saturday,1,0,Spring,11.1,1,0,96,109,90
2002-03-31,Sunday,1,0,Spring,13.3,1,0,90,106,83
2002-04-01,Monday,0,0,Spring,19.2,0,1,83,100,103
2002-04-02,Tuesday,0,0,Spring,11.6,1,0,103,95,87
2002-04-03,Wednesday,0,0,Spring,8.9,1,1,87,87,89
2002-04-04,Thursday,0,0,Spring,9.8,0,0,89,104,101
2002-04-05,Friday,0,0,Spring,15.6,0,0,101,96,104
2002-04-06,Saturday,1,0,Spring,15.8,0,0,104,90,97
2002-04-07,Sunday,1,0,Spring,15.5,1,0,97,83,105
2002-04-08,Monday,0,0,Spring,19.7,1,0,105,103,95
2002-04-09,Tuesday,0,0,Spring,8.2,0,0,95,87,87
2002-04-10,Wednesday,0,0,Spring,17.6,0,0,87,89,85
2002-04-11,Thursday,0,0,Spring,21.2,0,1,85,101,96
2002-04-12,Friday,0,0,Spring,13.3,0,0,96,104,103
2002-04-13,Saturday,1,0,Spring,15.7,1,0,103,97,94
2002-04-14,Sunday,1,0,Spring,14.8,0,0,94,105,101
2002-04-15,Monday,0,0,Spring,14.5,1,0,101,95,102
2002-04-16,Tuesday,0,0,Spring,16.3,0,0,102,87,100
2002-04-17,Wednesday,0,0,Spring,21.8,0,0,100,85,98
2002-04-18,Thursday,0,0,Spring,23.1,1,1,98,96,98
2002-04-19,Friday,0,0,Spring,16.8,0,0,98,103,103
2002-04-20,Saturday,1,0,Spring,23.6,1,0,103,94,101
2002-04-21,Sunday,1,0,Spring,18.2,1,0,101,101,112
2002-04-22,Monday,0,0,Spring,23.5,1,0,112,102,98
2002-04-23,Tuesday,0,0,Spring,18.1,1,0,98,100,88
2002-04-24,Wednesday,0,0,Spring,18.9,0,0,88,98,92
2002-04-25,Thursday,0,0,Spring,19.8,0,0,92,98,92
2002-04-26,Friday,0,0,Spring,28.3,1,0,92,103,104
2002-04-27,Saturday,1,0,Spring,21.5,0,1,104,101,131
2002-04-28,Sunday,1,0,Spring,17.0,1,0,131,112,118
2002-04-29,Monday,0,0,Spring,22.1,0,0,118,98,100
2002-04-30,Tuesday,0,0,Spring,18.3,1,0,100,88,90
2002-05-01,Wednesday,0,1,Spring,18.0,0,0,90,92,89
2002-05-02,Thursday,0,0,Spring,22.3,1,0,89,92,113
2002-05-03,Friday,0,0,Spring,19.8,0,0,113,104,124
2002-05-04,Saturday,1,0,Spring,20.7,0,0,124,131,137
2002-05-05,Sunday,1,0,Spring,20.0,1,0,137,118,129
2002-05-06,Monday,0,0,Spring,21.1,0,0,129,100,110
2002-05-07,Tuesday,0,0,Spring,21.5,0,0,110,90,100
2002-05-08,Wednesday,0,0,Spring,14.5,0,0,100,89,93
2002-05-09,Thursday,0,0,Spring,22.5,0,1,93,113,128
2002-05-10,Friday,0,0,Spring,17.6,0,1,128,124,129
2002-05-11,Saturday,1,0,Spring,16.4,0,0,129,137,126
2002-05-12,Sunday,1,0,Spring,20.6,0,0,126,129,124
2002-05-13,Monday,0,0,Spring,21.2,0,0,124,110,115
2002-05-14,Tuesday,0,0,Spring,18.9,1,0,115,100,77
2002-05-15,Wednesday,0,0,Spring,23.6,1,0,77,93,88
2002-05-16,Thursday,0,0,Spring,17.2,0,0,88,128,85
2002-05-17,Friday,0,0,Spring,20.1,0,0,85,129,116
2002-05-18,Saturday,1,0,Spring,19.6,0,0,116,126,111
2002-05-19,Sunday,1,0,Spring,21.4,1,0,111,124,109
2002-05-20,Monday,0,0,Spring,22.4,1,0,109,115,90
2002-05-21,Tuesday,0,0,Spring,18.6,0,0,90,77,100
2002-05-22,Wednesday,0,0,Spring,23.9,0,0,100,88,98
2002-05-23,Thursday,0,0,Spring,22.0,1,0,98,85,110
2002-05-24,Friday,0,0,Spring,16.2,0,0,110,116,126
2002-05-25,Saturday,1,0,Spring,16.1,0,0,126,111,130
2002-05-26,Sunday,1,0,Spring,22.0,0,1,130,109,120
2002-05-27,Monday,0,0,Spring,21.5,1,0,120,90,102
2002-05-28,Tuesday,0,0,Spring,21.9,0,0,102,100,110
2002-05-29,Wednesday,0,0,Spring,22.2,0,0,110,98,107
2002-05-30,Thursday,0,0,Spring,23.0,1,0,107,110,103
2002-05-31,Friday,0,0,Spring,25.2,0,1,103,126,125
2002-06-01,Saturday,1,0,Summer,19.1,0,0,125,130,133
2002-06-02,Sunday,1,0,Summer,19.0,0,0,133,120,117
2002-06-03,Monday,0,0,Summer,19.3,1,0,117,102,100
2002-06-04,Tuesday,0,0,Summer,23.5,0,0,100,110,110
2002-06-05,Wednesday,0,0,Summer,26.4,0,0,110,107,117
2002-06-06,Thursday,0,0,Summer,21.4,1,0,117,103,112
2002-06-07,Friday,0,0,Summer,15.2,0,1,112,125,122
2002-06-08,Saturday,1,0,Summer,17.7,0,0,122,133,127
2002-06-09,Sunday,1,0,Summer,20.3,0,0,127,117,119
2002-06-10,Monday,0,0,Summer,21.2,0,0,119,100,108
2002-06-11,Tuesday,0,0,Summer,21.6,0,0,108,110,114
2002-06-12,Wednesday,0,0,Summer,23.0,0,0,114,117,131
2002-06-13,Thursday,0,0,Summer,22.0,1,1,131,112,118
2002-06-14,Friday,0,0,Summer,26.1,0,0,118,122,133
2002-06-15,Saturday,1,0,Summer,20.9,1,0,133,127,133
2002-06-16,Sunday,1,0,Summer,20.4,0,0,133,119,116
2002-06-17,Monday,0,0,Summer,24.4,0,0,116,108,110
2002-06-18,Tuesday,0,0,Summer,18.4,0,0,110,114,107
2002-06-19,Wednesday,0,0,Summer,24.2,0,0,107,131,116
2002-06-20,Thursday,0,0,Summer,23.3,0,1,116,118,133
2002-06-21,Friday,0,0,Summer,22.6,0,0,133,133,146
2002-06-22,Saturday,1,0,Summer,27.8,0,1,146,133,160
2002-06-23,Sunday,1,0,Summer,21.1,0,0,160,116,141
2002-06-24,Monday,0,0,Summer,29.2,0,0,141,110,127
2002-06-25,Tuesday,0,0,Summer,22.3,1,0,127,107,127
2002-06-26,Wednesday,0,0,Summer,19.1,0,1,127,116,118
2002-06-27,Thursday,0,0,Summer,23.1,0,0,118,133,131
2002-06-28,Friday,0,0,Summer,19.7,0,0,131,146,125
2002-06-29,Saturday,1,0,Summer,20.6,0,1,125,160,136
2002-06-30,Sunday,1,0,Summer,24.1,0,0,136,141,141
2002-07-01,Monday,0,0,Summer,24.5,0,1,141,127,124
2002-07-02,Tuesday,0,0,Summer,20.9,0,0,124,127,117
2002-07-03,Wednesday,0,0,Summer,25.7,0,0,117,118,127
2002-07-04,Thursday,0,0,Summer,26.2,1,0,127,131,118
2002-07-05,Friday,0,0,Summer,27.0,0,0,118,125,137
2002-07-06,Saturday,1,0,Summer,24.2,0,0,137,136,123
2002-07-07,Sunday,1,0,Summer,26.7,1,0,123,141,136
2002-07-08,Monday,0,0,Summer,16.9,0,0,136,124,112
2002-07-09,Tuesday,0,0,Summer,21.5,0,0,112,117,110
2002-07-10,Wednesday,0,0,Summer,19.8,0,0,110,127,115
2002-07-11,Thursday,0,0,Summer,22.7,1,0,115,118,112
2002-07-12,Friday,0,0,Summer,20.6,0,0,112,137,121
2002-07-13,Saturday,1,0,Summer,21.7,0,0,121,123,117
2002-07-14,Sunday,1,0,Summer,27.8,0,0,117,136,138
2002-07-15,Monday,0,0,Summer,21.6,0,0,138,112,112
2002-07-16,Tuesday,0,0,Summer,23.3,1,0,112,110,99
2002-07-17,Wednesday,0,0,Summer,21.3,1,0,99,115,102
2002-07-18,Thursday,0,0,Summer,22.1,0,0,102,112,104
2002-07-19,Friday,0,0,Summer,21.8,0,0,104,121,121
2002-07-20,Saturday,1,0,Summer,23.1,0,0,121,117,122
2002-07-21,Sunday,1,0,Summer,25.1,0,0,122,138,130
2002-07-22,Monday,0,0,Summer,26.5,0,1,130,112,128
2002-07-23,Tuesday,0,0,Summer,22.4,0,0,128,99,121
2002-07-24,Wednesday,0,0,Summer,23.1,1,0,121,102,106
2002-07-25,Thursday,0,0,Summer,17.8,1,0,106,104,92
2002-07-26,Friday,0,0,Summer,20.9,0,1,92,121,111
2002-07-27,Saturday,1,0,Summer,23.9,0,0,111,122,131
2002-07-28,Sunday,1,0,Summer,23.6,1,0,131,130,130
2002-07-29,Monday,0,0,Summer,21.5,0,0,130,128,119
2002-07-30,Tuesday,0,0,Summer,23.4,0,0,119,121,117
2002-07-31,Wednesday,0,0,Summer,22.1,0,0,117,106,110
2002-08-01,Thursday,0,0,Summer,24.1,1,0,110,92,110
2002-08-02,Friday,0,0,Summer,21.3,0,1,110,111,125
2002-08-03,Saturday,1,0,Summer,19.2,0,0,125,131,128
2002-08-04,Sunday,1,0,Summer,21.2,0,0,128,130,135
2002-08-05,Monday,0,0,Summer,11.3,0,0,135,119,125
2002-08-06,Tuesday,0,0,Summer,21.1,0,0,125,117,111
2002-08-07,Wednesday,0,0,Summer,8.9,0,0,111,110,99
2002-08-08,Thursday,0,0,Summer,14.5,0,0,99,110,121
2002-08-09,Friday,0,0,Summer,20.9,1,0,121,125,125
2002-08-10,Saturday,1,0,Summer,20.9,0,1,125,128,149
2002-08-11,Sunday,1,0,Summer,15.8,1,0,149,135,140
2002-08-12,Monday,0,0,Summer,17.0,0,0,140,125,127
2002-08-13,Tuesday,0,0,Summer,23.1,0,0,127,111,102
2002-08-14,Wednesday,0,0,Summer,17.4,1,0,102,99,90
2002-08-15,Thursday,0,0,Summer,25.5,0,0,90,121,112
2002-08-16,Friday,0,0,Summer,18.6,0,0,112,125,112
2002-08-17,Saturday,1,0,Summer,19.7,0,0,112,149,128
2002-08-18,Sunday,1,0,Summer,23.2,0,0,128,140,139
2002-08-19,Monday,0,0,Summer,18.6,0,0,139,127,125
2002-08-20,Tuesday,0,0,Summer,15.0,1,0,125,102,110
2002-08-21,Wednesday,0,0,Summer,17.5,1,0,110,90,109
2002-08-22,Thursday,0,0,Summer,17.6,0,1,109,112,128
2002-08-23,Friday,0,0,Summer,13.5,1,0,128,112,116
2002-08-24,Saturday,1,0,Summer,16.7,0,0,116,128,133
2002-08-25,Sunday,1,0,Summer,15.0,0,0,133,139,124
2002-08-26,Monday,0,0,Summer,19.9,0,1,124,125,127
2002-08-27,Tuesday,0,0,Summer,17.1,1,1,127,110,123
2002-08-28,Wednesday,0,0,Summer,15.9,0,0,123,109,112
2002-08-29,Thursday,0,0,Summer,16.3,1,0,112,128,111
2002-08-30,Friday,0,0,Summer,17.1,0,1,111,116,115
2002-08-31,Saturday,1,0,Summer,18.2,0,0,115,133,125
2002-09-01,Sunday,1,0,Autumn,13.2,1,0,125,124,105
2002-09-02,Monday,0,0,Autumn,12.9,1,0,105,127,99
2002-09-03,Tuesday,0,0,Autumn,19.1,1,0,99,123,100
2002-09-04,Wednesday,0,0,Autumn,14.4,0,0,100,112,105
2002-09-05,Thursday,0,0,Autumn,11.2,0,0,105,111,94
2002-09-06,Friday,0,0,Autumn,16.7,1,0,94,115,103
2002-09-07,Saturday,1,0,Autumn,16.5,1,0,103,125,115
2002-09-08,Sunday,1,0,Autumn,10.4,0,0,115,105,108
2002-09-09,Monday,0,0,Autumn,15.5,0,0,108,99,101
2002-09-10,Tuesday,0,0,Autumn,16.9,0,0,101,100,99
2002-09-11,Wednesday,0,0,Autumn,15.6,1,0,99,105,76
2002-09-12,Thursday,0,0,Autumn,16.2,0,0,76,94,80
2002-09-13,Friday,0,0,Autumn,9.9,1,0,80,103,103
2002-09-14,Saturday,1,0,Autumn,15.0,0,0,103,115,115
2002-09-15,Sunday,1,0,Autumn,12.9,1,0,115,108,103
2002-09-16,Monday,0,0,Autumn,12.2,1,0,103,101,94
2002-09-17,Tuesday,0,0,Autumn,16.1,0,0,94,99,98
2002-09-18,Wednesday,0,0,Autumn,17.7,0,0,98,76,101
2002-09-19,Thursday,0,0,Autumn,18.5,0,0,101,80,92
2002-09-20,Friday,0,0,Autumn,16.9,1,0,92,103,92
2002-09-21,Saturday,1,0,Autumn,12.4,1,0,92,115,98
2002-09-22,Sunday,1,0,Autumn,13.6,0,0,98,103,97
2002-09-23,Monday,0,0,Autumn,14.7,0,0,97,94,87
2002-09-24,Tuesday,0,0,Autumn,12.6,1,0,87,98,86
2002-09-25,Wednesday,0,0,Autumn,12.5,0,0,86,101,86
2002-09-26,Thursday,0,0,Autumn,14.4,0,0,86,92,89
2002-09-27,Friday,0,0,Autumn,11.6,1,1,89,92,110
2002-09-28,Saturday,1,0,Autumn,9.4,1,0,110,98,97
2002-09-29,Sunday,1,0,Autumn,10.2,0,0,97,97,100
2002-09-30,Monday,0,0,Autumn,13.1,0,0,100,87,82
2002-10-01,Tuesday,0,0,Autumn,11.1,0,0,82,86,88
2002-10-02,Wednesday,0,0,Autumn,11.9,0,0,88,86,94
2002-10-03,Thursday,0,0,Autumn,12.7,1,0,94,89,83
2002-10-04,Friday,0,0,Autumn,9.4,0,0,83,110,89
2002-10-05,Saturday,1,0,Autumn,12.7,0,0,89,97,103
2002-10-06,Sunday,1,0,Autumn,11.4,0,0,103,100,100
2002-10-07,Monday,0,0,Autumn,6.4,1,0,100,82,92
2002-10-08,Tuesday,0,0,Autumn,14.2,1,0,92,88,76
2002-10-09,Wednesday,0,0,Autumn,8.2,0,0,76,94,89
2002-10-10,Thursday,0,0,Autumn,4.6,0,0,89,83,100
2002-10-11,Friday,0,0,Autumn,6.3,0,0,100,89,97
2002-10-12,Saturday,1,0,Autumn,6.2,1,0,97,103,93
2002-10-13,Sunday,1,0,Autumn,9.2,1,0,93,100,88
2002-10-14,Monday,0,0,Autumn,8.1,1,0,88,92,79
2002-10-15,Tuesday,0,0,Autumn,7.8,1,0,79,76,78
2002-10-16,Wednesday,0,0,Autumn,10.5,0,0,78,89,71
2002-10-17,Thursday,0,0,Autumn,9.5,1,0,71,100,78
2002-10-18,Friday,0,0,Autumn,9.3,0,0,78,97,89
2002-10-19,Saturday,1,0,Autumn,9.4,0,0,89,93,107
2002-10-20,Sunday,1,0,Autumn,9.9,0,0,107,88,113
2002-10-21,Monday,0,0,Autumn,1.5,1,0,113,79,84
2002-10-22,Tuesday,0,0,Autumn,6.6,1,0,84,78,67
2002-10-23,Wednesday,0,0,Autumn,1.0,0,0,67,71,68
2002-10-24,Thursday,0,0,Autumn,7.5,1,0,68,78,73
2002-10-25,Friday,0,0,Autumn,7.3,1,0,73,89,88
2002-10-26,Saturday,1,0,Autumn,10.3,1,1,88,107,101
2002-10-27,Sunday,1,0,Autumn,10.6,0,0,101,113,97
2002-10-28,Monday,0,0,Autumn,7.5,1,0,97,84,82
2002-10-29,Tuesday,0,0,Autumn,5.2,1,0,82,67,68
2002-10-30,Wednesday,0,0,Autumn,8.1,1,0,68,68,64
2002-10-31,Thursday,0,0,Autumn,4.9,0,1,64,73,72
2002-11-01,Friday,0,0,Autumn,6.3,1,0,72,88,70
2002-11-02,Saturday,1,0,Autumn,9.2,1,1,70,101,98
2002-11-03,Sunday,1,0,Autumn,4.4,0,0,98,97,97
2002-11-04,Monday,0,0,Autumn,8.4,1,0,97,82,76
2002-11-05,Tuesday,0,0,Autumn,7.9,0,0,76,68,78
2002-11-06,Wednesday,0,0,Autumn,2.9,1,0,78,64,55
2002-11-07,Thursday,0,0,Autumn,8.5,0,0,55,72,65
2002-11-08,Friday,0,0,Autumn,7.6,0,0,65,70,76
2002-11-09,Saturday,1,0,Autumn,5.7,0,0,76,98,98
2002-11-10,Sunday,1,0,Autumn,3.0,0,0,98,97,91
2002-11-11,Monday,0,0,Autumn,2.6,0,0,91,76,86
2002-11-12,Tuesday,0,0,Autumn,3.4,0,1,86,78,81
2002-11-13,Wednesday,0,0,Autumn,6.6,0,1,81,55,85
2002-11-14,Thursday,0,0,Autumn,2.0,1,0,85,65,85
2002-11-15,Friday,0,0,Autumn,6.1,0,0,85,76,77
2002-11-16,Saturday,1,0,Autumn,0.9,0,0,77,98,89
2002-11-17,Sunday,1,0,Autumn,4.0,0,0,89,91,93
2002-11-18,Monday,0,0,Autumn,4.8,0,0,93,86,74
2002-11-19,Tuesday,0,0,Autumn,11.7,0,1,74,81,88
2002-11-20,Wednesday,0,0,Autumn,0.2,1,0,88,85,73
2002-11-21,Thursday,0,0,Autumn,8.6,0,0,73,85,74
2002-11-22,Friday,0,0,Autumn,4.6,0,0,74,77,76
2002-11-23,Saturday,1,0,Autumn,5.3,0,0,76,89,84
2002-11-24,Sunday,1,0,Autumn,4.3,0,0,84,93,94
2002-11-25,Monday,0,0,Autumn,5.2,1,0,94,74,77
2002-11-26,Tuesday,0,0,Autumn,3.4,1,0,77,88,90
2002-11-27,Wednesday,0,0,Autumn,8.1,0,0,90,73,78
2002-11-28,Thursday,0,0,Autumn,2.3,0,0,78,74,79
2002-11-29,Friday,0,0,Autumn,7.0,1,1,79,76,85
2002-11-30,Saturday,1,0,Autumn,1.6,0,1,85,84,87
2002-12-01,Sunday,1,0,Winter,3.3,0,0,87,94,99
2002-12-02,Monday,0,0,Winter,0.3,1,0,99,77,77
2002-12-03,Tuesday,0,0,Winter,4.8,1,0,77,90,68
2002-12-04,Wednesday,0,0,Winter,7.7,0,0,68,78,74
2002-12-05,Thursday,0,0,Winter,3.1,1,0,74,79,78
2002-12-06,Friday,0,0,Winter,2.7,0,0,78,85,74
2002-12-07,Saturday,1,0,Winter,-0.1,0,0,74,87,82
2002-12-08,Sunday,1,0,Winter,2.5,1,0,82,99,91
2002-12-09,Monday,0,0,Winter,-1.6,1,0,91,77,73
2002-12-10,Tuesday,0,0,Winter,0.4,1,0,73,68,67
2002-12-11,Wednesday,0,0,Winter,3.8,1,0,67,74,63
2002-12-12,Thursday,0,0,Winter,7.1,1,0,63,78,57
2002-12-13,Friday,0,0,Winter,11.5,1,0,57,74,67
2002-12-14,Saturday,1,0,Winter,1.3,1,0,67,82,71
2002-12-15,Sunday,1,0,Winter,7.3,0,0,71,91,81
2002-12-16,Monday,0,0,Winter,3.8,1,0,81,73,65
2002-12-17,Tuesday,0,0,Winter,2.6,0,0,65,67,65
2002-12-18,Wednesday,0,0,Winter,4.3,1,0,65,63,58
2002-12-19,Thursday,0,0,Winter,3.2,0,0,58,57,67
2002-12-20,Friday,0,0,Winter,3.3,0,0,67,67,75
2002-12-21,Saturday,1,0,Winter,1.8,1,0,75,71,69
2002-12-22,Sunday,1,0,Winter,-1.2,1,0,69,81,80
2002-12-23,Monday,0,0,Winter,-1.6,0,0,80,65,62
2002-12-24,Tuesday,0,1,Winter,5.0,0,0,62,65,61
2002-12-25,Wednesday,0,1,Winter,2.2,1,0,61,58,70
2002-12-26,Thursday,0,1,Winter,1.3,1,0,70,67,67
2002-12-27,Friday,0,0,Winter,3.1,0,0,67,75,73
2002-12-28,Saturday,1,0,Winter,5.5,0,0,73,69,70
2002-12-29,Sunday,1,0,Winter,3.7,0,0,70,80,74
2002-12-30,Monday,0,0,Winter,1.2,0,0,74,62,64
2002-12-31,Tuesday,0,1,Winter,6.9,0,0,64,61,66
2003-01-01,Wednesday,0,1,Winter,8.0,1,0,66,70,67
2003-01-02,Thursday,0,0,Winter,4.7,0,0,67,67,69
2003-01-03,Friday,0,0,Winter,6.2,0,1,69,73,89
2003-01-04,Saturday,1,0,Winter,7.1,0,0,89,70,80
2003-01-05,Sunday,1,0,Winter,6.8,0,0,80,74,63
2003-01-06,Monday,0,0,Winter,5.3,0,0,63,64,70
2003-01-07,Tuesday,0,0,Winter,5.3,0,0,70,66,62
2003-01-08,Wednesday,0,0,Winter,5.1,0,0,62,67,60
2003-01-09,Thursday,0,0,Winter,0.3,1,0,60,69,57
2003-01-10,Friday,0,0,Winter,5.8,0,0,57,89,64
2003-01-11,Saturday,1,0,Winter,-0.3,1,0,64,80,69
2003-01-12,Sunday,1,0,Winter,1.4,1,0,69,63,65
2003-01-13,Monday,0,0,Winter,7.8,0,0,65,70,68
2003-01-14,Tuesday,0,0,Winter,6.5,0,0,68,62,61
2003-01-15,Wednesday,0,0,Winter,8.5,1,0,61,60,43
2003-01-16,Thursday,0,0,Winter,3.3,0,0,43,57,45
2003-01-17,Friday,0,0,Winter,0.7,0,1,45,64,74
2003-01-18,Saturday,1,0,Winter,3.5,1,0,74,69,69
2003-01-19,Sunday,1,0,Winter,4.6,1,0,69,65,73
2003-01-20,Monday,0,0,Winter,4.7,1,0,73,68,59
2003-01-21,Tuesday,0,0,Winter,7.9,0,0,59,61,67
2003-01-22,Wednesday,0,0,Winter,3.5,0,0,67,43,60
2003-01-23,Thursday,0,0,Winter,5.7,0,0,60,45,49
2003-01-24,Friday,0,0,Winter,1.8,0,0,49,74,56
2003-01-25,Saturday,1,0,Winter,6.2,0,1,56,69,68
2003-01-26,Sunday,1,0,Winter,5.0,0,0,68,73,80
2003-01-27,Monday,0,0,Winter,2.8,0,0,80,59,58
2003-01-28,Tuesday,0,0,Winter,4.5,0,0,58,67,59
2003-01-29,Wednesday,0,0,Winter,4.8,0,0,59,60,60
2003-01-30,Thursday,0,0,Winter,4.6,0,0,60,49,62
2003-01-31,Friday,0,0,Winter,10.8,1,0,62,56,62
2003-02-01,Saturday,1,0,Winter,5.4,0,0,62,68,62
2003-02-02,Sunday,1,0,Winter,5.0,1,0,62,80,62
2003-02-03,Monday,0,0,Winter,-0.4,0,0,62,58,50
2003-02-04,Tuesday,0,0,Winter,3.3,0,0,50,59,36
2003-02-05,Wednesday,0,0,Winter,5.3,1,0,36,60,50
2003-02-06,Thursday,0,0,Winter,4.2,1,0,50,62,60
2003-02-07,Friday,0,0,Winter,10.5,0,0,60,62,62
2003-02-08,Saturday,1,0,Winter,6.0,0,0,62,62,81
2003-02-09,Sunday,1,0,Winter,10.5,1,0,81,62,75
2003-02-10,Monday,0,0,Winter,7.0,0,0,75,50,70
2003-02-11,Tuesday,0,0,Winter,7.0,0,0,70,36,64
2003-02-12,Wednesday,0,0,Winter,6.8,0,0,64,50,60
2003-02-13,Thursday,0,0,Winter,7.2,0,0,60,60,50
2003-02-14,Friday,0,0,Winter,12.5,1,0,50,62,64
2003-02-15,Saturday,1,0,Winter,0.5,1,0,64,81,76
2003-02-16,Sunday,1,0,Winter,1.6,0,0,76,75,72
2003-02-17,Monday,0,0,Winter,6.1,0,0,72,70,69
2003-02-18,Tuesday,0,0,Winter,8.0,0,0,69,64,67
2003-02-19,Wednesday,0,0,Winter,10.1,1,0,67,60,57
2003-02-20,Thursday,0,0,Winter,9.6,1,1,57,50,65
2003-02-21,Friday,0,0,Winter,7.2,0,1,65,64,75
2003-02-22,Saturday,1,0,Winter,11.6,1,0,75,76,83
2003-02-23,Sunday,1,0,Winter,11.8,0,0,83,72,79
2003-02-24,Monday,0,0,Winter,9.4,1,0,79,69,64
2003-02-25,Tuesday,0,0,Winter,11.9,0,0,64,67,56
2003-02-26,Wednesday,0,0,Winter,10.0,0,0,56,57,76
2003-02-27,Thursday,0,0,Winter,7.6,0,0,76,65,70
2003-02-28,Friday,0,0,Winter,11.6,1,0,70,75,67
2003-03-01,Saturday,1,0,Spring,10.0,0,0,67,83,89
2003-03-02,Sunday,1,0,Spring,9.8,0,0,89,79,91
2003-03-03,Monday,0,0,Spring,14.4,1,0,91,64,82
2003-03-04,Tuesday,0,0,Spring,2.8,1,0,82,56,72
2003-03-05,Wednesday,0,0,Spring,6.0,0,0,72,76,82
2003-03-06,Thursday,0,0,Spring,6.9,0,0,82,70,72
2003-03-07,Friday,0,0,Spring,9.5,1,0,72,67,76
2003-03-08,Saturday,1,0,Spring,10.0,0,1,76,89,87
2003-03-09,Sunday,1,0,Spring,6.4,0,0,87,91,89
2003-03-10,Monday,0,0,Spring,8.2,0,0,89,82,87
2003-03-11,Tuesday,0,0,Spring,8.7,0,0,87,72,74
2003-03-12,Wednesday,0,0,Spring,18.8,0,0,74,82,98
2003-03-13,Thursday,0,0,Spring,17.0,1,0,98,72,89
2003-03-14,Friday,0,0,Spring,10.6,0,0,89,76,76
2003-03-15,Saturday,1,0,Spring,10.9,1,0,76,87,92
2003-03-16,Sunday,1,0,Spring,8.7,0,0,92,89,109
2003-03-17,Monday,0,0,Spring,6.6,0,0,109,87,77
2003-03-18,Tuesday,0,0,Spring,12.1,0,0,77,74,83
2003-03-19,Wednesday,0,0,Spring,9.7,0,1,83,98,88
2003-03-20,Thursday,0,0,Spring,12.6,0,0,88,89,90
2003-03-21,Friday,0,0,Spring,8.2,1,0,90,76,76
2003-03-22,Saturday,1,0,Spring,10.9,0,1,76,92,105
2003-03-23,Sunday,1,0,Spring,13.8,0,0,105,109,105
2003-03-24,Monday,0,0,Spring,14.6,0,0,105,77,99
2003-03-25,Tuesday,0,0,Spring,14.9,0,0,99,83,84
2003-03-26,Wednesday,0,0,Spring,9.9,0,0,84,88,83
2003-03-27,Thursday,0,0,Spring,16.6,0,0,83,90,74
2003-03-28,Friday,0,0,Spring,11.8,0,0,74,76,101
2003-03-29,Saturday,1,0,Spring,16.3,1,0,101,105,119
2003-03-30,Sunday,1,0,Spring,14.5,1,1,119,105,132
2003-03-31,Monday,0,0,Spring,10.6,0,0,132,99,118
2003-04-01,Tuesday,0,0,Spring,13.9,0,0,118,84,95
2003-04-02,Wednesday,0,0,Spring,16.1,0,0,95,83,91
2003-04-03,Thursday,0,0,Spring,17.1,0,0,91,74,91
2003-04-04,Friday,0,0,Spring,15.0,1,1,91,101,106
2003-04-05,Saturday,1,0,Spring,20.1,0,0,106,119,109
2003-04-06,Sunday,1,0,Spring,18.7,1,0,109,132,106
2003-04-07,Monday,0,0,Spring,15.1,0,0,106,118,94
2003-04-08,Tuesday,0,0,Spring,18.3,1,0,94,95,88
2003-04-09,Wednesday,0,0,Spring,22.0,1,0,88,91,87
2003-04-10,Thursday,0,0,Spring,22.3,1,0,87,91,88
2003-04-11,Friday,0,0,Spring,12.9,1,0,88,106,96
2003-04-12,Saturday,1,0,Spring,13.9,0,0,96,109,97
2003-04-13,Sunday,1,0,Spring,21.3,0,0,97,106,100
2003-04-14,Monday,0,0,Spring,13.8,0,0,100,94,88
2003-04-15,Tuesday,0,0,Spring,13.2,1,0,88,88,89
2003-04-16,Wednesday,0,0,Spring,15.9,1,0,89,87,88
2003-04-17,Thursday,0,0,Spring,18.7,0,0,88,88,95
2003-04-18,Friday,0,0,Spring,17.3,1,1,95,96,98
2003-04-19,Saturday,1,0,Spring,15.8,0,0,98,97,105
2003-04-20,Sunday,1,0,Spring,15.9,0,1,105,100,108
2003-04-21,Monday,0,0,Spring,15.9,0,0,108,88,91
2003-04-22,Tuesday,0,0,Spring,15.6,0,0,91,89,92
2003-04-23,Wednesday,0,0,Spring,25.2,0,0,92,88,90
2003-04-24,Thursday,0,0,Spring,19.4,1,1,90,95,99
2003-04-25,Friday,0,0,Spring,21.3,0,0,99,98,102
2003-04-26,Saturday,1,0,Spring,17.3,0,0,102,105,101
2003-04-27,Sunday,1,0,Spring,18.4,0,0,101,108,103
2003-04-28,Monday,0,0,Spring,16.9,0,0,103,91,91
2003-04-29,Tuesday,0,0,Spring,11.3,1,0,91,92,83
2003-04-30,Wednesday,0,0,Spring,15.2,1,1,83,90,79
2003-05-01,Thursday,0,1,Spring,14.1,0,0,79,99,90
2003-05-02,Friday,0,0,Spring,12.9,1,0,90,102,101
2003-05-03,Saturday,1,0,Spring,16.2,1,0,101,101,107
2003-05-04,Sunday,1,0,Spring,23.8,1,0,107,103,105
2003-05-05,Monday,0,0,Spring,19.9,0,0,105,91,89
2003-05-06,Tuesday,0,0,Spring,24.0,0,0,89,83,91
2003-05-07,Wednesday,0,0,Spring,21.5,1,0,91,79,94
2003-05-08,Thursday,0,0,Spring,22.7,0,1,94,90,116
2003-05-09,Friday,0,0,Spring,17.8,0,0,116,101,107
2003-05-10,Saturday,1,0,Spring,22.2,0,0,107,107,107
2003-05-11,Sunday,1,0,Spring,22.9,0,0,107,105,114
2003-05-12,Monday,0,0,Spring,19.1,0,0,114,89,103
2003-05-13,Tuesday,0,0,Spring,22.6,1,0,103,91,95
2003-05-14,Wednesday,0,0,Spring,22.7,0,0,95,94,93
2003-05-15,Thursday,0,0,Spring,19.5,0,0,93,116,94
2003-05-16,Friday,0,0,Spring,17.8,1,1,94,107,112
2003-05-17,Saturday,1,0,Spring,17.8,0,0,112,107,121
2003-05-18,Sunday,1,0,Spring,21.7,0,0,121,114,117
2003-05-19,Monday,0,0,Spring,22.5,1,0,117,103,116
2003-05-20,Tuesday,0,0,Spring,19.2,1,0,116,95,103
2003-05-21,Wednesday,0,0,Spring,21.8,1,1,103,93,103
2003-05-22,Thursday,0,0,Spring,23.5,0,0,103,94,95
2003-05-23,Friday,0,0,Spring,23.7,0,0,95,112,95
2003-05-24,Saturday,1,0,Spring,26.6,1,1,95,121,116
2003-05-25,Sunday,1,0,Spring,25.8,1,0,116,117,119
2003-05-26,Monday,0,0,Spring,19.1,0,0,119,116,127
2003-05-27,Tuesday,0,0,Spring,27.2,1,0,127,103,112
2003-05-28,Wednesday,0,0,Spring,20.6,0,0,112,103,110
2003-05-29,Thursday,0,0,Spring,25.4,0,1,110,95,109
2003-05-30,Friday,0,0,Spring,22.5,0,1,109,95,117
2003-05-31,Saturday,1,0,Spring,21.2,0,1,117,116,129
2003-06-01,Sunday,1,0,Summer,17.0,1,0,129,119,115
2003-06-02,Monday,0,0,Summer,22.0,0,0,115,127,124
2003-06-03,Tuesday,0,0,Summer,17.9,0,0,124,112,113
2003-06-04,Wednesday,0,0,Summer,25.5,0,0,113,110,121
2003-06-05,Thursday,0,0,Summer,27.2,0,0,121,109,119
2003-06-06,Friday,0,0,Summer,20.3,0,0,119,117,118
2003-06-07,Saturday,1,0,Summer,23.6,1,0,118,129,120
2003-06-08,Sunday,1,0,Summer,20.6,0,0,120,115,118
2003-06-09,Monday,0,0,Summer,20.9,1,0,118,124,122
2003-06-10,Tuesday,0,0,Summer,25.2,0,0,122,113,110
2003-06-11,Wednesday,0,0,Summer,22.8,0,1,110,121,126
2003-06-12,Thursday,0,0,Summer,28.1,1,0,126,119,119
2003-06-13,Friday,0,0,Summer,21.5,0,0,119,118,125
2003-06-14,Saturday,1,0,Summer,25.9,1,1,125,120,136
2003-06-15,Sunday,1,0,Summer,23.3,0,0,136,118,121
2003-06-16,Monday,0,0,Summer,25.4,0,0,121,122,119
2003-06-17,Tuesday,0,0,Summer,21.6,1,1,119,110,132
2003-06-18,Wednesday,0,0,Summer,22.8,1,0,132,126,124
2003-06-19,Thursday,0,0,Summer,22.7,0,0,124,119,128
2003-06-20,Friday,0,0,Summer,20.5,0,0,128,125,129
2003-06-21,Saturday,1,0,Summer,25.0,0,0,129,136,141
2003-06-22,Sunday,1,0,Summer,24.9,0,0,141,121,129
2003-06-23,Monday,0,0,Summer,24.8,1,0,129,119,116
2003-06-24,Tuesday,0,0,Summer,27.6,0,0,116,132,126
2003-06-25,Wednesday,0,0,Summer,27.3,0,0,126,124,121
2003-06-26,Thursday,0,0,Summer,21.8,0,1,121,128,137
2003-06-27,Friday,0,0,Summer,24.1,0,0,137,129,126
2003-06-28,Saturday,1,0,Summer,21.0,0,0,126,141,135
2003-06-29,Sunday,1,0,Summer,23.0,0,0,135,129,131
2003-06-30,Monday,0,0,Summer,21.1,1,0,131,116,134
2003-07-01,Tuesday,0,0,Summer,27.7,0,0,134,126,124
2003-07-02,Wednesday,0,0,Summer,23.9,1,0,124,121,120
2003-07-03,Thursday,0,0,Summer,22.1,0,0,120,137,110
2003-07-04,Friday,0,0,Summer,26.3,0,0,110,126,113
2003-07-05,Saturday,1,0,Summer,16.2,0,1,113,135,134
2003-07-06,Sunday,1,0,Summer,16.6,0,0,134,131,128
2003-07-07,Monday,0,0,Summer,25.0,0,0,128,134,122
2003-07-08,Tuesday,0,0,Summer,22.7,0,0,122,124,116
2003-07-09,Wednesday,0,0,Summer,23.2,0,0,116,120,115
2003-07-10,Thursday,0,0,Summer,18.5,0,0,115,110,101
2003-07-11,Friday,0,0,Summer,22.3,0,0,101,113,111
2003-07-12,Saturday,1,0,Summer,28.3,0,0,111,134,127
2003-07-13,Sunday,1,0,Summer,24.7,0,0,127,128,137
2003-07-14,Monday,0,0,Summer,22.7,0,0,137,122,130
2003-07-15,Tuesday,0,0,Summer,20.8,0,0,130,116,99
2003-07-16,Wednesday,0,0,Summer,20.9,1,0,99,115,98
2003-07-17,Thursday,0,0,Summer,15.6,1,0,98,101,111
2003-07-18,Friday,0,0,Summer,22.7,0,0,111,111,122
2003-07-19,Saturday,1,0,Summer,24.3,0,0,122,127,133
2003-07-20,Sunday,1,0,Summer,17.0,1,0,133,137,124
2003-07-21,Monday,0,0,Summer,19.7,1,0,124,130,121
2003-07-22,Tuesday,0,0,Summer,18.1,0,0,121,99,99
2003-07-23,Wednesday,0,0,Summer,18.6,0,0,99,98,96
2003-07-24,Thursday,0,0,Summer,21.5,0,0,96,111,108
2003-07-25,Friday,0,0,Summer,15.0,1,0,108,122,115
2003-07-26,Saturday,1,0,Summer,23.0,0,0,115,133,129
2003-07-27,Sunday,1,0,Summer,23.3,0,0,129,124,131
2003-07-28,Monday,0,0,Summer,20.2,1,0,131,121,118
2003-07-29,Tuesday,0,0,Summer,13.4,0,0,118,99,104
2003-07-30,Wednesday,0,0,Summer,17.8,0,0,104,96,111
2003-07-31,Thursday,0,0,Summer,24.3,0,0,111,108,126
2003-08-01,Friday,0,0,Summer,12.2,0,0,126,115,119
2003-08-02,Saturday,1,0,Summer,19.4,0,0,119,129,119
2003-08-03,Sunday,1,0,Summer,16.8,1,0,119,131,118
2003-08-04,Monday,0,0,Summer,22.6,0,0,118,118,115
2003-08-05,Tuesday,0,0,Summer,18.0,0,0,115,104,92
2003-08-06,Wednesday,0,0,Summer,21.2,0,0,92,111,111
2003-08-07,Thursday,0,0,Summer,21.5,0,0,111,126,112
2003-08-08,Friday,0,0,Summer,25.2,0,0,112,119,114
2003-08-09,Saturday,1,0,Summer,19.0,0,0,114,119,119
2003-08-10,Sunday,1,0,Summer,20.6,0,0,119,118,118
2003-08-11,Monday,0,0,Summer,14.8,1,0,118,115,107
2003-08-12,Tuesday,0,0,Summer,22.7,0,1,107,92,116
2003-08-13,Wednesday,0,0,Summer,16.7,0,0,116,111,120
2003-08-14,Thursday,0,0,Summer,17.2,0,0,120,112,121
2003-08-15,Friday,0,0,Summer,18.7,0,0,121,114,113
2003-08-16,Saturday,1,0,Summer,13.9,1,0,113,119,115
2003-08-17,Sunday,1,0,Summer,19.2,0,0,115,118,119
2003-08-18,Monday,0,0,Summer,21.2,1,0,119,107,110
2003-08-19,Tuesday,0,0,Summer,19.1,0,0,110,116,113
2003-08-20,Wednesday,0,0,Summer,13.3,1,0,113,120,108
2003-08-21,Thursday,0,0,Summer,17.5,0,0,108,121,112
2003-08-22,Friday,0,0,Summer,20.0,0,0,112,113,122
2003-08-23,Saturday,1,0,Summer,11.9,0,0,122,115,120
2003-08-24,Sunday,1,0,Summer,14.2,0,1,120,119,133
2003-08-25,Monday,0,0,Summer,19.9,0,0,133,110,123
2003-08-26,Tuesday,0,0,Summer,17.9,0,0,123,113,124
2003-08-27,Wednesday,0,0,Summer,18.2,0,0,124,108,116
2003-08-28,Thursday,0,0,Summer,22.4,0,0,116,112,126
2003-08-29,Friday,0,0,Summer,18.0,0,0,126,122,122
2003-08-30,Saturday,1,0,Summer,18.4,0,1,122,120,135
2003-08-31,Sunday,1,0,Summer,24.4,0,0,135,133,140
2003-09-01,Monday,0,0,Autumn,15.5,1,0,140,123,109
2003-09-02,Tuesday,0,0,Autumn,13.6,1,0,109,124,100
2003-09-03,Wednesday,0,0,Autumn,17.1,0,0,100,116,97
2003-09-04,Thursday,0,0,Autumn,17.0,0,0,97,126,105
2003-09-05,Friday,0,0,Autumn,13.9,0,0,105,122,106
2003-09-06,Saturday,1,0,Autumn,12.2,0,0,106,135,117
2003-09-07,Sunday,1,0,Autumn,22.1,1,0,117,140,120
2003-09-08,Monday,0,0,Autumn,16.0,0,0,120,109,104
2003-09-09,Tuesday,0,0,Autumn,12.6,1,0,104,100,94
2003-09-10,Wednesday,0,0,Autumn,17.4,1,0,94,97,86
2003-09-11,Thursday,0,0,Autumn,14.2,1,0,86,105,84
2003-09-12,Friday,0,0,Autumn,13.5,0,0,84,106,87
2003-09-13,Saturday,1,0,Autumn,15.8,1,0,87,117,89
2003-09-14,Sunday,1,0,Autumn,10.1,1,0,89,120,92
2003-09-15,Monday,0,0,Autumn,14.9,1,1,92,104,100
2003-09-16,Tuesday,0,0,Autumn,19.4,0,0,100,94,94
2003-09-17,Wednesday,0,0,Autumn,14.8,0,0,94,86,90
2003-09-18,Thursday,0,0,Autumn,12.2,0,0,90,84,86
2003-09-19,Friday,0,0,Autumn,11.6,0,0,86,87,103
2003-09-20,Saturday,1,0,Autumn,11.7,1,0,103,89,100
2003-09-21,Sunday,1,0,Autumn,12.0,1,0,100,92,91
2003-09-22,Monday,0,0,Autumn,11.5,0,0,91,100,81
2003-09-23,Tuesday,0,0,Autumn,15.2,0,0,81,94,97
2003-09-24,Wednesday,0,0,Autumn,7.0,0,0,97,90,79
2003-09-25,Thursday,0,0,Autumn,14.7,1,0,79,86,76
2003-09-26,Friday,0,0,Autumn,10.8,1,0,76,103,81
2003-09-27,Saturday,1,0,Autumn,12.9,0,0,81,100,95
2003-09-28,Sunday,1,0,Autumn,8.2,0,0,95,91,97
2003-09-29,Monday,0,0,Autumn,15.4,1,0,97,81,85
2003-09-30,Tuesday,0,0,Autumn,15.0,1,0,85,97,82
2003-10-01,Wednesday,0,0,Autumn,13.9,1,0,82,79,69
2003-10-02,Thursday,0,0,Autumn,6.3,0,0,69,76,87
2003-10-03,Friday,0,0,Autumn,13.2,0,0,87,81,91
2003-10-04,Saturday,1,0,Autumn,11.8,1,0,91,95,99
2003-10-05,Sunday,1,0,Autumn,5.6,0,0,99,97,92
2003-10-06,Monday,0,0,Autumn,10.1,1,0,92,85,79
2003-10-07,Tuesday,0,0,Autumn,11.1,1,0,79,82,84
2003-10-08,Wednesday,0,0,Autumn,11.6,0,0,84,69,64
2003-10-09,Thursday,0,0,Autumn,10.3,0,0,64,87,82
2003-10-10,Friday,0,0,Autumn,10.4,1,0,82,91,84
2003-10-11,Saturday,1,0,Autumn,13.8,1,0,84,99,97
2003-10-12,Sunday,1,0,Autumn,12.9,0,0,97,92,109
2003-10-13,Monday,0,0,Autumn,0.5,1,0,109,79,80
2003-10-14,Tuesday,0,0,Autumn,8.0,0,0,80,84,60
2003-10-15,Wednesday,0,0,Autumn,8.3,1,0,60,64,55
2003-10-16,Thursday,0,0,Autumn,3.4,1,0,55,82,65
2003-10-17,Friday,0,0,Autumn,8.7,0,0,65,84,90
2003-10-18,Saturday,1,0,Autumn,12.1,1,0,90,97,93
2003-10-19,Sunday,1,0,Autumn,4.9,1,0,93,109,104
2003-10-20,Monday,0,0,Autumn,9.0,1,1,104,80,76
2003-10-21,Tuesday,0,0,Autumn,5.1,0,0,76,60,66
2003-10-22,Wednesday,0,0,Autumn,5.7,1,0,66,55,69
2003-10-23,Thursday,0,0,Autumn,12.0,1,0,69,65,77
2003-10-24,Friday,0,0,Autumn,5.8,0,0,77,90,71
2003-10-25,Saturday,1,0,Autumn,8.7,0,1,71,93,89
2003-10-26,Sunday,1,0,Autumn,1.5,1,0,89,104,88
2003-10-27,Monday,0,0,Autumn,12.6,1,0,88,76,73
2003-10-28,Tuesday,0,0,Autumn,8.7,0,0,73,66,79
2003-10-29,Wednesday,0,0,Autumn,6.2,1,0,79,69,71
2003-10-30,Thursday,0,0,Autumn,8.3,0,0,71,77,66
2003-10-31,Friday,0,0,Autumn,2.2,1,0,66,71,72
2003-11-01,Saturday,1,0,Autumn,9.9,0,0,72,89,91
2003-11-02,Sunday,1,0,Autumn,5.2,0,0,91,88,82
2003-11-03,Monday,0,0,Autumn,5.5,1,0,82,73,65
2003-11-04,Tuesday,0,0,Autumn,4.5,1,0,65,79,61
2003-11-05,Wednesday,0,0,Autumn,4.1,0,0,61,71,76
2003-11-06,Thursday,0,0,Autumn,7.8,1,0,76,66,71
2003-11-07,Friday,0,0,Autumn,6.4,1,0,71,72,58
2003-11-08,Saturday,1,0,Autumn,7.4,1,0,58,91,69
2003-11-09,Sunday,1,0,Autumn,5.4,0,1,69,82,91
2003-11-10,Monday,0,0,Autumn,6.8,0,0,91,65,74
2003-11-11,Tuesday,0,0,Autumn,3.9,1,1,74,61,64
2003-11-12,Wednesday,0,0,Autumn,11.7,1,0,64,76,66
2003-11-13,Thursday,0,0,Autumn,0.2,0,0,66,71,76
2003-11-14,Friday,0,0,Autumn,8.6,0,0,76,58,91
2003-11-15,Saturday,1,0,Autumn,8.9,0,1,91,69,97
2003-11-16,Sunday,1,0,Autumn,2.1,0,0,97,91,96
2003-11-17,Monday,0,0,Autumn,11.3,1,0,96,74,80
2003-11-18,Tuesday,0,0,Autumn,7.5,0,0,80,64,75
2003-11-19,Wednesday,0,0,Autumn,7.3,1,0,75,66,63
2003-11-20,Thursday,0,0,Autumn,4.4,1,0,63,76,78
2003-11-21,Friday,0,0,Autumn,3.6,0,0,78,91,81
2003-11-22,Saturday,1,0,Autumn,3.5,1,1,81,97,87
2003-11-23,Sunday,1,0,Autumn,5.2,0,0,87,96,85
2003-11-24,Monday,0,0,Autumn,8.2,0,0,85,80,84
2003-11-25,Tuesday,0,0,Autumn,4.5,0,0,84,75,72
2003-11-26,Wednesday,0,0,Autumn,1.1,0,0,72,63,78
2003-11-27,Thursday,0,0,Autumn,6.2,0,1,78,78,91
2003-11-28,Friday,0,0,Autumn,6.5,1,0,91,81,91
2003-11-29,Saturday,1,0,Autumn,5.6,0,0,91,87,90
2003-11-30,Sunday,1,0,Autumn,5.8,0,0,90,85,85
2003-12-01,Monday,0,0,Winter,2.7,1,0,85,84,73
2003-12-02,Tuesday,0,0,Winter,0.7,1,0,73,72,56
2003-12-03,Wednesday,0,0,Winter,0.8,1,0,56,78,63
2003-12-04,Thursday,0,0,Winter,-1.5,0,0,63,91,77
2003-12-05,Friday,0,0,Winter,4.0,0,0,77,91,77
2003-12-06,Saturday,1,0,Winter,3.0,0,0,77,90,90
2003-12-07,Sunday,1,0,Winter,1.9,0,0,90,85,88
2003-12-08,Monday,0,0,Winter,-5.0,1,0,88,73,76
2003-12-09,Tuesday,0,0,Winter,-0.6,0,0,76,56,75
2003-12-10,Wednesday,0,0,Winter,6.5,0,0,75,63,75
2003-12-11,Thursday,0,0,Winter,1.1,1,0,75,77,70
2003-12-12,Friday,0,0,Winter,4.2,0,0,70,77,84
2003-12-13,Saturday,1,0,Winter,-1.1,0,0,84,90,87
2003-12-14,Sunday,1,0,Winter,7.4,1,0,87,88,83
2003-12-15,Monday,0,0,Winter,2.6,0,0,83,76,69
2003-12-16,Tuesday,0,0,Winter,3.9,0,0,69,75,69
2003-12-17,Wednesday,0,0,Winter,10.0,0,1,69,75,86
2003-12-18,Thursday,0,0,Winter,7.6,0,0,86,70,72
2003-12-19,Friday,0,0,Winter,2.1,1,1,72,84,73
2003-12-20,Saturday,1,0,Winter,1.2,1,0,73,87,70
2003-12-21,Sunday,1,0,Winter,2.0,0,0,70,83,84
2003-12-22,Monday,0,0,Winter,4.5,0,0,84,69,75
2003-12-23,Tuesday,0,0,Winter,2.7,0,0,75,69,79
2003-12-24,Wednesday,0,1,Winter,1.8,1,0,79,86,75
2003-12-25,Thursday,0,1,Winter,7.4,1,0,75,72,69
2003-12-26,Friday,0,1,Winter,2.7,1,0,69,73,87
2003-12-27,Saturday,1,0,Winter,10.0,0,0,87,70,82
2003-12-28,Sunday,1,0,Winter,3.4,1,0,82,84,84
2003-12-29,Monday,0,0,Winter,8.5,0,0,84,75,66
2003-12-30,Tuesday,0,0,Winter,4.2,0,0,66,79,69
2003-12-31,Wednesday,0,1,Winter,6.1,1,0,69,75,72
2004-01-01,Thursday,0,1,Winter,1.0,0,0,72,69,66
2004-01-02,Friday,0,0,Winter,0.7,0,0,66,87,88
2004-01-03,Saturday,1,0,Winter,4.7,0,1,88,82,90
2004-01-04,Sunday,1,0,Winter,6.3,1,0,90,84,78
2004-01-05,Monday,0,0,Winter,3.5,1,0,78,66,61
2004-01-06,Tuesday,0,0,Winter,-0.4,0,0,61,69,46
2004-01-07,Wednesday,0,0,Winter,-0.6,1,0,46,72,50
2004-01-08,Thursday,0,0,Winter,-0.7,0,0,50,66,54
2004-01-09,Friday,0,0,Winter,-1.7,1,0,54,88,72
2004-01-10,Saturday,1,0,Winter,4.0,0,0,72,90,86
2004-01-11,Sunday,1,0,Winter,7.1,0,0,86,78,76
2004-01-12,Monday,0,0,Winter,3.8,0,0,76,61,62
2004-01-13,Tuesday,0,0,Winter,-2.9,0,0,62,46,69
2004-01-14,Wednesday,0,0,Winter,3.4,1,0,69,50,52
2004-01-15,Thursday,0,0,Winter,3.5,0,0,52,54,63
2004-01-16,Friday,0,0,Winter,10.4,0,1,63,72,76
2004-01-17,Saturday,1,0,Winter,-0.2,0,0,76,86,75
2004-01-18,Sunday,1,0,Winter,3.1,0,0,75,76,73
2004-01-19,Monday,0,0,Winter,9.4,0,0,73,62,78
2004-01-20,Tuesday,0,0,Winter,5.8,0,0,78,69,61
2004-01-21,Wednesday,0,0,Winter,6.2,0,0,61,52,65
2004-01-22,Thursday,0,0,Winter,4.9,1,0,65,63,72
2004-01-23,Friday,0,0,Winter,5.7,1,0,72,76,69
2004-01-24,Saturday,1,0,Winter,7.1,0,0,69,75,86
2004-01-25,Sunday,1,0,Winter,2.5,0,0,86,73,87
2004-01-26,Monday,0,0,Winter,7.6,0,0,87,78,72
2004-01-27,Tuesday,0,0,Winter,1.0,0,0,72,61,58
2004-01-28,Wednesday,0,0,Winter,6.2,0,0,58,65,61
2004-01-29,Thursday,0,0,Winter,5.8,0,1,61,72,76
2004-01-30,Friday,0,0,Winter,3.6,1,0,76,69,69
2004-01-31,Saturday,1,0,Winter,5.5,1,0,69,86,82
2004-02-01,Sunday,1,0,Winter,3.8,0,0,82,87,78
2004-02-02,Monday,0,0,Winter,2.6,0,0,78,72,63
2004-02-03,Tuesday,0,0,Winter,4.8,0,0,63,58,61
2004-02-04,Wednesday,0,0,Winter,2.7,0,0,61,61,63
2004-02-05,Thursday,0,0,Winter,7.1,0,0,63,76,79
2004-02-06,Friday,0,0,Winter,2.8,0,0,79,69,80
2004-02-07,Saturday,1,0,Winter,8.5,0,0,80,82,92
2004-02-08,Sunday,1,0,Winter,3.0,0,0,92,78,83
2004-02-09,Monday,0,0,Winter,5.0,1,0,83,63,65
2004-02-10,Tuesday,0,0,Winter,4.9,0,0,65,61,58
2004-02-11,Wednesday,0,0,Winter,10.9,1,0,58,63,62
2004-02-12,Thursday,0,0,Winter,8.0,0,1,62,79,80
2004-02-13,Friday,0,0,Winter,6.6,0,0,80,80,82
2004-02-14,Saturday,1,0,Winter,8.8,0,0,82,92,89
2004-02-15,Sunday,1,0,Winter,1.2,0,0,89,83,84
2004-02-16,Monday,0,0,Winter,7.5,0,0,84,65,84
2004-02-17,Tuesday,0,0,Winter,13.8,0,0,84,58,76
2004-02-18,Wednesday,0,0,Winter,8.3,0,0,76,62,75
2004-02-19,Thursday,0,0,Winter,8.3,0,0,75,80,81
2004-02-20,Friday,0,0,Winter,9.9,0,0,81,82,83
2004-02-21,Saturday,1,0,Winter,11.1,1,0,83,89,92
2004-02-22,Sunday,1,0,Winter,2.5,1,0,92,84,84
2004-02-23,Monday,0,0,Winter,3.6,1,1,84,84,72
2004-02-24,Tuesday,0,0,Winter,9.5,1,0,72,76,65
2004-02-25,Wednesday,0,0,Winter,6.8,0,0,65,75,83
2004-02-26,Thursday,0,0,Winter,13.1,1,0,83,81,88
2004-02-27,Friday,0,0,Winter,8.4,0,0,88,83,85
2004-02-28,Saturday,1,0,Winter,3.7,0,1,85,92,102
2004-02-29,Sunday,1,0,Winter,5.8,1,0,102,84,91
2004-03-01,Monday,0,0,Spring,1.5,0,0,91,72,90
2004-03-02,Tuesday,0,0,Spring,9.3,0,1,90,65,86
2004-03-03,Wednesday,0,0,Spring,9.6,0,0,86,83,86
2004-03-04,Thursday,0,0,Spring,9.0,0,1,86,88,89
2004-03-05,Friday,0,0,Spring,13.7,0,0,89,85,92
2004-03-06,Saturday,1,0,Spring,14.2,1,0,92,102,80
2004-03-07,Sunday,1,0,Spring,10.3,0,0,80,91,91
2004-03-08,Monday,0,0,Spring,4.5,0,0,91,90,91
2004-03-09,Tuesday,0,0,Spring,13.0,0,0,91,86,100
2004-03-10,Wednesday,0,0,Spring,13.0,1,0,100,86,93
2004-03-11,Thursday,0,0,Spring,12.4,1,0,93,89,87
2004-03-12,Friday,0,0,Spring,14.6,0,0,87,92,88
2004-03-13,Saturday,1,0,Spring,8.3,0,0,88,80,89
2004-03-14,Sunday,1,0,Spring,18.0,0,0,89,91,86
2004-03-15,Monday,0,0,Spring,9.3,0,0,86,91,82
2004-03-16,Tuesday,0,0,Spring,14.6,1,0,82,100,76
2004-03-17,Wednesday,0,0,Spring,7.4,0,0,76,93,77
2004-03-18,Thursday,0,0,Spring,9.9,1,0,77,87,79
2004-03-19,Friday,0,0,Spring,17.4,0,0,79,88,93
2004-03-20,Saturday,1,0,Spring,12.2,1,0,93,89,84
2004-03-21,Sunday,1,0,Spring,15.7,0,0,84,86,90
2004-03-22,Monday,0,0,Spring,14.1,0,0,90,82,90
2004-03-23,Tuesday,0,0,Spring,13.2,0,0,90,76,94
2004-03-24,Wednesday,0,0,Spring,17.8,0,0,94,77,89
2004-03-25,Thursday,0,0,Spring,13.1,1,1,89,79,108
2004-03-26,Friday,0,0,Spring,8.7,0,0,108,93,106
2004-03-27,Saturday,1,0,Spring,11.8,1,0,106,84,100
2004-03-28,Sunday,1,0,Spring,16.0,0,0,100,90,109
2004-03-29,Monday,0,0,Spring,15.7,0,0,109,90,93
2004-03-30,Tuesday,0,0,Spring,10.0,0,0,93,94,82
2004-03-31,Wednesday,0,0,Spring,12.7,0,0,82,89,92
2004-04-01,Thursday,0,0,Spring,13.3,1,0,92,108,98
2004-04-02,Friday,0,0,Spring,14.1,0,0,98,106,110
2004-04-03,Saturday,1,0,Spring,11.3,0,0,110,100,116
2004-04-04,Sunday,1,0,Spring,13.7,0,0,116,109,126
2004-04-05,Monday,0,0,Spring,13.5,1,0,126,93,91
2004-04-06,Tuesday,0,0,Spring,18.2,1,0,91,82,83
2004-04-07,Wednesday,0,0,Spring,18.5,1,1,83,92,91
2004-04-08,Thursday,0,0,Spring,15.8,0,1,91,98,111
2004-04-09,Friday,0,0,Spring,15.2,0,1,111,110,120
2004-04-10,Saturday,1,0,Spring,17.0,0,0,120,116,129
2004-04-11,Sunday,1,0,Spring,14.2,1,0,129,126,122
2004-04-12,Monday,0,0,Spring,13.4,0,0,122,91,102
2004-04-13,Tuesday,0,0,Spring,14.2,1,1,102,83,101
2004-04-14,Wednesday,0,0,Spring,15.3,1,0,101,91,94
2004-04-15,Thursday,0,0,Spring,13.8,1,0,94,111,99
2004-04-16,Friday,0,0,Spring,18.0,1,0,99,120,110
2004-04-17,Saturday,1,0,Spring,19.8,0,0,110,129,124
2004-04-18,Sunday,1,0,Spring,13.0,0,0,124,122,126
2004-04-19,Monday,0,0,Spring,18.0,0,0,126,102,109
2004-04-20,Tuesday,0,0,Spring,17.4,0,0,109,101,103
2004-04-21,Wednesday,0,0,Spring,19.3,1,0,103,94,89
2004-04-22,Thursday,0,0,Spring,18.3,0,1,89,99,110
2004-04-23,Friday,0,0,Spring,14.2,1,1,110,110,126
2004-04-24,Saturday,1,0,Spring,14.9,1,0,126,124,109
2004-04-25,Sunday,1,0,Spring,18.9,0,0,109,126,120
2004-04-26,Monday,0,0,Spring,22.0,0,0,120,109,109
2004-04-27,Tuesday,0,0,Spring,12.4,0,0,109,103,99
2004-04-28,Wednesday,0,0,Spring,20.3,0,0,99,89,101
2004-04-29,Thursday,0,0,Spring,22.9,1,1,101,110,111
2004-04-30,Friday,0,0,Spring,19.0,1,0,111,126,116
2004-05-01,Saturday,1,1,Spring,21.3,1,0,116,109,119
2004-05-02,Sunday,1,0,Spring,17.6,0,0,119,120,129
2004-05-03,Monday,0,0,Spring,19.5,1,0,129,109,108
2004-05-04,Tuesday,0,0,Spring,15.1,0,0,108,99,95
2004-05-05,Wednesday,0,0,Spring,13.1,1,0,95,101,94
2004-05-06,Thursday,0,0,Spring,23.1,1,0,94,111,95
2004-05-07,Friday,0,0,Spring,17.4,1,0,95,116,104
2004-05-08,Saturday,1,0,Spring,19.1,0,0,104,119,127
2004-05-09,Sunday,1,0,Spring,16.4,1,0,127,129,120
2004-05-10,Monday,0,0,Spring,16.5,0,0,120,108,98
2004-05-11,Tuesday,0,0,Spring,20.3,0,0,98,95,94
2004-05-12,Wednesday,0,0,Spring,18.7,0,0,94,94,100
2004-05-13,Thursday,0,0,Spring,22.1,0,0,100,95,102
2004-05-14,Friday,0,0,Spring,22.5,0,1,102,104,120
2004-05-15,Saturday,1,0,Spring,22.2,0,0,120,127,121
2004-05-16,Sunday,1,0,Spring,22.0,1,1,121,120,122
2004-05-17,Monday,0,0,Spring,26.1,0,0,122,98,114
2004-05-18,Tuesday,0,0,Spring,18.3,1,0,114,94,111
2004-05-19,Wednesday,0,0,Spring,21.4,1,0,111,100,99
2004-05-20,Thursday,0,0,Spring,25.1,0,1,99,102,112
2004-05-21,Friday,0,0,Spring,25.5,1,0,112,120,122
2004-05-22,Saturday,1,0,Spring,17.6,0,0,122,121,124
2004-05-23,Sunday,1,0,Spring,21.0,0,1,124,122,135
2004-05-24,Monday,0,0,Spring,26.1,1,0,135,114,111
2004-05-25,Tuesday,0,0,Spring,23.6,1,0,111,111,105
2004-05-26,Wednesday,0,0,Spring,22.7,0,0,105,99,99
2004-05-27,Thursday,0,0,Spring,21.6,1,0,99,112,90
2004-05-28,Friday,0,0,Spring,21.1,0,1,90,122,108
2004-05-29,Saturday,1,0,Spring,23.2,1,0,108,124,120
2004-05-30,Sunday,1,0,Spring,21.6,0,0,120,135,128
2004-05-31,Monday,0,0,Spring,22.3,0,0,128,111,120
2004-06-01,Tuesday,0,0,Summer,22.7,1,0,120,105,113
2004-06-02,Wednesday,0,0,Summer,20.5,0,0,113,99,106
2004-06-03,Thursday,0,0,Summer,24.2,0,0,106,90,93
2004-06-04,Friday,0,0,Summer,31.4,0,0,93,108,103
2004-06-05,Saturday,1,0,Summer,17.4,1,0,103,120,121
2004-06-06,Sunday,1,0,Summer,23.7,0,0,121,128,120
2004-06-07,Monday,0,0,Summer,20.5,0,0,120,120,114
2004-06-08,Tuesday,0,0,Summer,24.5,0,0,114,113,113
2004-06-09,Wednesday,0,0,Summer,23.0,0,0,113,106,101
2004-06-10,Thursday,0,0,Summer,25.2,0,0,101,93,107
2004-06-11,Friday,0,0,Summer,26.4,0,0,107,103,124
2004-06-12,Saturday,1,0,Summer,23.5,0,0,124,121,129
2004-06-13,Sunday,1,0,Summer,26.3,1,0,129,120,124
2004-06-14,Monday,0,0,Summer,15.9,1,0,124,114,101
2004-06-15,Tuesday,0,0,Summer,27.7,0,0,101,113,106
2004-06-16,Wednesday,0,0,Summer,24.1,0,0,106,101,110
2004-06-17,Thursday,0,0,Summer,26.2,1,0,110,107,110
2004-06-18,Friday,0,0,Summer,19.3,1,1,110,124,119
2004-06-19,Saturday,1,0,Summer,20.5,0,1,119,129,142
2004-06-20,Sunday,1,0,Summer,23.4,0,0,142,124,133
2004-06-21,Monday,0,0,Summer,22.9,0,0,133,101,113
2004-06-22,Tuesday,0,0,Summer,23.8,0,0,113,106,111
2004-06-23,Wednesday,0,0,Summer,26.2,0,0,111,110,121
2004-06-24,Thursday,0,0,Summer,17.7,0,0,121,110,114
2004-06-25,Friday,0,0,Summer,25.9,0,0,114,119,115
2004-06-26,Saturday,1,0,Summer,23.0,1,0,115,142,131
2004-06-27,Sunday,1,0,Summer,22.3,0,1,131,133,137
2004-06-28,Monday,0,0,Summer,18.5,0,0,137,113,123
2004-06-29,Tuesday,0,0,Summer,24.4,0,0,123,111,102
2004-06-30,Wednesday,0,0,Summer,15.6,0,0,102,121,107
2004-07-01,Thursday,0,0,Summer,24.7,0,0,107,114,111
2004-07-02,Friday,0,0,Summer,18.3,1,0,111,115,105
2004-07-03,Saturday,1,0,Summer,22.9,0,0,105,131,114
2004-07-04,Sunday,1,0,Summer,22.3,0,0,114,137,123
2004-07-05,Monday,0,0,Summer,26.1,0,0,123,123,112
2004-07-06,Tuesday,0,0,Summer,22.1,0,0,112,102,87
2004-07-07,Wednesday,0,0,Summer,20.5,1,0,87,107,87
2004-07-08,Thursday,0,0,Summer,21.0,1,0,87,111,90
2004-07-09,Friday,0,0,Summer,26.3,0,0,90,105,107
2004-07-10,Saturday,1,0,Summer,24.0,1,1,107,114,115
2004-07-11,Sunday,1,0,Summer,21.2,0,0,115,123,121
2004-07-12,Monday,0,0,Summer,21.5,1,0,121,112,103
2004-07-13,Tuesday,0,0,Summer,17.5,0,0,103,87,103
2004-07-14,Wednesday,0,0,Summer,23.3,0,0,103,87,104
2004-07-15,Thursday,0,0,Summer,16.8,0,0,104,90,100
2004-07-16,Friday,0,0,Summer,24.2,1,0,100,107,108
2004-07-17,Saturday,1,0,Summer,22.3,1,0,108,115,120
2004-07-18,Sunday,1,0,Summer,29.0,0,0,120,121,126
2004-07-19,Monday,0,0,Summer,18.4,1,0,126,103,109
2004-07-20,Tuesday,0,0,Summer,21.3,0,0,109,103,92
2004-07-21,Wednesday,0,0,Summer,26.9,0,0,92,104,99
2004-07-22,Thursday,0,0,Summer,25.0,0,0,99,100,100
2004-07-23,Friday,0,0,Summer,19.3,0,0,100,108,116
2004-07-24,Saturday,1,0,Summer,21.9,0,1,116,120,129
2004-07-25,Sunday,1,0,Summer,21.2,0,0,129,126,123
2004-07-26,Monday,0,0,Summer,21.9,0,0,123,109,117
2004-07-27,Tuesday,0,0,Summer,18.9,0,0,117,92,95
2004-07-28,Wednesday,0,0,Summer,20.6,0,0,95,99,99
2004-07-29,Thursday,0,0,Summer,16.0,0,0,99,100,88
2004-07-30,Friday,0,0,Summer,21.1,0,0,88,116,101
2004-07-31,Saturday,1,0,Summer,21.9,0,0,101,129,117
2004-08-01,Sunday,1,0,Summer,19.7,0,0,117,123,131
2004-08-02,Monday,0,0,Summer,15.5,1,0,131,117,112
2004-08-03,Tuesday,0,0,Summer,23.2,1,0,112,95,97
2004-08-04,Wednesday,0,0,Summer,21.2,0,0,97,99,100
2004-08-05,Thursday,0,0,Summer,17.8,1,0,100,88,107
2004-08-06,Friday,0,0,Summer,19.0,0,0,107,101,95
2004-08-07,Saturday,1,0,Summer,15.2,1,0,95,117,113
2004-08-08,Sunday,1,0,Summer,16.5,0,0,113,131,123
2004-08-09,Monday,0,0,Summer,17.8,0,0,123,112,112
2004-08-10,Tuesday,0,0,Summer,23.0,0,0,112,97,104
2004-08-11,Wednesday,0,0,Summer,17.2,1,0,104,100,109
2004-08-12,Thursday,0,0,Summer,21.0,0,0,109,107,116
2004-08-13,Friday,0,0,Summer,17.3,0,1,116,95,112
2004-08-14,Saturday,1,0,Summer,19.5,0,0,112,113,120
2004-08-15,Sunday,1,0,Summer,18.2,1,0,120,123,127
2004-08-16,Monday,0,0,Summer,21.1,0,0,127,112,119
2004-08-17,Tuesday,0,0,Summer,16.7,0,0,119,104,111
2004-08-18,Wednesday,0,0,Summer,13.5,0,0,111,109,97
2004-08-19,Thursday,0,0,Summer,13.9,1,0,97,116,117
2004-08-20,Friday,0,0,Summer,16.3,0,0,117,112,121
2004-08-21,Saturday,1,0,Summer,14.0,0,0,121,120,135
2004-08-22,Sunday,1,0,Summer,18.8,0,0,135,127,132
2004-08-23,Monday,0,0,Summer,16.0,0,0,132,119,118
2004-08-24,Tuesday,0,0,Summer,24.4,0,0,118,111,109
2004-08-25,Wednesday,0,0,Summer,11.9,0,0,109,97,108
2004-08-26,Thursday,0,0,Summer,17.6,0,1,108,117,129
2004-08-27,Friday,0,0,Summer,13.4,0,1,129,121,138
2004-08-28,Saturday,1,0,Summer,15.2,0,0,138,135,151
2004-08-29,Sunday,1,0,Summer,16.9,0,0,151,132,139
2004-08-30,Monday,0,0,Summer,9.3,1,0,139,118,110
2004-08-31,Tuesday,0,0,Summer,16.9,0,0,110,109,108
2004-09-01,Wednesday,0,0,Autumn,21.7,0,0,108,108,111
2004-09-02,Thursday,0,0,Autumn,14.5,0,0,111,129,110
2004-09-03,Friday,0,0,Autumn,16.4,1,0,110,138,114
2004-09-04,Saturday,1,0,Autumn,18.6,1,0,114,151,126
2004-09-05,Sunday,1,0,Autumn,14.8,1,0,126,139,125
2004-09-06,Monday,0,0,Autumn,13.4,0,0,125,110,109
2004-09-07,Tuesday,0,0,Autumn,8.2,0,0,109,108,100
2004-09-08,Wednesday,0,0,Autumn,16.7,0,0,100,111,105
2004-09-09,Thursday,0,0,Autumn,14.3,1,0,105,110,106
2004-09-10,Friday,0,0,Autumn,11.4,0,0,106,114,103
2004-09-11,Saturday,1,0,Autumn,14.7,1,1,103,126,105
2004-09-12,Sunday,1,0,Autumn,12.4,0,0,105,125,103
2004-09-13,Monday,0,0,Autumn,12.4,1,0,103,109,97
2004-09-14,Tuesday,0,0,Autumn,15.6,0,0,97,100,89
2004-09-15,Wednesday,0,0,Autumn,9.6,1,0,89,105,89
2004-09-16,Thursday,0,0,Autumn,16.6,0,0,89,106,96
2004-09-17,Friday,0,0,Autumn,9.1,1,1,96,103,103
2004-09-18,Saturday,1,0,Autumn,11.1,0,0,103,105,110
2004-09-19,Sunday,1,0,Autumn,18.7,1,0,110,103,114
2004-09-20,Monday,0,0,Autumn,16.1,1,0,114,97,97
2004-09-21,Tuesday,0,0,Autumn,12.9,0,1,97,89,90
2004-09-22,Wednesday,0,0,Autumn,9.6,0,0,90,89,89
2004-09-23,Thursday,0,0,Autumn,10.7,0,1,89,96,103
2004-09-24,Friday,0,0,Autumn,12.3,0,0,103,103,87
2004-09-25,Saturday,1,0,Autumn,12.0,1,0,87,110,92
2004-09-26,Sunday,1,0,Autumn,11.5,0,0,92,114,101
2004-09-27,Monday,0,0,Autumn,11.5,0,0,101,97,89
2004-09-28,Tuesday,0,0,Autumn,10.8,0,0,89,90,87
2004-09-29,Wednesday,0,0,Autumn,6.9,0,0,87,89,80
2004-09-30,Thursday,0,0,Autumn,9.5,0,0,80,103,95
2004-10-01,Friday,0,0,Autumn,13.6,1,0,95,87,92
2004-10-02,Saturday,1,0,Autumn,6.6,0,0,92,92,83
2004-10-03,Sunday,1,0,Autumn,10.0,1,0,83,101,94
2004-10-04,Monday,0,0,Autumn,7.9,1,0,94,89,88
2004-10-05,Tuesday,0,0,Autumn,10.6,0,0,88,87,84
2004-10-06,Wednesday,0,0,Autumn,8.9,1,0,84,80,65
2004-10-07,Thursday,0,0,Autumn,14.3,0,0,65,95,88
2004-10-08,Friday,0,0,Autumn,11.2,0,0,88,92,85
2004-10-09,Saturday,1,0,Autumn,5.6,0,0,85,83,87
2004-10-10,Sunday,1,0,Autumn,11.4,1,0,87,94,86
2004-10-11,Monday,0,0,Autumn,6.9,0,0,86,88,71
2004-10-12,Tuesday,0,0,Autumn,7.4,0,0,71,84,75
2004-10-13,Wednesday,0,0,Autumn,9.9,0,0,75,65,75
2004-10-14,Thursday,0,0,Autumn,7.3,0,0,75,88,82
2004-10-15,Friday,0,0,Autumn,11.3,0,1,82,85,94
2004-10-16,Saturday,1,0,Autumn,6.1,0,0,94,87,90
2004-10-17,Sunday,1,0,Autumn,6.5,0,0,90,86,100
2004-10-18,Monday,0,0,Autumn,6.2,1,0,100,71,80
2004-10-19,Tuesday,0,0,Autumn,6.3,0,0,80,75,69
2004-10-20,Wednesday,0,0,Autumn,11.2,0,0,69,75,77
2004-10-21,Thursday,0,0,Autumn,9.6,0,0,77,82,83
2004-10-22,Friday,0,0,Autumn,12.7,1,0,83,94,92
2004-10-23,Saturday,1,0,Autumn,14.2,1,0,92,90,95
2004-10-24,Sunday,1,0,Autumn,4.2,0,0,95,100,91
2004-10-25,Monday,0,0,Autumn,7.4,1,0,91,80,69
2004-10-26,Tuesday,0,0,Autumn,3.5,1,0,69,69,61
2004-10-27,Wednesday,0,0,Autumn,4.5,1,0,61,77,53
2004-10-28,Thursday,0,0,Autumn,4.8,1,0,53,83,67
2004-10-29,Friday,0,0,Autumn,3.4,1,1,67,92,72
2004-10-30,Saturday,1,0,Autumn,3.3,1,0,72,95,80
2004-10-31,Sunday,1,0,Autumn,5.9,0,0,80,91,92
2004-11-01,Monday,0,0,Autumn,2.6,0,0,92,69,75
2004-11-02,Tuesday,0,0,Autumn,8.6,0,1,75,61,78
2004-11-03,Wednesday,0,0,Autumn,3.2,0,0,78,53,71
2004-11-04,Thursday,0,0,Autumn,14.3,1,0,71,67,76
2004-11-05,Friday,0,0,Autumn,4.4,1,0,76,72,82
2004-11-06,Saturday,1,0,Autumn,5.8,1,0,82,80,88
2004-11-07,Sunday,1,0,Autumn,1.6,1,0,88,92,88
2004-11-08,Monday,0,0,Autumn,10.5,1,0,88,75,63
2004-11-09,Tuesday,0,0,Autumn,8.6,1,0,63,78,68
2004-11-10,Wednesday,0,0,Autumn,6.1,0,0,68,71,82
2004-11-11,Thursday,0,0,Autumn,1.0,0,0,82,76,82
2004-11-12,Friday,0,0,Autumn,5.6,0,0,82,82,91
2004-11-13,Saturday,1,0,Autumn,1.5,0,1,91,88,95
2004-11-14,Sunday,1,0,Autumn,9.1,0,0,95,88,93
2004-11-15,Monday,0,0,Autumn,7.1,0,0,93,63,81
2004-11-16,Tuesday,0,0,Autumn,4.8,0,0,81,68,77
2004-11-17,Wednesday,0,0,Autumn,-2.8,0,0,77,82,79
2004-11-18,Thursday,0,0,Autumn,1.4,1,0,79,82,67
2004-11-19,Friday,0,0,Autumn,6.4,0,0,67,91,75
2004-11-20,Saturday,1,0,Autumn,7.9,1,0,75,95,77
2004-11-21,Sunday,1,0,Autumn,7.5,0,0,77,93,88
2004-11-22,Monday,0,0,Autumn,-0.7,1,0,88,81,72
2004-11-23,Tuesday,0,0,Autumn,4.9,1,0,72,77,67
2004-11-24,Wednesday,0,0,Autumn,7.0,1,0,67,79,64
2004-11-25,Thursday,0,0,Autumn,-1.1,0,0,64,67,60
2004-11-26,Friday,0,0,Autumn,3.7,1,1,60,75,76
2004-11-27,Saturday,1,0,Autumn,4.5,0,0,76,77,91
2004-11-28,Sunday,1,0,Autumn,2.7,0,0,91,88,100
2004-11-29,Monday,0,0,Autumn,-2.0,1,0,100,72,87
2004-11-30,Tuesday,0,0,Autumn,2.5,0,0,87,67,72
2004-12-01,Wednesday,0,0,Winter,2.5,0,0,72,64,59
2004-12-02,Thursday,0,0,Winter,3.0,1,0,59,60,65
2004-12-03,Friday,0,0,Winter,1.7,0,1,65,76,88
2004-12-04,Saturday,1,0,Winter,2.0,1,0,88,91,90
2004-12-05,Sunday,1,0,Winter,3.2,0,0,90,100,91
2004-12-06,Monday,0,0,Winter,4.6,0,0,91,87,76
2004-12-07,Tuesday,0,0,Winter,2.3,0,0,76,72,74
2004-12-08,Wednesday,0,0,Winter,1.9,0,0,74,59,70
2004-12-09,Thursday,0,0,Winter,3.4,1,0,70,65,67
2004-12-10,Friday,0,0,Winter,-2.6,1,1,67,88,70
2004-12-11,Saturday,1,0,Winter,4.5,0,0,70,90,76
2004-12-12,Sunday,1,0,Winter,3.1,0,0,76,91,81
2004-12-13,Monday,0,0,Winter,3.2,1,0,81,76,76
2004-12-14,Tuesday,0,0,Winter,5.9,0,1,76,74,86
2004-12-15,Wednesday,0,0,Winter,-2.8,0,0,86,70,70
2004-12-16,Thursday,0,0,Winter,-2.9,0,0,70,67,54
2004-12-17,Friday,0,0,Winter,3.8,1,0,54,70,72
2004-12-18,Saturday,1,0,Winter,3.0,0,0,72,76,88
2004-12-19,Sunday,1,0,Winter,3.5,0,0,88,81,85
2004-12-20,Monday,0,0,Winter,1.6,1,0,85,76,67
2004-12-21,Tuesday,0,0,Winter,5.0,1,0,67,86,65
2004-12-22,Wednesday,0,0,Winter,5.8,1,0,65,70,70
2004-12-23,Thursday,0,0,Winter,4.5,1,0,70,54,67
2004-12-24,Friday,0,1,Winter,2.3,1,0,67,72,71
2004-12-25,Saturday,1,1,Winter,-3.3,1,0,71,88,97
2004-12-26,Sunday,1,1,Winter,5.4,1,0,97,85,83
2004-12-27,Monday,0,0,Winter,6.8,0,0,83,67,68
2004-12-28,Tuesday,0,0,Winter,5.1,0,0,68,65,61
2004-12-29,Wednesday,0,0,Winter,0.5,1,0,61,70,60
2004-12-30,Thursday,0,0,Winter,5.2,1,0,60,67,70
2004-12-31,Friday,0,1,Winter,5.8,0,0,70,71,86
2005-01-01,Saturday,1,1,Winter,7.9,1,1,86,97,104
2005-01-02,Sunday,1,0,Winter,0.6,1,0,104,83,79
2005-01-03,Monday,0,0,Winter,2.6,0,0,79,68,76
2005-01-04,Tuesday,0,0,Winter,5.6,1,0,76,61,57
2005-01-05,Wednesday,0,0,Winter,3.6,0,0,57,60,57
2005-01-06,Thursday,0,0,Winter,0.1,1,0,57,70,59
2005-01-07,Friday,0,0,Winter,4.7,1,0,59,86,64
2005-01-08,Saturday,1,0,Winter,5.3,1,0,64,104,75
2005-01-09,Sunday,1,0,Winter,3.9,1,0,75,79,81
2005-01-10,Monday,0,0,Winter,4.3,1,0,81,76,80
2005-01-11,Tuesday,0,0,Winter,3.0,0,0,80,57,67
2005-01-12,Wednesday,0,0,Winter,8.2,1,0,67,57,49
2005-01-13,Thursday,0,0,Winter,1.2,0,0,49,59,59
2005-01-14,Friday,0,0,Winter,2.2,1,0,59,64,58
2005-01-15,Saturday,1,0,Winter,4.0,0,0,58,75,75
2005-01-16,Sunday,1,0,Winter,6.7,0,0,75,81,82
2005-01-17,Monday,0,0,Winter,-0.3,0,0,82,80,59
2005-01-18,Tuesday,0,0,Winter,0.3,0,1,59,67,65
2005-01-19,Wednesday,0,0,Winter,-1.8,0,0,65,49,62
2005-01-20,Thursday,0,0,Winter,4.5,0,0,62,59,63
2005-01-21,Friday,0,0,Winter,1.2,0,0,63,58,58
2005-01-22,Saturday,1,0,Winter,3.4,0,0,58,75,77
2005-01-23,Sunday,1,0,Winter,6.7,1,0,77,82,66
2005-01-24,Monday,0,0,Winter,2.9,0,0,66,59,62
2005-01-25,Tuesday,0,0,Winter,5.6,1,0,62,65,56
2005-01-26,Wednesday,0,0,Winter,4.1,0,0,56,62,63
2005-01-27,Thursday,0,0,Winter,7.1,1,0,63,63,62
2005-01-28,Friday,0,0,Winter,6.6,1,0,62,58,67
2005-01-29,Saturday,1,0,Winter,3.2,1,0,67,77,83
2005-01-30,Sunday,1,0,Winter,4.9,1,0,83,66,80
2005-01-31,Monday,0,0,Winter,8.7,1,0,80,62,72
2005-02-01,Tuesday,0,0,Winter,6.8,0,0,72,56,69
2005-02-02,Wednesday,0,0,Winter,1.6,1,0,69,63,50
2005-02-03,Thursday,0,0,Winter,7.9,0,0,50,62,61
2005-02-04,Friday,0,0,Winter,2.8,1,0,61,67,66
2005-02-05,Saturday,1,0,Winter,10.4,1,0,66,83,82
2005-02-06,Sunday,1,0,Winter,9.3,0,0,82,80,84
2005-02-07,Monday,0,0,Winter,7.3,1,0,84,72,76
2005-02-08,Tuesday,0,0,Winter,7.0,0,0,76,69,64
2005-02-09,Wednesday,0,0,Winter,6.0,1,0,64,50,71
2005-02-10,Thursday,0,0,Winter,8.8,1,0,71,61,71
2005-02-11,Friday,0,0,Winter,5.8,0,0,71,66,67
2005-02-12,Saturday,1,0,Winter,7.8,1,0,67,82,87
2005-02-13,Sunday,1,0,Winter,9.8,0,0,87,84,80
2005-02-14,Monday,0,0,Winter,5.7,1,0,80,76,70
2005-02-15,Tuesday,0,0,Winter,5.6,1,0,70,64,64
2005-02-16,Wednesday,0,0,Winter,4.0,0,0,64,71,63
2005-02-17,Thursday,0,0,Winter,4.6,0,0,63,71,67
2005-02-18,Friday,0,0,Winter,2.4,0,0,67,67,71
2005-02-19,Saturday,1,0,Winter,10.3,1,0,71,87,74
2005-02-20,Sunday,1,0,Winter,13.6,1,0,74,80,81
2005-02-21,Monday,0,0,Winter,12.6,0,0,81,70,75
2005-02-22,Tuesday,0,0,Winter,3.6,0,0,75,64,81
2005-02-23,Wednesday,0,0,Winter,10.8,0,0,81,63,85
2005-02-24,Thursday,0,0,Winter,13.1,0,0,85,67,75
2005-02-25,Friday,0,0,Winter,7.6,0,0,75,71,76
2005-02-26,Saturday,1,0,Winter,9.5,1,0,76,74,75
2005-02-27,Sunday,1,0,Winter,3.3,0,0,75,81,77
2005-02-28,Monday,0,0,Winter,10.3,1,0,77,75,76
2005-03-01,Tuesday,0,0,Spring,6.4,0,0,76,81,76
2005-03-02,Wednesday,0,0,Spring,10.4,0,0,76,85,77
2005-03-03,Thursday,0,0,Spring,5.3,0,0,77,75,82
2005-03-04,Friday,0,0,Spring,11.7,0,0,82,76,73
2005-03-05,Saturday,1,0,Spring,13.4,0,0,73,75,84
2005-03-06,Sunday,1,0,Spring,8.1,1,0,84,77,93
2005-03-07,Monday,0,0,Spring,7.2,1,0,93,76,89
2005-03-08,Tuesday,0,0,Spring,4.3,0,0,89,76,89
2005-03-09,Wednesday,0,0,Spring,10.2,0,0,89,77,75
2005-03-10,Thursday,0,0,Spring,9.4,0,1,75,82,80
2005-03-11,Friday,0,0,Spring,6.6,0,0,80,73,79
2005-03-12,Saturday,1,0,Spring,12.8,1,0,79,84,88
2005-03-13,Sunday,1,0,Spring,10.3,0,0,88,93,88
2005-03-14,Monday,0,0,Spring,8.6,1,0,88,89,69
2005-03-15,Tuesday,0,0,Spring,10.3,0,0,69,89,84
2005-03-16,Wednesday,0,0,Spring,15.4,0,0,84,75,89
2005-03-17,Thursday,0,0,Spring,14.1,1,1,89,80,89
2005-03-18,Friday,0,0,Spring,12.1,0,0,89,79,95
2005-03-19,Saturday,1,0,Spring,14.5,1,0,95,88,104
2005-03-20,Sunday,1,0,Spring,9.3,1,0,104,88,79
2005-03-21,Monday,0,0,Spring,13.1,0,0,79,69,81
2005-03-22,Tuesday,0,0,Spring,13.6,0,0,81,84,82
2005-03-23,Wednesday,0,0,Spring,11.9,0,0,82,89,67
2005-03-24,Thursday,0,0,Spring,14.8,0,1,67,89,96
2005-03-25,Friday,0,0,Spring,11.3,0,0,96,95,98
2005-03-26,Saturday,1,0,Spring,15.4,0,0,98,104,95
2005-03-27,Sunday,1,0,Spring,15.7,0,0,95,79,98
2005-03-28,Monday,0,0,Spring,5.4,1,1,98,81,91
2005-03-29,Tuesday,0,0,Spring,17.9,1,1,91,82,97
2005-03-30,Wednesday,0,0,Spring,5.4,1,0,97,67,66
2005-03-31,Thursday,0,0,Spring,12.9,0,1,66,96,88
2005-04-01,Friday,0,0,Spring,18.0,0,0,88,98,91
2005-04-02,Saturday,1,0,Spring,14.1,0,1,91,95,107
2005-04-03,Sunday,1,0,Spring,10.8,1,0,107,98,89
2005-04-04,Monday,0,0,Spring,12.1,1,0,89,91,76
2005-04-05,Tuesday,0,0,Spring,18.6,1,0,76,97,94
2005-04-06,Wednesday,0,0,Spring,10.0,0,0,94,66,91
2005-04-07,Thursday,0,0,Spring,19.3,1,0,91,88,98
2005-04-08,Friday,0,0,Spring,15.9,1,1,98,91,114
2005-04-09,Saturday,1,0,Spring,12.6,0,1,114,107,108
2005-04-10,Sunday,1,0,Spring,14.6,0,0,108,89,103
2005-04-11,Monday,0,0,Spring,13.5,0,0,103,76,91
2005-04-12,Tuesday,0,0,Spring,19.3,0,0,91,94,90
2005-04-13,Wednesday,0,0,Spring,19.1,0,0,90,91,79
2005-04-14,Thursday,0,0,Spring,11.9,0,0,79,98,95
2005-04-15,Friday,0,0,Spring,16.0,0,0,95,114,109
2005-04-16,Saturday,1,0,Spring,14.7,1,0,109,108,105
2005-04-17,Sunday,1,0,Spring,21.4,1,0,105,103,112
2005-04-18,Monday,0,0,Spring,13.6,1,0,112,91,95
2005-04-19,Tuesday,0,0,Spring,22.6,1,0,95,90,96
2005-04-20,Wednesday,0,0,Spring,17.8,0,0,96,79,85
2005-04-21,Thursday,0,0,Spring,14.6,1,0,85,95,90
2005-04-22,Friday,0,0,Spring,16.2,0,0,90,109,103
2005-04-23,Saturday,1,0,Spring,16.0,1,0,103,105,105
2005-04-24,Sunday,1,0,Spring,14.7,1,0,105,112,86
2005-04-25,Monday,0,0,Spring,18.9,1,0,86,95,87
2005-04-26,Tuesday,0,0,Spring,15.1,0,0,87,96,91
2005-04-27,Wednesday,0,0,Spring,12.4,0,0,91,85,82
2005-04-28,Thursday,0,0,Spring,17.9,0,0,82,90,94
2005-04-29,Friday,0,0,Spring,13.8,0,0,94,103,102
2005-04-30,Saturday,1,0,Spring,17.1,0,1,102,105,120
2005-05-01,Sunday,1,1,Spring,16.8,0,0,120,86,112
2005-05-02,Monday,0,0,Spring,17.0,0,0,112,87,86
2005-05-03,Tuesday,0,0,Spring,25.7,1,0,86,91,77
2005-05-04,Wednesday,0,0,Spring,20.0,0,0,77,82,89
2005-05-05,Thursday,0,0,Spring,20.7,1,1,89,94,92
2005-05-06,Friday,0,0,Spring,14.8,0,1,92,102,101
2005-05-07,Saturday,1,0,Spring,18.3,0,1,101,120,127
2005-05-08,Sunday,1,0,Spring,21.0,0,0,127,112,106
2005-05-09,Monday,0,0,Spring,17.4,1,0,106,86,81
2005-05-10,Tuesday,0,0,Spring,23.3,0,0,81,77,91
2005-05-11,Wednesday,0,0,Spring,17.1,1,0,91,89,89
2005-05-12,Thursday,0,0,Spring,19.9,0,0,89,92,81
2005-05-13,Friday,0,0,Spring,19.1,0,0,81,101,93
2005-05-14,Saturday,1,0,Spring,21.5,0,0,93,127,115
2005-05-15,Sunday,1,0,Spring,19.2,0,0,115,106,106
2005-05-16,Monday,0,0,Spring,20.4,0,0,106,81,85
2005-05-17,Tuesday,0,0,Spring,20.6,1,0,85,91,75
2005-05-18,Wednesday,0,0,Spring,19.2,0,0,75,89,91
2005-05-19,Thursday,0,0,Spring,22.9,0,0,91,81,101
2005-05-20,Friday,0,0,Spring,22.3,0,0,101,93,109
2005-05-21,Saturday,1,0,Spring,21.4,1,0,109,115,123
2005-05-22,Sunday,1,0,Spring,20.5,0,0,123,106,126
2005-05-23,Monday,0,0,Spring,24.2,0,0,126,85,96
2005-05-24,Tuesday,0,0,Spring,21.2,0,0,96,75,97
2005-05-25,Wednesday,0,0,Spring,21.1,1,0,97,91,94
2005-05-26,Thursday,0,0,Spring,22.4,0,1,94,101,121
2005-05-27,Friday,0,0,Spring,27.2,1,1,121,109,148
2005-05-28,Saturday,1,0,Spring,18.2,1,0,148,123,131
2005-05-29,Sunday,1,0,Spring,24.6,0,0,131,126,126
2005-05-30,Monday,0,0,Spring,16.7,0,0,126,96,104
2005-05-31,Tuesday,0,0,Spring,23.0,0,1,104,97,109
2005-06-01,Wednesday,0,0,Summer,27.2,0,0,109,94,109
2005-06-02,Thursday,0,0,Summer,24.0,0,0,109,121,134
2005-06-03,Friday,0,0,Summer,23.1,0,0,134,148,138
2005-06-04,Saturday,1,0,Summer,20.9,0,0,138,131,134
2005-06-05,Sunday,1,0,Summer,22.7,0,0,134,126,131
2005-06-06,Monday,0,0,Summer,21.9,0,0,131,104,110
2005-06-07,Tuesday,0,0,Summer,20.4,0,0,110,109,96
2005-06-08,Wednesday,0,0,Summer,21.9,0,0,96,109,102
2005-06-09,Thursday,0,0,Summer,23.4,0,1,102,134,140
2005-06-10,Friday,0,0,Summer,20.5,0,0,140,138,142
2005-06-11,Saturday,1,0,Summer,20.5,1,0,142,134,133
2005-06-12,Sunday,1,0,Summer,18.8,0,0,133,131,133
2005-06-13,Monday,0,0,Summer,24.1,0,0,133,110,137
2005-06-14,Tuesday,0,0,Summer,24.6,1,0,137,96,116
2005-06-15,Wednesday,0,0,Summer,23.7,0,0,116,102,105
2005-06-16,Thursday,0,0,Summer,25.9,0,0,105,140,121
2005-06-17,Friday,0,0,Summer,23.2,0,1,121,142,141
2005-06-18,Saturday,1,0,Summer,24.2,0,0,141,133,143
2005-06-19,Sunday,1,0,Summer,23.9,0,0,143,133,148
2005-06-20,Monday,0,0,Summer,22.7,0,0,148,137,134
2005-06-21,Tuesday,0,0,Summer,21.4,0,0,134,116,105
2005-06-22,Wednesday,0,0,Summer,29.6,0,0,105,105,113
2005-06-23,Thursday,0,0,Summer,21.6,0,0,113,121,119
2005-06-24,Friday,0,0,Summer,21.0,0,0,119,141,130
2005-06-25,Saturday,1,0,Summer,24.3,1,0,130,143,129
2005-06-26,Sunday,1,0,Summer,23.7,0,0,129,148,149
2005-06-27,Monday,0,0,Summer,18.7,0,0,149,134,123
2005-06-28,Tuesday,0,0,Summer,26.3,0,0,123,105,108
2005-06-29,Wednesday,0,0,Summer,22.6,0,0,108,113,109
2005-06-30,Thursday,0,0,Summer,19.5,0,0,109,119,122
2005-07-01,Friday,0,0,Summer,26.4,0,0,122,130,137
2005-07-02,Saturday,1,0,Summer,24.7,0,0,137,129,142
2005-07-03,Sunday,1,0,Summer,19.0,0,0,142,149,146
2005-07-04,Monday,0,0,Summer,28.1,0,0,146,123,121
2005-07-05,Tuesday,0,0,Summer,24.7,0,0,121,108,103
2005-07-06,Wednesday,0,0,Summer,22.6,0,0,103,109,104
2005-07-07,Thursday,0,0,Summer,27.4,0,0,104,122,121
2005-07-08,Friday,0,0,Summer,23.0,1,0,121,137,131
2005-07-09,Saturday,1,0,Summer,22.4,0,0,131,142,131
2005-07-10,Sunday,1,0,Summer,20.5,0,0,131,146,127
2005-07-11,Monday,0,0,Summer,24.1,0,0,127,121,128
2005-07-12,Tuesday,0,0,Summer,23.7,1,0,128,103,114
2005-07-13,Wednesday,0,0,Summer,22.3,0,0,114,104,96
2005-07-14,Thursday,0,0,Summer,19.8,1,0,96,121,97
2005-07-15,Friday,0,0,Summer,22.5,0,1,97,131,126
2005-07-16,Saturday,1,0,Summer,21.8,0,0,126,131,123
2005-07-17,Sunday,1,0,Summer,18.0,0,0,123,127,117
2005-07-18,Monday,0,0,Summer,17.5,0,0,117,128,108
2005-07-19,Tuesday,0,0,Summer,23.5,0,0,108,114,116
2005-07-20,Wednesday,0,0,Summer,13.9,0,0,116,96,105
2005-07-21,Thursday,0,0,Summer,22.3,0,1,105,97,126
2005-07-22,Friday,0,0,Summer,20.1,1,0,126,126,120
2005-07-23,Saturday,1,0,Summer,25.4,0,1,120,123,134
2005-07-24,Sunday,1,0,Summer,19.9,0,0,134,117,130
2005-07-25,Monday,0,0,Summer,23.3,0,0,130,108,113
2005-07-26,Tuesday,0,0,Summer,20.0,0,0,113,116,100
2005-07-27,Wednesday,0,0,Summer,21.4,0,0,100,105,101
2005-07-28,Thursday,0,0,Summer,23.2,0,1,101,126,115
2005-07-29,Friday,0,0,Summer,19.5,0,0,115,120,118
2005-07-30,Saturday,1,0,Summer,23.7,0,0,118,134,126
2005-07-31,Sunday,1,0,Summer,17.7,0,0,126,130,130
2005-08-01,Monday,0,0,Summer,21.4,0,0,130,113,115
2005-08-02,Tuesday,0,0,Summer,23.2,0,1,115,100,105
2005-08-03,Wednesday,0,0,Summer,22.3,0,0,105,101,101
2005-08-04,Thursday,0,0,Summer,25.9,0,0,101,115,103
2005-08-05,Friday,0,0,Summer,17.8,0,0,103,118,126
2005-08-06,Saturday,1,0,Summer,15.8,0,0,126,126,128
2005-08-07,Sunday,1,0,Summer,16.8,0,0,128,130,132
2005-08-08,Monday,0,0,Summer,21.7,0,0,132,115,118
2005-08-09,Tuesday,0,0,Summer,21.1,1,0,118,105,120
2005-08-10,Wednesday,0,0,Summer,19.7,0,0,120,101,102
2005-08-11,Thursday,0,0,Summer,15.9,1,0,102,103,95
2005-08-12,Friday,0,0,Summer,21.5,0,0,95,126,120
2005-08-13,Saturday,1,0,Summer,15.4,0,0,120,128,122
2005-08-14,Sunday,1,0,Summer,22.4,0,0,122,132,122
2005-08-15,Monday,0,0,Summer,27.3,0,0,122,118,114
2005-08-16,Tuesday,0,0,Summer,19.7,0,0,114,120,126
2005-08-17,Wednesday,0,0,Summer,20.2,0,1,126,102,136
2005-08-18,Thursday,0,0,Summer,16.8,1,0,136,95,117
2005-08-19,Friday,0,0,Summer,12.7,0,1,117,120,126
2005-08-20,Saturday,1,0,Summer,16.2,0,0,126,122,132
2005-08-21,Sunday,1,0,Summer,14.6,0,0,132,122,128
2005-08-22,Monday,0,0,Summer,13.4,0,1,128,114,122
2005-08-23,Tuesday,0,0,Summer,22.7,0,0,122,126,116
2005-08-24,Wednesday,0,0,Summer,18.2,0,0,116,136,114
2005-08-25,Thursday,0,0,Summer,18.4,0,0,114,117,118
2005-08-26,Friday,0,0,Summer,16.2,0,0,118,126,121
2005-08-27,Saturday,1,0,Summer,16.4,1,0,121,132,134
2005-08-28,Sunday,1,0,Summer,19.7,0,0,134,128,128
2005-08-29,Monday,0,0,Summer,16.5,1,0,128,122,107
2005-08-30,Tuesday,0,0,Summer,18.1,0,0,107,116,97
2005-08-31,Wednesday,0,0,Summer,15.7,0,0,97,114,97
2005-09-01,Thursday,0,0,Autumn,15.1,0,0,97,118,92
2005-09-02,Friday,0,0,Autumn,11.8,0,0,92,121,110
2005-09-03,Saturday,1,0,Autumn,9.9,0,0,110,134,114
2005-09-04,Sunday,1,0,Autumn,14.9,0,0,114,128,111
2005-09-05,Monday,0,0,Autumn,15.7,0,1,111,107,112
2005-09-06,Tuesday,0,0,Autumn,11.5,0,0,112,97,112
2005-09-07,Wednesday,0,0,Autumn,15.1,1,0,112,97,95
2005-09-08,Thursday,0,0,Autumn,15.1,0,0,95,92,86
2005-09-09,Friday,0,0,Autumn,8.3,0,0,86,110,92
2005-09-10,Saturday,1,0,Autumn,11.9,0,0,92,114,91
2005-09-11,Sunday,1,0,Autumn,15.7,0,0,91,111,105
2005-09-12,Monday,0,0,Autumn,15.5,0,0,105,112,104
2005-09-13,Tuesday,0,0,Autumn,10.7,1,0,104,112,92
2005-09-14,Wednesday,0,0,Autumn,14.4,1,0,92,95,80
2005-09-15,Thursday,0,0,Autumn,16.9,0,0,80,86,103
2005-09-16,Friday,0,0,Autumn,16.0,1,0,103,92,89
2005-09-17,Saturday,1,0,Autumn,13.2,0,0,89,91,92
2005-09-18,Sunday,1,0,Autumn,11.9,1,0,92,105,95
2005-09-19,Monday,0,0,Autumn,11.2,0,0,95,104,98
2005-09-20,Tuesday,0,0,Autumn,14.3,1,0,98,92,88
2005-09-21,Wednesday,0,0,Autumn,13.3,1,0,88,80,82
2005-09-22,Thursday,0,0,Autumn,14.5,1,0,82,103,92
2005-09-23,Friday,0,0,Autumn,12.8,0,0,92,89,116
2005-09-24,Saturday,1,0,Autumn,14.7,0,1,116,92,113
2005-09-25,Sunday,1,0,Autumn,12.4,1,0,113,95,98
2005-09-26,Monday,0,0,Autumn,14.3,0,0,98,98,92
2005-09-27,Tuesday,0,0,Autumn,14.3,0,0,92,88,93
2005-09-28,Wednesday,0,0,Autumn,9.2,0,0,93,82,103
2005-09-29,Thursday,0,0,Autumn,6.0,0,0,103,92,93
2005-09-30,Friday,0,0,Autumn,15.9,0,0,93,116,107
2005-10-01,Saturday,1,0,Autumn,11.8,0,0,107,113,95
2005-10-02,Sunday,1,0,Autumn,5.7,1,0,95,98,92
2005-10-03,Monday,0,0,Autumn,8.6,0,0,92,92,86
2005-10-04,Tuesday,0,0,Autumn,12.9,0,0,86,93,93
2005-10-05,Wednesday,0,0,Autumn,9.5,0,0,93,103,88
2005-10-06,Thursday,0,0,Autumn,8.7,1,0,88,93,77
2005-10-07,Friday,0,0,Autumn,14.3,0,1,77,107,102
2005-10-08,Saturday,1,0,Autumn,6.7,1,0,102,95,87
2005-10-09,Sunday,1,0,Autumn,7.3,1,0,87,92,82
2005-10-10,Monday,0,0,Autumn,10.2,1,0,82,86,77
2005-10-11,Tuesday,0,0,Autumn,10.6,0,0,77,93,64
2005-10-12,Wednesday,0,0,Autumn,10.7,1,0,64,88,70
2005-10-13,Thursday,0,0,Autumn,11.8,0,0,70,77,88
2005-10-14,Friday,0,0,Autumn,9.5,0,1,88,102,90
2005-10-15,Saturday,1,0,Autumn,10.2,0,1,90,87,98
2005-10-16,Sunday,1,0,Autumn,7.8,1,0,98,82,94
2005-10-17,Monday,0,0,Autumn,8.7,0,0,94,77,88
2005-10-18,Tuesday,0,0,Autumn,8.6,0,0,88,64,78
2005-10-19,Wednesday,0,0,Autumn,8.8,1,0,78,70,71
2005-10-20,Thursday,0,0,Autumn,10.3,0,1,71,88,99
2005-10-21,Friday,0,0,Autumn,9.5,0,0,99,90,97
2005-10-22,Saturday,1,0,Autumn,7.8,1,0,97,98,89
2005-10-23,Sunday,1,0,Autumn,5.1,1,0,89,94,89
2005-10-24,Monday,0,0,Autumn,7.6,1,0,89,88,79
2005-10-25,Tuesday,0,0,Autumn,7.2,0,0,79,78,73
2005-10-26,Wednesday,0,0,Autumn,7.7,0,0,73,71,61
2005-10-27,Thursday,0,0,Autumn,13.6,0,0,61,99,80
2005-10-28,Friday,0,0,Autumn,5.3,0,0,80,97,91
2005-10-29,Saturday,1,0,Autumn,8.0,0,0,91,89,100
2005-10-30,Sunday,1,0,Autumn,9.8,0,0,100,89,97
2005-10-31,Monday,0,0,Autumn,6.8,0,0,97,79,84
2005-11-01,Tuesday,0,0,Autumn,13.4,0,0,84,73,76
2005-11-02,Wednesday,0,0,Autumn,5.1,0,0,76,61,77
2005-11-03,Thursday,0,0,Autumn,7.1,0,0,77,80,71
2005-11-04,Friday,0,0,Autumn,3.6,0,0,71,91,77
2005-11-05,Saturday,1,0,Autumn,4.8,0,0,77,100,85
2005-11-06,Sunday,1,0,Autumn,6.5,0,0,85,97,90
2005-11-07,Monday,0,0,Autumn,8.1,0,0,90,84,92
2005-11-08,Tuesday,0,0,Autumn,6.4,0,0,92,76,73
2005-11-09,Wednesday,0,0,Autumn,9.2,1,0,73,77,74
2005-11-10,Thursday,0,0,Autumn,5.0,0,0,74,71,77
2005-11-11,Friday,0,0,Autumn,4.2,0,1,77,77,81
2005-11-12,Saturday,1,0,Autumn,13.2,0,0,81,85,90
2005-11-13,Sunday,1,0,Autumn,6.1,0,0,90,90,84
2005-11-14,Monday,0,0,Autumn,2.7,0,0,84,92,80
2005-11-15,Tuesday,0,0,Autumn,2.7,0,0,80,73,73
2005-11-16,Wednesday,0,0,Autumn,1.8,0,0,73,74,82
2005-11-17,Thursday,0,0,Autumn,7.4,1,1,82,77,80
2005-11-18,Friday,0,0,Autumn,3.4,1,1,80,81,85
2005-11-19,Saturday,1,0,Autumn,4.8,0,0,85,90,89
2005-11-20,Sunday,1,0,Autumn,4.1,0,0,89,84,97
2005-11-21,Monday,0,0,Autumn,6.4,1,0,97,80,77
2005-11-22,Tuesday,0,0,Autumn,1.6,0,0,77,73,65
2005-11-23,Wednesday,0,0,Autumn,0.8,1,0,65,82,61
2005-11-24,Thursday,0,0,Autumn,4.7,1,1,61,80,70
2005-11-25,Friday,0,0,Autumn,5.7,0,0,70,85,76
2005-11-26,Saturday,1,0,Autumn,4.8,0,0,76,89,81
2005-11-27,Sunday,1,0,Autumn,1.3,0,0,81,97,87
2005-11-28,Monday,0,0,Autumn,5.7,1,0,87,77,66
2005-11-29,Tuesday,0,0,Autumn,1.4,0,0,66,65,68
2005-11-30,Wednesday,0,0,Autumn,2.0,1,0,68,61,63
2005-12-01,Thursday,0,0,Winter,0.7,1,1,63,70,81
2005-12-02,Friday,0,0,Winter,7.4,1,0,81,76,81
2005-12-03,Saturday,1,0,Winter,5.3,1,0,81,81,85
2005-12-04,Sunday,1,0,Winter,5.2,0,0,85,87,100
2005-12-05,Monday,0,0,Winter,7.1,0,0,100,66,83
2005-12-06,Tuesday,0,0,Winter,11.7,0,0,83,68,74
2005-12-07,Wednesday,0,0,Winter,-1.9,1,0,74,63,56
2005-12-08,Thursday,0,0,Winter,1.0,1,0,56,81,73
2005-12-09,Friday,0,0,Winter,1.3,1,0,73,81,66
2005-12-10,Saturday,1,0,Winter,0.6,1,0,66,85,67
2005-12-11,Sunday,1,0,Winter,-0.1,0,0,67,100,71
2005-12-12,Monday,0,0,Winter,2.2,0,0,71,83,64
2005-12-13,Tuesday,0,0,Winter,-0.6,1,0,64,74,61
2005-12-14,Wednesday,0,0,Winter,4.1,0,0,61,56,58
2005-12-15,Thursday,0,0,Winter,3.2,1,0,58,73,66
2005-12-16,Friday,0,0,Winter,4.5,0,1,66,66,70
2005-12-17,Saturday,1,0,Winter,4.5,1,1,70,67,74
2005-12-18,Sunday,1,0,Winter,4.8,0,0,74,71,77
2005-12-19,Monday,0,0,Winter,1.9,0,0,77,64,60
2005-12-20,Tuesday,0,0,Winter,9.4,0,0,60,61,53
2005-12-21,Wednesday,0,0,Winter,3.7,1,0,53,58,43
2005-12-22,Thursday,0,0,Winter,-2.6,0,0,43,66,54
2005-12-23,Friday,0,0,Winter,0.0,0,0,54,70,64
2005-12-24,Saturday,1,1,Winter,-2.2,0,0,64,74,78
2005-12-25,Sunday,1,1,Winter,3.1,0,0,78,77,93
2005-12-26,Monday,0,1,Winter,2.7,1,0,93,60,78
2005-12-27,Tuesday,0,0,Winter,1.7,1,0,78,53,62
2005-12-28,Wednesday,0,0,Winter,9.1,1,0,62,43,65
2005-12-29,Thursday,0,0,Winter,4.8,0,0,65,54,71
2005-12-30,Friday,0,0,Winter,5.3,0,0,71,64,67
2005-12-31,Saturday,1,1,Winter,0.4,0,0,67,78,88
2006-01-01,Sunday,1,1,Winter,0.2,0,0,88,93,105
2006-01-02,Monday,0,0,Winter,3.4,1,0,105,78,93
2006-01-03,Tuesday,0,0,Winter,3.8,0,1,93,62,90
2006-01-04,Wednesday,0,0,Winter,-2.2,1,0,90,65,73
2006-01-05,Thursday,0,0,Winter,2.9,0,0,73,71,74
2006-01-06,Friday,0,0,Winter,3.5,1,0,74,67,81
2006-01-07,Saturday,1,0,Winter,2.8,1,0,81,88,74
2006-01-08,Sunday,1,0,Winter,1.1,1,0,74,105,90
2006-01-09,Monday,0,0,Winter,2.0,1,0,90,93,78
2006-01-10,Tuesday,0,0,Winter,3.1,0,0,78,90,69
2006-01-11,Wednesday,0,0,Winter,4.0,1,0,69,73,57
2006-01-12,Thursday,0,0,Winter,5.6,0,0,57,74,54
2006-01-13,Friday,0,0,Winter,7.1,0,0,54,81,74
2006-01-14,Saturday,1,0,Winter,3.1,0,0,74,74,93
2006-01-15,Sunday,1,0,Winter,2.6,0,0,93,90,85
2006-01-16,Monday,0,0,Winter,5.4,1,0,85,78,66
2006-01-17,Tuesday,0,0,Winter,6.0,0,0,66,69,74
2006-01-18,Wednesday,0,0,Winter,2.9,0,0,74,57,67
2006-01-19,Thursday,0,0,Winter,6.7,0,0,67,54,74
2006-01-20,Friday,0,0,Winter,7.4,1,0,74,74,67
2006-01-21,Saturday,1,0,Winter,8.4,1,1,67,93,93
2006-01-22,Sunday,1,0,Winter,9.9,1,0,93,85,100
2006-01-23,Monday,0,0,Winter,2.1,1,0,100,66,67
2006-01-24,Tuesday,0,0,Winter,4.8,0,0,67,74,65
2006-01-25,Wednesday,0,0,Winter,4.9,0,0,65,67,63
2006-01-26,Thursday,0,0,Winter,4.7,0,0,63,74,74
2006-01-27,Friday,0,0,Winter,3.1,1,0,74,67,79
2006-01-28,Saturday,1,0,Winter,0.7,1,0,79,93,78
2006-01-29,Sunday,1,0,Winter,5.6,0,0,78,100,104
2006-01-30,Monday,0,0,Winter,3.1,0,0,104,67,81
2006-01-31,Tuesday,0,0,Winter,5.8,1,0,81,65,64
2006-02-01,Wednesday,0,0,Winter,3.3,0,0,64,63,73
2006-02-02,Thursday,0,0,Winter,2.5,1,0,73,74,70
2006-02-03,Friday,0,0,Winter,6.6,0,0,70,79,74
2006-02-04,Saturday,1,0,Winter,6.5,0,0,74,78,78
2006-02-05,Sunday,1,0,Winter,7.9,0,0,78,104,103
2006-02-06,Monday,0,0,Winter,12.8,0,0,103,81,81
2006-02-07,Tuesday,0,0,Winter,7.2,1,0,81,64,76
2006-02-08,Wednesday,0,0,Winter,8.0,0,0,76,73,68
2006-02-09,Thursday,0,0,Winter,3.4,0,0,68,70,65
2006-02-10,Friday,0,0,Winter,2.9,1,0,65,74,68
2006-02-11,Saturday,1,0,Winter,11.7,0,0,68,78,85
2006-02-12,Sunday,1,0,Winter,4.3,0,1,85,103,86
2006-02-13,Monday,0,0,Winter,4.1,1,0,86,81,69
2006-02-14,Tuesday,0,0,Winter,7.2,0,0,69,76,77
2006-02-15,Wednesday,0,0,Winter,7.2,1,0,77,68,76
2006-02-16,Thursday,0,0,Winter,4.9,0,0,76,65,70
2006-02-17,Friday,0,0,Winter,6.9,1,0,70,68,62
2006-02-18,Saturday,1,0,Winter,11.6,0,0,62,85,82
2006-02-19,Sunday,1,0,Winter,5.6,0,0,82,86,90
2006-02-20,Monday,0,0,Winter,4.0,1,0,90,69,73
2006-02-21,Tuesday,0,0,Winter,11.2,0,0,73,77,83
2006-02-22,Wednesday,0,0,Winter,10.0,0,0,83,76,76
2006-02-23,Thursday,0,0,Winter,6.8,0,0,76,70,65
2006-02-24,Friday,0,0,Winter,4.1,0,0,65,62,64
2006-02-25,Saturday,1,0,Winter,6.8,0,0,64,82,79
2006-02-26,Sunday,1,0,Winter,9.0,0,0,79,90,81
2006-02-27,Monday,0,0,Winter,12.8,0,0,81,73,72
2006-02-28,Tuesday,0,0,Winter,6.4,1,0,72,83,76
2006-03-01,Wednesday,0,0,Spring,9.4,1,1,76,76,76
2006-03-02,Thursday,0,0,Spring,11.8,1,1,76,65,73
2006-03-03,Friday,0,0,Spring,2.8,0,0,73,64,81
2006-03-04,Saturday,1,0,Spring,13.2,0,0,81,79,96
2006-03-05,Sunday,1,0,Spring,6.7,0,0,96,81,85
2006-03-06,Monday,0,0,Spring,11.4,0,0,85,72,84
2006-03-07,Tuesday,0,0,Spring,11.4,0,0,84,76,73
2006-03-08,Wednesday,0,0,Spring,14.0,1,0,73,76,70
2006-03-09,Thursday,0,0,Spring,12.6,1,0,70,73,67
2006-03-10,Friday,0,0,Spring,4.0,0,0,67,81,74
2006-03-11,Saturday,1,0,Spring,8.9,0,1,74,96,102
2006-03-12,Sunday,1,0,Spring,11.9,0,0,102,85,100
2006-03-13,Monday,0,0,Spring,11.0,0,0,100,84,84
2006-03-14,Tuesday,0,0,Spring,13.2,0,0,84,73,82
2006-03-15,Wednesday,0,0,Spring,14.3,1,0,82,70,80
2006-03-16,Thursday,0,0,Spring,14.0,0,1,80,67,95
2006-03-17,Friday,0,0,Spring,11.7,0,0,95,74,94
2006-03-18,Saturday,1,0,Spring,6.9,1,1,94,102,110
2006-03-19,Sunday,1,0,Spring,11.3,1,0,110,100,103
2006-03-20,Monday,0,0,Spring,14.1,1,0,103,84,83
2006-03-21,Tuesday,0,0,Spring,9.7,0,0,83,82,83
2006-03-22,Wednesday,0,0,Spring,15.1,0,1,83,80,100
2006-03-23,Thursday,0,0,Spring,16.1,0,0,100,95,108
2006-03-24,Friday,0,0,Spring,13.9,1,0,108,94,83
2006-03-25,Saturday,1,0,Spring,4.5,1,1,83,110,106
2006-03-26,Sunday,1,0,Spring,10.0,0,0,106,103,101
2006-03-27,Monday,0,0,Spring,19.7,0,0,101,83,96
2006-03-28,Tuesday,0,0,Spring,12.6,0,0,96,83,79
2006-03-29,Wednesday,0,0,Spring,8.4,0,0,79,100,82
2006-03-30,Thursday,0,0,Spring,18.2,0,0,82,108,84
2006-03-31,Friday,0,0,Spring,14.8,0,1,84,83,95
2006-04-01,Saturday,1,0,Spring,18.2,0,0,95,106,111
2006-04-02,Sunday,1,0,Spring,15.9,0,0,111,101,112
2006-04-03,Monday,0,0,Spring,16.6,0,0,112,96,115
2006-04-04,Tuesday,0,0,Spring,16.5,0,0,115,79,94
2006-04-05,Wednesday,0,0,Spring,17.6,0,0,94,82,85
2006-04-06,Thursday,0,0,Spring,22.6,0,0,85,84,101
2006-04-07,Friday,0,0,Spring,18.8,0,1,101,95,99
2006-04-08,Saturday,1,0,Spring,11.3,0,1,99,111,116
2006-04-09,Sunday,1,0,Spring,17.6,1,0,116,112,115
2006-04-10,Monday,0,0,Spring,19.8,0,0,115,115,92
2006-04-11,Tuesday,0,0,Spring,20.1,0,0,92,94,86
2006-04-12,Wednesday,0,0,Spring,15.4,0,0,86,85,78
2006-04-13,Thursday,0,0,Spring,20.3,0,0,78,101,98
2006-04-14,Friday,0,0,Spring,19.8,0,0,98,99,99
2006-04-15,Saturday,1,0,Spring,24.9,1,0,99,116,109
2006-04-16,Sunday,1,0,Spring,15.1,0,0,109,115,100
2006-04-17,Monday,0,0,Spring,16.0,0,0,100,92,88
2006-04-18,Tuesday,0,0,Spring,16.7,1,0,88,86,79
2006-04-19,Wednesday,0,0,Spring,16.3,0,0,79,78,81
2006-04-20,Thursday,0,0,Spring,15.3,0,0,81,98,89
2006-04-21,Friday,0,0,Spring,9.8,0,0,89,99,105
2006-04-22,Saturday,1,0,Spring,16.9,0,0,105,109,117
2006-04-23,Sunday,1,0,Spring,19.5,1,0,117,100,97
2006-04-24,Monday,0,0,Spring,17.0,1,0,97,88,95
2006-04-25,Tuesday,0,0,Spring,24.5,0,0,95,79,99
2006-04-26,Wednesday,0,0,Spring,18.8,0,0,99,81,94
2006-04-27,Thursday,0,0,Spring,22.8,0,0,94,89,104
2006-04-28,Friday,0,0,Spring,19.9,1,0,104,105,113
2006-04-29,Saturday,1,0,Spring,21.7,0,0,113,117,116
2006-04-30,Sunday,1,0,Spring,20.2,1,0,116,97,100
2006-05-01,Monday,0,1,Spring,23.6,0,0,100,95,108
2006-05-02,Tuesday,0,0,Spring,19.8,0,0,108,99,96
2006-05-03,Wednesday,0,0,Spring,21.2,1,0,96,94,95
2006-05-04,Thursday,0,0,Spring,21.0,1,1,95,104,98
2006-05-05,Friday,0,0,Spring,19.1,0,0,98,113,114
2006-05-06,Saturday,1,0,Spring,21.3,0,1,114,116,122
2006-05-07,Sunday,1,0,Spring,26.9,1,0,122,100,113
2006-05-08,Monday,0,0,Spring,19.5,0,0,113,108,104
2006-05-09,Tuesday,0,0,Spring,21.7,0,0,104,96,90
2006-05-10,Wednesday,0,0,Spring,24.4,0,0,90,95,103
2006-05-11,Thursday,0,0,Spring,24.1,1,0,103,98,110
2006-05-12,Friday,0,0,Spring,20.8,0,0,110,114,112
2006-05-13,Saturday,1,0,Spring,13.8,0,0,112,122,112
2006-05-14,Sunday,1,0,Spring,22.6,0,0,112,113,114
2006-05-15,Monday,0,0,Spring,14.5,1,0,114,104,96
2006-05-16,Tuesday,0,0,Spring,25.6,0,0,96,90,96
2006-05-17,Wednesday,0,0,Spring,21.8,0,0,96,103,97
2006-05-18,Thursday,0,0,Spring,24.4,0,0,97,110,99
2006-05-19,Friday,0,0,Spring,18.8,0,0,99,112,115
2006-05-20,Saturday,1,0,Spring,16.9,1,0,115,112,112
2006-05-21,Sunday,1,0,Spring,22.5,0,0,112,114,129
2006-05-22,Monday,0,0,Spring,21.7,1,0,129,96,108
2006-05-23,Tuesday,0,0,Spring,20.4,0,0,108,96,98
2006-05-24,Wednesday,0,0,Spring,22.2,0,0,98,97,97
2006-05-25,Thursday,0,0,Spring,30.3,0,0,97,99,102
2006-05-26,Friday,0,0,Spring,24.6,0,0,102,115,111
2006-05-27,Saturday,1,0,Spring,25.3,1,0,111,112,117
2006-05-28,Sunday,1,0,Spring,24.7,1,0,117,129,112
2006-05-29,Monday,0,0,Spring,26.7,0,1,112,108,109
2006-05-30,Tuesday,0,0,Spring,21.8,0,0,109,98,108
2006-05-31,Wednesday,0,0,Spring,16.2,1,0,108,97,101
2006-06-01,Thursday,0,0,Summer,21.9,0,0,101,102,95
2006-06-02,Friday,0,0,Summer,24.9,1,0,95,111,110
2006-06-03,Saturday,1,0,Summer,19.7,0,0,110,117,126
2006-06-04,Sunday,1,0,Summer,22.1,0,0,126,112,125
2006-06-05,Monday,0,0,Summer,20.6,0,0,125,109,102
2006-06-06,Tuesday,0,0,Summer,27.2,0,1,102,108,105
2006-06-07,Wednesday,0,0,Summer,25.0,1,0,105,101,103
2006-06-08,Thursday,0,0,Summer,24.7,0,0,103,95,119
2006-06-09,Friday,0,0,Summer,24.7,0,0,119,110,116
2006-06-10,Saturday,1,0,Summer,22.7,0,0,116,126,130
2006-06-11,Sunday,1,0,Summer,23.5,0,0,130,125,125
2006-06-12,Monday,0,0,Summer,19.3,0,0,125,102,123
2006-06-13,Tuesday,0,0,Summer,16.4,0,0,123,105,111
2006-06-14,Wednesday,0,0,Summer,23.4,1,0,111,103,97
2006-06-15,Thursday,0,0,Summer,23.9,0,0,97,119,104
2006-06-16,Friday,0,0,Summer,26.6,0,0,104,116,110
2006-06-17,Saturday,1,0,Summer,27.7,0,0,110,130,128
2006-06-18,Sunday,1,0,Summer,27.7,0,0,128,125,125
2006-06-19,Monday,0,0,Summer,20.0,0,0,125,123,114
2006-06-20,Tuesday,0,0,Summer,21.9,0,1,114,111,132
2006-06-21,Wednesday,0,0,Summer,24.4,0,0,132,97,113
2006-06-22,Thursday,0,0,Summer,30.6,0,0,113,104,117
2006-06-23,Friday,0,0,Summer,27.4,0,0,117,110,118
2006-06-24,Saturday,1,0,Summer,26.3,0,0,118,128,129
2006-06-25,Sunday,1,0,Summer,21.8,0,0,129,125,133
2006-06-26,Monday,0,0,Summer,20.3,1,0,133,114,100
2006-06-27,Tuesday,0,0,Summer,25.3,1,0,100,132,110
2006-06-28,Wednesday,0,0,Summer,19.6,1,0,110,113,104
2006-06-29,Thursday,0,0,Summer,22.2,0,0,104,117,113
2006-06-30,Friday,0,0,Summer,22.5,0,0,113,118,117
2006-07-01,Saturday,1,0,Summer,27.6,0,1,117,129,136
2006-07-02,Sunday,1,0,Summer,21.7,0,1,136,133,143
2006-07-03,Monday,0,0,Summer,15.4,0,0,143,100,113
2006-07-04,Tuesday,0,0,Summer,24.2,0,0,113,110,125
2006-07-05,Wednesday,0,0,Summer,20.6,0,0,125,104,108
2006-07-06,Thursday,0,0,Summer,22.8,1,0,108,113,119
2006-07-07,Friday,0,0,Summer,22.3,0,0,119,117,112
2006-07-08,Saturday,1,0,Summer,21.7,1,0,112,136,122
2006-07-09,Sunday,1,0,Summer,24.9,1,0,122,143,130
2006-07-10,Monday,0,0,Summer,17.8,0,0,130,113,109
2006-07-11,Tuesday,0,0,Summer,20.8,1,1,109,125,110
2006-07-12,Wednesday,0,0,Summer,24.4,0,0,110,108,109
2006-07-13,Thursday,0,0,Summer,20.4,0,0,109,119,120
2006-07-14,Friday,0,0,Summer,17.4,1,0,120,112,115
2006-07-15,Saturday,1,0,Summer,24.1,0,0,115,122,138
2006-07-16,Sunday,1,0,Summer,25.4,0,0,138,130,139
2006-07-17,Monday,0,0,Summer,21.8,1,0,139,109,114
2006-07-18,Tuesday,0,0,Summer,16.0,0,0,114,110,89
2006-07-19,Wednesday,0,0,Summer,23.9,0,0,89,109,90
2006-07-20,Thursday,0,0,Summer,16.7,0,1,90,120,109
2006-07-21,Friday,0,0,Summer,22.6,0,0,109,115,105
2006-07-22,Saturday,1,0,Summer,18.9,0,1,105,138,129
2006-07-23,Sunday,1,0,Summer,18.0,0,0,129,139,132
2006-07-24,Monday,0,0,Summer,20.0,1,1,132,114,120
2006-07-25,Tuesday,0,0,Summer,20.7,0,0,120,89,105
2006-07-26,Wednesday,0,0,Summer,19.2,0,0,105,90,115
2006-07-27,Thursday,0,0,Summer,22.8,0,1,115,109,123
2006-07-28,Friday,0,0,Summer,19.6,0,0,123,105,117
2006-07-29,Saturday,1,0,Summer,23.8,0,1,117,129,129
2006-07-30,Sunday,1,0,Summer,21.6,0,0,129,132,130
2006-07-31,Monday,0,0,Summer,18.6,0,0,130,120,115
2006-08-01,Tuesday,0,0,Summer,17.9,0,0,115,105,121
2006-08-02,Wednesday,0,0,Summer,15.5,0,0,121,115,118
2006-08-03,Thursday,0,0,Summer,21.2,0,0,118,123,129
2006-08-04,Friday,0,0,Summer,19.1,0,0,129,117,126
2006-08-05,Saturday,1,0,Summer,13.0,0,0,126,129,136
2006-08-06,Sunday,1,0,Summer,18.3,0,0,136,130,124
2006-08-07,Monday,0,0,Summer,17.1,0,0,124,115,115
2006-08-08,Tuesday,0,0,Summer,24.4,1,0,115,121,106
2006-08-09,Wednesday,0,0,Summer,14.5,0,0,106,118,104
2006-08-10,Thursday,0,0,Summer,15.1,0,0,104,129,112
2006-08-11,Friday,0,0,Summer,22.6,0,0,112,126,114
2006-08-12,Saturday,1,0,Summer,23.2,0,1,114,136,126
2006-08-13,Sunday,1,0,Summer,16.8,0,0,126,124,131
2006-08-14,Monday,0,0,Summer,17.0,0,0,131,115,105
2006-08-15,Tuesday,0,0,Summer,20.6,0,1,105,106,124
2006-08-16,Wednesday,0,0,Summer,11.6,0,1,124,104,112
2006-08-17,Thursday,0,0,Summer,12.9,0,0,112,112,114
2006-08-18,Friday,0,0,Summer,17.5,1,0,114,114,117
2006-08-19,Saturday,1,0,Summer,22.8,0,0,117,126,119
2006-08-20,Sunday,1,0,Summer,16.7,0,0,119,131,126
2006-08-21,Monday,0,0,Summer,18.2,1,0,126,105,110
2006-08-22,Tuesday,0,0,Summer,21.1,0,0,110,124,117
2006-08-23,Wednesday,0,0,Summer,23.9,0,0,117,112,123
2006-08-24,Thursday,0,0,Summer,15.7,0,0,123,114,122
2006-08-25,Friday,0,0,Summer,17.2,1,0,122,117,111
2006-08-26,Saturday,1,0,Summer,22.6,0,0,111,119,121
2006-08-27,Sunday,1,0,Summer,12.4,1,1,121,126,119
2006-08-28,Monday,0,0,Summer,19.9,0,0,119,110,107
2006-08-29,Tuesday,0,0,Summer,13.6,0,0,107,117,109
2006-08-30,Wednesday,0,0,Summer,16.8,0,0,109,123,115
2006-08-31,Thursday,0,0,Summer,15.6,0,1,115,122,127
2006-09-01,Friday,0,0,Autumn,13.3,1,0,127,111,115
2006-09-02,Saturday,1,0,Autumn,13.0,0,0,115,121,120
2006-09-03,Sunday,1,0,Autumn,16.7,0,0,120,119,114
2006-09-04,Monday,0,0,Autumn,18.6,0,0,114,107,114
2006-09-05,Tuesday,0,0,Autumn,15.1,1,0,114,109,106
2006-09-06,Wednesday,0,0,Autumn,15.5,1,0,106,115,100
2006-09-07,Thursday,0,0,Autumn,16.9,0,0,100,127,115
2006-09-08,Friday,0,0,Autumn,12.1,0,0,115,115,107
2006-09-09,Saturday,1,0,Autumn,17.0,0,0,107,120,116
2006-09-10,Sunday,1,0,Autumn,17.1,0,0,116,114,120
2006-09-11,Monday,0,0,Autumn,22.3,0,0,120,114,102
2006-09-12,Tuesday,0,0,Autumn,13.2,1,0,102,106,110
2006-09-13,Wednesday,0,0,Autumn,12.8,0,0,110,100,96
2006-09-14,Thursday,0,0,Autumn,16.3,0,0,96,115,98
2006-09-15,Friday,0,0,Autumn,16.3,0,0,98,107,103
2006-09-16,Saturday,1,0,Autumn,12.0,0,0,103,116,115
2006-09-17,Sunday,1,0,Autumn,12.2,0,1,115,120,126
2006-09-18,Monday,0,0,Autumn,14.9,1,0,126,102,114
2006-09-19,Tuesday,0,0,Autumn,10.6,0,0,114,110,102
2006-09-20,Wednesday,0,0,Autumn,11.7,0,0,102,96,97
2006-09-21,Thursday,0,0,Autumn,13.0,0,0,97,98,85
2006-09-22,Friday,0,0,Autumn,15.6,0,0,85,103,88
2006-09-23,Saturday,1,0,Autumn,10.6,1,1,88,115,106
2006-09-24,Sunday,1,0,Autumn,6.7,1,0,106,126,108
2006-09-25,Monday,0,0,Autumn,6.3,1,0,108,114,95
2006-09-26,Tuesday,0,0,Autumn,8.1,1,0,95,102,91
2006-09-27,Wednesday,0,0,Autumn,7.8,1,0,91,97,85
2006-09-28,Thursday,0,0,Autumn,11.1,0,0,85,85,84
2006-09-29,Friday,0,0,Autumn,7.8,0,1,84,88,112
2006-09-30,Saturday,1,0,Autumn,9.1,1,0,112,106,105
2006-10-01,Sunday,1,0,Autumn,8.7,0,0,105,108,111
2006-10-02,Monday,0,0,Autumn,9.6,0,0,111,95,86
2006-10-03,Tuesday,0,0,Autumn,14.7,1,0,86,91,84
2006-10-04,Wednesday,0,0,Autumn,12.5,0,0,84,85,79
2006-10-05,Thursday,0,0,Autumn,10.4,0,0,79,84,97
2006-10-06,Friday,0,0,Autumn,8.8,0,0,97,112,97
2006-10-07,Saturday,1,0,Autumn,8.8,0,0,97,105,102
2006-10-08,Sunday,1,0,Autumn,10.9,0,0,102,111,98
2006-10-09,Monday,0,0,Autumn,11.5,0,0,98,86,82
2006-10-10,Tuesday,0,0,Autumn,6.8,0,0,82,84,79
2006-10-11,Wednesday,0,0,Autumn,9.5,0,0,79,79,81
2006-10-12,Thursday,0,0,Autumn,3.2,0,0,81,97,92
2006-10-13,Friday,0,0,Autumn,9.7,0,0,92,97,91
2006-10-14,Saturday,1,0,Autumn,11.2,0,0,91,102,96
2006-10-15,Sunday,1,0,Autumn,7.9,0,0,96,98,105
2006-10-16,Monday,0,0,Autumn,14.1,1,0,105,82,99
2006-10-17,Tuesday,0,0,Autumn,5.8,0,0,99,79,85
2006-10-18,Wednesday,0,0,Autumn,9.0,1,0,85,81,82
2006-10-19,Thursday,0,0,Autumn,8.1,1,0,82,92,94
2006-10-20,Friday,0,0,Autumn,7.7,0,0,94,91,112
2006-10-21,Saturday,1,0,Autumn,7.5,0,0,112,96,109
2006-10-22,Sunday,1,0,Autumn,8.0,0,0,109,105,110
2006-10-23,Monday,0,0,Autumn,10.1,0,0,110,99,97
2006-10-24,Tuesday,0,0,Autumn,11.6,1,0,97,85,75
2006-10-25,Wednesday,0,0,Autumn,7.3,1,0,75,82,76
2006-10-26,Thursday,0,0,Autumn,9.6,1,0,76,94,90
2006-10-27,Friday,0,0,Autumn,4.9,1,0,90,112,87
2006-10-28,Saturday,1,0,Autumn,9.2,1,0,87,109,83
2006-10-29,Sunday,1,0,Autumn,4.4,1,0,83,110,93
2006-10-30,Monday,0,0,Autumn,9.9,0,0,93,97,76
2006-10-31,Tuesday,0,0,Autumn,13.1,0,1,76,75,73
2006-11-01,Wednesday,0,0,Autumn,6.0,0,0,73,76,62
2006-11-02,Thursday,0,0,Autumn,-0.4,0,0,62,90,58
2006-11-03,Friday,0,0,Autumn,4.4,0,0,58,87,82
2006-11-04,Saturday,1,0,Autumn,9.7,0,0,82,83,91
2006-11-05,Sunday,1,0,Autumn,7.5,1,0,91,93,104
2006-11-06,Monday,0,0,Autumn,6.5,0,0,104,76,91
2006-11-07,Tuesday,0,0,Autumn,8.6,1,1,91,73,100
2006-11-08,Wednesday,0,0,Autumn,6.9,0,1,100,62,85
2006-11-09,Thursday,0,0,Autumn,9.0,0,0,85,58,80
2006-11-10,Friday,0,0,Autumn,8.0,1,0,80,82,72
2006-11-11,Saturday,1,0,Autumn,9.7,0,0,72,91,86
2006-11-12,Sunday,1,0,Autumn,6.1,1,0,86,104,100
2006-11-13,Monday,0,0,Autumn,7.7,1,0,100,91,85
2006-11-14,Tuesday,0,0,Autumn,3.9,0,1,85,100,90
2006-11-15,Wednesday,0,0,Autumn,2.9,0,1,90,85,90
2006-11-16,Thursday,0,0,Autumn,9.8,0,0,90,80,87
2006-11-17,Friday,0,0,Autumn,5.2,0,0,87,72,84
2006-11-18,Saturday,1,0,Autumn,6.9,1,0,84,86,97
2006-11-19,Sunday,1,0,Autumn,4.8,1,0,97,100,88
2006-11-20,Monday,0,0,Autumn,2.5,0,0,88,85,78
2006-11-21,Tuesday,0,0,Autumn,4.2,1,0,78,90,75
2006-11-22,Wednesday,0,0,Autumn,8.4,1,0,75,90,70
2006-11-23,Thursday,0,0,Autumn,5.7,0,0,70,87,74
2006-11-24,Friday,0,0,Autumn,-1.2,0,0,74,84,84
2006-11-25,Saturday,1,0,Autumn,3.3,1,0,84,97,83
2006-11-26,Sunday,1,0,Autumn,9.2,1,0,83,88,105
2006-11-27,Monday,0,0,Autumn,3.1,0,0,105,78,97
2006-11-28,Tuesday,0,0,Autumn,-1.7,0,0,97,75,81
2006-11-29,Wednesday,0,0,Autumn,9.3,0,0,81,70,81
2006-11-30,Thursday,0,0,Autumn,5.6,0,0,81,74,84
2006-12-01,Friday,0,0,Winter,3.3,1,0,84,84,84
2006-12-02,Saturday,1,0,Winter,2.4,0,0,84,83,87
2006-12-03,Sunday,1,0,Winter,6.7,1,0,87,105,108
2006-12-04,Monday,0,0,Winter,1.7,0,0,108,97,85
2006-12-05,Tuesday,0,0,Winter,6.8,1,0,85,81,72
2006-12-06,Wednesday,0,0,Winter,4.9,1,0,72,81,70
2006-12-07,Thursday,0,0,Winter,4.0,0,0,70,84,79
2006-12-08,Friday,0,0,Winter,3.6,0,1,79,84,103
2006-12-09,Saturday,1,0,Winter,2.7,0,0,103,87,96
2006-12-10,Sunday,1,0,Winter,6.3,1,0,96,108,98
2006-12-11,Monday,0,0,Winter,0.5,1,0,98,85,81
2006-12-12,Tuesday,0,0,Winter,-1.8,0,0,81,72,70
2006-12-13,Wednesday,0,0,Winter,4.9,1,0,70,70,74
2006-12-14,Thursday,0,0,Winter,4.9,1,0,74,79,75
2006-12-15,Friday,0,0,Winter,4.5,0,1,75,103,99
2006-12-16,Saturday,1,0,Winter,4.2,0,0,99,96,95
2006-12-17,Sunday,1,0,Winter,2.1,1,1,95,98,92
2006-12-18,Monday,0,0,Winter,5.4,0,0,92,81,77
2006-12-19,Tuesday,0,0,Winter,2.9,1,0,77,70,69
2006-12-20,Wednesday,0,0,Winter,1.5,1,0,69,74,72
2006-12-21,Thursday,0,0,Winter,2.1,0,0,72,75,87
2006-12-22,Friday,0,0,Winter,9.1,0,1,87,99,100
2006-12-23,Saturday,1,0,Winter,-2.2,0,0,100,95,108
2006-12-24,Sunday,1,1,Winter,4.5,0,0,108,92,107
2006-12-25,Monday,0,1,Winter,-2.0,0,0,107,77,83
2006-12-26,Tuesday,0,1,Winter,2.7,1,0,83,69,76
2006-12-27,Wednesday,0,0,Winter,1.8,1,0,76,72,73
2006-12-28,Thursday,0,0,Winter,-3.2,1,0,73,87,76
2006-12-29,Friday,0,0,Winter,4.3,0,0,76,100,81
2006-12-30,Saturday,1,0,Winter,2.0,0,0,81,108,89
2006-12-31,Sunday,1,1,Winter,-3.1,1,0,89,107,90
2007-01-01,Monday,0,1,Winter,5.7,0,0,90,83,84
2007-01-02,Tuesday,0,0,Winter,7.6,0,0,84,76,79
2007-01-03,Wednesday,0,0,Winter,7.8,1,0,79,73,85
2007-01-04,Thursday,0,0,Winter,4.4,1,0,85,76,73
2007-01-05,Friday,0,0,Winter,3.5,1,0,73,81,63
2007-01-06,Saturday,1,0,Winter,7.4,0,0,63,89,69
2007-01-07,Sunday,1,0,Winter,8.5,1,0,69,90,83
2007-01-08,Monday,0,0,Winter,6.9,0,0,83,84,73
2007-01-09,Tuesday,0,0,Winter,0.8,0,0,73,79,72
2007-01-10,Wednesday,0,0,Winter,4.3,0,0,72,85,68
2007-01-11,Thursday,0,0,Winter,5.0,1,0,68,73,66
2007-01-12,Friday,0,0,Winter,-1.6,0,0,66,63,65
2007-01-13,Saturday,1,0,Winter,5.3,1,0,65,69,67
2007-01-14,Sunday,1,0,Winter,10.8,1,0,67,83,84
2007-01-15,Monday,0,0,Winter,5.9,1,0,84,73,80
2007-01-16,Tuesday,0,0,Winter,8.5,0,0,80,72,79
2007-01-17,Wednesday,0,0,Winter,4.7,1,0,79,68,83
2007-01-18,Thursday,0,0,Winter,4.0,0,0,83,66,66
2007-01-19,Friday,0,0,Winter,5.5,0,1,66,65,77
2007-01-20,Saturday,1,0,Winter,2.0,0,0,77,67,76
2007-01-21,Sunday,1,0,Winter,1.6,1,0,76,84,81
2007-01-22,Monday,0,0,Winter,8.4,1,0,81,80,64
2007-01-23,Tuesday,0,0,Winter,8.8,1,0,64,79,70
2007-01-24,Wednesday,0,0,Winter,1.8,0,0,70,83,61
2007-01-25,Thursday,0,0,Winter,7.8,0,0,61,66,72
2007-01-26,Friday,0,0,Winter,4.7,0,0,72,77,84
2007-01-27,Saturday,1,0,Winter,6.1,1,1,84,76,82
2007-01-28,Sunday,1,0,Winter,6.6,1,0,82,81,77
2007-01-29,Monday,0,0,Winter,8.3,1,0,77,64,74
2007-01-30,Tuesday,0,0,Winter,5.7,0,0,74,70,79
2007-01-31,Wednesday,0,0,Winter,9.8,0,0,79,61,62
2007-02-01,Thursday,0,0,Winter,6.6,0,0,62,72,71
2007-02-02,Friday,0,0,Winter,7.6,0,0,71,84,84
2007-02-03,Saturday,1,0,Winter,3.4,0,0,84,82,86
2007-02-04,Sunday,1,0,Winter,12.5,0,0,86,77,97
2007-02-05,Monday,0,0,Winter,7.5,0,0,97,74,77
2007-02-06,Tuesday,0,0,Winter,8.4,0,0,77,79,72
2007-02-07,Wednesday,0,0,Winter,1.6,1,0,72,62,58
2007-02-08,Thursday,0,0,Winter,4.0,1,0,58,71,64
2007-02-09,Friday,0,0,Winter,10.4,1,0,64,84,72
2007-02-10,Saturday,1,0,Winter,7.6,0,1,72,86,97
2007-02-11,Sunday,1,0,Winter,1.2,1,0,97,97,86
2007-02-12,Monday,0,0,Winter,10.2,0,0,86,77,77
2007-02-13,Tuesday,0,0,Winter,5.6,0,0,77,72,73
2007-02-14,Wednesday,0,0,Winter,11.6,0,0,73,58,64
2007-02-15,Thursday,0,0,Winter,7.2,0,0,64,64,75
2007-02-16,Friday,0,0,Winter,8.2,1,0,75,72,80
2007-02-17,Saturday,1,0,Winter,11.3,1,0,80,97,94
2007-02-18,Sunday,1,0,Winter,5.2,0,0,94,86,83
2007-02-19,Monday,0,0,Winter,5.1,1,0,83,77,82
2007-02-20,Tuesday,0,0,Winter,7.6,0,0,82,73,62
2007-02-21,Wednesday,0,0,Winter,10.8,0,0,62,64,71
2007-02-22,Thursday,0,0,Winter,4.5,1,0,71,75,71
2007-02-23,Friday,0,0,Winter,3.7,1,0,71,80,78
2007-02-24,Saturday,1,0,Winter,11.3,1,0,78,94,86
2007-02-25,Sunday,1,0,Winter,7.2,0,1,86,83,94
2007-02-26,Monday,0,0,Winter,8.0,0,0,94,82,87
2007-02-27,Tuesday,0,0,Winter,3.7,0,0,87,62,73
2007-02-28,Wednesday,0,0,Winter,7.4,0,0,73,71,73
2007-03-01,Thursday,0,0,Spring,9.6,0,0,73,71,79
2007-03-02,Friday,0,0,Spring,12.6,0,0,79,78,102
2007-03-03,Saturday,1,0,Spring,7.6,0,0,102,86,89
2007-03-04,Sunday,1,0,Spring,15.1,0,0,89,94,106
2007-03-05,Monday,0,0,Spring,8.2,1,0,106,87,92
2007-03-06,Tuesday,0,0,Spring,8.4,0,0,92,73,85
2007-03-07,Wednesday,0,0,Spring,15.2,0,0,85,73,75
2007-03-08,Thursday,0,0,Spring,11.4,1,0,75,79,86
2007-03-09,Friday,0,0,Spring,9.3,1,0,86,102,83
2007-03-10,Saturday,1,0,Spring,10.7,0,0,83,89,104
2007-03-11,Sunday,1,0,Spring,15.3,0,0,104,106,103
2007-03-12,Monday,0,0,Spring,15.9,0,0,103,92,106
2007-03-13,Tuesday,0,0,Spring,9.2,1,0,106,85,85
2007-03-14,Wednesday,0,0,Spring,11.7,0,0,85,75,76
2007-03-15,Thursday,0,0,Spring,12.2,0,0,76,86,84
2007-03-16,Friday,0,0,Spring,9.2,1,0,84,83,80
2007-03-17,Saturday,1,0,Spring,12.1,1,0,80,104,93
2007-03-18,Sunday,1,0,Spring,12.5,0,0,93,103,112
2007-03-19,Monday,0,0,Spring,16.1,0,0,112,106,99
2007-03-20,Tuesday,0,0,Spring,16.5,0,0,99,85,94
2007-03-21,Wednesday,0,0,Spring,12.0,0,0,94,76,98
2007-03-22,Thursday,0,0,Spring,12.5,0,0,98,84,95
2007-03-23,Friday,0,0,Spring,15.3,1,1,95,80,107
2007-03-24,Saturday,1,0,Spring,11.8,1,0,107,93,107
2007-03-25,Sunday,1,0,Spring,15.5,1,0,107,112,114
2007-03-26,Monday,0,0,Spring,13.6,1,0,114,99,97
2007-03-27,Tuesday,0,0,Spring,11.1,0,0,97,94,96
2007-03-28,Wednesday,0,0,Spring,11.3,0,0,96,98,107
2007-03-29,Thursday,0,0,Spring,18.7,1,1,107,95,105
2007-03-30,Friday,0,0,Spring,14.1,0,0,105,107,110
2007-03-31,Saturday,1,0,Spring,19.6,0,0,110,107,110
2007-04-01,Sunday,1,0,Spring,13.3,0,0,110,114,118
2007-04-02,Monday,0,0,Spring,15.9,1,0,118,97,88
2007-04-03,Tuesday,0,0,Spring,22.4,0,0,88,96,91
2007-04-04,Wednesday,0,0,Spring,12.2,0,0,91,107,102
2007-04-05,Thursday,0,0,Spring,9.9,0,0,102,105,99
2007-04-06,Friday,0,0,Spring,19.6,1,0,99,110,91
2007-04-07,Saturday,1,0,Spring,13.4,0,0,91,110,99
2007-04-08,Sunday,1,0,Spring,16.0,0,0,99,118,104
2007-04-09,Monday,0,0,Spring,14.5,1,0,104,88,102
2007-04-10,Tuesday,0,0,Spring,17.2,0,0,102,91,102
2007-04-11,Wednesday,0,0,Spring,13.7,0,0,102,102,105
2007-04-12,Thursday,0,0,Spring,16.2,0,0,105,99,94
2007-04-13,Friday,0,0,Spring,18.2,1,0,94,91,96
2007-04-14,Saturday,1,0,Spring,14.0,0,0,96,99,115
2007-04-15,Sunday,1,0,Spring,15.1,1,0,115,104,114
2007-04-16,Monday,0,0,Spring,16.3,1,0,114,102,96
2007-04-17,Tuesday,0,0,Spring,13.2,1,0,96,102,97
2007-04-18,Wednesday,0,0,Spring,16.4,0,0,97,105,90
2007-04-19,Thursday,0,0,Spring,18.1,0,0,90,94,89
2007-04-20,Friday,0,0,Spring,16.7,0,0,89,96,84
2007-04-21,Saturday,1,0,Spring,17.3,0,0,84,115,104
2007-04-22,Sunday,1,0,Spring,18.2,0,0,104,114,115
2007-04-23,Monday,0,0,Spring,16.4,0,0,115,96,95
2007-04-24,Tuesday,0,0,Spring,20.6,0,0,95,97,96
2007-04-25,Wednesday,0,0,Spring,23.0,0,0,96,90,91
2007-04-26,Thursday,0,0,Spring,17.4,0,0,91,89,90
2007-04-27,Friday,0,0,Spring,20.4,0,0,90,84,89
2007-04-28,Saturday,1,0,Spring,18.4,0,0,89,104,113
2007-04-29,Sunday,1,0,Spring,20.3,1,0,113,115,108
2007-04-30,Monday,0,0,Spring,24.0,0,0,108,95,100
2007-05-01,Tuesday,0,1,Spring,21.0,1,0,100,96,97
2007-05-02,Wednesday,0,0,Spring,14.3,0,0,97,91,96
2007-05-03,Thursday,0,0,Spring,21.1,0,0,96,90,116
2007-05-04,Friday,0,0,Spring,23.6,1,0,116,89,127
2007-05-05,Saturday,1,0,Spring,19.3,0,0,127,113,123
2007-05-06,Sunday,1,0,Spring,23.1,0,0,123,108,122
2007-05-07,Monday,0,0,Spring,18.2,1,0,122,100,111
2007-05-08,Tuesday,0,0,Spring,15.9,0,0,111,97,110
2007-05-09,Wednesday,0,0,Spring,20.9,0,0,110,96,108
2007-05-10,Thursday,0,0,Spring,15.3,1,1,108,116,120
2007-05-11,Friday,0,0,Spring,20.0,1,0,120,127,121
2007-05-12,Saturday,1,0,Spring,24.7,0,0,121,123,122
2007-05-13,Sunday,1,0,Spring,15.2,0,0,122,122,127
2007-05-14,Monday,0,0,Spring,17.2,0,0,127,111,113
2007-05-15,Tuesday,0,0,Spring,18.0,1,0,113,110,106
2007-05-16,Wednesday,0,0,Spring,21.0,1,0,106,108,93
2007-05-17,Thursday,0,0,Spring,20.2,0,0,93,120,99
2007-05-18,Friday,0,0,Spring,25.6,0,0,99,121,110
2007-05-19,Saturday,1,0,Spring,24.4,1,0,110,122,122
2007-05-20,Sunday,1,0,Spring,23.1,0,0,122,127,137
2007-05-21,Monday,0,0,Spring,22.1,1,0,137,113,121
2007-05-22,Tuesday,0,0,Spring,22.9,0,0,121,106,110
2007-05-23,Wednesday,0,0,Spring,19.3,0,0,110,93,95
2007-05-24,Thursday,0,0,Spring,24.5,0,0,95,99,110
2007-05-25,Friday,0,0,Spring,18.7,0,0,110,110,114
2007-05-26,Saturday,1,0,Spring,24.6,0,0,114,122,101
2007-05-27,Sunday,1,0,Spring,25.7,0,0,101,137,126
2007-05-28,Monday,0,0,Spring,22.8,0,0,126,121,119
2007-05-29,Tuesday,0,0,Spring,21.7,0,0,119,110,96
2007-05-30,Wednesday,0,0,Spring,23.5,1,0,96,95,100
2007-05-31,Thursday,0,0,Spring,13.8,0,1,100,110,111
2007-06-01,Friday,0,0,Summer,23.4,0,0,111,114,108
2007-06-02,Saturday,1,0,Summer,22.2,0,0,108,101,130
2007-06-03,Sunday,1,0,Summer,22.4,0,0,130,126,133
2007-06-04,Monday,0,0,Summer,24.7,0,0,133,119,119
2007-06-05,Tuesday,0,0,Summer,22.4,1,0,119,96,101
2007-06-06,Wednesday,0,0,Summer,19.3,0,1,101,100,109
2007-06-07,Thursday,0,0,Summer,22.3,0,0,109,111,111
2007-06-08,Friday,0,0,Summer,23.0,1,0,111,108,116
2007-06-09,Saturday,1,0,Summer,23.2,1,0,116,130,123
2007-06-10,Sunday,1,0,Summer,23.3,1,0,123,133,123
2007-06-11,Monday,0,0,Summer,26.0,0,0,123,119,119
2007-06-12,Tuesday,0,0,Summer,19.6,0,1,119,101,114
2007-06-13,Wednesday,0,0,Summer,23.4,0,0,114,109,112
2007-06-14,Thursday,0,0,Summer,26.8,0,1,112,111,133
2007-06-15,Friday,0,0,Summer,17.8,0,0,133,116,122
2007-06-16,Saturday,1,0,Summer,23.5,1,0,122,123,124
2007-06-17,Sunday,1,0,Summer,21.2,0,0,124,123,120
2007-06-18,Monday,0,0,Summer,21.9,1,0,120,119,119
2007-06-19,Tuesday,0,0,Summer,20.3,1,0,119,114,98
2007-06-20,Wednesday,0,0,Summer,22.5,0,0,98,112,100
2007-06-21,Thursday,0,0,Summer,28.5,0,0,100,133,122
2007-06-22,Friday,0,0,Summer,19.2,1,1,122,122,126
2007-06-23,Saturday,1,0,Summer,19.5,0,0,126,124,135
2007-06-24,Sunday,1,0,Summer,19.1,0,0,135,120,127
2007-06-25,Monday,0,0,Summer,28.1,0,0,127,119,116
2007-06-26,Tuesday,0,0,Summer,21.6,0,0,116,98,107
2007-06-27,Wednesday,0,0,Summer,22.9,0,0,107,100,97
2007-06-28,Thursday,0,0,Summer,21.7,0,0,97,122,104
2007-06-29,Friday,0,0,Summer,20.1,1,0,104,126,119
2007-06-30,Saturday,1,0,Summer,22.2,0,0,119,135,128
2007-07-01,Sunday,1,0,Summer,30.2,0,0,128,127,132
2007-07-02,Monday,0,0,Summer,27.0,0,1,132,116,130
2007-07-03,Tuesday,0,0,Summer,20.2,1,0,130,107,102
2007-07-04,Wednesday,0,0,Summer,24.7,0,0,102,97,93
2007-07-05,Thursday,0,0,Summer,20.2,0,1,93,104,112
2007-07-06,Friday,0,0,Summer,17.3,0,0,112,119,113
2007-07-07,Saturday,1,0,Summer,25.6,0,1,113,128,133
2007-07-08,Sunday,1,0,Summer,26.0,0,1,133,132,146
2007-07-09,Monday,0,0,Summer,25.6,1,0,146,130,121
2007-07-10,Tuesday,0,0,Summer,21.0,0,0,121,102,107
2007-07-11,Wednesday,0,0,Summer,21.9,1,0,107,93,98
2007-07-12,Thursday,0,0,Summer,24.6,0,0,98,112,111
2007-07-13,Friday,0,0,Summer,23.4,0,0,111,113,114
2007-07-14,Saturday,1,0,Summer,21.0,0,0,114,133,122
2007-07-15,Sunday,1,0,Summer,17.3,0,0,122,146,141
2007-07-16,Monday,0,0,Summer,22.4,1,0,141,121,122
2007-07-17,Tuesday,0,0,Summer,25.2,0,0,122,107,119
2007-07-18,Wednesday,0,0,Summer,18.3,1,0,119,98,93
2007-07-19,Thursday,0,0,Summer,23.7,0,0,93,111,97
2007-07-20,Friday,0,0,Summer,22.7,1,0,97,114,111
2007-07-21,Saturday,1,0,Summer,23.9,0,0,111,122,122
2007-07-22,Sunday,1,0,Summer,24.2,1,0,122,141,125
2007-07-23,Monday,0,0,Summer,19.4,0,0,125,122,110
2007-07-24,Tuesday,0,0,Summer,16.5,0,0,110,119,116
2007-07-25,Wednesday,0,0,Summer,19.7,0,0,116,93,112
2007-07-26,Thursday,0,0,Summer,23.8,0,0,112,97,110
2007-07-27,Friday,0,0,Summer,19.4,0,0,110,111,116
2007-07-28,Saturday,1,0,Summer,18.9,1,0,116,122,118
2007-07-29,Sunday,1,0,Summer,15.4,1,0,118,125,112
2007-07-30,Monday,0,0,Summer,26.0,0,0,112,110,107
2007-07-31,Tuesday,0,0,Summer,23.1,1,1,107,116,119
2007-08-01,Wednesday,0,0,Summer,22.8,0,0,119,112,112
2007-08-02,Thursday,0,0,Summer,23.3,0,0,112,110,114
2007-08-03,Friday,0,0,Summer,22.0,0,0,114,116,115
2007-08-04,Saturday,1,0,Summer,19.5,0,0,115,118,129
2007-08-05,Sunday,1,0,Summer,19.6,0,1,129,112,127
2007-08-06,Monday,0,0,Summer,18.7,0,1,127,107,132
2007-08-07,Tuesday,0,0,Summer,27.7,0,0,132,119,120
2007-08-08,Wednesday,0,0,Summer,21.4,0,0,120,112,111
2007-08-09,Thursday,0,0,Summer,18.2,1,0,111,114,123
2007-08-10,Friday,0,0,Summer,20.8,0,0,123,115,114
2007-08-11,Saturday,1,0,Summer,16.3,1,0,114,129,120
2007-08-12,Sunday,1,0,Summer,23.7,1,0,120,127,129
2007-08-13,Monday,0,0,Summer,17.0,0,0,129,132,110
2007-08-14,Tuesday,0,0,Summer,20.4,0,0,110,120,113
2007-08-15,Wednesday,0,0,Summer,21.9,0,0,113,111,101
2007-08-16,Thursday,0,0,Summer,19.8,1,0,101,123,108
2007-08-17,Friday,0,0,Summer,18.8,0,0,108,114,128
2007-08-18,Saturday,1,0,Summer,18.4,1,0,128,120,108
2007-08-19,Sunday,1,0,Summer,18.0,0,0,108,129,118
2007-08-20,Monday,0,0,Summer,16.3,0,0,118,110,106
2007-08-21,Tuesday,0,0,Summer,16.5,0,0,106,113,99
2007-08-22,Wednesday,0,0,Summer,22.2,0,0,99,101,92
2007-08-23,Thursday,0,0,Summer,17.2,0,0,92,108,109
2007-08-24,Friday,0,0,Summer,15.1,0,1,109,128,125
2007-08-25,Saturday,1,0,Summer,15.7,0,0,125,108,109
2007-08-26,Sunday,1,0,Summer,20.4,0,0,109,118,110
2007-08-27,Monday,0,0,Summer,19.0,0,0,110,106,102
2007-08-28,Tuesday,0,0,Summer,18.5,0,0,102,99,90
2007-08-29,Wednesday,0,0,Summer,15.9,0,0,90,92,94
2007-08-30,Thursday,0,0,Summer,18.2,0,0,94,109,105
2007-08-31,Friday,0,0,Summer,14.4,0,0,105,125,115
2007-09-01,Saturday,1,0,Autumn,15.4,1,0,115,109,125
2007-09-02,Sunday,1,0,Autumn,18.9,0,0,125,110,111
2007-09-03,Monday,0,0,Autumn,18.4,0,0,111,102,98
2007-09-04,Tuesday,0,0,Autumn,12.7,1,0,98,90,84
2007-09-05,Wednesday,0,0,Autumn,12.9,0,0,84,94,93
2007-09-06,Thursday,0,0,Autumn,15.6,0,0,93,105,102
2007-09-07,Friday,0,0,Autumn,20.3,0,0,102,115,101
2007-09-08,Saturday,1,0,Autumn,9.2,1,0,101,125,117
2007-09-09,Sunday,1,0,Autumn,15.7,0,0,117,111,107
2007-09-10,Monday,0,0,Autumn,10.5,1,0,107,98,98
2007-09-11,Tuesday,0,0,Autumn,12.6,0,0,98,84,95
2007-09-12,Wednesday,0,0,Autumn,13.2,0,0,95,93,94
2007-09-13,Thursday,0,0,Autumn,12.9,0,0,94,102,93
2007-09-14,Friday,0,0,Autumn,12.4,1,0,93,101,92
2007-09-15,Saturday,1,0,Autumn,13.8,0,0,92,117,109
2007-09-16,Sunday,1,0,Autumn,12.0,0,0,109,107,110
2007-09-17,Monday,0,0,Autumn,9.1,1,0,110,98,97
2007-09-18,Tuesday,0,0,Autumn,15.6,0,0,97,95,98
2007-09-19,Wednesday,0,0,Autumn,15.4,0,0,98,94,96
2007-09-20,Thursday,0,0,Autumn,15.5,1,0,96,93,102
2007-09-21,Friday,0,0,Autumn,8.1,0,0,102,92,93
2007-09-22,Saturday,1,0,Autumn,13.5,0,0,93,109,104
2007-09-23,Sunday,1,0,Autumn,14.4,1,0,104,110,99
2007-09-24,Monday,0,0,Autumn,9.2,0,0,99,97,108
2007-09-25,Tuesday,0,0,Autumn,12.1,0,0,108,98,103
2007-09-26,Wednesday,0,0,Autumn,11.6,0,0,103,96,102
2007-09-27,Thursday,0,0,Autumn,17.3,0,0,102,102,104
2007-09-28,Friday,0,0,Autumn,17.3,0,0,104,93,102
2007-09-29,Saturday,1,0,Autumn,6.4,0,0,102,104,122
2007-09-30,Sunday,1,0,Autumn,18.7,0,0,122,99,122
2007-10-01,Monday,0,0,Autumn,8.3,0,0,122,108,101
2007-10-02,Tuesday,0,0,Autumn,13.8,0,0,101,103,94
2007-10-03,Wednesday,0,0,Autumn,13.6,0,0,94,102,95
2007-10-04,Thursday,0,0,Autumn,7.6,0,0,95,104,91
2007-10-05,Friday,0,0,Autumn,11.9,1,1,91,102,98
2007-10-06,Saturday,1,0,Autumn,9.9,0,0,98,122,98
2007-10-07,Sunday,1,0,Autumn,11.7,0,0,98,122,89
2007-10-08,Monday,0,0,Autumn,10.6,1,0,89,101,98
2007-10-09,Tuesday,0,0,Autumn,13.3,0,1,98,94,96
2007-10-10,Wednesday,0,0,Autumn,9.8,1,0,96,95,86
2007-10-11,Thursday,0,0,Autumn,8.9,1,1,86,91,92
2007-10-12,Friday,0,0,Autumn,12.5,0,0,92,98,101
2007-10-13,Saturday,1,0,Autumn,10.8,0,0,101,98,109
2007-10-14,Sunday,1,0,Autumn,11.1,0,0,109,89,108
2007-10-15,Monday,0,0,Autumn,6.8,1,0,108,98,95
2007-10-16,Tuesday,0,0,Autumn,5.5,0,0,95,96,86
2007-10-17,Wednesday,0,0,Autumn,6.8,1,0,86,86,88
2007-10-18,Thursday,0,0,Autumn,6.4,1,0,88,92,83
2007-10-19,Friday,0,0,Autumn,10.5,1,0,83,101,96
2007-10-20,Saturday,1,0,Autumn,10.9,0,0,96,109,93
2007-10-21,Sunday,1,0,Autumn,7.4,1,1,93,108,111
2007-10-22,Monday,0,0,Autumn,12.0,1,0,111,95,87
2007-10-23,Tuesday,0,0,Autumn,11.7,0,1,87,86,82
2007-10-24,Wednesday,0,0,Autumn,8.2,1,0,82,88,70
2007-10-25,Thursday,0,0,Autumn,4.8,0,0,70,83,77
2007-10-26,Friday,0,0,Autumn,11.9,1,0,77,96,101
2007-10-27,Saturday,1,0,Autumn,6.8,0,0,101,93,99
2007-10-28,Sunday,1,0,Autumn,7.2,0,0,99,111,100
2007-10-29,Monday,0,0,Autumn,5.7,1,0,100,87,89
2007-10-30,Tuesday,0,0,Autumn,3.9,0,1,89,82,84
2007-10-31,Wednesday,0,0,Autumn,2.1,0,1,84,70,82
2007-11-01,Thursday,0,0,Autumn,8.2,0,0,82,77,79
2007-11-02,Friday,0,0,Autumn,3.9,1,0,79,101,98
2007-11-03,Saturday,1,0,Autumn,15.3,0,0,98,99,105
2007-11-04,Sunday,1,0,Autumn,2.7,1,0,105,100,101
2007-11-05,Monday,0,0,Autumn,2.1,1,0,101,89,78
2007-11-06,Tuesday,0,0,Autumn,7.3,0,0,78,84,70
2007-11-07,Wednesday,0,0,Autumn,10.2,0,0,70,82,81
2007-11-08,Thursday,0,0,Autumn,5.7,0,0,81,79,82
2007-11-09,Friday,0,0,Autumn,7.1,1,1,82,98,101
2007-11-10,Saturday,1,0,Autumn,-0.3,1,0,101,105,91
2007-11-11,Sunday,1,0,Autumn,3.1,1,0,91,101,89
2007-11-12,Monday,0,0,Autumn,1.8,1,0,89,78,65
2007-11-13,Tuesday,0,0,Autumn,-0.7,1,0,65,70,58
2007-11-14,Wednesday,0,0,Autumn,5.2,1,0,58,81,55
2007-11-15,Thursday,0,0,Autumn,-2.0,0,0,55,82,64
2007-11-16,Friday,0,0,Autumn,0.7,1,0,64,101,85
2007-11-17,Saturday,1,0,Autumn,3.0,0,0,85,91,85
2007-11-18,Sunday,1,0,Autumn,2.0,0,0,85,89,80
2007-11-19,Monday,0,0,Autumn,5.6,0,0,80,65,70
2007-11-20,Tuesday,0,0,Autumn,5.2,0,0,70,58,65
2007-11-21,Wednesday,0,0,Autumn,6.9,0,0,65,55,70
2007-11-22,Thursday,0,0,Autumn,6.4,0,0,70,64,62
2007-11-23,Friday,0,0,Autumn,7.5,0,0,62,85,59
2007-11-24,Saturday,1,0,Autumn,4.0,1,0,59,85,75
2007-11-25,Sunday,1,0,Autumn,4.8,0,0,75,80,92
2007-11-26,Monday,0,0,Autumn,5.4,0,0,92,70,77
2007-11-27,Tuesday,0,0,Autumn,4.2,1,0,77,65,70
2007-11-28,Wednesday,0,0,Autumn,2.5,1,0,70,70,65
2007-11-29,Thursday,0,0,Autumn,2.6,1,0,65,62,69
2007-11-30,Friday,0,0,Autumn,1.1,0,1,69,59,75
2007-12-01,Saturday,1,0,Winter,4.8,0,0,75,75,80
2007-12-02,Sunday,1,0,Winter,3.2,1,0,80,92,92
2007-12-03,Monday,0,0,Winter,1.4,0,1,92,77,92
2007-12-04,Tuesday,0,0,Winter,1.4,1,0,92,70,68
2007-12-05,Wednesday,0,0,Winter,-0.3,0,0,68,65,59
2007-12-06,Thursday,0,0,Winter,6.2,0,0,59,69,62
2007-12-07,Friday,0,0,Winter,3.5,1,0,62,75,60
2007-12-08,Saturday,1,0,Winter,0.6,0,0,60,80,70
2007-12-09,Sunday,1,0,Winter,5.6,0,0,70,92,80
2007-12-10,Monday,0,0,Winter,1.5,1,0,80,92,67
2007-12-11,Tuesday,0,0,Winter,-1.1,0,0,67,68,67
2007-12-12,Wednesday,0,0,Winter,6.2,0,0,67,59,53
2007-12-13,Thursday,0,0,Winter,1.5,1,0,53,62,48
2007-12-14,Friday,0,0,Winter,1.8,0,1,48,60,72
2007-12-15,Saturday,1,0,Winter,3.2,1,0,72,70,87
2007-12-16,Sunday,1,0,Winter,6.5,0,1,87,80,94
2007-12-17,Monday,0,0,Winter,3.1,0,1,94,67,77
2007-12-18,Tuesday,0,0,Winter,-0.6,0,0,77,67,60
2007-12-19,Wednesday,0,0,Winter,4.6,1,0,60,53,53
2007-12-20,Thursday,0,0,Winter,1.5,0,0,53,48,64
2007-12-21,Friday,0,0,Winter,8.7,1,0,64,72,73
2007-12-22,Saturday,1,0,Winter,3.0,0,0,73,87,74
2007-12-23,Sunday,1,0,Winter,-3.7,0,0,74,94,81
2007-12-24,Monday,0,1,Winter,4.1,1,0,81,77,86
2007-12-25,Tuesday,0,1,Winter,8.9,0,0,86,60,88
2007-12-26,Wednesday,0,1,Winter,7.8,1,0,88,53,85
2007-12-27,Thursday,0,0,Winter,8.6,1,1,85,64,87
2007-12-28,Friday,0,0,Winter,0.0,1,0,87,73,68
2007-12-29,Saturday,1,0,Winter,5.9,0,0,68,74,72
2007-12-30,Sunday,1,0,Winter,1.0,1,0,72,81,85
2007-12-31,Monday,0,1,Winter,3.9,0,0,85,86,81
2008-01-01,Tuesday,0,1,Winter,-0.6,1,0,81,88,65
2008-01-02,Wednesday,0,0,Winter,1.3,0,0,65,85,73
2008-01-03,Thursday,0,0,Winter,1.3,0,0,73,87,83
2008-01-04,Friday,0,0,Winter,6.0,0,0,83,68,79
2008-01-05,Saturday,1,0,Winter,5.8,0,0,79,72,86
2008-01-06,Sunday,1,0,Winter,4.3,1,0,86,85,76
2008-01-07,Monday,0,0,Winter,-0.6,0,0,76,81,67
2008-01-08,Tuesday,0,0,Winter,2.6,0,0,67,65,51
2008-01-09,Wednesday,0,0,Winter,1.4,1,0,51,73,49
2008-01-10,Thursday,0,0,Winter,6.3,0,0,49,83,76
2008-01-11,Friday,0,0,Winter,7.3,1,1,76,79,61
2008-01-12,Saturday,1,0,Winter,7.0,0,0,61,86,76
2008-01-13,Sunday,1,0,Winter,1.6,0,0,76,76,73
2008-01-14,Monday,0,0,Winter,-4.3,0,0,73,67,67
2008-01-15,Tuesday,0,0,Winter,-1.3,0,0,67,51,43
2008-01-16,Wednesday,0,0,Winter,8.3,0,0,43,49,47
2008-01-17,Thursday,0,0,Winter,3.0,1,0,47,76,54
2008-01-18,Friday,0,0,Winter,2.0,0,0,54,61,65
2008-01-19,Saturday,1,0,Winter,9.3,1,0,65,76,75
2008-01-20,Sunday,1,0,Winter,8.2,0,0,75,73,67
2008-01-21,Monday,0,0,Winter,4.6,1,0,67,67,59
2008-01-22,Tuesday,0,0,Winter,3.7,0,0,59,43,49
2008-01-23,Wednesday,0,0,Winter,4.3,0,0,49,47,56
2008-01-24,Thursday,0,0,Winter,5.5,0,0,56,54,59
2008-01-25,Friday,0,0,Winter,9.7,0,0,59,65,81
2008-01-26,Saturday,1,0,Winter,6.3,0,0,81,75,80
2008-01-27,Sunday,1,0,Winter,7.3,0,0,80,67,75
2008-01-28,Monday,0,0,Winter,8.7,0,0,75,59,64
2008-01-29,Tuesday,0,0,Winter,1.8,1,0,64,49,53
2008-01-30,Wednesday,0,0,Winter,7.7,0,0,53,56,64
2008-01-31,Thursday,0,0,Winter,4.7,0,0,64,59,62
2008-02-01,Friday,0,0,Winter,-1.9,0,0,62,81,67
2008-02-02,Saturday,1,0,Winter,-0.6,0,0,67,80,79
2008-02-03,Sunday,1,0,Winter,2.8,0,0,79,75,72
2008-02-04,Monday,0,0,Winter,7.6,1,0,72,64,68
2008-02-05,Tuesday,0,0,Winter,6.5,1,0,68,53,57
2008-02-06,Wednesday,0,0,Winter,6.8,1,0,57,64,52
2008-02-07,Thursday,0,0,Winter,12.2,0,1,52,62,58
2008-02-08,Friday,0,0,Winter,2.7,0,0,58,67,59
2008-02-09,Saturday,1,0,Winter,6.6,1,0,59,79,71
2008-02-10,Sunday,1,0,Winter,7.7,0,0,71,72,76
2008-02-11,Monday,0,0,Winter,4.7,0,0,76,68,67
2008-02-12,Tuesday,0,0,Winter,7.1,0,0,67,57,53
2008-02-13,Wednesday,0,0,Winter,2.4,1,0,53,52,50
2008-02-14,Thursday,0,0,Winter,11.6,0,0,50,58,50
2008-02-15,Friday,0,0,Winter,5.4,1,0,50,59,49
2008-02-16,Saturday,1,0,Winter,13.7,0,0,49,71,79
2008-02-17,Sunday,1,0,Winter,7.7,1,0,79,76,77
2008-02-18,Monday,0,0,Winter,11.0,0,0,77,67,74
2008-02-19,Tuesday,0,0,Winter,7.9,1,0,74,53,72
2008-02-20,Wednesday,0,0,Winter,8.1,0,1,72,50,72
2008-02-21,Thursday,0,0,Winter,6.6,1,0,72,50,70
2008-02-22,Friday,0,0,Winter,8.9,0,0,70,49,72
2008-02-23,Saturday,1,0,Winter,9.6,1,0,72,79,74
2008-02-24,Sunday,1,0,Winter,6.5,1,0,74,77,74
2008-02-25,Monday,0,0,Winter,8.6,1,0,74,74,62
2008-02-26,Tuesday,0,0,Winter,7.3,0,0,62,72,70
2008-02-27,Wednesday,0,0,Winter,16.2,0,0,70,72,81
2008-02-28,Thursday,0,0,Winter,9.2,1,0,81,70,65
2008-02-29,Friday,0,0,Winter,14.3,1,0,65,72,66
2008-03-01,Saturday,1,0,Spring,9.2,0,0,66,74,78
2008-03-02,Sunday,1,0,Spring,10.7,0,0,78,74,78
2008-03-03,Monday,0,0,Spring,6.2,0,0,78,62,69
2008-03-04,Tuesday,0,0,Spring,8.9,0,0,69,70,74
2008-03-05,Wednesday,0,0,Spring,11.1,0,0,74,81,88
2008-03-06,Thursday,0,0,Spring,15.4,1,0,88,65,78
2008-03-07,Friday,0,0,Spring,11.4,0,1,78,66,85
2008-03-08,Saturday,1,0,Spring,15.1,1,0,85,78,92
2008-03-09,Sunday,1,0,Spring,13.0,1,0,92,78,89
2008-03-10,Monday,0,0,Spring,16.2,0,0,89,69,71
2008-03-11,Tuesday,0,0,Spring,11.3,0,0,71,74,68
2008-03-12,Wednesday,0,0,Spring,18.8,0,1,68,88,86
2008-03-13,Thursday,0,0,Spring,10.3,0,0,86,78,90
2008-03-14,Friday,0,0,Spring,9.7,1,0,90,85,96
2008-03-15,Saturday,1,0,Spring,8.5,0,1,96,92,99
2008-03-16,Sunday,1,0,Spring,19.3,0,0,99,89,96
2008-03-17,Monday,0,0,Spring,14.9,1,0,96,71,88
2008-03-18,Tuesday,0,0,Spring,11.7,0,0,88,68,77
2008-03-19,Wednesday,0,0,Spring,16.6,0,0,77,86,86
2008-03-20,Thursday,0,0,Spring,15.1,1,1,86,90,93
2008-03-21,Friday,0,0,Spring,19.1,0,0,93,96,100
2008-03-22,Saturday,1,0,Spring,8.7,0,0,100,99,100
2008-03-23,Sunday,1,0,Spring,12.7,0,0,100,96,108
2008-03-24,Monday,0,0,Spring,12.3,0,0,108,88,83
2008-03-25,Tuesday,0,0,Spring,7.9,0,0,83,77,76
2008-03-26,Wednesday,0,0,Spring,17.2,1,0,76,86,87
2008-03-27,Thursday,0,0,Spring,13.4,0,0,87,93,89
2008-03-28,Friday,0,0,Spring,16.6,0,1,89,100,105
2008-03-29,Saturday,1,0,Spring,21.6,0,0,105,100,118
2008-03-30,Sunday,1,0,Spring,13.7,0,0,118,108,116
2008-03-31,Monday,0,0,Spring,13.6,1,0,116,83,100
2008-04-01,Tuesday,0,0,Spring,15.4,1,0,100,76,95
2008-04-02,Wednesday,0,0,Spring,18.2,1,0,95,87,79
2008-04-03,Thursday,0,0,Spring,13.7,0,1,79,89,91
2008-04-04,Friday,0,0,Spring,13.7,0,0,91,105,93
2008-04-05,Saturday,1,0,Spring,18.9,1,0,93,118,108
2008-04-06,Sunday,1,0,Spring,17.0,1,0,108,116,116
2008-04-07,Monday,0,0,Spring,9.9,1,0,116,100,79
2008-04-08,Tuesday,0,0,Spring,12.5,0,0,79,95,73
2008-04-09,Wednesday,0,0,Spring,20.9,0,0,73,79,67
2008-04-10,Thursday,0,0,Spring,17.7,0,0,67,91,77
2008-04-11,Friday,0,0,Spring,14.4,0,0,77,93,90
2008-04-12,Saturday,1,0,Spring,16.3,0,0,90,108,115
2008-04-13,Sunday,1,0,Spring,17.1,0,0,115,116,105
2008-04-14,Monday,0,0,Spring,19.4,0,0,105,79,110
2008-04-15,Tuesday,0,0,Spring,13.3,0,0,110,73,96
2008-04-16,Wednesday,0,0,Spring,15.0,0,1,96,67,97
2008-04-17,Thursday,0,0,Spring,18.5,0,0,97,77,98
2008-04-18,Friday,0,0,Spring,17.5,0,0,98,90,89
2008-04-19,Saturday,1,0,Spring,19.7,0,1,89,115,110
2008-04-20,Sunday,1,0,Spring,14.4,1,0,110,105,98
2008-04-21,Monday,0,0,Spring,19.3,0,0,98,110,103
2008-04-22,Tuesday,0,0,Spring,21.7,1,0,103,96,89
2008-04-23,Wednesday,0,0,Spring,20.0,0,0,89,97,92
2008-04-24,Thursday,0,0,Spring,19.1,0,0,92,98,92
2008-04-25,Friday,0,0,Spring,18.5,0,0,92,89,107
2008-04-26,Saturday,1,0,Spring,16.4,1,0,107,110,105
2008-04-27,Sunday,1,0,Spring,18.9,1,1,105,98,102
2008-04-28,Monday,0,0,Spring,23.0,0,0,102,103,103
2008-04-29,Tuesday,0,0,Spring,19.0,1,0,103,89,92
2008-04-30,Wednesday,0,0,Spring,16.8,1,0,92,92,98
2008-05-01,Thursday,0,1,Spring,18.1,1,0,98,92,102
2008-05-02,Friday,0,0,Spring,20.3,0,1,102,107,116
2008-05-03,Saturday,1,0,Spring,18.7,0,0,116,105,122
2008-05-04,Sunday,1,0,Spring,21.4,1,0,122,102,115
2008-05-05,Monday,0,0,Spring,21.7,1,0,115,103,107
2008-05-06,Tuesday,0,0,Spring,22.9,1,0,107,92,102
2008-05-07,Wednesday,0,0,Spring,24.6,0,0,102,98,99
2008-05-08,Thursday,0,0,Spring,23.5,1,1,99,102,99
2008-05-09,Friday,0,0,Spring,17.8,1,0,99,116,102
2008-05-10,Saturday,1,0,Spring,18.0,1,0,102,122,97
2008-05-11,Sunday,1,0,Spring,20.6,1,0,97,115,99
2008-05-12,Monday,0,0,Spring,19.6,0,0,99,107,95
2008-05-13,Tuesday,0,0,Spring,17.6,1,0,95,102,101
2008-05-14,Wednesday,0,0,Spring,19.8,0,0,101,99,98
2008-05-15,Thursday,0,0,Spring,19.8,0,0,98,99,112
2008-05-16,Friday,0,0,Spring,19.3,0,0,112,102,113
2008-05-17,Saturday,1,0,Spring,20.5,1,0,113,97,98
2008-05-18,Sunday,1,0,Spring,25.0,0,0,98,99,113
2008-05-19,Monday,0,0,Spring,22.2,0,0,113,95,110
2008-05-20,Tuesday,0,0,Spring,29.1,0,0,110,101,95
2008-05-21,Wednesday,0,0,Spring,22.3,1,0,95,98,99
2008-05-22,Thursday,0,0,Spring,21.0,0,0,99,112,115
2008-05-23,Friday,0,0,Spring,21.9,0,0,115,113,100
2008-05-24,Saturday,1,0,Spring,22.8,0,0,100,98,101
2008-05-25,Sunday,1,0,Spring,23.4,0,0,101,113,117
2008-05-26,Monday,0,0,Spring,28.4,0,0,117,110,110
2008-05-27,Tuesday,0,0,Spring,19.7,1,0,110,95,108
2008-05-28,Wednesday,0,0,Spring,24.8,0,0,108,99,111
2008-05-29,Thursday,0,0,Spring,23.0,0,1,111,115,125
2008-05-30,Friday,0,0,Spring,17.7,1,0,125,100,119
2008-05-31,Saturday,1,0,Spring,24.8,0,0,119,101,113
2008-06-01,Sunday,1,0,Summer,26.3,0,0,113,117,118
2008-06-02,Monday,0,0,Summer,20.0,0,0,118,110,124
2008-06-03,Tuesday,0,0,Summer,22.6,0,0,124,108,112
2008-06-04,Wednesday,0,0,Summer,17.5,0,0,112,111,116
2008-06-05,Thursday,0,0,Summer,18.9,1,0,116,125,113
2008-06-06,Friday,0,0,Summer,25.9,1,0,113,119,111
2008-06-07,Saturday,1,0,Summer,21.4,0,1,111,113,120
2008-06-08,Sunday,1,0,Summer,19.5,0,0,120,118,124
2008-06-09,Monday,0,0,Summer,23.5,0,0,124,124,127
2008-06-10,Tuesday,0,0,Summer,21.3,1,0,127,112,116
2008-06-11,Wednesday,0,0,Summer,21.5,0,0,116,116,115
2008-06-12,Thursday,0,0,Summer,25.1,0,0,115,113,108
2008-06-13,Friday,0,0,Summer,19.5,0,0,108,111,113
2008-06-14,Saturday,1,0,Summer,20.2,0,0,113,120,123
2008-06-15,Sunday,1,0,Summer,23.4,0,0,123,124,119
2008-06-16,Monday,0,0,Summer,25.9,0,0,119,127,121
2008-06-17,Tuesday,0,0,Summer,26.7,0,0,121,116,112
2008-06-18,Wednesday,0,0,Summer,21.0,0,0,112,115,109
2008-06-19,Thursday,0,0,Summer,25.8,0,0,109,108,118
2008-06-20,Friday,0,0,Summer,20.6,0,0,118,113,129
2008-06-21,Saturday,1,0,Summer,28.5,0,0,129,123,144
2008-06-22,Sunday,1,0,Summer,19.6,0,1,144,119,138
2008-06-23,Monday,0,0,Summer,27.0,0,0,138,121,129
2008-06-24,Tuesday,0,0,Summer,21.0,0,1,129,112,129
2008-06-25,Wednesday,0,0,Summer,29.0,0,0,129,109,125
2008-06-26,Thursday,0,0,Summer,24.7,0,0,125,118,123
2008-06-27,Friday,0,0,Summer,19.9,0,0,123,129,134
2008-06-28,Saturday,1,0,Summer,21.3,0,0,134,144,134
2008-06-29,Sunday,1,0,Summer,25.2,0,0,134,138,127
2008-06-30,Monday,0,0,Summer,26.0,0,0,127,129,125
2008-07-01,Tuesday,0,0,Summer,22.6,0,0,125,129,119
2008-07-02,Wednesday,0,0,Summer,22.9,0,0,119,125,132
2008-07-03,Thursday,0,0,Summer,25.0,1,0,132,123,120
2008-07-04,Friday,0,0,Summer,23.1,0,0,120,134,133
2008-07-05,Saturday,1,0,Summer,18.8,1,0,133,134,134
2008-07-06,Sunday,1,0,Summer,20.2,0,0,134,127,120
2008-07-07,Monday,0,0,Summer,23.2,0,0,120,125,121
2008-07-08,Tuesday,0,0,Summer,26.1,0,0,121,119,113
2008-07-09,Wednesday,0,0,Summer,27.3,0,0,113,132,136
2008-07-10,Thursday,0,0,Summer,24.7,0,0,136,120,122
2008-07-11,Friday,0,0,Summer,23.2,0,1,122,133,128
2008-07-12,Saturday,1,0,Summer,24.5,0,1,128,134,126
2008-07-13,Sunday,1,0,Summer,20.2,0,0,126,120,119
2008-07-14,Monday,0,0,Summer,21.7,0,1,119,121,127
2008-07-15,Tuesday,0,0,Summer,19.6,1,0,127,113,105
2008-07-16,Wednesday,0,0,Summer,18.2,0,0,105,136,117
2008-07-17,Thursday,0,0,Summer,22.9,1,0,117,122,117
2008-07-18,Friday,0,0,Summer,22.4,1,1,117,128,120
2008-07-19,Saturday,1,0,Summer,23.8,1,0,120,126,124
2008-07-20,Sunday,1,0,Summer,23.3,0,0,124,119,118
2008-07-21,Monday,0,0,Summer,22.3,0,0,118,127,122
2008-07-22,Tuesday,0,0,Summer,23.1,1,0,122,105,97
2008-07-23,Wednesday,0,0,Summer,21.2,0,0,97,117,110
2008-07-24,Thursday,0,0,Summer,22.5,0,0,110,117,109
2008-07-25,Friday,0,0,Summer,19.0,0,0,109,120,116
2008-07-26,Saturday,1,0,Summer,22.2,0,0,116,124,128
2008-07-27,Sunday,1,0,Summer,23.0,0,0,128,118,127
2008-07-28,Monday,0,0,Summer,18.9,0,0,127,122,131
2008-07-29,Tuesday,0,0,Summer,20.9,0,0,131,97,111
2008-07-30,Wednesday,0,0,Summer,18.8,1,0,111,110,96
2008-07-31,Thursday,0,0,Summer,19.0,0,0,96,109,119
2008-08-01,Friday,0,0,Summer,17.0,0,1,119,116,128
2008-08-02,Saturday,1,0,Summer,24.1,0,0,128,128,133
2008-08-03,Sunday,1,0,Summer,23.4,0,0,133,127,146
2008-08-04,Monday,0,0,Summer,21.7,0,0,146,131,120
2008-08-05,Tuesday,0,0,Summer,25.9,0,0,120,111,114
2008-08-06,Wednesday,0,0,Summer,19.3,1,0,114,96,95
2008-08-07,Thursday,0,0,Summer,28.8,0,0,95,119,110
2008-08-08,Friday,0,0,Summer,18.9,0,0,110,128,108
2008-08-09,Saturday,1,0,Summer,20.2,0,0,108,133,124
2008-08-10,Sunday,1,0,Summer,18.1,0,0,124,146,130
2008-08-11,Monday,0,0,Summer,20.3,0,0,130,120,118
2008-08-12,Tuesday,0,0,Summer,21.5,0,0,118,114,97
2008-08-13,Wednesday,0,0,Summer,18.6,1,0,97,95,100
2008-08-14,Thursday,0,0,Summer,24.1,0,0,100,110,107
2008-08-15,Friday,0,0,Summer,19.3,1,0,107,108,127
2008-08-16,Saturday,1,0,Summer,19.3,1,0,127,124,122
2008-08-17,Sunday,1,0,Summer,15.6,0,0,122,130,119
2008-08-18,Monday,0,0,Summer,19.4,0,0,119,118,114
2008-08-19,Tuesday,0,0,Summer,17.6,0,0,114,97,96
2008-08-20,Wednesday,0,0,Summer,16.1,0,0,96,100,107
2008-08-21,Thursday,0,0,Summer,15.4,1,1,107,107,105
2008-08-22,Friday,0,0,Summer,25.6,0,0,105,127,113
2008-08-23,Saturday,1,0,Summer,16.6,0,0,113,122,127
2008-08-24,Sunday,1,0,Summer,12.9,0,0,127,119,123
2008-08-25,Monday,0,0,Summer,15.0,0,0,123,114,113
2008-08-26,Tuesday,0,0,Summer,16.8,1,1,113,96,99
2008-08-27,Wednesday,0,0,Summer,18.4,0,0,99,107,110
2008-08-28,Thursday,0,0,Summer,18.3,0,0,110,105,102
2008-08-29,Friday,0,0,Summer,18.5,0,0,102,113,99
2008-08-30,Saturday,1,0,Summer,14.4,0,0,99,127,118
2008-08-31,Sunday,1,0,Summer,17.2,0,0,118,123,119
2008-09-01,Monday,0,0,Autumn,13.4,0,0,119,113,104
2008-09-02,Tuesday,0,0,Autumn,14.0,0,0,104,99,101
2008-09-03,Wednesday,0,0,Autumn,12.9,1,0,101,110,93
2008-09-04,Thursday,0,0,Autumn,11.9,1,0,93,102,79
2008-09-05,Friday,0,0,Autumn,18.5,1,0,79,99,88
2008-09-06,Saturday,1,0,Autumn,17.2,0,0,88,118,108
2008-09-07,Sunday,1,0,Autumn,17.9,0,0,108,119,113
2008-09-08,Monday,0,0,Autumn,14.9,0,0,113,104,100
2008-09-09,Tuesday,0,0,Autumn,17.0,1,0,100,101,110
2008-09-10,Wednesday,0,0,Autumn,9.2,1,0,110,93,105
2008-09-11,Thursday,0,0,Autumn,16.9,0,0,105,79,87
2008-09-12,Friday,0,0,Autumn,14.7,0,0,87,88,82
2008-09-13,Saturday,1,0,Autumn,15.8,0,0,82,108,109
2008-09-14,Sunday,1,0,Autumn,14.9,0,0,109,113,117
2008-09-15,Monday,0,0,Autumn,10.7,1,1,117,100,115
2008-09-16,Tuesday,0,0,Autumn,9.0,1,0,115,110,96
2008-09-17,Wednesday,0,0,Autumn,11.1,0,0,96,105,93
2008-09-18,Thursday,0,0,Autumn,14.8,1,0,93,87,76
2008-09-19,Friday,0,0,Autumn,15.0,1,1,76,82,91
2008-09-20,Saturday,1,0,Autumn,8.7,0,0,91,109,96
2008-09-21,Sunday,1,0,Autumn,9.6,0,0,96,117,97
2008-09-22,Monday,0,0,Autumn,10.3,0,0,97,115,102
2008-09-23,Tuesday,0,0,Autumn,11.2,1,0,102,96,89
2008-09-24,Wednesday,0,0,Autumn,8.0,0,0,89,93,92
2008-09-25,Thursday,0,0,Autumn,7.6,0,0,92,76,84
2008-09-26,Friday,0,0,Autumn,9.3,0,0,84,91,93
2008-09-27,Saturday,1,0,Autumn,11.8,1,0,93,96,87
2008-09-28,Sunday,1,0,Autumn,7.9,0,0,87,97,85
2008-09-29,Monday,0,0,Autumn,10.9,1,1,85,102,94
2008-09-30,Tuesday,0,0,Autumn,14.2,0,0,94,89,101
2008-10-01,Wednesday,0,0,Autumn,7.0,1,0,101,92,91
2008-10-02,Thursday,0,0,Autumn,10.1,0,0,91,84,88
2008-10-03,Friday,0,0,Autumn,13.6,0,1,88,93,111
2008-10-04,Saturday,1,0,Autumn,9.1,1,0,111,87,99
2008-10-05,Sunday,1,0,Autumn,8.5,0,0,99,85,89
2008-10-06,Monday,0,0,Autumn,13.5,0,0,89,94,87
2008-10-07,Tuesday,0,0,Autumn,9.0,1,1,87,101,94
2008-10-08,Wednesday,0,0,Autumn,13.0,0,0,94,91,82
2008-10-09,Thursday,0,0,Autumn,10.9,0,0,82,88,86
2008-10-10,Friday,0,0,Autumn,8.4,1,0,86,111,80
2008-10-11,Saturday,1,0,Autumn,10.7,1,0,80,99,89
2008-10-12,Sunday,1,0,Autumn,10.0,0,0,89,89,91
2008-10-13,Monday,0,0,Autumn,12.0,0,0,91,87,85
2008-10-14,Tuesday,0,0,Autumn,7.1,0,0,85,94,70
2008-10-15,Wednesday,0,0,Autumn,8.7,0,0,70,82,76
2008-10-16,Thursday,0,0,Autumn,8.3,0,0,76,86,87
2008-10-17,Friday,0,0,Autumn,10.4,0,0,87,80,98
2008-10-18,Saturday,1,0,Autumn,5.1,1,0,98,89,104
2008-10-19,Sunday,1,0,Autumn,11.1,0,0,104,91,100
2008-10-20,Monday,0,0,Autumn,9.3,0,0,100,85,105
2008-10-21,Tuesday,0,0,Autumn,3.8,1,0,105,70,76
2008-10-22,Wednesday,0,0,Autumn,11.2,1,1,76,76,77
2008-10-23,Thursday,0,0,Autumn,14.1,1,0,77,87,81
2008-10-24,Friday,0,0,Autumn,10.3,0,0,81,98,96
2008-10-25,Saturday,1,0,Autumn,11.4,0,0,96,104,107
2008-10-26,Sunday,1,0,Autumn,7.3,1,0,107,100,82
2008-10-27,Monday,0,0,Autumn,1.9,0,0,82,105,75
2008-10-28,Tuesday,0,0,Autumn,1.2,0,0,75,76,77
2008-10-29,Wednesday,0,0,Autumn,7.4,0,0,77,77,70
2008-10-30,Thursday,0,0,Autumn,4.7,1,0,70,81,71
2008-10-31,Friday,0,0,Autumn,3.6,0,0,71,96,85
2008-11-01,Saturday,1,0,Autumn,6.0,0,1,85,107,107
2008-11-02,Sunday,1,0,Autumn,7.9,0,0,107,82,103
2008-11-03,Monday,0,0,Autumn,1.6,1,0,103,75,89
2008-11-04,Tuesday,0,0,Autumn,4.5,0,0,89,77,84
2008-11-05,Wednesday,0,0,Autumn,10.3,0,0,84,70,70
2008-11-06,Thursday,0,0,Autumn,2.4,1,0,70,71,72
2008-11-07,Friday,0,0,Autumn,8.1,0,0,72,85,89
2008-11-08,Saturday,1,0,Autumn,3.9,0,0,89,107,101
2008-11-09,Sunday,1,0,Autumn,6.9,0,0,101,103,109
2008-11-10,Monday,0,0,Autumn,8.5,0,0,109,89,94
2008-11-11,Tuesday,0,0,Autumn,7.3,0,0,94,84,84
2008-11-12,Wednesday,0,0,Autumn,7.7,0,0,84,70,72
2008-11-13,Thursday,0,0,Autumn,1.4,0,1,72,72,94
2008-11-14,Friday,0,0,Autumn,8.1,1,0,94,89,82
2008-11-15,Saturday,1,0,Autumn,2.1,0,0,82,101,92
2008-11-16,Sunday,1,0,Autumn,5.3,0,0,92,109,94
2008-11-17,Monday,0,0,Autumn,5.2,1,0,94,94,73
2008-11-18,Tuesday,0,0,Autumn,5.8,1,0,73,84,78
2008-11-19,Wednesday,0,0,Autumn,5.3,0,0,78,72,78
2008-11-20,Thursday,0,0,Autumn,1.7,0,0,78,94,83
2008-11-21,Friday,0,0,Autumn,0.1,0,0,83,82,78
2008-11-22,Saturday,1,0,Autumn,6.7,1,1,78,92,98
2008-11-23,Sunday,1,0,Autumn,4.5,1,0,98,94,90
2008-11-24,Monday,0,0,Autumn,7.4,0,0,90,73,82
2008-11-25,Tuesday,0,0,Autumn,3.7,0,0,82,78,86
2008-11-26,Wednesday,0,0,Autumn,-0.4,0,0,86,78,60
2008-11-27,Thursday,0,0,Autumn,6.6,1,0,60,83,76
2008-11-28,Friday,0,0,Autumn,2.5,0,0,76,78,96
2008-11-29,Saturday,1,0,Autumn,4.6,0,1,96,98,118
2008-11-30,Sunday,1,0,Autumn,1.6,0,0,118,90,107
2008-12-01,Monday,0,0,Winter,8.4,1,0,107,82,93
2008-12-02,Tuesday,0,0,Winter,0.8,1,0,93,86,71
2008-12-03,Wednesday,0,0,Winter,2.4,0,0,71,60,67
2008-12-04,Thursday,0,0,Winter,3.7,1,0,67,76,66
2008-12-05,Friday,0,0,Winter,0.0,0,0,66,96,74
2008-12-06,Saturday,1,0,Winter,4.2,1,0,74,118,96
2008-12-07,Sunday,1,0,Winter,8.0,1,0,96,107,93
2008-12-08,Monday,0,0,Winter,1.7,1,0,93,93,66
2008-12-09,Tuesday,0,0,Winter,4.3,0,0,66,71,69
2008-12-10,Wednesday,0,0,Winter,-5.0,0,0,69,67,63
2008-12-11,Thursday,0,0,Winter,3.0,1,0,63,66,67
2008-12-12,Friday,0,0,Winter,2.1,1,0,67,74,66
2008-12-13,Saturday,1,0,Winter,0.6,0,0,66,96,69
2008-12-14,Sunday,1,0,Winter,6.3,1,0,69,93,71
2008-12-15,Monday,0,0,Winter,2.0,0,0,71,66,58
2008-12-16,Tuesday,0,0,Winter,2.5,0,1,58,69,61
2008-12-17,Wednesday,0,0,Winter,1.9,1,0,61,63,54
2008-12-18,Thursday,0,0,Winter,-2.7,0,1,54,67,72
2008-12-19,Friday,0,0,Winter,-0.4,0,0,72,66,61
2008-12-20,Saturday,1,0,Winter,5.9,0,0,61,69,80
2008-12-21,Sunday,1,0,Winter,-3.3,1,0,80,71,63
2008-12-22,Monday,0,0,Winter,0.7,0,0,63,58,55
2008-12-23,Tuesday,0,0,Winter,1.8,0,1,55,61,64
2008-12-24,Wednesday,0,1,Winter,8.3,0,0,64,54,67
2008-12-25,Thursday,0,1,Winter,5.4,0,0,67,72,80
2008-12-26,Friday,0,1,Winter,1.4,0,1,80,61,87
2008-12-27,Saturday,1,0,Winter,7.0,0,0,87,80,88
2008-12-28,Sunday,1,0,Winter,0.9,0,0,88,63,62
2008-12-29,Monday,0,0,Winter,6.2,1,0,62,55,59
2008-12-30,Tuesday,0,0,Winter,-0.9,0,0,59,64,72
2008-12-31,Wednesday,0,1,Winter,6.4,0,0,72,67,72
2009-01-01,Thursday,0,1,Winter,2.0,1,0,72,80,81
2009-01-02,Friday,0,0,Winter,0.2,0,0,81,87,75
2009-01-03,Saturday,1,0,Winter,2.7,0,1,75,88,98
2009-01-04,Sunday,1,0,Winter,4.2,1,0,98,62,84
2009-01-05,Monday,0,0,Winter,1.9,1,0,84,59,63
2009-01-06,Tuesday,0,0,Winter,5.1,1,0,63,72,59
2009-01-07,Wednesday,0,0,Winter,1.7,0,0,59,72,67
2009-01-08,Thursday,0,0,Winter,5.4,1,0,67,81,70
2009-01-09,Friday,0,0,Winter,4.9,0,0,70,75,66
2009-01-10,Saturday,1,0,Winter,3.5,0,0,66,98,72
2009-01-11,Sunday,1,0,Winter,2.4,1,0,72,84,79
2009-01-12,Monday,0,0,Winter,4.2,0,0,79,63,63
2009-01-13,Tuesday,0,0,Winter,5.5,0,0,63,59,62
2009-01-14,Wednesday,0,0,Winter,10.1,0,0,62,67,71
2009-01-15,Thursday,0,0,Winter,6.8,0,0,71,70,64
2009-01-16,Friday,0,0,Winter,7.0,1,0,64,66,60
2009-01-17,Saturday,1,0,Winter,13.4,0,1,60,72,96
2009-01-18,Sunday,1,0,Winter,5.8,0,0,96,79,86
2009-01-19,Monday,0,0,Winter,5.8,0,0,86,63,79
2009-01-20,Tuesday,0,0,Winter,6.5,0,0,79,62,88
2009-01-21,Wednesday,0,0,Winter,1.5,1,0,88,71,74
2009-01-22,Thursday,0,0,Winter,3.3,0,0,74,64,64
2009-01-23,Friday,0,0,Winter,3.2,1,1,64,60,72
2009-01-24,Saturday,1,0,Winter,6.7,0,1,72,96,92
2009-01-25,Sunday,1,0,Winter,4.4,0,0,92,86,89
2009-01-26,Monday,0,0,Winter,5.4,0,0,89,79,83
2009-01-27,Tuesday,0,0,Winter,8.4,1,0,83,88,83
2009-01-28,Wednesday,0,0,Winter,7.8,0,0,83,74,63
2009-01-29,Thursday,0,0,Winter,4.8,0,0,63,64,74
2009-01-30,Friday,0,0,Winter,3.4,1,0,74,72,74
2009-01-31,Saturday,1,0,Winter,8.9,0,0,74,92,83
2009-02-01,Sunday,1,0,Winter,8.0,1,0,83,89,88
2009-02-02,Monday,0,0,Winter,0.9,0,0,88,83,69
2009-02-03,Tuesday,0,0,Winter,4.9,0,0,69,83,64
2009-02-04,Wednesday,0,0,Winter,6.5,0,0,64,63,72
2009-02-05,Thursday,0,0,Winter,8.5,0,0,72,74,75
2009-02-06,Friday,0,0,Winter,9.0,1,0,75,74,86
2009-02-07,Saturday,1,0,Winter,7.2,0,0,86,83,84
2009-02-08,Sunday,1,0,Winter,8.3,0,0,84,88,89
2009-02-09,Monday,0,0,Winter,6.8,1,0,89,69,75
2009-02-10,Tuesday,0,0,Winter,4.8,1,0,75,64,68
2009-02-11,Wednesday,0,0,Winter,6.1,0,0,68,72,73
2009-02-12,Thursday,0,0,Winter,7.1,0,0,73,75,78
2009-02-13,Friday,0,0,Winter,7.1,0,0,78,86,83
2009-02-14,Saturday,1,0,Winter,1.7,1,0,83,84,69
2009-02-15,Sunday,1,0,Winter,6.3,1,0,69,89,82
2009-02-16,Monday,0,0,Winter,7.8,1,0,82,75,55
2009-02-17,Tuesday,0,0,Winter,6.9,0,0,55,68,52
2009-02-18,Wednesday,0,0,Winter,7.2,0,0,52,73,57
2009-02-19,Thursday,0,0,Winter,9.5,0,0,57,78,75
2009-02-20,Friday,0,0,Winter,5.0,0,0,75,83,78
2009-02-21,Saturday,1,0,Winter,3.5,0,0,78,69,93
2009-02-22,Sunday,1,0,Winter,7.5,0,0,93,82,79
2009-02-23,Monday,0,0,Winter,11.0,0,0,79,55,61
2009-02-24,Tuesday,0,0,Winter,13.9,0,1,61,52,54
2009-02-25,Wednesday,0,0,Winter,11.3,0,0,54,57,53
2009-02-26,Thursday,0,0,Winter,4.7,0,0,53,75,60
2009-02-27,Friday,0,0,Winter,8.6,1,0,60,78,80
2009-02-28,Saturday,1,0,Winter,10.2,1,0,80,93,95
2009-03-01,Sunday,1,0,Spring,10.2,0,0,95,79,94
2009-03-02,Monday,0,0,Spring,11.4,1,1,94,61,82
2009-03-03,Tuesday,0,0,Spring,7.2,0,0,82,54,77
2009-03-04,Wednesday,0,0,Spring,10.3,0,0,77,53,81
2009-03-05,Thursday,0,0,Spring,11.5,1,1,81,60,78
2009-03-06,Friday,0,0,Spring,12.9,0,0,78,80,82
2009-03-07,Saturday,1,0,Spring,8.2,0,0,82,95,91
2009-03-08,Sunday,1,0,Spring,9.7,0,0,91,94,83
2009-03-09,Monday,0,0,Spring,2.8,0,0,83,82,86
2009-03-10,Tuesday,0,0,Spring,9.3,0,0,86,77,77
2009-03-11,Wednesday,0,0,Spring,9.7,0,0,77,81,78
2009-03-12,Thursday,0,0,Spring,8.4,0,0,78,78,91
2009-03-13,Friday,0,0,Spring,12.1,0,0,91,82,88
2009-03-14,Saturday,1,0,Spring,11.6,0,0,88,91,106
2009-03-15,Sunday,1,0,Spring,5.2,0,0,106,83,84
2009-03-16,Monday,0,0,Spring,12.8,0,0,84,86,87
2009-03-17,Tuesday,0,0,Spring,9.5,0,1,87,77,86
2009-03-18,Wednesday,0,0,Spring,13.9,0,1,86,78,81
2009-03-19,Thursday,0,0,Spring,8.8,0,0,81,91,78
2009-03-20,Friday,0,0,Spring,12.9,1,0,78,88,86
2009-03-21,Saturday,1,0,Spring,12.2,1,0,86,106,90
2009-03-22,Sunday,1,0,Spring,14.1,0,0,90,84,96
2009-03-23,Monday,0,0,Spring,13.7,0,1,96,87,92
2009-03-24,Tuesday,0,0,Spring,12.8,1,0,92,86,73
2009-03-25,Wednesday,0,0,Spring,9.1,0,0,73,81,84
2009-03-26,Thursday,0,0,Spring,9.4,1,0,84,78,83
2009-03-27,Friday,0,0,Spring,12.3,1,0,83,86,74
2009-03-28,Saturday,1,0,Spring,14.2,1,0,74,90,93
2009-03-29,Sunday,1,0,Spring,12.5,0,0,93,96,98
2009-03-30,Monday,0,0,Spring,16.4,0,0,98,92,90
2009-03-31,Tuesday,0,0,Spring,13.9,0,1,90,73,89
2009-04-01,Wednesday,0,0,Spring,12.0,0,0,89,84,96
2009-04-02,Thursday,0,0,Spring,14.2,1,0,96,83,92
2009-04-03,Friday,0,0,Spring,15.9,1,0,92,74,98
2009-04-04,Saturday,1,0,Spring,16.4,0,0,98,93,107
2009-04-05,Sunday,1,0,Spring,21.2,0,0,107,98,110
2009-04-06,Monday,0,0,Spring,13.7,1,1,110,90,96
2009-04-07,Tuesday,0,0,Spring,15.7,1,0,96,89,90
2009-04-08,Wednesday,0,0,Spring,17.3,1,0,90,96,97
2009-04-09,Thursday,0,0,Spring,16.1,0,0,97,92,97
2009-04-10,Friday,0,0,Spring,14.9,1,0,97,98,111
2009-04-11,Saturday,1,0,Spring,11.9,0,0,111,107,119
2009-04-12,Sunday,1,0,Spring,15.2,0,0,119,110,106
2009-04-13,Monday,0,0,Spring,13.6,0,0,106,96,93
2009-04-14,Tuesday,0,0,Spring,11.8,0,0,93,90,94
2009-04-15,Wednesday,0,0,Spring,14.8,1,0,94,97,80
2009-04-16,Thursday,0,0,Spring,14.2,0,0,80,97,89
2009-04-17,Friday,0,0,Spring,19.2,0,0,89,111,96
2009-04-18,Saturday,1,0,Spring,19.4,0,0,96,119,112
2009-04-19,Sunday,1,0,Spring,15.1,1,0,112,106,100
2009-04-20,Monday,0,0,Spring,17.2,0,0,100,93,102
2009-04-21,Tuesday,0,0,Spring,12.5,0,0,102,94,91
2009-04-22,Wednesday,0,0,Spring,16.7,0,1,91,80,101
2009-04-23,Thursday,0,0,Spring,19.6,0,1,101,89,96
2009-04-24,Friday,0,0,Spring,21.0,0,0,96,96,100
2009-04-25,Saturday,1,0,Spring,16.5,0,0,100,112,101
2009-04-26,Sunday,1,0,Spring,22.0,0,0,101,100,115
2009-04-27,Monday,0,0,Spring,14.4,1,0,115,102,94
2009-04-28,Tuesday,0,0,Spring,15.3,1,0,94,91,88
2009-04-29,Wednesday,0,0,Spring,21.3,0,0,88,101,98
2009-04-30,Thursday,0,0,Spring,24.4,0,1,98,96,104
2009-05-01,Friday,0,1,Spring,21.0,0,0,104,100,104
2009-05-02,Saturday,1,0,Spring,19.5,0,0,104,101,112
2009-05-03,Sunday,1,0,Spring,13.2,0,0,112,115,98
2009-05-04,Monday,0,0,Spring,13.8,1,0,98,94,98
2009-05-05,Tuesday,0,0,Spring,20.4,1,0,98,88,90
2009-05-06,Wednesday,0,0,Spring,19.0,0,0,90,98,84
2009-05-07,Thursday,0,0,Spring,16.9,1,0,84,104,89
2009-05-08,Friday,0,0,Spring,20.5,1,0,89,104,102
2009-05-09,Saturday,1,0,Spring,20.8,0,0,102,112,107
2009-05-10,Sunday,1,0,Spring,23.4,1,0,107,98,92
2009-05-11,Monday,0,0,Spring,21.1,1,0,92,98,90
2009-05-12,Tuesday,0,0,Spring,24.5,1,0,90,90,95
2009-05-13,Wednesday,0,0,Spring,20.9,1,0,95,84,92
2009-05-14,Thursday,0,0,Spring,20.7,0,0,92,89,98
2009-05-15,Friday,0,0,Spring,24.3,0,0,98,102,113
2009-05-16,Saturday,1,0,Spring,18.3,1,0,113,107,123
2009-05-17,Sunday,1,0,Spring,29.8,0,0,123,92,99
2009-05-18,Monday,0,0,Spring,22.5,0,0,99,90,86
2009-05-19,Tuesday,0,0,Spring,22.6,0,0,86,95,93
2009-05-20,Wednesday,0,0,Spring,23.2,0,0,93,92,98
2009-05-21,Thursday,0,0,Spring,27.3,0,0,98,98,93
2009-05-22,Friday,0,0,Spring,24.1,1,0,93,113,98
2009-05-23,Saturday,1,0,Spring,17.0,0,0,98,123,125
2009-05-24,Sunday,1,0,Spring,26.1,0,0,125,99,116
2009-05-25,Monday,0,0,Spring,21.0,0,1,116,86,110
2009-05-26,Tuesday,0,0,Spring,22.4,0,0,110,93,115
2009-05-27,Wednesday,0,0,Spring,18.3,1,0,115,98,103
2009-05-28,Thursday,0,0,Spring,23.8,1,0,103,93,105
2009-05-29,Friday,0,0,Spring,20.3,1,0,105,98,107
2009-05-30,Saturday,1,0,Spring,22.6,0,0,107,125,117
2009-05-31,Sunday,1,0,Spring,21.5,1,0,117,116,112
2009-06-01,Monday,0,0,Summer,28.2,0,0,112,110,120
2009-06-02,Tuesday,0,0,Summer,28.5,0,0,120,115,118
2009-06-03,Wednesday,0,0,Summer,22.7,0,0,118,103,105
2009-06-04,Thursday,0,0,Summer,22.8,0,0,105,105,116
2009-06-05,Friday,0,0,Summer,21.5,0,0,116,107,97
2009-06-06,Saturday,1,0,Summer,26.0,0,0,97,117,128
2009-06-07,Sunday,1,0,Summer,21.8,0,0,128,112,123
2009-06-08,Monday,0,0,Summer,21.5,0,1,123,120,124
2009-06-09,Tuesday,0,0,Summer,25.7,0,0,124,118,120
2009-06-10,Wednesday,0,0,Summer,21.2,0,0,120,105,122
2009-06-11,Thursday,0,0,Summer,22.8,1,1,122,116,125
2009-06-12,Friday,0,0,Summer,18.2,0,0,125,97,116
2009-06-13,Saturday,1,0,Summer,25.0,0,0,116,128,121
2009-06-14,Sunday,1,0,Summer,28.8,0,0,121,123,122
2009-06-15,Monday,0,0,Summer,25.1,0,0,122,124,123
2009-06-16,Tuesday,0,0,Summer,27.4,0,0,123,120,122
2009-06-17,Wednesday,0,0,Summer,20.4,0,0,122,122,130
2009-06-18,Thursday,0,0,Summer,23.7,0,1,130,125,128
2009-06-19,Friday,0,0,Summer,20.2,0,0,128,116,116
2009-06-20,Saturday,1,0,Summer,22.3,0,0,116,121,127
2009-06-21,Sunday,1,0,Summer,25.3,0,0,127,122,127
2009-06-22,Monday,0,0,Summer,23.3,0,0,127,123,111
2009-06-23,Tuesday,0,0,Summer,18.8,1,0,111,122,105
2009-06-24,Wednesday,0,0,Summer,19.0,0,0,105,130,117
2009-06-25,Thursday,0,0,Summer,18.8,0,0,117,128,110
2009-06-26,Friday,0,0,Summer,24.4,0,0,110,116,110
2009-06-27,Saturday,1,0,Summer,29.1,0,0,110,127,121
2009-06-28,Sunday,1,0,Summer,27.0,0,0,121,127,122
2009-06-29,Monday,0,0,Summer,17.2,0,0,122,111,117
2009-06-30,Tuesday,0,0,Summer,27.1,0,0,117,105,109
2009-07-01,Wednesday,0,0,Summer,25.6,0,0,109,117,125
2009-07-02,Thursday,0,0,Summer,18.2,0,0,125,110,110
2009-07-03,Friday,0,0,Summer,21.9,1,0,110,110,114
2009-07-04,Saturday,1,0,Summer,26.0,0,0,114,121,125
2009-07-05,Sunday,1,0,Summer,24.3,0,0,125,122,127
2009-07-06,Monday,0,0,Summer,18.7,0,0,127,117,99
2009-07-07,Tuesday,0,0,Summer,24.4,0,0,99,109,97
2009-07-08,Wednesday,0,0,Summer,16.1,0,0,97,125,105
2009-07-09,Thursday,0,0,Summer,21.8,0,0,105,110,96
2009-07-10,Friday,0,0,Summer,25.8,1,1,96,114,95
2009-07-11,Saturday,1,0,Summer,22.4,0,0,95,125,108
2009-07-12,Sunday,1,0,Summer,20.8,0,0,108,127,121
2009-07-13,Monday,0,0,Summer,24.9,0,0,121,99,114
2009-07-14,Tuesday,0,0,Summer,25.1,1,0,114,97,97
2009-07-15,Wednesday,0,0,Summer,26.0,0,0,97,105,103
2009-07-16,Thursday,0,0,Summer,24.7,1,0,103,96,106
2009-07-17,Friday,0,0,Summer,25.2,0,1,106,95,127
2009-07-18,Saturday,1,0,Summer,24.1,0,0,127,108,136
2009-07-19,Sunday,1,0,Summer,22.6,1,0,136,121,134
2009-07-20,Monday,0,0,Summer,22.0,0,0,134,114,116
2009-07-21,Tuesday,0,0,Summer,20.9,0,0,116,97,107
2009-07-22,Wednesday,0,0,Summer,17.9,0,1,107,103,113
2009-07-23,Thursday,0,0,Summer,18.6,1,0,113,106,106
2009-07-24,Friday,0,0,Summer,20.5,1,0,106,127,104
2009-07-25,Saturday,1,0,Summer,22.0,0,0,104,136,133
2009-07-26,Sunday,1,0,Summer,25.5,0,0,133,134,137
2009-07-27,Monday,0,0,Summer,20.9,0,0,137,116,127
2009-07-28,Tuesday,0,0,Summer,24.0,0,0,127,107,121
2009-07-29,Wednesday,0,0,Summer,24.1,0,0,121,113,114
2009-07-30,Thursday,0,0,Summer,20.1,0,0,114,106,102
2009-07-31,Friday,0,0,Summer,22.4,0,0,102,104,115
2009-08-01,Saturday,1,0,Summer,19.8,1,0,115,133,128
2009-08-02,Sunday,1,0,Summer,24.4,0,0,128,137,134
2009-08-03,Monday,0,0,Summer,22.2,1,0,134,127,135
2009-08-04,Tuesday,0,0,Summer,16.6,0,1,135,121,125
2009-08-05,Wednesday,0,0,Summer,20.6,0,0,125,114,115
2009-08-06,Thursday,0,0,Summer,24.9,1,0,115,102,112
2009-08-07,Friday,0,0,Summer,19.3,0,1,112,115,120
2009-08-08,Saturday,1,0,Summer,21.0,0,0,120,128,126
2009-08-09,Sunday,1,0,Summer,21.2,0,0,126,134,136
2009-08-10,Monday,0,0,Summer,16.3,0,0,136,135,120
2009-08-11,Tuesday,0,0,Summer,20.8,0,0,120,125,113
2009-08-12,Wednesday,0,0,Summer,15.0,0,0,113,115,114
2009-08-13,Thursday,0,0,Summer,17.2,0,1,114,112,111
2009-08-14,Friday,0,0,Summer,22.1,0,0,111,120,118
2009-08-15,Saturday,1,0,Summer,19.8,0,0,118,126,125
2009-08-16,Sunday,1,0,Summer,17.7,1,0,125,136,129
2009-08-17,Monday,0,0,Summer,19.8,0,0,129,120,124
2009-08-18,Tuesday,0,0,Summer,18.1,1,0,124,113,110
2009-08-19,Wednesday,0,0,Summer,18.2,1,0,110,114,106
2009-08-20,Thursday,0,0,Summer,20.0,0,0,106,111,110
2009-08-21,Friday,0,0,Summer,15.7,1,0,110,118,109
2009-08-22,Saturday,1,0,Summer,17.8,0,0,109,125,130
2009-08-23,Sunday,1,0,Summer,16.6,0,0,130,129,131
2009-08-24,Monday,0,0,Summer,12.7,1,0,131,124,123
2009-08-25,Tuesday,0,0,Summer,14.5,1,0,123,110,102
2009-08-26,Wednesday,0,0,Summer,21.8,0,0,102,106,114
2009-08-27,Thursday,0,0,Summer,18.1,0,0,114,110,113
2009-08-28,Friday,0,0,Summer,12.8,0,0,113,109,117
2009-08-29,Saturday,1,0,Summer,12.0,1,0,117,130,107
2009-08-30,Sunday,1,0,Summer,16.1,0,0,107,131,129
2009-08-31,Monday,0,0,Summer,21.0,0,0,129,123,123
2009-09-01,Tuesday,0,0,Autumn,15.6,0,0,123,102,120
2009-09-02,Wednesday,0,0,Autumn,19.9,0,0,120,114,119
2009-09-03,Thursday,0,0,Autumn,16.9,0,0,119,113,97
2009-09-04,Friday,0,0,Autumn,17.1,0,0,97,117,116
2009-09-05,Saturday,1,0,Autumn,11.5,0,0,116,107,114
2009-09-06,Sunday,1,0,Autumn,18.1,0,0,114,129,122
2009-09-07,Monday,0,0,Autumn,14.1,0,0,122,123,114
2009-09-08,Tuesday,0,0,Autumn,17.6,0,0,114,120,108
2009-09-09,Wednesday,0,0,Autumn,12.4,0,0,108,119,101
2009-09-10,Thursday,0,0,Autumn,15.2,1,1,101,97,108
2009-09-11,Friday,0,0,Autumn,15.5,0,0,108,116,104
2009-09-12,Saturday,1,0,Autumn,13.8,0,0,104,114,111
2009-09-13,Sunday,1,0,Autumn,15.4,0,0,111,122,123
2009-09-14,Monday,0,0,Autumn,13.2,0,0,123,114,99
2009-09-15,Tuesday,0,0,Autumn,11.8,1,0,99,108,91
2009-09-16,Wednesday,0,0,Autumn,18.4,1,0,91,101,99
2009-09-17,Thursday,0,0,Autumn,16.6,0,0,99,108,95
2009-09-18,Friday,0,0,Autumn,11.0,0,0,95,104,85
2009-09-19,Saturday,1,0,Autumn,14.8,0,0,85,111,88
2009-09-20,Sunday,1,0,Autumn,10.7,1,1,88,123,102
2009-09-21,Monday,0,0,Autumn,9.2,0,0,102,99,104
2009-09-22,Tuesday,0,0,Autumn,15.7,1,0,104,91,86
2009-09-23,Wednesday,0,0,Autumn,7.3,0,0,86,99,85
2009-09-24,Thursday,0,0,Autumn,15.0,1,0,85,95,88
2009-09-25,Friday,0,0,Autumn,11.3,0,0,88,85,98
2009-09-26,Saturday,1,0,Autumn,11.3,0,1,98,88,113
2009-09-27,Sunday,1,0,Autumn,13.0,0,0,113,102,106
2009-09-28,Monday,0,0,Autumn,13.3,0,0,106,104,102
2009-09-29,Tuesday,0,0,Autumn,8.9,1,0,102,86,94
2009-09-30,Wednesday,0,0,Autumn,13.4,0,0,94,85,77
2009-10-01,Thursday,0,0,Autumn,11.4,0,0,77,88,81
2009-10-02,Friday,0,0,Autumn,7.1,1,0,81,98,77
2009-10-03,Saturday,1,0,Autumn,10.2,0,1,77,113,99
2009-10-04,Sunday,1,0,Autumn,14.7,0,0,99,106,108
2009-10-05,Monday,0,0,Autumn,15.4,0,0,108,102,90
2009-10-06,Tuesday,0,0,Autumn,12.4,0,0,90,94,104
2009-10-07,Wednesday,0,0,Autumn,6.5,1,0,104,77,90
2009-10-08,Thursday,0,0,Autumn,11.4,0,0,90,81,83
2009-10-09,Friday,0,0,Autumn,12.3,1,0,83,77,82
2009-10-10,Saturday,1,0,Autumn,11.7,0,0,82,99,86
2009-10-11,Sunday,1,0,Autumn,11.8,0,0,86,108,86
2009-10-12,Monday,0,0,Autumn,10.3,1,0,86,90,77
2009-10-13,Tuesday,0,0,Autumn,8.9,1,0,77,104,89
2009-10-14,Wednesday,0,0,Autumn,7.1,0,0,89,90,75
2009-10-15,Thursday,0,0,Autumn,3.1,0,0,75,83,86
2009-10-16,Friday,0,0,Autumn,9.6,0,1,86,82,94
2009-10-17,Saturday,1,0,Autumn,9.0,1,0,94,86,94
2009-10-18,Sunday,1,0,Autumn,10.0,0,0,94,86,94
2009-10-19,Monday,0,0,Autumn,4.1,0,0,94,77,86
2009-10-20,Tuesday,0,0,Autumn,9.9,0,0,86,89,92
2009-10-21,Wednesday,0,0,Autumn,14.0,1,0,92,75,81
2009-10-22,Thursday,0,0,Autumn,7.9,0,0,81,86,87
2009-10-23,Friday,0,0,Autumn,7.4,1,0,87,94,96
2009-10-24,Saturday,1,0,Autumn,8.4,1,0,96,94,101
2009-10-25,Sunday,1,0,Autumn,13.4,0,0,101,94,97
2009-10-26,Monday,0,0,Autumn,4.1,0,0,97,86,83
2009-10-27,Tuesday,0,0,Autumn,7.6,0,0,83,92,75
2009-10-28,Wednesday,0,0,Autumn,4.5,0,0,75,81,88
2009-10-29,Thursday,0,0,Autumn,5.1,1,0,88,87,84
2009-10-30,Friday,0,0,Autumn,6.5,0,0,84,96,80
2009-10-31,Saturday,1,0,Autumn,10.5,0,1,80,101,96
2009-11-01,Sunday,1,0,Autumn,11.7,0,0,96,97,97
2009-11-02,Monday,0,0,Autumn,7.6,1,0,97,83,91
2009-11-03,Tuesday,0,0,Autumn,5.0,0,0,91,75,79
2009-11-04,Wednesday,0,0,Autumn,13.4,1,0,79,88,84
2009-11-05,Thursday,0,0,Autumn,4.6,0,0,84,84,77
2009-11-06,Friday,0,0,Autumn,4.0,0,0,77,80,85
2009-11-07,Saturday,1,0,Autumn,0.3,0,0,85,96,100
2009-11-08,Sunday,1,0,Autumn,9.7,1,0,100,97,101
2009-11-09,Monday,0,0,Autumn,8.3,1,0,101,91,69
2009-11-10,Tuesday,0,0,Autumn,12.5,0,0,69,79,73
2009-11-11,Wednesday,0,0,Autumn,1.0,0,0,73,84,66
2009-11-12,Thursday,0,0,Autumn,9.4,1,0,66,77,76
2009-11-13,Friday,0,0,Autumn,5.2,1,0,76,85,79
2009-11-14,Saturday,1,0,Autumn,7.3,0,0,79,100,104
2009-11-15,Sunday,1,0,Autumn,-0.2,1,0,104,101,92
2009-11-16,Monday,0,0,Autumn,9.1,1,0,92,69,77
2009-11-17,Tuesday,0,0,Autumn,6.9,0,0,77,73,73
2009-11-18,Wednesday,0,0,Autumn,4.4,0,0,73,66,75
2009-11-19,Thursday,0,0,Autumn,6.3,0,0,75,76,70
2009-11-20,Friday,0,0,Autumn,2.0,0,0,70,79,69
2009-11-21,Saturday,1,0,Autumn,2.5,1,0,69,104,80
2009-11-22,Sunday,1,0,Autumn,2.7,0,0,80,92,89
2009-11-23,Monday,0,0,Autumn,-1.5,0,0,89,77,83
2009-11-24,Tuesday,0,0,Autumn,6.6,0,0,83,73,76
2009-11-25,Wednesday,0,0,Autumn,7.5,1,0,76,75,76
2009-11-26,Thursday,0,0,Autumn,1.7,0,0,76,70,77
2009-11-27,Friday,0,0,Autumn,4.8,0,0,77,69,78
2009-11-28,Saturday,1,0,Autumn,2.9,0,0,78,80,84
2009-11-29,Sunday,1,0,Autumn,4.6,1,0,84,89,89
2009-11-30,Monday,0,0,Autumn,1.7,0,0,89,83,92
2009-12-01,Tuesday,0,0,Winter,0.9,0,0,92,76,84
2009-12-02,Wednesday,0,0,Winter,6.6,1,0,84,76,83
2009-12-03,Thursday,0,0,Winter,3.2,0,0,83,77,92
2009-12-04,Friday,0,0,Winter,9.4,1,0,92,78,79
2009-12-05,Saturday,1,0,Winter,3.5,0,0,79,84,90
2009-12-06,Sunday,1,0,Winter,0.5,1,0,90,89,93
2009-12-07,Monday,0,0,Winter,6.9,0,0,93,92,90
2009-12-08,Tuesday,0,0,Winter,5.1,0,0,90,84,76
2009-12-09,Wednesday,0,0,Winter,5.4,0,0,76,83,70
2009-12-10,Thursday,0,0,Winter,6.7,1,0,70,92,86
2009-12-11,Friday,0,0,Winter,1.2,1,0,86,79,81
2009-12-12,Saturday,1,0,Winter,2.7,0,0,81,90,89
2009-12-13,Sunday,1,0,Winter,2.6,0,0,89,93,88
2009-12-14,Monday,0,0,Winter,-0.8,0,0,88,90,88
2009-12-15,Tuesday,0,0,Winter,2.2,0,0,88,76,83
2009-12-16,Wednesday,0,0,Winter,7.0,0,0,83,70,74
2009-12-17,Thursday,0,0,Winter,3.7,1,0,74,86,80
2009-12-18,Friday,0,0,Winter,-1.0,0,0,80,81,80
2009-12-19,Saturday,1,0,Winter,-1.7,1,0,80,89,87
2009-12-20,Sunday,1,0,Winter,8.0,0,0,87,88,98
2009-12-21,Monday,0,0,Winter,2.7,1,1,98,88,96
2009-12-22,Tuesday,0,0,Winter,1.1,0,0,96,83,69
2009-12-23,Wednesday,0,0,Winter,2.2,0,0,69,74,72
2009-12-24,Thursday,0,1,Winter,-1.4,1,0,72,80,85
2009-12-25,Friday,0,1,Winter,7.3,0,1,85,80,93
2009-12-26,Saturday,1,1,Winter,1.9,1,0,93,87,108
2009-12-27,Sunday,1,0,Winter,7.2,1,0,108,98,101
2009-12-28,Monday,0,0,Winter,3.3,1,0,101,96,90
2009-12-29,Tuesday,0,0,Winter,7.4,1,0,90,69,81
2009-12-30,Wednesday,0,0,Winter,3.9,0,0,81,72,64
2009-12-31,Thursday,0,1,Winter,5.7,0,0,64,85,86
2010-01-01,Friday,0,1,Winter,5.4,1,0,86,93,93
2010-01-02,Saturday,1,0,Winter,5.1,0,0,93,108,95
2010-01-03,Sunday,1,0,Winter,4.3,0,0,95,101,105
2010-01-04,Monday,0,0,Winter,2.6,0,0,105,90,74
2010-01-05,Tuesday,0,0,Winter,9.1,1,0,74,81,67
2010-01-06,Wednesday,0,0,Winter,0.7,0,0,67,64,74
2010-01-07,Thursday,0,0,Winter,3.5,0,0,74,86,84
2010-01-08,Friday,0,0,Winter,3.6,1,0,84,93,79
2010-01-09,Saturday,1,0,Winter,4.8,1,0,79,95,80
2010-01-10,Sunday,1,0,Winter,2.4,0,0,80,105,86
2010-01-11,Monday,0,0,Winter,4.7,0,0,86,74,77
2010-01-12,Tuesday,0,0,Winter,3.3,1,0,77,67,64
2010-01-13,Wednesday,0,0,Winter,-0.9,0,0,64,74,65
2010-01-14,Thursday,0,0,Winter,4.0,1,1,65,84,78
2010-01-15,Friday,0,0,Winter,0.7,1,0,78,79,73
2010-01-16,Saturday,1,0,Winter,-1.1,0,0,73,80,77
2010-01-17,Sunday,1,0,Winter,4.6,0,0,77,86,74
2010-01-18,Monday,0,0,Winter,5.7,0,0,74,77,71
2010-01-19,Tuesday,0,0,Winter,5.9,0,0,71,64,67
2010-01-20,Wednesday,0,0,Winter,6.1,1,0,67,65,57
2010-01-21,Thursday,0,0,Winter,-1.3,0,0,57,78,67
2010-01-22,Friday,0,0,Winter,0.5,1,0,67,73,77
2010-01-23,Saturday,1,0,Winter,10.6,1,0,77,77,83
2010-01-24,Sunday,1,0,Winter,1.6,0,0,83,74,83
2010-01-25,Monday,0,0,Winter,6.7,0,0,83,71,81
2010-01-26,Tuesday,0,0,Winter,2.9,0,0,81,67,71
2010-01-27,Wednesday,0,0,Winter,5.3,0,0,71,57,73
2010-01-28,Thursday,0,0,Winter,3.3,0,1,73,67,63
2010-01-29,Friday,0,0,Winter,7.0,0,0,63,77,69
2010-01-30,Saturday,1,0,Winter,5.8,0,0,69,83,74
2010-01-31,Sunday,1,0,Winter,4.2,0,0,74,83,90
2010-02-01,Monday,0,0,Winter,2.5,0,0,90,81,83
2010-02-02,Tuesday,0,0,Winter,6.6,1,0,83,71,64
2010-02-03,Wednesday,0,0,Winter,2.2,1,0,64,73,56
2010-02-04,Thursday,0,0,Winter,7.3,1,0,56,63,52
2010-02-05,Friday,0,0,Winter,14.0,1,0,52,69,69
2010-02-06,Saturday,1,0,Winter,10.3,0,0,69,74,82
2010-02-07,Sunday,1,0,Winter,8.5,0,0,82,90,84
2010-02-08,Monday,0,0,Winter,6.3,1,0,84,83,68
2010-02-09,Tuesday,0,0,Winter,0.8,0,0,68,64,64
2010-02-10,Wednesday,0,0,Winter,2.8,0,0,64,56,80
2010-02-11,Thursday,0,0,Winter,10.8,1,0,80,52,68
2010-02-12,Friday,0,0,Winter,4.7,1,0,68,69,78
2010-02-13,Saturday,1,0,Winter,5.1,1,0,78,82,80
2010-02-14,Sunday,1,0,Winter,6.8,0,0,80,84,91
2010-02-15,Monday,0,0,Winter,4.3,1,1,91,68,84
2010-02-16,Tuesday,0,0,Winter,3.9,0,0,84,64,72
2010-02-17,Wednesday,0,0,Winter,7.6,0,0,72,80,79
2010-02-18,Thursday,0,0,Winter,5.2,1,0,79,68,80
2010-02-19,Friday,0,0,Winter,5.8,0,0,80,78,82
2010-02-20,Saturday,1,0,Winter,5.9,1,0,82,80,82
2010-02-21,Sunday,1,0,Winter,9.9,1,0,82,91,90
2010-02-22,Monday,0,0,Winter,7.8,1,0,90,84,90
2010-02-23,Tuesday,0,0,Winter,8.1,0,0,90,72,70
2010-02-24,Wednesday,0,0,Winter,10.6,0,0,70,79,66
2010-02-25,Thursday,0,0,Winter,8.6,1,0,66,80,81
2010-02-26,Friday,0,0,Winter,8.3,0,0,81,82,80
2010-02-27,Saturday,1,0,Winter,10.7,0,0,80,82,97
2010-02-28,Sunday,1,0,Winter,11.5,0,0,97,90,91
2010-03-01,Monday,0,0,Spring,9.2,0,0,91,90,84
2010-03-02,Tuesday,0,0,Spring,10.0,1,0,84,70,84
2010-03-03,Wednesday,0,0,Spring,7.6,0,0,84,66,84
2010-03-04,Thursday,0,0,Spring,7.5,1,0,84,81,74
2010-03-05,Friday,0,0,Spring,12.6,0,0,74,80,89
2010-03-06,Saturday,1,0,Spring,11.8,0,0,89,97,95
2010-03-07,Sunday,1,0,Spring,12.0,0,0,95,91,101
2010-03-08,Monday,0,0,Spring,11.6,1,0,101,84,88
2010-03-09,Tuesday,0,0,Spring,11.1,0,0,88,84,85
2010-03-10,Wednesday,0,0,Spring,13.2,0,0,85,84,82
2010-03-11,Thursday,0,0,Spring,14.1,0,0,82,74,73
2010-03-12,Friday,0,0,Spring,14.2,0,1,73,89,91
2010-03-13,Saturday,1,0,Spring,11.3,0,0,91,95,105
2010-03-14,Sunday,1,0,Spring,16.0,0,0,105,101,110
2010-03-15,Monday,0,0,Spring,12.7,0,0,110,88,91
2010-03-16,Tuesday,0,0,Spring,14.0,0,0,91,85,96
2010-03-17,Wednesday,0,0,Spring,13.2,0,0,96,82,93
2010-03-18,Thursday,0,0,Spring,13.2,1,0,93,73,90
2010-03-19,Friday,0,0,Spring,10.4,1,0,90,91,84
2010-03-20,Saturday,1,0,Spring,14.9,1,0,84,105,111
2010-03-21,Sunday,1,0,Spring,21.5,0,0,111,110,118
2010-03-22,Monday,0,0,Spring,12.0,0,0,118,91,111
2010-03-23,Tuesday,0,0,Spring,13.6,0,0,111,96,96
2010-03-24,Wednesday,0,0,Spring,12.2,0,0,96,93,81
2010-03-25,Thursday,0,0,Spring,12.2,0,0,81,90,82
2010-03-26,Friday,0,0,Spring,18.5,1,0,82,84,96
2010-03-27,Saturday,1,0,Spring,12.0,0,1,96,111,107
2010-03-28,Sunday,1,0,Spring,12.8,0,0,107,118,122
2010-03-29,Monday,0,0,Spring,9.6,0,0,122,111,102
2010-03-30,Tuesday,0,0,Spring,12.3,0,1,102,96,106
2010-03-31,Wednesday,0,0,Spring,9.6,0,0,106,81,95
2010-04-01,Thursday,0,0,Spring,16.8,0,0,95,82,92
2010-04-02,Friday,0,0,Spring,23.4,0,0,92,96,100
2010-04-03,Saturday,1,0,Spring,14.1,1,0,100,107,99
2010-04-04,Sunday,1,0,Spring,10.4,0,0,99,122,121
2010-04-05,Monday,0,0,Spring,18.3,0,0,121,102,111
2010-04-06,Tuesday,0,0,Spring,13.5,1,0,111,106,89
2010-04-07,Wednesday,0,0,Spring,19.8,0,0,89,95,85
2010-04-08,Thursday,0,0,Spring,15.2,0,1,85,92,103
2010-04-09,Friday,0,0,Spring,14.3,0,0,103,100,104
2010-04-10,Saturday,1,0,Spring,15.8,0,0,104,99,96
2010-04-11,Sunday,1,0,Spring,18.8,0,0,96,121,127
2010-04-12,Monday,0,0,Spring,16.0,0,0,127,111,93
2010-04-13,Tuesday,0,0,Spring,15.4,1,0,93,89,85
2010-04-14,Wednesday,0,0,Spring,16.4,0,0,85,85,88
2010-04-15,Thursday,0,0,Spring,13.4,0,0,88,103,91
2010-04-16,Friday,0,0,Spring,18.5,0,0,91,104,108
2010-04-17,Saturday,1,0,Spring,12.1,1,0,108,96,109
2010-04-18,Sunday,1,0,Spring,16.3,0,0,109,127,117
2010-04-19,Monday,0,0,Spring,20.1,0,0,117,93,104
2010-04-20,Tuesday,0,0,Spring,18.8,0,0,104,85,100
2010-04-21,Wednesday,0,0,Spring,19.9,0,0,100,88,96
2010-04-22,Thursday,0,0,Spring,18.0,0,1,96,91,95
2010-04-23,Friday,0,0,Spring,21.9,1,0,95,108,110
2010-04-24,Saturday,1,0,Spring,21.3,0,0,110,109,129
2010-04-25,Sunday,1,0,Spring,20.0,0,0,129,117,125
2010-04-26,Monday,0,0,Spring,21.6,1,0,125,104,109
2010-04-27,Tuesday,0,0,Spring,21.2,1,0,109,100,101
2010-04-28,Wednesday,0,0,Spring,17.8,0,0,101,96,90
2010-04-29,Thursday,0,0,Spring,15.2,0,0,90,95,91
2010-04-30,Friday,0,0,Spring,20.6,1,1,91,110,115
2010-05-01,Saturday,1,1,Spring,21.1,0,0,115,129,132
2010-05-02,Sunday,1,0,Spring,22.9,0,0,132,125,141
2010-05-03,Monday,0,0,Spring,16.9,0,0,141,109,123
2010-05-04,Tuesday,0,0,Spring,17.1,0,0,123,101,106
2010-05-05,Wednesday,0,0,Spring,21.4,0,0,106,90,106
2010-05-06,Thursday,0,0,Spring,19.9,1,0,106,91,98
2010-05-07,Friday,0,0,Spring,14.6,0,1,98,115,103
2010-05-08,Saturday,1,0,Spring,21.5,0,0,103,132,128
2010-05-09,Sunday,1,0,Spring,14.9,0,0,128,141,132
2010-05-10,Monday,0,0,Spring,17.7,0,0,132,123,139
2010-05-11,Tuesday,0,0,Spring,24.7,1,0,139,106,114
2010-05-12,Wednesday,0,0,Spring,26.3,1,0,114,106,113
2010-05-13,Thursday,0,0,Spring,17.3,1,0,113,98,99
2010-05-14,Friday,0,0,Spring,20.0,1,0,99,103,97
2010-05-15,Saturday,1,0,Spring,21.2,0,0,97,128,133
2010-05-16,Sunday,1,0,Spring,26.6,0,0,133,132,118
2010-05-17,Monday,0,0,Spring,19.8,0,0,118,139,117
2010-05-18,Tuesday,0,0,Spring,20.0,1,0,117,114,120
2010-05-19,Wednesday,0,0,Spring,26.1,0,0,120,113,105
2010-05-20,Thursday,0,0,Spring,20.5,0,0,105,99,102
2010-05-21,Friday,0,0,Spring,23.8,0,0,102,97,114
2010-05-22,Saturday,1,0,Spring,17.3,0,1,114,133,123
2010-05-23,Sunday,1,0,Spring,21.3,0,1,123,118,132
2010-05-24,Monday,0,0,Spring,16.9,1,0,132,117,108
2010-05-25,Tuesday,0,0,Spring,18.8,0,0,108,120,118
2010-05-26,Wednesday,0,0,Spring,24.6,0,0,118,105,121
2010-05-27,Thursday,0,0,Spring,22.0,0,0,121,102,110
2010-05-28,Friday,0,0,Spring,21.2,0,0,110,114,94
2010-05-29,Saturday,1,0,Spring,20.0,0,0,94,123,117
2010-05-30,Sunday,1,0,Spring,21.7,0,0,117,132,131
2010-05-31,Monday,0,0,Spring,23.3,0,0,131,108,120
2010-06-01,Tuesday,0,0,Summer,25.4,0,0,120,118,121
2010-06-02,Wednesday,0,0,Summer,14.6,1,0,121,121,114
2010-06-03,Thursday,0,0,Summer,20.1,0,0,114,110,112
2010-06-04,Friday,0,0,Summer,23.1,0,0,112,94,107
2010-06-05,Saturday,1,0,Summer,22.4,0,0,107,117,121
2010-06-06,Sunday,1,0,Summer,23.9,0,0,121,131,126
2010-06-07,Monday,0,0,Summer,23.5,0,1,126,120,132
2010-06-08,Tuesday,0,0,Summer,21.9,0,0,132,121,117
2010-06-09,Wednesday,0,0,Summer,21.2,0,0,117,114,112
2010-06-10,Thursday,0,0,Summer,22.1,0,1,112,112,123
2010-06-11,Friday,0,0,Summer,26.3,0,0,123,107,117
2010-06-12,Saturday,1,0,Summer,20.7,1,0,117,121,112
2010-06-13,Sunday,1,0,Summer,22.7,1,0,112,126,123
2010-06-14,Monday,0,0,Summer,23.5,0,0,123,132,112
2010-06-15,Tuesday,0,0,Summer,27.6,0,0,112,117,116
2010-06-16,Wednesday,0,0,Summer,22.1,1,1,116,112,122
2010-06-17,Thursday,0,0,Summer,25.9,0,0,122,123,134
2010-06-18,Friday,0,0,Summer,26.7,0,1,134,117,154
2010-06-19,Saturday,1,0,Summer,22.8,0,0,154,112,149
2010-06-20,Sunday,1,0,Summer,22.4,1,0,149,123,129
2010-06-21,Monday,0,0,Summer,22.0,1,1,129,112,120
2010-06-22,Tuesday,0,0,Summer,22.2,0,0,120,116,118
2010-06-23,Wednesday,0,0,Summer,25.6,0,0,118,122,119
2010-06-24,Thursday,0,0,Summer,23.7,0,0,119,134,125
2010-06-25,Friday,0,0,Summer,23.7,0,1,125,154,152
2010-06-26,Saturday,1,0,Summer,19.6,0,0,152,149,149
2010-06-27,Sunday,1,0,Summer,20.0,0,0,149,129,145
2010-06-28,Monday,0,0,Summer,29.3,0,0,145,120,122
2010-06-29,Tuesday,0,0,Summer,22.4,0,0,122,118,121
2010-06-30,Wednesday,0,0,Summer,20.5,0,0,121,119,106
2010-07-01,Thursday,0,0,Summer,27.1,0,0,106,125,125
2010-07-02,Friday,0,0,Summer,23.6,1,1,125,152,138
2010-07-03,Saturday,1,0,Summer,24.5,0,0,138,149,134
2010-07-04,Sunday,1,0,Summer,22.3,0,1,134,145,142
2010-07-05,Monday,0,0,Summer,21.7,0,0,142,122,129
2010-07-06,Tuesday,0,0,Summer,22.1,1,0,129,121,109
2010-07-07,Wednesday,0,0,Summer,18.4,1,1,109,106,106
2010-07-08,Thursday,0,0,Summer,22.3,0,0,106,125,113
2010-07-09,Friday,0,0,Summer,23.4,0,0,113,138,131
2010-07-10,Saturday,1,0,Summer,28.0,0,1,131,134,132
2010-07-11,Sunday,1,0,Summer,22.6,0,0,132,142,138
2010-07-12,Monday,0,0,Summer,15.3,0,0,138,129,122
2010-07-13,Tuesday,0,0,Summer,22.0,1,0,122,109,119
2010-07-14,Wednesday,0,0,Summer,30.4,0,0,119,106,120
2010-07-15,Thursday,0,0,Summer,24.7,1,0,120,113,126
2010-07-16,Friday,0,0,Summer,19.6,0,0,126,131,130
2010-07-17,Saturday,1,0,Summer,23.7,1,0,130,132,123
2010-07-18,Sunday,1,0,Summer,19.7,1,0,123,138,129
2010-07-19,Monday,0,0,Summer,17.7,0,0,129,122,122
2010-07-20,Tuesday,0,0,Summer,20.7,0,0,122,119,112
2010-07-21,Wednesday,0,0,Summer,21.9,0,0,112,120,110
2010-07-22,Thursday,0,0,Summer,15.9,1,1,110,126,102
2010-07-23,Friday,0,0,Summer,18.0,0,1,102,130,128
2010-07-24,Saturday,1,0,Summer,21.4,0,0,128,123,130
2010-07-25,Sunday,1,0,Summer,20.0,1,0,130,129,122
2010-07-26,Monday,0,0,Summer,22.4,0,0,122,122,110
2010-07-27,Tuesday,0,0,Summer,17.4,0,0,110,112,105
2010-07-28,Wednesday,0,0,Summer,23.1,0,0,105,110,112
2010-07-29,Thursday,0,0,Summer,17.3,1,0,112,102,107
2010-07-30,Friday,0,0,Summer,25.7,0,0,107,128,118
2010-07-31,Saturday,1,0,Summer,15.5,1,0,118,130,114
2010-08-01,Sunday,1,0,Summer,17.3,0,1,114,122,124
2010-08-02,Monday,0,0,Summer,21.7,1,0,124,110,105
2010-08-03,Tuesday,0,0,Summer,25.3,0,0,105,105,106
2010-08-04,Wednesday,0,0,Summer,21.1,0,0,106,112,113
2010-08-05,Thursday,0,0,Summer,21.8,1,1,113,107,114
2010-08-06,Friday,0,0,Summer,20.0,1,0,114,118,127
2010-08-07,Saturday,1,0,Summer,16.7,0,0,127,114,122
2010-08-08,Sunday,1,0,Summer,18.2,0,1,122,124,119
2010-08-09,Monday,0,0,Summer,15.9,0,1,119,105,114
2010-08-10,Tuesday,0,0,Summer,15.6,0,0,114,106,103
2010-08-11,Wednesday,0,0,Summer,20.5,0,0,103,113,131
2010-08-12,Thursday,0,0,Summer,15.8,1,1,131,114,121
2010-08-13,Friday,0,0,Summer,20.0,0,1,121,127,121
2010-08-14,Saturday,1,0,Summer,15.0,0,0,121,122,124
2010-08-15,Sunday,1,0,Summer,19.6,0,0,124,119,122
2010-08-16,Monday,0,0,Summer,17.1,0,0,122,114,104
2010-08-17,Tuesday,0,0,Summer,22.7,0,0,104,103,107
2010-08-18,Wednesday,0,0,Summer,19.3,1,0,107,131,114
2010-08-19,Thursday,0,0,Summer,21.9,0,0,114,121,118
2010-08-20,Friday,0,0,Summer,15.8,0,0,118,121,117
2010-08-21,Saturday,1,0,Summer,18.0,0,0,117,124,121
2010-08-22,Sunday,1,0,Summer,14.8,0,1,121,122,124
2010-08-23,Monday,0,0,Summer,16.3,0,0,124,104,101
2010-08-24,Tuesday,0,0,Summer,16.6,0,0,101,107,112
2010-08-25,Wednesday,0,0,Summer,15.1,0,1,112,114,134
2010-08-26,Thursday,0,0,Summer,13.5,0,0,134,118,114
2010-08-27,Friday,0,0,Summer,12.7,0,0,114,117,110
2010-08-28,Saturday,1,0,Summer,9.8,0,0,110,121,109
2010-08-29,Sunday,1,0,Summer,13.5,0,0,109,124,121
2010-08-30,Monday,0,0,Summer,18.4,0,0,121,101,102
2010-08-31,Tuesday,0,0,Summer,11.5,0,1,102,112,114
2010-09-01,Wednesday,0,0,Autumn,12.0,0,1,114,134,122
2010-09-02,Thursday,0,0,Autumn,21.4,0,0,122,114,114
2010-09-03,Friday,0,0,Autumn,13.9,0,0,114,110,119
2010-09-04,Saturday,1,0,Autumn,16.6,0,0,119,109,114
2010-09-05,Sunday,1,0,Autumn,17.4,0,1,114,121,123
2010-09-06,Monday,0,0,Autumn,17.3,1,0,123,102,94
2010-09-07,Tuesday,0,0,Autumn,10.6,0,0,94,114,78
2010-09-08,Wednesday,0,0,Autumn,14.3,0,0,78,122,100
2010-09-09,Thursday,0,0,Autumn,10.0,0,1,100,114,104
2010-09-10,Friday,0,0,Autumn,22.0,0,0,104,119,120
2010-09-11,Saturday,1,0,Autumn,9.7,1,0,120,114,110
2010-09-12,Sunday,1,0,Autumn,11.2,1,0,110,123,107
2010-09-13,Monday,0,0,Autumn,11.0,1,0,107,94,92
2010-09-14,Tuesday,0,0,Autumn,9.5,0,0,92,78,79
2010-09-15,Wednesday,0,0,Autumn,17.9,0,0,79,100,77
2010-09-16,Thursday,0,0,Autumn,20.9,1,0,77,104,83
2010-09-17,Friday,0,0,Autumn,12.0,0,0,83,120,91
2010-09-18,Saturday,1,0,Autumn,9.3,0,0,91,110,101
2010-09-19,Sunday,1,0,Autumn,6.4,0,0,101,107,108
2010-09-20,Monday,0,0,Autumn,12.2,0,0,108,92,89
2010-09-21,Tuesday,0,0,Autumn,11.8,1,0,89,79,79
2010-09-22,Wednesday,0,0,Autumn,10.6,1,0,79,77,77
2010-09-23,Thursday,0,0,Autumn,13.1,1,0,77,83,74
2010-09-24,Friday,0,0,Autumn,13.4,0,0,74,91,89
2010-09-25,Saturday,1,0,Autumn,13.0,1,0,89,101,104
2010-09-26,Sunday,1,0,Autumn,11.0,1,0,104,108,104
2010-09-27,Monday,0,0,Autumn,8.4,1,0,104,89,87
2010-09-28,Tuesday,0,0,Autumn,13.6,0,0,87,79,77
2010-09-29,Wednesday,0,0,Autumn,11.4,1,0,77,77,74
2010-09-30,Thursday,0,0,Autumn,13.9,0,0,74,74,74
2010-10-01,Friday,0,0,Autumn,13.4,0,0,74,89,82
2010-10-02,Saturday,1,0,Autumn,6.6,1,0,82,104,90
2010-10-03,Sunday,1,0,Autumn,6.4,1,0,90,104,90
2010-10-04,Monday,0,0,Autumn,8.3,1,0,90,87,87
2010-10-05,Tuesday,0,0,Autumn,7.2,0,0,87,77,76
2010-10-06,Wednesday,0,0,Autumn,12.5,1,1,76,74,84
2010-10-07,Thursday,0,0,Autumn,11.1,0,0,84,74,79
2010-10-08,Friday,0,0,Autumn,13.2,1,0,79,82,76
2010-10-09,Saturday,1,0,Autumn,10.9,0,0,76,90,94
2010-10-10,Sunday,1,0,Autumn,10.2,0,0,94,90,97
2010-10-11,Monday,0,0,Autumn,13.0,1,0,97,87,81
2010-10-12,Tuesday,0,0,Autumn,10.7,1,0,81,76,53
2010-10-13,Wednesday,0,0,Autumn,9.3,0,0,53,84,76
2010-10-14,Thursday,0,0,Autumn,13.4,0,1,76,79,94
2010-10-15,Friday,0,0,Autumn,9.1,0,0,94,76,97
2010-10-16,Saturday,1,0,Autumn,7.7,0,0,97,94,107
2010-10-17,Sunday,1,0,Autumn,5.9,0,0,107,97,100
2010-10-18,Monday,0,0,Autumn,10.4,1,1,100,81,88
2010-10-19,Tuesday,0,0,Autumn,11.9,0,0,88,53,63
2010-10-20,Wednesday,0,0,Autumn,7.9,0,0,63,76,71
2010-10-21,Thursday,0,0,Autumn,11.8,1,0,71,94,76
2010-10-22,Friday,0,0,Autumn,1.8,0,0,76,97,79
2010-10-23,Saturday,1,0,Autumn,7.4,0,0,79,107,85
2010-10-24,Sunday,1,0,Autumn,7.3,0,0,85,100,85
2010-10-25,Monday,0,0,Autumn,5.1,0,0,85,88,71
2010-10-26,Tuesday,0,0,Autumn,14.3,0,0,71,63,79
2010-10-27,Wednesday,0,0,Autumn,6.8,1,0,79,71,80
2010-10-28,Thursday,0,0,Autumn,5.6,0,1,80,76,81
2010-10-29,Friday,0,0,Autumn,6.8,1,0,81,79,89
2010-10-30,Saturday,1,0,Autumn,0.6,1,0,89,85,87
2010-10-31,Sunday,1,0,Autumn,4.2,1,0,87,85,94
2010-11-01,Monday,0,0,Autumn,9.3,1,0,94,71,82
2010-11-02,Tuesday,0,0,Autumn,4.3,1,0,82,79,78
2010-11-03,Wednesday,0,0,Autumn,3.6,1,0,78,80,75
2010-11-04,Thursday,0,0,Autumn,9.9,0,0,75,81,75
2010-11-05,Friday,0,0,Autumn,9.9,0,0,75,89,76
2010-11-06,Saturday,1,0,Autumn,7.3,1,0,76,87,86
2010-11-07,Sunday,1,0,Autumn,4.2,1,0,86,94,85
2010-11-08,Monday,0,0,Autumn,4.8,1,0,85,82,93
2010-11-09,Tuesday,0,0,Autumn,3.0,1,0,93,78,83
2010-11-10,Wednesday,0,0,Autumn,2.3,1,0,83,75,67
2010-11-11,Thursday,0,0,Autumn,2.0,1,0,67,75,67
2010-11-12,Friday,0,0,Autumn,3.2,1,0,67,76,69
2010-11-13,Saturday,1,0,Autumn,1.8,0,1,69,86,89
2010-11-14,Sunday,1,0,Autumn,0.2,0,0,89,85,77
2010-11-15,Monday,0,0,Autumn,5.4,0,0,77,93,84
2010-11-16,Tuesday,0,0,Autumn,5.4,0,0,84,83,77
2010-11-17,Wednesday,0,0,Autumn,9.7,0,0,77,67,79
2010-11-18,Thursday,0,0,Autumn,2.5,0,0,79,67,70
2010-11-19,Friday,0,0,Autumn,5.3,1,0,70,69,69
2010-11-20,Saturday,1,0,Autumn,5.2,0,0,69,89,88
2010-11-21,Sunday,1,0,Autumn,3.5,1,0,88,77,67
2010-11-22,Monday,0,0,Autumn,6.4,0,0,67,84,78
2010-11-23,Tuesday,0,0,Autumn,6.4,1,0,78,77,82
2010-11-24,Wednesday,0,0,Autumn,5.0,0,0,82,79,88
2010-11-25,Thursday,0,0,Autumn,3.1,0,0,88,70,75
2010-11-26,Friday,0,0,Autumn,2.8,1,0,75,69,75
2010-11-27,Saturday,1,0,Autumn,-0.3,0,1,75,88,88
2010-11-28,Sunday,1,0,Autumn,1.3,0,0,88,67,71
2010-11-29,Monday,0,0,Autumn,1.8,1,0,71,78,67
2010-11-30,Tuesday,0,0,Autumn,0.2,1,0,67,82,56
2010-12-01,Wednesday,0,0,Winter,4.8,0,0,56,88,71
2010-12-02,Thursday,0,0,Winter,7.1,1,1,71,75,84
2010-12-03,Friday,0,0,Winter,0.7,0,0,84,75,88
2010-12-04,Saturday,1,0,Winter,4.2,0,0,88,88,94
2010-12-05,Sunday,1,0,Winter,0.2,0,0,94,71,80
2010-12-06,Monday,0,0,Winter,2.4,0,0,80,67,68
2010-12-07,Tuesday,0,0,Winter,1.2,0,0,68,56,62
2010-12-08,Wednesday,0,0,Winter,5.0,1,0,62,71,72
2010-12-09,Thursday,0,0,Winter,1.1,1,0,72,84,81
2010-12-10,Friday,0,0,Winter,6.2,1,0,81,88,80
2010-12-11,Saturday,1,0,Winter,2.4,0,0,80,94,94
2010-12-12,Sunday,1,0,Winter,1.1,1,0,94,80,79
2010-12-13,Monday,0,0,Winter,-0.7,0,0,79,68,71
2010-12-14,Tuesday,0,0,Winter,3.8,0,0,71,62,63
2010-12-15,Wednesday,0,0,Winter,5.7,0,0,63,72,68
2010-12-16,Thursday,0,0,Winter,3.8,1,1,68,81,71
2010-12-17,Friday,0,0,Winter,9.7,1,0,71,80,66
2010-12-18,Saturday,1,0,Winter,7.3,0,0,66,94,74
2010-12-19,Sunday,1,0,Winter,2.1,0,1,74,79,89
2010-12-20,Monday,0,0,Winter,2.0,0,0,89,71,66
2010-12-21,Tuesday,0,0,Winter,4.4,0,0,66,63,61
2010-12-22,Wednesday,0,0,Winter,0.5,1,0,61,68,65
2010-12-23,Thursday,0,0,Winter,6.5,0,0,65,71,77
2010-12-24,Friday,0,1,Winter,4.1,1,0,77,66,71
2010-12-25,Saturday,1,1,Winter,3.8,1,0,71,74,64
2010-12-26,Sunday,1,1,Winter,5.1,0,0,64,89,77
2010-12-27,Monday,0,0,Winter,8.2,1,0,77,66,68
2010-12-28,Tuesday,0,0,Winter,3.6,1,0,68,61,65
2010-12-29,Wednesday,0,0,Winter,2.8,0,0,65,65,56
2010-12-30,Thursday,0,0,Winter,7.7,1,0,56,77,52
2010-12-31,Friday,0,1,Winter,6.1,0,0,52,71,66
2011-01-01,Saturday,1,1,Winter,2.3,1,0,66,64,72
2011-01-02,Sunday,1,0,Winter,3.3,1,0,72,77,88
2011-01-03,Monday,0,0,Winter,3.9,1,0,88,68,71
2011-01-04,Tuesday,0,0,Winter,4.4,1,0,71,65,68
2011-01-05,Wednesday,0,0,Winter,-0.7,1,0,68,56,66
2011-01-06,Thursday,0,0,Winter,-1.2,0,0,66,52,58
2011-01-07,Friday,0,0,Winter,0.8,1,0,58,66,63
2011-01-08,Saturday,1,0,Winter,0.7,1,0,63,72,71
2011-01-09,Sunday,1,0,Winter,1.7,1,0,71,88,79
2011-01-10,Monday,0,0,Winter,5.6,1,0,79,71,67
2011-01-11,Tuesday,0,0,Winter,3.2,0,0,67,68,72
2011-01-12,Wednesday,0,0,Winter,4.4,0,0,72,66,76
2011-01-13,Thursday,0,0,Winter,0.2,1,0,76,58,63
2011-01-14,Friday,0,0,Winter,2.5,1,0,63,63,69
2011-01-15,Saturday,1,0,Winter,5.8,1,0,69,71,77
2011-01-16,Sunday,1,0,Winter,5.9,0,0,77,79,99
2011-01-17,Monday,0,0,Winter,2.0,0,0,99,67,84
2011-01-18,Tuesday,0,0,Winter,4.7,0,1,84,72,85
2011-01-19,Wednesday,0,0,Winter,10.9,0,0,85,76,76
2011-01-20,Thursday,0,0,Winter,4.4,1,0,76,63,61
2011-01-21,Friday,0,0,Winter,2.4,1,0,61,69,69
2011-01-22,Saturday,1,0,Winter,4.1,0,0,69,77,66
2011-01-23,Sunday,1,0,Winter,5.0,0,0,66,99,92
2011-01-24,Monday,0,0,Winter,4.3,1,0,92,84,62
2011-01-25,Tuesday,0,0,Winter,4.8,1,0,62,85,58
2011-01-26,Wednesday,0,0,Winter,0.7,0,0,58,76,70
2011-01-27,Thursday,0,0,Winter,2.2,0,0,70,61,67
2011-01-28,Friday,0,0,Winter,4.8,0,0,67,69,73
2011-01-29,Saturday,1,0,Winter,4.8,0,0,73,66,73
2011-01-30,Sunday,1,0,Winter,3.7,1,0,73,92,77
2011-01-31,Monday,0,0,Winter,5.0,0,0,77,62,72
2011-02-01,Tuesday,0,0,Winter,5.8,0,0,72,58,60
2011-02-02,Wednesday,0,0,Winter,8.4,0,0,60,70,64
2011-02-03,Thursday,0,0,Winter,5.6,0,0,64,67,68
2011-02-04,Friday,0,0,Winter,7.2,0,0,68,73,73
2011-02-05,Saturday,1,0,Winter,4.5,1,0,73,73,81
2011-02-06,Sunday,1,0,Winter,8.0,0,0,81,77,85
2011-02-07,Monday,0,0,Winter,7.5,0,0,85,72,74
2011-02-08,Tuesday,0,0,Winter,9.1,1,0,74,60,53
2011-02-09,Wednesday,0,0,Winter,8.8,1,0,53,64,66
2011-02-10,Thursday,0,0,Winter,8.5,0,0,66,68,63
2011-02-11,Friday,0,0,Winter,6.6,0,0,63,73,84
2011-02-12,Saturday,1,0,Winter,7.8,1,0,84,81,79
2011-02-13,Sunday,1,0,Winter,10.4,0,0,79,85,86
2011-02-14,Monday,0,0,Winter,5.4,1,0,86,74,76
2011-02-15,Tuesday,0,0,Winter,5.6,1,0,76,53,61
2011-02-16,Wednesday,0,0,Winter,8.2,0,0,61,66,67
2011-02-17,Thursday,0,0,Winter,9.0,0,0,67,63,67
2011-02-18,Friday,0,0,Winter,5.4,1,1,67,84,94
2011-02-19,Saturday,1,0,Winter,7.8,0,0,94,79,93
2011-02-20,Sunday,1,0,Winter,7.9,0,0,93,86,89
2011-02-21,Monday,0,0,Winter,1.7,0,0,89,76,77
2011-02-22,Tuesday,0,0,Winter,7.9,1,0,77,61,74
2011-02-23,Wednesday,0,0,Winter,8.2,1,0,74,67,70
2011-02-24,Thursday,0,0,Winter,8.3,1,0,70,67,69
2011-02-25,Friday,0,0,Winter,13.2,0,1,69,94,81
2011-02-26,Saturday,1,0,Winter,5.5,1,0,81,93,94
2011-02-27,Sunday,1,0,Winter,6.8,1,0,94,89,90
2011-02-28,Monday,0,0,Winter,1.6,0,0,90,77,73
2011-03-01,Tuesday,0,0,Spring,8.2,1,1,73,74,81
2011-03-02,Wednesday,0,0,Spring,8.6,0,0,81,70,88
2011-03-03,Thursday,0,0,Spring,8.4,0,0,88,69,88
2011-03-04,Friday,0,0,Spring,13.4,1,1,88,81,109
2011-03-05,Saturday,1,0,Spring,12.9,0,0,109,94,114
2011-03-06,Sunday,1,0,Spring,10.7,0,0,114,90,91
2011-03-07,Monday,0,0,Spring,9.5,0,0,91,73,90
2011-03-08,Tuesday,0,0,Spring,13.9,0,0,90,81,74
2011-03-09,Wednesday,0,0,Spring,10.9,0,0,74,88,90
2011-03-10,Thursday,0,0,Spring,8.7,0,0,90,88,95
2011-03-11,Friday,0,0,Spring,6.1,1,0,95,109,107
2011-03-12,Saturday,1,0,Spring,10.1,0,1,107,114,122
2011-03-13,Sunday,1,0,Spring,13.9,0,0,122,91,112
2011-03-14,Monday,0,0,Spring,18.6,1,1,112,90,113
2011-03-15,Tuesday,0,0,Spring,12.2,1,0,113,74,82
2011-03-16,Wednesday,0,0,Spring,9.8,0,0,82,90,85
2011-03-17,Thursday,0,0,Spring,8.8,1,0,85,95,84
2011-03-18,Friday,0,0,Spring,14.1,0,1,84,107,101
2011-03-19,Saturday,1,0,Spring,7.4,0,0,101,122,106
2011-03-20,Sunday,1,0,Spring,14.5,0,1,106,112,117
2011-03-21,Monday,0,0,Spring,15.5,0,0,117,113,112
2011-03-22,Tuesday,0,0,Spring,14.5,0,0,112,82,107
2011-03-23,Wednesday,0,0,Spring,12.7,0,0,107,85,94
2011-03-24,Thursday,0,0,Spring,15.2,0,0,94,84,90
2011-03-25,Friday,0,0,Spring,14.2,1,0,90,101,75
2011-03-26,Saturday,1,0,Spring,11.5,1,0,75,106,102
2011-03-27,Sunday,1,0,Spring,19.6,0,0,102,117,101
2011-03-28,Monday,0,0,Spring,13.1,0,0,101,112,102
2011-03-29,Tuesday,0,0,Spring,16.7,1,0,102,107,99
2011-03-30,Wednesday,0,0,Spring,7.3,0,0,99,94,99
2011-03-31,Thursday,0,0,Spring,18.5,0,0,99,90,92
2011-04-01,Friday,0,0,Spring,19.3,0,0,92,75,98
2011-04-02,Saturday,1,0,Spring,15.1,0,0,98,102,117
2011-04-03,Sunday,1,0,Spring,16.9,0,0,117,101,113
2011-04-04,Monday,0,0,Spring,17.1,0,1,113,102,104
2011-04-05,Tuesday,0,0,Spring,13.6,0,0,104,99,87
2011-04-06,Wednesday,0,0,Spring,17.4,0,0,87,99,103
2011-04-07,Thursday,0,0,Spring,13.5,1,0,103,92,92
2011-04-08,Friday,0,0,Spring,14.2,0,1,92,98,104
2011-04-09,Saturday,1,0,Spring,19.6,0,0,104,117,132
2011-04-10,Sunday,1,0,Spring,19.3,0,0,132,113,129
2011-04-11,Monday,0,0,Spring,14.4,0,0,129,104,117
2011-04-12,Tuesday,0,0,Spring,14.5,1,1,117,87,116
2011-04-13,Wednesday,0,0,Spring,14.9,0,0,116,103,95
2011-04-14,Thursday,0,0,Spring,19.2,0,0,95,92,108
2011-04-15,Friday,0,0,Spring,14.2,1,0,108,104,115
2011-04-16,Saturday,1,0,Spring,18.4,0,0,115,132,120
2011-04-17,Sunday,1,0,Spring,19.7,0,0,120,129,127
2011-04-18,Monday,0,0,Spring,17.4,0,0,127,117,120
2011-04-19,Tuesday,0,0,Spring,20.8,0,0,120,116,108
2011-04-20,Wednesday,0,0,Spring,17.0,0,0,108,95,107
2011-04-21,Thursday,0,0,Spring,17.4,0,0,107,108,102
2011-04-22,Friday,0,0,Spring,15.3,0,0,102,115,126
2011-04-23,Saturday,1,0,Spring,21.4,0,0,126,120,127
2011-04-24,Sunday,1,0,Spring,16.2,0,0,127,127,127
2011-04-25,Monday,0,0,Spring,19.7,0,0,127,120,104
2011-04-26,Tuesday,0,0,Spring,18.6,0,0,104,108,105
2011-04-27,Wednesday,0,0,Spring,15.8,0,0,105,107,111
2011-04-28,Thursday,0,0,Spring,17.3,0,0,111,102,100
2011-04-29,Friday,0,0,Spring,23.4,0,0,100,126,110
2011-04-30,Saturday,1,0,Spring,20.0,0,0,110,127,115
2011-05-01,Sunday,1,1,Spring,16.5,1,1,115,127,120
2011-05-02,Monday,0,0,Spring,20.5,1,0,120,104,96
2011-05-03,Tuesday,0,0,Spring,19.3,0,0,96,105,105
2011-05-04,Wednesday,0,0,Spring,30.2,1,0,105,111,97
2011-05-05,Thursday,0,0,Spring,20.8,0,0,97,100,88
2011-05-06,Friday,0,0,Spring,19.0,0,0,88,110,98
2011-05-07,Saturday,1,0,Spring,24.5,0,0,98,115,114
2011-05-08,Sunday,1,0,Spring,14.8,0,0,114,120,119
2011-05-09,Monday,0,0,Spring,20.7,1,0,119,96,96
2011-05-10,Tuesday,0,0,Spring,26.6,0,0,96,105,97
2011-05-11,Wednesday,0,0,Spring,20.3,0,0,97,97,101
2011-05-12,Thursday,0,0,Spring,15.6,1,0,101,88,100
2011-05-13,Friday,0,0,Spring,19.7,0,0,100,98,113
2011-05-14,Saturday,1,0,Spring,25.4,0,0,113,114,124
2011-05-15,Sunday,1,0,Spring,22.2,0,0,124,119,111
2011-05-16,Monday,0,0,Spring,18.7,1,0,111,96,91
2011-05-17,Tuesday,0,0,Spring,19.3,0,0,91,97,102
2011-05-18,Wednesday,0,0,Spring,19.7,1,0,102,101,110
2011-05-19,Thursday,0,0,Spring,22.6,0,0,110,100,107
2011-05-20,Friday,0,0,Spring,25.6,1,0,107,113,109
2011-05-21,Saturday,1,0,Spring,24.8,1,0,109,124,111
2011-05-22,Sunday,1,0,Spring,23.1,1,0,111,111,121
2011-05-23,Monday,0,0,Spring,17.8,0,0,121,91,96
2011-05-24,Tuesday,0,0,Spring,17.9,0,0,96,102,110
2011-05-25,Wednesday,0,0,Spring,23.6,1,0,110,110,105
2011-05-26,Thursday,0,0,Spring,18.0,0,0,105,107,99
2011-05-27,Friday,0,0,Spring,21.5,1,0,99,109,92
2011-05-28,Saturday,1,0,Spring,23.1,1,1,92,111,112
2011-05-29,Sunday,1,0,Spring,18.9,0,0,112,121,115
2011-05-30,Monday,0,0,Spring,19.3,0,1,115,96,108
2011-05-31,Tuesday,0,0,Spring,22.1,0,0,108,110,106
2011-06-01,Wednesday,0,0,Summer,24.0,0,0,106,105,117
2011-06-02,Thursday,0,0,Summer,25.7,0,0,117,99,118
2011-06-03,Friday,0,0,Summer,24.4,0,0,118,92,116
2011-06-04,Saturday,1,0,Summer,22.8,0,0,116,112,130
2011-06-05,Sunday,1,0,Summer,20.4,0,0,130,115,119
2011-06-06,Monday,0,0,Summer,19.5,0,0,119,108,115
2011-06-07,Tuesday,0,0,Summer,21.2,0,0,115,106,115
2011-06-08,Wednesday,0,0,Summer,24.0,0,1,115,117,133
2011-06-09,Thursday,0,0,Summer,23.8,0,0,133,118,116
2011-06-10,Friday,0,0,Summer,16.5,0,0,116,116,111
2011-06-11,Saturday,1,0,Summer,20.5,1,0,111,130,115
2011-06-12,Sunday,1,0,Summer,26.5,0,0,115,119,126
2011-06-13,Monday,0,0,Summer,23.2,1,0,126,115,115
2011-06-14,Tuesday,0,0,Summer,18.7,0,1,115,115,123
2011-06-15,Wednesday,0,0,Summer,30.0,0,0,123,133,111
2011-06-16,Thursday,0,0,Summer,22.9,0,0,111,116,125
2011-06-17,Friday,0,0,Summer,24.1,0,0,125,111,124
2011-06-18,Saturday,1,0,Summer,24.2,0,0,124,115,131
2011-06-19,Sunday,1,0,Summer,21.9,1,0,131,126,129
2011-06-20,Monday,0,0,Summer,20.8,0,0,129,115,113
2011-06-21,Tuesday,0,0,Summer,29.4,0,0,113,123,121
2011-06-22,Wednesday,0,0,Summer,26.0,0,0,121,111,118
2011-06-23,Thursday,0,0,Summer,25.5,0,0,118,125,122
2011-06-24,Friday,0,0,Summer,24.7,0,0,122,124,129
2011-06-25,Saturday,1,0,Summer,20.0,0,0,129,131,132
2011-06-26,Sunday,1,0,Summer,26.8,0,0,132,129,123
2011-06-27,Monday,0,0,Summer,20.4,0,0,123,113,113
2011-06-28,Tuesday,0,0,Summer,23.8,1,0,113,121,122
2011-06-29,Wednesday,0,0,Summer,18.0,0,0,122,118,112
2011-06-30,Thursday,0,0,Summer,16.7,0,0,112,122,115
2011-07-01,Friday,0,0,Summer,23.8,0,0,115,129,129
2011-07-02,Saturday,1,0,Summer,20.4,0,0,129,132,148
2011-07-03,Sunday,1,0,Summer,16.8,0,0,148,123,132
2011-07-04,Monday,0,0,Summer,24.3,0,0,132,113,111
2011-07-05,Tuesday,0,0,Summer,29.0,0,0,111,122,121
2011-07-06,Wednesday,0,0,Summer,26.8,1,1,121,112,116
2011-07-07,Thursday,0,0,Summer,21.8,1,0,116,115,115
2011-07-08,Friday,0,0,Summer,22.6,0,0,115,129,127
2011-07-09,Saturday,1,0,Summer,25.2,0,0,127,148,135
2011-07-10,Sunday,1,0,Summer,25.8,0,0,135,132,133
2011-07-11,Monday,0,0,Summer,21.3,0,0,133,111,124
2011-07-12,Tuesday,0,0,Summer,22.4,0,0,124,121,126
2011-07-13,Wednesday,0,0,Summer,23.1,1,0,126,116,116
2011-07-14,Thursday,0,0,Summer,23.8,1,1,116,115,123
2011-07-15,Friday,0,0,Summer,21.7,0,1,123,127,125
2011-07-16,Saturday,1,0,Summer,21.7,0,0,125,135,133
2011-07-17,Sunday,1,0,Summer,26.1,0,1,133,133,139
2011-07-18,Monday,0,0,Summer,25.5,0,0,139,124,127
2011-07-19,Tuesday,0,0,Summer,23.2,0,0,127,126,132
2011-07-20,Wednesday,0,0,Summer,26.9,0,0,132,116,116
2011-07-21,Thursday,0,0,Summer,20.5,1,1,116,123,130
2011-07-22,Friday,0,0,Summer,26.4,0,0,130,125,131
2011-07-23,Saturday,1,0,Summer,23.1,1,0,131,133,132
2011-07-24,Sunday,1,0,Summer,31.2,0,0,132,139,131
2011-07-25,Monday,0,0,Summer,17.7,0,0,131,127,122
2011-07-26,Tuesday,0,0,Summer,19.1,1,0,122,132,131
2011-07-27,Wednesday,0,0,Summer,22.3,0,0,131,116,103
2011-07-28,Thursday,0,0,Summer,22.2,0,1,103,130,109
2011-07-29,Friday,0,0,Summer,26.7,0,0,109,131,121
2011-07-30,Saturday,1,0,Summer,18.8,0,0,121,132,131
2011-07-31,Sunday,1,0,Summer,23.4,0,0,131,131,138
2011-08-01,Monday,0,0,Summer,24.0,0,0,138,122,128
2011-08-02,Tuesday,0,0,Summer,22.5,0,0,128,131,112
2011-08-03,Wednesday,0,0,Summer,17.4,0,0,112,103,111
2011-08-04,Thursday,0,0,Summer,24.4,0,1,111,109,120
2011-08-05,Friday,0,0,Summer,23.8,0,0,120,121,129
2011-08-06,Saturday,1,0,Summer,21.7,1,1,129,131,132
2011-08-07,Sunday,1,0,Summer,20.4,0,0,132,138,122
2011-08-08,Monday,0,0,Summer,20.4,0,0,122,128,114
2011-08-09,Tuesday,0,0,Summer,19.3,1,0,114,112,110
2011-08-10,Wednesday,0,0,Summer,21.4,1,0,110,111,110
2011-08-11,Thursday,0,0,Summer,19.4,0,1,110,120,122
2011-08-12,Friday,0,0,Summer,16.6,0,0,122,129,119
2011-08-13,Saturday,1,0,Summer,15.9,0,1,119,132,133
2011-08-14,Sunday,1,0,Summer,16.6,0,1,133,122,145
2011-08-15,Monday,0,0,Summer,19.4,0,0,145,114,142
2011-08-16,Tuesday,0,0,Summer,18.5,0,1,142,110,132
2011-08-17,Wednesday,0,0,Summer,19.1,0,0,132,110,126
2011-08-18,Thursday,0,0,Summer,19.8,0,0,126,122,117
2011-08-19,Friday,0,0,Summer,16.3,0,1,117,119,135
2011-08-20,Saturday,1,0,Summer,22.4,0,0,135,133,134
2011-08-21,Sunday,1,0,Summer,17.1,1,0,134,145,122
2011-08-22,Monday,0,0,Summer,16.4,0,0,122,142,128
2011-08-23,Tuesday,0,0,Summer,19.0,0,0,128,132,123
2011-08-24,Wednesday,0,0,Summer,11.9,0,0,123,126,126
2011-08-25,Thursday,0,0,Summer,14.9,0,0,126,117,124
2011-08-26,Friday,0,0,Summer,20.1,0,0,124,135,118
2011-08-27,Saturday,1,0,Summer,11.7,0,0,118,134,126
2011-08-28,Sunday,1,0,Summer,20.1,0,0,126,122,119
2011-08-29,Monday,0,0,Summer,21.2,0,0,119,128,125
2011-08-30,Tuesday,0,0,Summer,15.4,0,0,125,123,117
2011-08-31,Wednesday,0,0,Summer,17.2,0,0,117,126,111
2011-09-01,Thursday,0,0,Autumn,19.5,1,0,111,124,95
2011-09-02,Friday,0,0,Autumn,14.6,0,0,95,118,112
2011-09-03,Saturday,1,0,Autumn,18.4,0,1,112,126,124
2011-09-04,Sunday,1,0,Autumn,13.6,1,0,124,119,112
2011-09-05,Monday,0,0,Autumn,14.1,0,0,112,125,110
2011-09-06,Tuesday,0,0,Autumn,12.9,0,0,110,117,98
2011-09-07,Wednesday,0,0,Autumn,16.2,1,0,98,111,85
2011-09-08,Thursday,0,0,Autumn,18.5,0,0,85,95,93
2011-09-09,Friday,0,0,Autumn,14.3,1,0,93,112,92
2011-09-10,Saturday,1,0,Autumn,10.8,0,0,92,124,106
2011-09-11,Sunday,1,0,Autumn,11.2,1,0,106,112,97
2011-09-12,Monday,0,0,Autumn,15.5,0,0,97,110,86
2011-09-13,Tuesday,0,0,Autumn,19.7,0,0,86,98,79
2011-09-14,Wednesday,0,0,Autumn,15.1,0,0,79,85,84
2011-09-15,Thursday,0,0,Autumn,12.6,1,0,84,93,93
2011-09-16,Friday,0,0,Autumn,15.9,0,0,93,92,103
2011-09-17,Saturday,1,0,Autumn,12.7,0,0,103,106,107
2011-09-18,Sunday,1,0,Autumn,12.1,1,0,107,97,110
2011-09-19,Monday,0,0,Autumn,10.2,0,0,110,86,89
2011-09-20,Tuesday,0,0,Autumn,17.2,0,0,89,79,91
2011-09-21,Wednesday,0,0,Autumn,5.1,0,0,91,84,80
2011-09-22,Thursday,0,0,Autumn,15.0,1,0,80,93,79
2011-09-23,Friday,0,0,Autumn,11.0,0,0,79,103,97
2011-09-24,Saturday,1,0,Autumn,11.0,0,0,97,107,107
2011-09-25,Sunday,1,0,Autumn,17.2,1,0,107,110,110
2011-09-26,Monday,0,0,Autumn,9.8,0,0,110,89,83
2011-09-27,Tuesday,0,0,Autumn,9.7,0,0,83,91,90
2011-09-28,Wednesday,0,0,Autumn,11.2,0,0,90,80,89
2011-09-29,Thursday,0,0,Autumn,12.6,0,0,89,79,84
2011-09-30,Friday,0,0,Autumn,9.9,0,0,84,97,95
2011-10-01,Saturday,1,0,Autumn,6.3,0,0,95,107,109
2011-10-02,Sunday,1,0,Autumn,8.3,1,0,109,110,97
2011-10-03,Monday,0,0,Autumn,14.6,1,0,97,83,80
2011-10-04,Tuesday,0,0,Autumn,10.8,0,0,80,90,80
2011-10-05,Wednesday,0,0,Autumn,11.7,0,0,80,89,67
2011-10-06,Thursday,0,0,Autumn,9.4,0,0,67,84,79
2011-10-07,Friday,0,0,Autumn,8.1,1,0,79,95,91
2011-10-08,Saturday,1,0,Autumn,14.9,1,0,91,109,104
2011-10-09,Sunday,1,0,Autumn,9.2,1,0,104,97,100
2011-10-10,Monday,0,0,Autumn,8.2,1,0,100,80,90
2011-10-11,Tuesday,0,0,Autumn,12.7,1,0,90,80,80
2011-10-12,Wednesday,0,0,Autumn,7.1,1,0,80,67,61
2011-10-13,Thursday,0,0,Autumn,7.3,1,0,61,79,70
2011-10-14,Friday,0,0,Autumn,9.0,0,0,70,91,92
2011-10-15,Saturday,1,0,Autumn,8.8,0,0,92,104,103
2011-10-16,Sunday,1,0,Autumn,9.4,0,0,103,100,98
2011-10-17,Monday,0,0,Autumn,14.7,0,0,98,90,96
2011-10-18,Tuesday,0,0,Autumn,9.3,0,0,96,80,88
2011-10-19,Wednesday,0,0,Autumn,1.0,0,0,88,61,73
2011-10-20,Thursday,0,0,Autumn,9.0,1,0,73,70,73
2011-10-21,Friday,0,0,Autumn,8.0,0,0,73,92,82
2011-10-22,Saturday,1,0,Autumn,7.8,0,1,82,103,107
2011-10-23,Sunday,1,0,Autumn,8.3,1,0,107,98,92
2011-10-24,Monday,0,0,Autumn,7.3,0,0,92,96,89
2011-10-25,Tuesday,0,0,Autumn,7.1,0,1,89,88,97
2011-10-26,Wednesday,0,0,Autumn,9.0,0,0,97,73,87
2011-10-27,Thursday,0,0,Autumn,5.4,0,0,87,73,83
2011-10-28,Friday,0,0,Autumn,4.0,1,1,83,82,89
2011-10-29,Saturday,1,0,Autumn,15.8,0,0,89,107,106
2011-10-30,Sunday,1,0,Autumn,4.5,1,0,106,92,92
2011-10-31,Monday,0,0,Autumn,6.8,0,0,92,89,83
2011-11-01,Tuesday,0,0,Autumn,1.9,1,0,83,97,72
2011-11-02,Wednesday,0,0,Autumn,6.6,0,0,72,87,75
2011-11-03,Thursday,0,0,Autumn,3.3,0,0,75,83,64
2011-11-04,Friday,0,0,Autumn,4.6,0,0,64,89,78
2011-11-05,Saturday,1,0,Autumn,9.0,0,0,78,106,99
2011-11-06,Sunday,1,0,Autumn,7.1,1,0,99,92,92
2011-11-07,Monday,0,0,Autumn,7.3,1,0,92,83,86
2011-11-08,Tuesday,0,0,Autumn,0.2,0,0,86,72,84
2011-11-09,Wednesday,0,0,Autumn,10.9,1,0,84,75,77
2011-11-10,Thursday,0,0,Autumn,1.7,0,0,77,64,65
2011-11-11,Friday,0,0,Autumn,9.7,1,0,65,78,82
2011-11-12,Saturday,1,0,Autumn,8.1,0,0,82,99,100
2011-11-13,Sunday,1,0,Autumn,6.7,0,0,100,92,99
2011-11-14,Monday,0,0,Autumn,2.3,0,0,99,86,81
2011-11-15,Tuesday,0,0,Autumn,5.2,0,0,81,84,81
2011-11-16,Wednesday,0,0,Autumn,3.2,1,0,81,77,71
2011-11-17,Thursday,0,0,Autumn,4.6,0,0,71,65,66
2011-11-18,Friday,0,0,Autumn,3.7,0,0,66,82,79
2011-11-19,Saturday,1,0,Autumn,-1.7,1,0,79,100,78
2011-11-20,Sunday,1,0,Autumn,7.7,0,0,78,99,94
2011-11-21,Monday,0,0,Autumn,4.0,0,0,94,81,84
2011-11-22,Tuesday,0,0,Autumn,2.7,1,0,84,81,74
2011-11-23,Wednesday,0,0,Autumn,2.4,0,0,74,71,71
2011-11-24,Thursday,0,0,Autumn,5.1,1,0,71,66,61
2011-11-25,Friday,0,0,Autumn,1.2,0,1,61,79,72
2011-11-26,Saturday,1,0,Autumn,-2.9,0,0,72,78,91
2011-11-27,Sunday,1,0,Autumn,5.0,0,0,91,94,91
2011-11-28,Monday,0,0,Autumn,5.3,0,0,91,84,72
2011-11-29,Tuesday,0,0,Autumn,3.0,0,0,72,74,77
2011-11-30,Wednesday,0,0,Autumn,0.1,1,0,77,71,61
2011-12-01,Thursday,0,0,Winter,3.8,1,0,61,61,65
2011-12-02,Friday,0,0,Winter,-0.9,0,1,65,72,87
2011-12-03,Saturday,1,0,Winter,0.3,1,0,87,91,84
2011-12-04,Sunday,1,0,Winter,1.1,0,0,84,91,93
2011-12-05,Monday,0,0,Winter,5.9,1,0,93,72,80
2011-12-06,Tuesday,0,0,Winter,2.2,0,0,80,77,84
2011-12-07,Wednesday,0,0,Winter,1.9,1,0,84,61,72
2011-12-08,Thursday,0,0,Winter,9.1,0,1,72,65,76
2011-12-09,Friday,0,0,Winter,4.2,0,0,76,87,66
2011-12-10,Saturday,1,0,Winter,4.2,0,0,66,84,74
2011-12-11,Sunday,1,0,Winter,2.0,1,0,74,93,74
2011-12-12,Monday,0,0,Winter,1.3,1,0,74,80,73
2011-12-13,Tuesday,0,0,Winter,-3.5,1,0,73,84,74
2011-12-14,Wednesday,0,0,Winter,6.0,0,0,74,72,64
2011-12-15,Thursday,0,0,Winter,4.4,1,0,64,76,75
2011-12-16,Friday,0,0,Winter,2.5,0,0,75,66,68
2011-12-17,Saturday,1,0,Winter,2.6,1,0,68,74,67
2011-12-18,Sunday,1,0,Winter,5.2,0,0,67,74,64
2011-12-19,Monday,0,0,Winter,-1.7,1,0,64,73,61
2011-12-20,Tuesday,0,0,Winter,1.2,1,0,61,74,56
2011-12-21,Wednesday,0,0,Winter,-0.4,0,0,56,64,68
2011-12-22,Thursday,0,0,Winter,8.3,1,0,68,75,63
2011-12-23,Friday,0,0,Winter,5.6,0,0,63,68,75
2011-12-24,Saturday,1,1,Winter,-3.6,0,0,75,67,72
2011-12-25,Sunday,1,1,Winter,-1.5,0,0,72,64,84
2011-12-26,Monday,0,1,Winter,2.7,0,0,84,61,76
2011-12-27,Tuesday,0,0,Winter,1.7,0,1,76,56,75
2011-12-28,Wednesday,0,0,Winter,-0.9,1,1,75,68,70
2011-12-29,Thursday,0,0,Winter,9.0,1,0,70,63,64
2011-12-30,Friday,0,0,Winter,4.1,0,0,64,75,75
2011-12-31,Saturday,1,1,Winter,4.6,1,0,75,72,95
2012-01-01,Sunday,1,1,Winter,1.1,1,0,95,84,83
2012-01-02,Monday,0,0,Winter,5.4,0,0,83,76,72
2012-01-03,Tuesday,0,0,Winter,2.2,0,0,72,75,64
2012-01-04,Wednesday,0,0,Winter,2.5,1,0,64,70,51
2012-01-05,Thursday,0,0,Winter,5.2,0,1,51,64,58
2012-01-06,Friday,0,0,Winter,-1.4,0,0,58,75,62
2012-01-07,Saturday,1,0,Winter,8.3,1,0,62,95,76
2012-01-08,Sunday,1,0,Winter,4.1,1,0,76,83,87
2012-01-09,Monday,0,0,Winter,7.4,1,0,87,72,79
2012-01-10,Tuesday,0,0,Winter,0.4,1,0,79,64,59
2012-01-11,Wednesday,0,0,Winter,1.0,0,0,59,51,62
2012-01-12,Thursday,0,0,Winter,0.3,1,0,62,58,53
2012-01-13,Friday,0,0,Winter,4.6,1,0,53,62,60
2012-01-14,Saturday,1,0,Winter,4.1,0,0,60,76,76
2012-01-15,Sunday,1,0,Winter,2.6,0,0,76,87,95
2012-01-16,Monday,0,0,Winter,1.0,0,0,95,79,80
2012-01-17,Tuesday,0,0,Winter,0.4,1,0,80,59,53
2012-01-18,Wednesday,0,0,Winter,4.1,1,0,53,62,60
2012-01-19,Thursday,0,0,Winter,2.9,1,0,60,53,65
2012-01-20,Friday,0,0,Winter,2.4,0,0,65,60,74
2012-01-21,Saturday,1,0,Winter,9.1,1,1,74,76,80
2012-01-22,Sunday,1,0,Winter,4.4,0,0,80,95,86
2012-01-23,Monday,0,0,Winter,8.5,1,0,86,80,75
2012-01-24,Tuesday,0,0,Winter,3.2,0,0,75,53,77
2012-01-25,Wednesday,0,0,Winter,5.6,1,0,77,60,70
2012-01-26,Thursday,0,0,Winter,4.8,0,0,70,65,81
2012-01-27,Friday,0,0,Winter,0.0,0,0,81,74,72
2012-01-28,Saturday,1,0,Winter,9.5,0,1,72,80,89
2012-01-29,Sunday,1,0,Winter,4.9,1,0,89,86,80
2012-01-30,Monday,0,0,Winter,7.7,0,0,80,75,80
2012-01-31,Tuesday,0,0,Winter,3.3,1,1,80,77,86
2012-02-01,Wednesday,0,0,Winter,5.2,0,0,86,70,79
2012-02-02,Thursday,0,0,Winter,3.2,0,0,79,81,78
2012-02-03,Friday,0,0,Winter,9.6,0,0,78,72,83
2012-02-04,Saturday,1,0,Winter,6.9,0,1,83,89,87
2012-02-05,Sunday,1,0,Winter,7.2,0,0,87,80,83
2012-02-06,Monday,0,0,Winter,10.3,0,0,83,80,75
2012-02-07,Tuesday,0,0,Winter,9.9,0,0,75,86,76
2012-02-08,Wednesday,0,0,Winter,8.8,1,0,76,79,68
2012-02-09,Thursday,0,0,Winter,2.4,0,0,68,78,65
2012-02-10,Friday,0,0,Winter,4.7,0,0,65,83,64
2012-02-11,Saturday,1,0,Winter,3.9,1,0,64,87,79
2012-02-12,Sunday,1,0,Winter,9.2,0,0,79,83,74
2012-02-13,Monday,0,0,Winter,7.7,0,0,74,75,78
2012-02-14,Tuesday,0,0,Winter,3.2,0,0,78,76,74
2012-02-15,Wednesday,0,0,Winter,6.9,0,0,74,68,77
2012-02-16,Thursday,0,0,Winter,3.1,0,0,77,65,65
2012-02-17,Friday,0,0,Winter,7.6,1,0,65,64,81
2012-02-18,Saturday,1,0,Winter,3.0,0,0,81,79,99
2012-02-19,Sunday,1,0,Winter,9.7,1,0,99,74,87
2012-02-20,Monday,0,0,Winter,9.3,1,1,87,78,85
2012-02-21,Tuesday,0,0,Winter,14.1,0,0,85,74,79
2012-02-22,Wednesday,0,0,Winter,11.1,0,0,79,77,84
2012-02-23,Thursday,0,0,Winter,7.4,0,0,84,65,82
2012-02-24,Friday,0,0,Winter,11.3,0,0,82,81,72
2012-02-25,Saturday,1,0,Winter,4.8,1,0,72,99,77
2012-02-26,Sunday,1,0,Winter,6.3,0,0,77,87,85
2012-02-27,Monday,0,0,Winter,10.3,0,0,85,85,85
2012-02-28,Tuesday,0,0,Winter,3.0,1,0,85,79,74
2012-02-29,Wednesday,0,0,Winter,9.5,1,0,74,84,61
2012-03-01,Thursday,0,0,Spring,6.7,0,0,61,82,77
2012-03-02,Friday,0,0,Spring,10.3,1,0,77,72,92
2012-03-03,Saturday,1,0,Spring,6.9,1,0,92,77,73
2012-03-04,Sunday,1,0,Spring,11.6,1,0,73,85,88
2012-03-05,Monday,0,0,Spring,10.5,0,0,88,85,97
2012-03-06,Tuesday,0,0,Spring,14.8,1,0,97,74,91
2012-03-07,Wednesday,0,0,Spring,10.8,0,0,91,61,80
2012-03-08,Thursday,0,0,Spring,8.6,0,0,80,77,88
2012-03-09,Friday,0,0,Spring,10.4,0,0,88,92,92
2012-03-10,Saturday,1,0,Spring,7.3,0,0,92,73,96
2012-03-11,Sunday,1,0,Spring,12.7,0,0,96,88,97
2012-03-12,Monday,0,0,Spring,13.4,0,0,97,97,93
2012-03-13,Tuesday,0,0,Spring,19.2,0,0,93,91,87
2012-03-14,Wednesday,0,0,Spring,10.1,1,0,87,80,78
2012-03-15,Thursday,0,0,Spring,11.3,0,0,78,88,96
2012-03-16,Friday,0,0,Spring,10.6,0,0,96,92,92
2012-03-17,Saturday,1,0,Spring,13.1,1,0,92,96,84
2012-03-18,Sunday,1,0,Spring,13.8,0,0,84,97,119
2012-03-19,Monday,0,0,Spring,12.7,1,0,119,93,95
2012-03-20,Tuesday,0,0,Spring,16.3,0,0,95,87,89
2012-03-21,Wednesday,0,0,Spring,11.3,0,0,89,78,82
2012-03-22,Thursday,0,0,Spring,16.3,0,0,82,96,91
2012-03-23,Friday,0,0,Spring,15.1,0,0,91,92,91
2012-03-24,Saturday,1,0,Spring,13.7,0,0,91,84,108
2012-03-25,Sunday,1,0,Spring,12.9,0,0,108,119,110
2012-03-26,Monday,0,0,Spring,21.3,0,0,110,95,94
2012-03-27,Tuesday,0,0,Spring,11.8,0,0,94,89,69
2012-03-28,Wednesday,0,0,Spring,15.3,0,0,69,82,86
2012-03-29,Thursday,0,0,Spring,12.3,0,1,86,91,94
2012-03-30,Friday,0,0,Spring,20.1,1,0,94,91,99
2012-03-31,Saturday,1,0,Spring,17.5,1,1,99,108,107
2012-04-01,Sunday,1,0,Spring,13.0,0,0,107,110,109
2012-04-02,Monday,0,0,Spring,16.8,1,0,109,94,95
2012-04-03,Tuesday,0,0,Spring,16.2,1,0,95,69,89
2012-04-04,Wednesday,0,0,Spring,14.0,0,0,89,86,89
2012-04-05,Thursday,0,0,Spring,18.0,0,0,89,94,87
2012-04-06,Friday,0,0,Spring,17.1,0,0,87,99,114
2012-04-07,Saturday,1,0,Spring,16.7,1,0,114,107,115
2012-04-08,Sunday,1,0,Spring,16.1,0,0,115,109,106
2012-04-09,Monday,0,0,Spring,17.7,0,0,106,95,99
2012-04-10,Tuesday,0,0,Spring,17.2,1,0,99,89,93
2012-04-11,Wednesday,0,0,Spring,16.9,0,0,93,89,96
2012-04-12,Thursday,0,0,Spring,14.9,0,0,96,87,97
2012-04-13,Friday,0,0,Spring,22.1,0,0,97,114,110
2012-04-14,Saturday,1,0,Spring,14.0,1,0,110,115,118
2012-04-15,Sunday,1,0,Spring,18.6,0,0,118,106,119
2012-04-16,Monday,0,0,Spring,16.5,0,0,119,99,110
2012-04-17,Tuesday,0,0,Spring,22.9,0,0,110,93,90
2012-04-18,Wednesday,0,0,Spring,15.1,0,0,90,96,80
2012-04-19,Thursday,0,0,Spring,15.7,1,0,80,97,81
2012-04-20,Friday,0,0,Spring,15.2,0,0,81,110,95
2012-04-21,Saturday,1,0,Spring,19.2,0,0,95,118,105
2012-04-22,Sunday,1,0,Spring,14.3,1,0,105,119,100
2012-04-23,Monday,0,0,Spring,17.1,0,0,100,110,101
2012-04-24,Tuesday,0,0,Spring,12.2,0,1,101,90,94
2012-04-25,Wednesday,0,0,Spring,19.5,1,0,94,80,71
2012-04-26,Thursday,0,0,Spring,17.4,1,0,71,81,70
2012-04-27,Friday,0,0,Spring,14.6,0,0,70,95,83
2012-04-28,Saturday,1,0,Spring,22.5,0,0,83,105,101
2012-04-29,Sunday,1,0,Spring,15.4,0,0,101,100,110
2012-04-30,Monday,0,0,Spring,21.9,0,0,110,101,106
2012-05-01,Tuesday,0,1,Spring,17.5,0,0,106,94,90
2012-05-02,Wednesday,0,0,Spring,24.5,0,0,90,71,99
2012-05-03,Thursday,0,0,Spring,22.1,0,0,99,70,93
2012-05-04,Friday,0,0,Spring,17.0,0,0,93,83,96
2012-05-05,Saturday,1,0,Spring,17.4,1,0,96,101,103
2012-05-06,Sunday,1,0,Spring,22.0,1,0,103,110,101
2012-05-07,Monday,0,0,Spring,19.6,1,0,101,106,100
2012-05-08,Tuesday,0,0,Spring,20.0,0,0,100,90,82
2012-05-09,Wednesday,0,0,Spring,24.4,0,0,82,99,103
2012-05-10,Thursday,0,0,Spring,18.4,0,0,103,93,102
2012-05-11,Friday,0,0,Spring,21.1,0,0,102,96,107
2012-05-12,Saturday,1,0,Spring,23.8,1,0,107,103,114
2012-05-13,Sunday,1,0,Spring,23.4,0,0,114,101,110
2012-05-14,Monday,0,0,Spring,20.6,0,0,110,100,111
2012-05-15,Tuesday,0,0,Spring,20.3,0,0,111,82,94
2012-05-16,Wednesday,0,0,Spring,16.1,0,1,94,103,97
2012-05-17,Thursday,0,0,Spring,18.2,1,0,97,102,98
2012-05-18,Friday,0,0,Spring,22.4,0,1,98,107,105
2012-05-19,Saturday,1,0,Spring,21.2,0,0,105,114,111
2012-05-20,Sunday,1,0,Spring,21.9,0,0,111,110,116
2012-05-21,Monday,0,0,Spring,24.9,1,0,116,111,112
2012-05-22,Tuesday,0,0,Spring,18.3,0,0,112,94,101
2012-05-23,Wednesday,0,0,Spring,21.2,0,0,101,97,94
2012-05-24,Thursday,0,0,Spring,22.6,1,0,94,98,94
2012-05-25,Friday,0,0,Spring,20.0,1,1,94,105,103
2012-05-26,Saturday,1,0,Spring,26.4,0,1,103,111,122
2012-05-27,Sunday,1,0,Spring,24.9,1,0,122,116,114
2012-05-28,Monday,0,0,Spring,23.1,0,0,114,112,102
2012-05-29,Tuesday,0,0,Spring,27.7,0,1,102,101,103
2012-05-30,Wednesday,0,0,Spring,17.9,0,0,103,94,86
2012-05-31,Thursday,0,0,Spring,22.4,1,0,86,94,99
2012-06-01,Friday,0,0,Summer,23.6,0,0,99,103,114
2012-06-02,Saturday,1,0,Summer,19.8,0,0,114,122,114
2012-06-03,Sunday,1,0,Summer,23.5,0,0,114,114,124
2012-06-04,Monday,0,0,Summer,19.3,1,0,124,102,108
2012-06-05,Tuesday,0,0,Summer,24.8,0,0,108,103,98
2012-06-06,Wednesday,0,0,Summer,25.9,0,0,98,86,92
2012-06-07,Thursday,0,0,Summer,23.6,0,0,92,99,101
2012-06-08,Friday,0,0,Summer,17.3,0,0,101,114,115
2012-06-09,Saturday,1,0,Summer,19.9,0,0,115,114,125
2012-06-10,Sunday,1,0,Summer,24.6,0,0,125,124,123
2012-06-11,Monday,0,0,Summer,23.0,1,0,123,108,114
2012-06-12,Tuesday,0,0,Summer,14.8,0,0,114,98,103
2012-06-13,Wednesday,0,0,Summer,26.7,0,0,103,92,99
2012-06-14,Thursday,0,0,Summer,23.4,0,1,99,101,120
2012-06-15,Friday,0,0,Summer,20.5,0,0,120,115,121
2012-06-16,Saturday,1,0,Summer,26.0,0,0,121,125,133
2012-06-17,Sunday,1,0,Summer,21.0,0,0,133,123,121
2012-06-18,Monday,0,0,Summer,20.9,0,0,121,114,110
2012-06-19,Tuesday,0,0,Summer,24.1,1,0,110,103,110
2012-06-20,Wednesday,0,0,Summer,28.3,0,1,110,99,115
2012-06-21,Thursday,0,0,Summer,27.9,0,0,115,120,118
2012-06-22,Friday,0,0,Summer,24.1,1,0,118,121,112
2012-06-23,Saturday,1,0,Summer,24.4,0,0,112,133,128
2012-06-24,Sunday,1,0,Summer,25.3,0,0,128,121,121
2012-06-25,Monday,0,0,Summer,19.2,1,0,121,110,111
2012-06-26,Tuesday,0,0,Summer,24.9,0,0,111,110,104
2012-06-27,Wednesday,0,0,Summer,20.7,0,0,104,115,107
2012-06-28,Thursday,0,0,Summer,23.8,0,0,107,118,125
2012-06-29,Friday,0,0,Summer,22.2,1,0,125,112,122
2012-06-30,Saturday,1,0,Summer,24.3,0,0,122,128,128
2012-07-01,Sunday,1,0,Summer,23.2,1,0,128,121,130
2012-07-02,Monday,0,0,Summer,13.5,0,0,130,111,108
2012-07-03,Tuesday,0,0,Summer,23.3,0,0,108,104,100
2012-07-04,Wednesday,0,0,Summer,24.6,1,0,100,107,100
2012-07-05,Thursday,0,0,Summer,24.0,1,0,100,125,117
2012-07-06,Friday,0,0,Summer,22.3,0,0,117,122,129
2012-07-07,Saturday,1,0,Summer,27.5,0,0,129,128,131
2012-07-08,Sunday,1,0,Summer,23.4,0,0,131,130,129
2012-07-09,Monday,0,0,Summer,23.7,0,1,129,108,127
2012-07-10,Tuesday,0,0,Summer,25.5,0,0,127,100,132
2012-07-11,Wednesday,0,0,Summer,23.4,0,0,132,100,116
2012-07-12,Thursday,0,0,Summer,19.6,1,0,116,117,122
2012-07-13,Friday,0,0,Summer,14.9,0,0,122,129,124
2012-07-14,Saturday,1,0,Summer,20.7,0,0,124,131,136
2012-07-15,Sunday,1,0,Summer,24.3,0,0,136,129,141
2012-07-16,Monday,0,0,Summer,20.9,0,0,141,127,127
2012-07-17,Tuesday,0,0,Summer,24.3,0,1,127,132,131
2012-07-18,Wednesday,0,0,Summer,22.3,0,0,131,116,120
2012-07-19,Thursday,0,0,Summer,25.6,0,0,120,122,124
2012-07-20,Friday,0,0,Summer,20.8,0,0,124,124,133
2012-07-21,Saturday,1,0,Summer,23.0,0,0,133,136,146
2012-07-22,Sunday,1,0,Summer,23.0,1,0,146,141,146
2012-07-23,Monday,0,0,Summer,25.9,0,0,146,127,127
2012-07-24,Tuesday,0,0,Summer,16.2,0,0,127,131,116
2012-07-25,Wednesday,0,0,Summer,19.8,0,0,116,120,109
2012-07-26,Thursday,0,0,Summer,23.6,0,0,109,124,117
2012-07-27,Friday,0,0,Summer,25.6,0,0,117,133,133
2012-07-28,Saturday,1,0,Summer,21.6,0,1,133,146,143
2012-07-29,Sunday,1,0,Summer,19.9,1,0,143,146,135
2012-07-30,Monday,0,0,Summer,22.9,0,0,135,127,129
2012-07-31,Tuesday,0,0,Summer,23.1,1,0,129,116,114
2012-08-01,Wednesday,0,0,Summer,19.3,0,0,114,109,109
2012-08-02,Thursday,0,0,Summer,21.3,0,0,109,117,121
2012-08-03,Friday,0,0,Summer,23.7,0,0,121,133,127
2012-08-04,Saturday,1,0,Summer,25.7,0,1,127,143,140
2012-08-05,Sunday,1,0,Summer,22.2,0,0,140,135,137
2012-08-06,Monday,0,0,Summer,20.0,0,0,137,129,128
2012-08-07,Tuesday,0,0,Summer,19.5,0,0,128,114,135
2012-08-08,Wednesday,0,0,Summer,21.2,0,0,135,109,131
2012-08-09,Thursday,0,0,Summer,19.1,0,0,131,121,146
2012-08-10,Friday,0,0,Summer,19.9,0,0,146,127,128
2012-08-11,Saturday,1,0,Summer,16.0,0,0,128,140,142
2012-08-12,Sunday,1,0,Summer,22.9,1,0,142,137,145
2012-08-13,Monday,0,0,Summer,15.5,0,0,145,128,126
2012-08-14,Tuesday,0,0,Summer,17.5,0,0,126,135,118
2012-08-15,Wednesday,0,0,Summer,18.9,0,0,118,131,123
2012-08-16,Thursday,0,0,Summer,24.4,0,0,123,146,127
2012-08-17,Friday,0,0,Summer,17.1,0,0,127,128,117
2012-08-18,Saturday,1,0,Summer,16.2,0,0,117,142,118
2012-08-19,Sunday,1,0,Summer,16.4,1,0,118,145,113
2012-08-20,Monday,0,0,Summer,22.9,1,0,113,126,113
2012-08-21,Tuesday,0,0,Summer,9.3,0,0,113,118,112
2012-08-22,Wednesday,0,0,Summer,14.6,0,0,112,123,105
2012-08-23,Thursday,0,0,Summer,25.6,0,1,105,127,127
2012-08-24,Friday,0,0,Summer,19.0,0,0,127,117,127
2012-08-25,Saturday,1,0,Summer,13.8,0,0,127,118,127
2012-08-26,Sunday,1,0,Summer,16.8,0,0,127,113,126
2012-08-27,Monday,0,0,Summer,17.0,0,0,126,113,115
2012-08-28,Tuesday,0,0,Summer,19.2,0,0,115,112,120
2012-08-29,Wednesday,0,0,Summer,22.0,0,0,120,105,118
2012-08-30,Thursday,0,0,Summer,17.5,0,0,118,127,110
2012-08-31,Friday,0,0,Summer,14.5,0,1,110,127,137
2012-09-01,Saturday,1,0,Autumn,18.3,0,0,137,127,124
2012-09-02,Sunday,1,0,Autumn,13.7,0,0,124,126,119
2012-09-03,Monday,0,0,Autumn,12.6,1,0,119,115,121
2012-09-04,Tuesday,0,0,Autumn,10.2,1,0,121,120,109
2012-09-05,Wednesday,0,0,Autumn,10.6,1,0,109,118,95
2012-09-06,Thursday,0,0,Autumn,12.5,1,0,95,110,97
2012-09-07,Friday,0,0,Autumn,11.5,0,0,97,137,113
2012-09-08,Saturday,1,0,Autumn,15.8,0,0,113,124,119
2012-09-09,Sunday,1,0,Autumn,11.0,0,0,119,119,110
2012-09-10,Monday,0,0,Autumn,5.0,0,0,110,121,91
2012-09-11,Tuesday,0,0,Autumn,11.2,1,0,91,109,81
2012-09-12,Wednesday,0,0,Autumn,12.7,0,0,81,95,80
2012-09-13,Thursday,0,0,Autumn,12.1,1,0,80,97,93
2012-09-14,Friday,0,0,Autumn,18.4,0,0,93,113,95
2012-09-15,Saturday,1,0,Autumn,11.8,0,0,95,119,108
2012-09-16,Sunday,1,0,Autumn,16.1,1,0,108,110,115
2012-09-17,Monday,0,0,Autumn,13.2,0,0,115,91,102
2012-09-18,Tuesday,0,0,Autumn,13.0,1,0,102,81,97
2012-09-19,Wednesday,0,0,Autumn,10.4,1,0,97,80,80
2012-09-20,Thursday,0,0,Autumn,12.6,1,0,80,93,88
2012-09-21,Friday,0,0,Autumn,10.3,1,0,88,95,97
2012-09-22,Saturday,1,0,Autumn,12.9,0,0,97,108,112
2012-09-23,Sunday,1,0,Autumn,11.5,0,0,112,115,116
2012-09-24,Monday,0,0,Autumn,9.2,1,0,116,102,88
2012-09-25,Tuesday,0,0,Autumn,14.9,0,0,88,97,94
2012-09-26,Wednesday,0,0,Autumn,13.0,0,0,94,80,91
2012-09-27,Thursday,0,0,Autumn,10.2,0,0,91,88,88
2012-09-28,Friday,0,0,Autumn,11.8,0,0,88,97,89
2012-09-29,Saturday,1,0,Autumn,11.0,0,1,89,112,113
2012-09-30,Sunday,1,0,Autumn,8.5,1,0,113,116,99
2012-10-01,Monday,0,0,Autumn,11.1,0,0,99,88,86
2012-10-02,Tuesday,0,0,Autumn,8.9,0,0,86,94,91
2012-10-03,Wednesday,0,0,Autumn,7.7,0,0,91,91,94
2012-10-04,Thursday,0,0,Autumn,5.5,0,0,94,88,92
2012-10-05,Friday,0,0,Autumn,9.1,0,0,92,89,89
2012-10-06,Saturday,1,0,Autumn,11.8,1,0,89,113,91
2012-10-07,Sunday,1,0,Autumn,7.8,0,0,91,99,89
2012-10-08,Monday,0,0,Autumn,17.3,0,0,89,86,95
2012-10-09,Tuesday,0,0,Autumn,12.2,0,0,95,91,91
2012-10-10,Wednesday,0,0,Autumn,13.3,0,0,91,94,89
2012-10-11,Thursday,0,0,Autumn,11.6,1,0,89,92,88
2012-10-12,Friday,0,0,Autumn,14.6,1,0,88,89,94
2012-10-13,Saturday,1,0,Autumn,6.6,1,0,94,91,86
2012-10-14,Sunday,1,0,Autumn,1.1,1,0,86,89,80
2012-10-15,Monday,0,0,Autumn,7.3,0,0,80,95,85
2012-10-16,Tuesday,0,0,Autumn,10.1,1,0,85,91,82
2012-10-17,Wednesday,0,0,Autumn,8.8,0,0,82,89,90
2012-10-18,Thursday,0,0,Autumn,9.0,1,0,90,88,90
2012-10-19,Friday,0,0,Autumn,12.0,0,0,90,94,88
2012-10-20,Saturday,1,0,Autumn,9.0,0,0,88,86,70
2012-10-21,Sunday,1,0,Autumn,10.1,0,0,70,80,82
2012-10-22,Monday,0,0,Autumn,4.8,0,0,82,85,70
2012-10-23,Tuesday,0,0,Autumn,4.1,0,0,70,82,76
2012-10-24,Wednesday,0,0,Autumn,12.1,0,0,76,90,93
2012-10-25,Thursday,0,0,Autumn,7.4,1,0,93,90,79
2012-10-26,Friday,0,0,Autumn,5.1,0,0,79,88,89
2012-10-27,Saturday,1,0,Autumn,5.0,0,0,89,70,94
2012-10-28,Sunday,1,0,Autumn,4.8,0,0,94,82,92
2012-10-29,Monday,0,0,Autumn,4.5,0,0,92,70,80
2012-10-30,Tuesday,0,0,Autumn,2.6,0,0,80,76,60
2012-10-31,Wednesday,0,0,Autumn,1.8,0,0,60,93,71
2012-11-01,Thursday,0,0,Autumn,5.6,0,0,71,79,76
2012-11-02,Friday,0,0,Autumn,4.3,0,0,76,89,90
2012-11-03,Saturday,1,0,Autumn,9.3,0,0,90,94,103
2012-11-04,Sunday,1,0,Autumn,6.7,0,0,103,92,94
2012-11-05,Monday,0,0,Autumn,6.5,1,0,94,80,66
2012-11-06,Tuesday,0,0,Autumn,3.4,1,0,66,60,49
2012-11-07,Wednesday,0,0,Autumn,5.1,0,1,49,71,79
2012-11-08,Thursday,0,0,Autumn,6.5,1,0,79,76,75
2012-11-09,Friday,0,0,Autumn,7.4,1,0,75,90,71
2012-11-10,Saturday,1,0,Autumn,4.9,0,0,71,103,79
2012-11-11,Sunday,1,0,Autumn,8.3,0,0,79,94,89
2012-11-12,Monday,0,0,Autumn,5.0,0,0,89,66,76
2012-11-13,Tuesday,0,0,Autumn,7.2,0,0,76,49,79
2012-11-14,Wednesday,0,0,Autumn,3.3,1,0,79,79,72
2012-11-15,Thursday,0,0,Autumn,-0.8,1,0,72,75,72
2012-11-16,Friday,0,0,Autumn,5.4,0,0,72,71,76
2012-11-17,Saturday,1,0,Autumn,6.6,0,0,76,79,91
2012-11-18,Sunday,1,0,Autumn,6.1,1,0,91,89,100
2012-11-19,Monday,0,0,Autumn,5.6,0,0,100,76,90
2012-11-20,Tuesday,0,0,Autumn,3.2,0,0,90,79,94
2012-11-21,Wednesday,0,0,Autumn,1.7,0,0,94,72,84
2012-11-22,Thursday,0,0,Autumn,5.7,1,0,84,72,65
2012-11-23,Friday,0,0,Autumn,5.3,1,0,65,76,66
2012-11-24,Saturday,1,0,Autumn,2.2,1,0,66,91,84
2012-11-25,Sunday,1,0,Autumn,7.2,1,0,84,100,86
2012-11-26,Monday,0,0,Autumn,1.1,0,0,86,90,79
2012-11-27,Tuesday,0,0,Autumn,2.0,0,0,79,94,73
2012-11-28,Wednesday,0,0,Autumn,8.6,1,0,73,84,84
2012-11-29,Thursday,0,0,Autumn,6.2,1,0,84,65,85
2012-11-30,Friday,0,0,Autumn,2.5,0,0,85,66,78
2012-12-01,Saturday,1,0,Winter,4.3,0,0,78,84,83
2012-12-02,Sunday,1,0,Winter,3.9,1,0,83,86,90
2012-12-03,Monday,0,0,Winter,-4.9,0,0,90,79,81
2012-12-04,Tuesday,0,0,Winter,0.6,0,0,81,73,60
2012-12-05,Wednesday,0,0,Winter,3.1,0,1,60,84,80
2012-12-06,Thursday,0,0,Winter,2.2,0,0,80,85,82
2012-12-07,Friday,0,0,Winter,4.0,1,0,82,78,79
2012-12-08,Saturday,1,0,Winter,6.6,1,0,79,83,76
2012-12-09,Sunday,1,0,Winter,2.2,0,0,76,90,75
2012-12-10,Monday,0,0,Winter,-0.1,0,0,75,81,48
2012-12-11,Tuesday,0,0,Winter,4.1,0,0,48,60,50
2012-12-12,Wednesday,0,0,Winter,2.1,0,0,50,80,47
2012-12-13,Thursday,0,0,Winter,2.6,0,1,47,82,67
2012-12-14,Friday,0,0,Winter,2.2,0,0,67,79,76
2012-12-15,Saturday,1,0,Winter,9.7,1,0,76,76,72
2012-12-16,Sunday,1,0,Winter,-3.7,1,1,72,75,86
2012-12-17,Monday,0,0,Winter,1.8,0,0,86,48,80
2012-12-18,Tuesday,0,0,Winter,3.0,1,0,80,50,64
2012-12-19,Wednesday,0,0,Winter,0.7,1,0,64,47,59
2012-12-20,Thursday,0,0,Winter,5.7,0,0,59,67,54
2012-12-21,Friday,0,0,Winter,5.4,1,0,54,76,66
2012-12-22,Saturday,1,0,Winter,2.9,0,1,66,72,73
2012-12-23,Sunday,1,0,Winter,2.2,1,0,73,86,63
2012-12-24,Monday,0,1,Winter,2.7,1,0,63,80,59
2012-12-25,Tuesday,0,1,Winter,2.7,0,1,59,64,72
2012-12-26,Wednesday,0,1,Winter,2.8,1,0,72,59,68
2012-12-27,Thursday,0,0,Winter,2.5,1,0,68,54,61
2012-12-28,Friday,0,0,Winter,3.9,0,0,61,66,60
2012-12-29,Saturday,1,0,Winter,5.4,0,0,60,73,75
2012-12-30,Sunday,1,0,Winter,-0.5,1,0,75,63,64
2012-12-31,Monday,0,1,Winter,0.1,1,0,64,59,62
2013-01-01,Tuesday,0,1,Winter,-2.0,1,0,62,72,63
2013-01-02,Wednesday,0,0,Winter,5.9,0,0,63,68,53
2013-01-03,Thursday,0,0,Winter,4.1,0,0,53,61,55
2013-01-04,Friday,0,0,Winter,4.9,0,0,55,60,68
2013-01-05,Saturday,1,0,Winter,-0.9,1,0,68,75,78
2013-01-06,Sunday,1,0,Winter,8.8,1,0,78,64,66
2013-01-07,Monday,0,0,Winter,1.7,1,0,66,62,52
2013-01-08,Tuesday,0,0,Winter,4.1,0,0,52,63,54
2013-01-09,Wednesday,0,0,Winter,6.2,1,0,54,53,62
2013-01-10,Thursday,0,0,Winter,0.7,1,0,62,55,61
2013-01-11,Friday,0,0,Winter,2.1,1,0,61,68,55
2013-01-12,Saturday,1,0,Winter,4.3,1,0,55,78,73
2013-01-13,Sunday,1,0,Winter,12.4,0,0,73,66,86
2013-01-14,Monday,0,0,Winter,4.8,0,0,86,52,70
2013-01-15,Tuesday,0,0,Winter,8.8,0,0,70,54,59
2013-01-16,Wednesday,0,0,Winter,7.7,0,0,59,62,69
2013-01-17,Thursday,0,0,Winter,5.3,0,0,69,61,69
2013-01-18,Friday,0,0,Winter,1.3,1,0,69,55,62
2013-01-19,Saturday,1,0,Winter,7.5,0,0,62,73,82
2013-01-20,Sunday,1,0,Winter,-0.1,0,0,82,86,82
2013-01-21,Monday,0,0,Winter,9.3,0,0,82,70,74
2013-01-22,Tuesday,0,0,Winter,5.2,1,0,74,59,69
2013-01-23,Wednesday,0,0,Winter,-3.3,1,0,69,69,58
2013-01-24,Thursday,0,0,Winter,3.8,0,1,58,69,64
2013-01-25,Friday,0,0,Winter,6.9,1,0,64,62,68
2013-01-26,Saturday,1,0,Winter,4.3,1,0,68,82,87
2013-01-27,Sunday,1,0,Winter,7.2,1,0,87,82,67
2013-01-28,Monday,0,0,Winter,2.7,1,0,67,74,67
2013-01-29,Tuesday,0,0,Winter,1.4,1,0,67,69,61
2013-01-30,Wednesday,0,0,Winter,5.2,1,0,61,58,54
2013-01-31,Thursday,0,0,Winter,5.6,0,1,54,64,65
2013-02-01,Friday,0,0,Winter,4.6,1,1,65,68,81
2013-02-02,Saturday,1,0,Winter,9.4,0,0,81,87,94
2013-02-03,Sunday,1,0,Winter,3.3,0,0,94,67,76
2013-02-04,Monday,0,0,Winter,6.9,1,0,76,67,68
2013-02-05,Tuesday,0,0,Winter,6.3,1,0,68,61,71
2013-02-06,Wednesday,0,0,Winter,1.6,1,0,71,54,65
2013-02-07,Thursday,0,0,Winter,2.4,1,0,65,65,51
2013-02-08,Friday,0,0,Winter,6.6,1,0,51,81,70
2013-02-09,Saturday,1,0,Winter,12.6,0,0,70,94,79
2013-02-10,Sunday,1,0,Winter,8.5,1,0,79,76,80
2013-02-11,Monday,0,0,Winter,1.7,0,0,80,68,64
2013-02-12,Tuesday,0,0,Winter,-2.3,0,0,64,71,65
2013-02-13,Wednesday,0,0,Winter,9.4,0,0,65,65,62
2013-02-14,Thursday,0,0,Winter,7.0,1,0,62,51,52
2013-02-15,Friday,0,0,Winter,10.9,1,0,52,70,67
2013-02-16,Saturday,1,0,Winter,5.0,1,0,67,79,76
2013-02-17,Sunday,1,0,Winter,8.8,0,0,76,80,87
2013-02-18,Monday,0,0,Winter,10.5,1,0,87,64,68
2013-02-19,Tuesday,0,0,Winter,6.7,1,0,68,65,52
2013-02-20,Wednesday,0,0,Winter,6.9,1,0,52,62,61
2013-02-21,Thursday,0,0,Winter,8.4,0,0,61,52,73
2013-02-22,Friday,0,0,Winter,10.1,1,0,73,67,69
2013-02-23,Saturday,1,0,Winter,8.6,1,0,69,76,80
2013-02-24,Sunday,1,0,Winter,11.8,0,0,80,87,84
2013-02-25,Monday,0,0,Winter,7.6,0,0,84,68,87
2013-02-26,Tuesday,0,0,Winter,5.2,0,0,87,52,67
2013-02-27,Wednesday,0,0,Winter,15.2,0,0,67,61,69
2013-02-28,Thursday,0,0,Winter,7.7,0,0,69,73,58
2013-03-01,Friday,0,0,Spring,7.9,0,0,58,69,83
2013-03-02,Saturday,1,0,Spring,9.6,0,0,83,80,87
2013-03-03,Sunday,1,0,Spring,10.2,1,0,87,84,96
2013-03-04,Monday,0,0,Spring,9.0,0,0,96,87,83
2013-03-05,Tuesday,0,0,Spring,10.2,0,1,83,67,85
2013-03-06,Wednesday,0,0,Spring,10.3,1,0,85,69,71
2013-03-07,Thursday,0,0,Spring,11.1,1,0,71,58,63
2013-03-08,Friday,0,0,Spring,3.7,1,0,63,83,71
2013-03-09,Saturday,1,0,Spring,16.6,1,0,71,87,86
2013-03-10,Sunday,1,0,Spring,10.7,1,1,86,96,95
2013-03-11,Monday,0,0,Spring,13.0,1,0,95,83,74
2013-03-12,Tuesday,0,0,Spring,7.3,0,0,74,85,79
2013-03-13,Wednesday,0,0,Spring,10.2,0,0,79,71,64
2013-03-14,Thursday,0,0,Spring,9.8,0,0,64,63,69
2013-03-15,Friday,0,0,Spring,16.4,0,1,69,71,77
2013-03-16,Saturday,1,0,Spring,10.4,0,1,77,86,104
2013-03-17,Sunday,1,0,Spring,14.6,0,0,104,95,112
2013-03-18,Monday,0,0,Spring,10.5,0,0,112,74,96
2013-03-19,Tuesday,0,0,Spring,11.3,1,0,96,79,81
2013-03-20,Wednesday,0,0,Spring,12.1,0,0,81,64,72
2013-03-21,Thursday,0,0,Spring,16.9,1,0,72,69,74
2013-03-22,Friday,0,0,Spring,7.5,1,0,74,77,77
2013-03-23,Saturday,1,0,Spring,9.4,1,0,77,104,95
2013-03-24,Sunday,1,0,Spring,7.7,0,0,95,112,104
2013-03-25,Monday,0,0,Spring,10.4,1,0,104,96,77
2013-03-26,Tuesday,0,0,Spring,11.4,0,0,77,81,84
2013-03-27,Wednesday,0,0,Spring,9.2,0,0,84,72,83
2013-03-28,Thursday,0,0,Spring,12.0,0,0,83,74,78
2013-03-29,Friday,0,0,Spring,8.3,0,0,78,77,76
2013-03-30,Saturday,1,0,Spring,11.5,1,1,76,95,97
2013-03-31,Sunday,1,0,Spring,18.3,1,0,97,104,102
2013-04-01,Monday,0,0,Spring,16.1,0,0,102,77,83
2013-04-02,Tuesday,0,0,Spring,15.6,1,0,83,84,82
2013-04-03,Wednesday,0,0,Spring,12.2,0,0,82,83,85
2013-04-04,Thursday,0,0,Spring,10.8,1,1,85,78,95
2013-04-05,Friday,0,0,Spring,12.1,1,0,95,76,88
2013-04-06,Saturday,1,0,Spring,15.6,0,0,88,97,86
2013-04-07,Sunday,1,0,Spring,18.5,1,0,86,102,97
2013-04-08,Monday,0,0,Spring,18.8,1,0,97,83,76
2013-04-09,Tuesday,0,0,Spring,18.1,0,0,76,82,76
2013-04-10,Wednesday,0,0,Spring,14.2,1,0,76,85,70
2013-04-11,Thursday,0,0,Spring,16.6,0,0,70,95,89
2013-04-12,Friday,0,0,Spring,15.7,0,0,89,88,87
2013-04-13,Saturday,1,0,Spring,16.3,0,0,87,86,104
2013-04-14,Sunday,1,0,Spring,23.1,0,0,104,97,99
2013-04-15,Monday,0,0,Spring,11.9,0,0,99,76,73
2013-04-16,Tuesday,0,0,Spring,16.6,0,0,73,76,76
2013-04-17,Wednesday,0,0,Spring,21.1,1,0,76,70,68
2013-04-18,Thursday,0,0,Spring,13.2,0,0,68,89,91
2013-04-19,Friday,0,0,Spring,15.9,1,0,91,87,87
2013-04-20,Saturday,1,0,Spring,16.3,0,0,87,104,110
2013-04-21,Sunday,1,0,Spring,17.4,0,0,110,99,106
2013-04-22,Monday,0,0,Spring,13.4,1,0,106,73,89
2013-04-23,Tuesday,0,0,Spring,20.2,0,0,89,76,83
2013-04-24,Wednesday,0,0,Spring,20.5,0,1,83,68,108
2013-04-25,Thursday,0,0,Spring,20.2,1,0,108,91,92
2013-04-26,Friday,0,0,Spring,16.2,0,0,92,87,74
2013-04-27,Saturday,1,0,Spring,19.2,0,0,74,110,101
2013-04-28,Sunday,1,0,Spring,16.4,0,0,101,106,99
2013-04-29,Monday,0,0,Spring,18.2,0,0,99,89,95
2013-04-30,Tuesday,0,0,Spring,25.8,0,1,95,83,101
2013-05-01,Wednesday,0,1,Spring,19.8,0,0,101,108,105
2013-05-02,Thursday,0,0,Spring,16.1,0,0,105,92,97
2013-05-03,Friday,0,0,Spring,20.3,0,1,97,74,107
2013-05-04,Saturday,1,0,Spring,15.8,0,1,107,101,115
2013-05-05,Sunday,1,0,Spring,16.4,0,0,115,99,109
2013-05-06,Monday,0,0,Spring,17.0,1,0,109,95,92
2013-05-07,Tuesday,0,0,Spring,18.9,1,0,92,101,103
2013-05-08,Wednesday,0,0,Spring,23.2,0,0,103,105,113
2013-05-09,Thursday,0,0,Spring,22.2,1,0,113,97,94
2013-05-10,Friday,0,0,Spring,22.1,1,0,94,107,102
2013-05-11,Saturday,1,0,Spring,17.4,0,0,102,115,107
2013-05-12,Sunday,1,0,Spring,19.2,0,0,107,109,102
2013-05-13,Monday,0,0,Spring,21.7,0,0,102,92,75
2013-05-14,Tuesday,0,0,Spring,19.1,0,0,75,103,86
2013-05-15,Wednesday,0,0,Spring,20.3,0,0,86,113,95
2013-05-16,Thursday,0,0,Spring,22.5,0,1,95,94,116
2013-05-17,Friday,0,0,Spring,20.3,1,0,116,102,117
2013-05-18,Saturday,1,0,Spring,22.1,0,1,117,107,130
2013-05-19,Sunday,1,0,Spring,26.3,0,1,130,102,135
2013-05-20,Monday,0,0,Spring,21.1,1,0,135,75,110
2013-05-21,Tuesday,0,0,Spring,25.2,0,0,110,86,105
2013-05-22,Wednesday,0,0,Spring,23.4,0,0,105,95,112
2013-05-23,Thursday,0,0,Spring,17.4,0,0,112,116,102
2013-05-24,Friday,0,0,Spring,18.6,0,0,102,117,106
2013-05-25,Saturday,1,0,Spring,19.5,0,0,106,130,115
2013-05-26,Sunday,1,0,Spring,19.5,0,1,115,135,125
2013-05-27,Monday,0,0,Spring,21.9,1,0,125,110,108
2013-05-28,Tuesday,0,0,Spring,24.1,1,0,108,105,114
2013-05-29,Wednesday,0,0,Spring,26.0,1,0,114,112,115
2013-05-30,Thursday,0,0,Spring,23.3,1,0,115,102,116
2013-05-31,Friday,0,0,Spring,21.1,0,0,116,106,113
2013-06-01,Saturday,1,0,Summer,16.2,0,0,113,115,118
2013-06-02,Sunday,1,0,Summer,22.7,0,0,118,125,128
2013-06-03,Monday,0,0,Summer,22.6,0,0,128,108,119
2013-06-04,Tuesday,0,0,Summer,23.2,0,0,119,114,118
2013-06-05,Wednesday,0,0,Summer,29.0,0,0,118,115,134
2013-06-06,Thursday,0,0,Summer,26.4,0,0,134,116,131
2013-06-07,Friday,0,0,Summer,25.1,0,0,131,113,121
2013-06-08,Saturday,1,0,Summer,19.9,0,0,121,118,120
2013-06-09,Sunday,1,0,Summer,21.3,0,0,120,128,131
2013-06-10,Monday,0,0,Summer,22.6,1,0,131,119,122
2013-06-11,Tuesday,0,0,Summer,20.5,0,0,122,118,123
2013-06-12,Wednesday,0,0,Summer,24.4,0,0,123,134,127
2013-06-13,Thursday,0,0,Summer,24.0,0,0,127,131,119
2013-06-14,Friday,0,0,Summer,19.7,0,0,119,121,132
2013-06-15,Saturday,1,0,Summer,26.5,0,0,132,120,143
2013-06-16,Sunday,1,0,Summer,23.3,1,0,143,131,131
2013-06-17,Monday,0,0,Summer,17.8,0,0,131,122,121
2013-06-18,Tuesday,0,0,Summer,22.8,1,0,121,123,116
2013-06-19,Wednesday,0,0,Summer,23.8,0,0,116,127,116
2013-06-20,Thursday,0,0,Summer,25.9,1,0,116,119,108
2013-06-21,Friday,0,0,Summer,22.0,1,0,108,132,121
2013-06-22,Saturday,1,0,Summer,25.5,0,0,121,143,124
2013-06-23,Sunday,1,0,Summer,23.6,1,1,124,131,128
2013-06-24,Monday,0,0,Summer,19.0,0,0,128,121,130
2013-06-25,Tuesday,0,0,Summer,18.7,0,0,130,116,121
2013-06-26,Wednesday,0,0,Summer,26.3,0,0,121,116,121
2013-06-27,Thursday,0,0,Summer,26.5,0,0,121,108,116
2013-06-28,Friday,0,0,Summer,23.9,0,0,116,121,111
2013-06-29,Saturday,1,0,Summer,27.4,0,1,111,124,136
2013-06-30,Sunday,1,0,Summer,26.0,0,0,136,128,137
2013-07-01,Monday,0,0,Summer,24.9,0,1,137,130,140
2013-07-02,Tuesday,0,0,Summer,20.1,0,0,140,121,122
2013-07-03,Wednesday,0,0,Summer,28.0,0,0,122,121,118
2013-07-04,Thursday,0,0,Summer,24.3,0,0,118,116,122
2013-07-05,Friday,0,0,Summer,21.5,0,0,122,111,112
2013-07-06,Saturday,1,0,Summer,20.6,0,0,112,136,132
2013-07-07,Sunday,1,0,Summer,23.4,0,0,132,137,132
2013-07-08,Monday,0,0,Summer,17.5,0,0,132,140,126
2013-07-09,Tuesday,0,0,Summer,24.6,0,0,126,122,137
2013-07-10,Wednesday,0,0,Summer,19.6,0,1,137,118,129
2013-07-11,Thursday,0,0,Summer,23.5,0,0,129,122,126
2013-07-12,Friday,0,0,Summer,20.7,0,0,126,112,122
2013-07-13,Saturday,1,0,Summer,21.5,0,0,122,132,116
2013-07-14,Sunday,1,0,Summer,19.9,1,0,116,132,124
2013-07-15,Monday,0,0,Summer,21.6,0,0,124,126,102
2013-07-16,Tuesday,0,0,Summer,27.7,0,0,102,137,121
2013-07-17,Wednesday,0,0,Summer,26.1,0,0,121,129,117
2013-07-18,Thursday,0,0,Summer,23.0,0,0,117,126,115
2013-07-19,Friday,0,0,Summer,21.7,0,0,115,122,120
2013-07-20,Saturday,1,0,Summer,24.3,0,0,120,116,117
2013-07-21,Sunday,1,0,Summer,25.0,0,0,117,124,123
2013-07-22,Monday,0,0,Summer,19.1,0,0,123,102,103
2013-07-23,Tuesday,0,0,Summer,21.2,0,0,103,121,100
2013-07-24,Wednesday,0,0,Summer,15.9,0,0,100,117,103
2013-07-25,Thursday,0,0,Summer,24.6,1,0,103,115,117
2013-07-26,Friday,0,0,Summer,27.4,0,0,117,120,128
2013-07-27,Saturday,1,0,Summer,21.3,0,0,128,117,125
2013-07-28,Sunday,1,0,Summer,14.6,0,0,125,123,122
2013-07-29,Monday,0,0,Summer,22.7,0,0,122,103,108
2013-07-30,Tuesday,0,0,Summer,18.0,0,0,108,100,95
2013-07-31,Wednesday,0,0,Summer,18.7,0,0,95,103,93
2013-08-01,Thursday,0,0,Summer,22.4,0,0,93,117,109
2013-08-02,Friday,0,0,Summer,21.2,0,0,109,128,114
2013-08-03,Saturday,1,0,Summer,18.8,0,0,114,125,123
2013-08-04,Sunday,1,0,Summer,18.2,1,0,123,122,113
2013-08-05,Monday,0,0,Summer,20.4,0,0,113,108,114
2013-08-06,Tuesday,0,0,Summer,18.7,0,0,114,95,110
2013-08-07,Wednesday,0,0,Summer,16.5,1,0,110,93,111
2013-08-08,Thursday,0,0,Summer,18.7,0,0,111,109,120
2013-08-09,Friday,0,0,Summer,20.6,0,0,120,114,113
2013-08-10,Saturday,1,0,Summer,18.9,0,0,113,123,116
2013-08-11,Sunday,1,0,Summer,15.1,1,1,116,113,123
2013-08-12,Monday,0,0,Summer,22.1,0,0,123,114,109
2013-08-13,Tuesday,0,0,Summer,10.8,0,0,109,110,105
2013-08-14,Wednesday,0,0,Summer,17.6,1,1,105,111,108
2013-08-15,Thursday,0,0,Summer,16.9,0,0,108,120,118
2013-08-16,Friday,0,0,Summer,19.1,0,0,118,113,125
2013-08-17,Saturday,1,0,Summer,20.2,1,1,125,116,129
2013-08-18,Sunday,1,0,Summer,21.7,1,0,129,123,111
2013-08-19,Monday,0,0,Summer,16.0,0,0,111,109,113
2013-08-20,Tuesday,0,0,Summer,19.8,0,0,113,105,104
2013-08-21,Wednesday,0,0,Summer,18.5,0,0,104,108,105
2013-08-22,Thursday,0,0,Summer,12.6,1,0,105,118,104
2013-08-23,Friday,0,0,Summer,23.3,0,0,104,125,120
2013-08-24,Saturday,1,0,Summer,13.1,0,1,120,129,128
2013-08-25,Sunday,1,0,Summer,18.5,0,0,128,111,114
2013-08-26,Monday,0,0,Summer,18.3,0,0,114,113,110
2013-08-27,Tuesday,0,0,Summer,17.8,0,0,110,104,111
2013-08-28,Wednesday,0,0,Summer,15.3,0,0,111,105,105
2013-08-29,Thursday,0,0,Summer,19.1,0,0,105,104,106
2013-08-30,Friday,0,0,Summer,11.8,0,0,106,120,103
2013-08-31,Saturday,1,0,Summer,16.1,0,0,103,128,122
2013-09-01,Sunday,1,0,Autumn,14.5,0,0,122,114,120
2013-09-02,Monday,0,0,Autumn,14.0,0,0,120,110,105
2013-09-03,Tuesday,0,0,Autumn,17.1,1,0,105,111,92
2013-09-04,Wednesday,0,0,Autumn,18.9,0,0,92,105,97
2013-09-05,Thursday,0,0,Autumn,14.5,0,0,97,106,100
2013-09-06,Friday,0,0,Autumn,17.7,0,1,100,103,111
2013-09-07,Saturday,1,0,Autumn,15.3,1,0,111,122,106
2013-09-08,Sunday,1,0,Autumn,12.3,1,0,106,120,108
2013-09-09,Monday,0,0,Autumn,14.0,1,0,108,105,97
2013-09-10,Tuesday,0,0,Autumn,13.7,0,0,97,92,94
2013-09-11,Wednesday,0,0,Autumn,12.4,0,0,94,97,91
2013-09-12,Thursday,0,0,Autumn,15.6,0,0,91,100,104
2013-09-13,Friday,0,0,Autumn,14.8,0,0,104,111,106
2013-09-14,Saturday,1,0,Autumn,9.2,1,0,106,106,114
2013-09-15,Sunday,1,0,Autumn,8.8,0,0,114,108,109
2013-09-16,Monday,0,0,Autumn,14.9,1,0,109,97,86
2013-09-17,Tuesday,0,0,Autumn,11.0,1,0,86,94,88
2013-09-18,Wednesday,0,0,Autumn,14.2,1,0,88,91,82
2013-09-19,Thursday,0,0,Autumn,15.5,0,1,82,104,96
2013-09-20,Friday,0,0,Autumn,9.1,1,0,96,106,103
2013-09-21,Saturday,1,0,Autumn,8.5,0,0,103,114,99
2013-09-22,Sunday,1,0,Autumn,17.6,0,0,99,109,93
2013-09-23,Monday,0,0,Autumn,13.5,0,0,93,86,85
2013-09-24,Tuesday,0,0,Autumn,11.0,1,0,85,88,82
2013-09-25,Wednesday,0,0,Autumn,9.3,1,1,82,82,91
2013-09-26,Thursday,0,0,Autumn,10.4,0,0,91,96,93
2013-09-27,Friday,0,0,Autumn,8.2,1,0,93,103,77
2013-09-28,Saturday,1,0,Autumn,14.2,0,0,77,99,87
2013-09-29,Sunday,1,0,Autumn,9.1,1,0,87,93,79
2013-09-30,Monday,0,0,Autumn,14.5,0,0,79,85,67
2013-10-01,Tuesday,0,0,Autumn,9.9,0,0,67,82,72
2013-10-02,Wednesday,0,0,Autumn,7.8,0,0,72,91,82
2013-10-03,Thursday,0,0,Autumn,9.4,1,0,82,93,90
2013-10-04,Friday,0,0,Autumn,2.7,1,0,90,77,85
2013-10-05,Saturday,1,0,Autumn,10.0,0,0,85,87,89
2013-10-06,Sunday,1,0,Autumn,9.7,0,0,89,79,96
2013-10-07,Monday,0,0,Autumn,12.5,0,0,96,67,81
2013-10-08,Tuesday,0,0,Autumn,4.2,1,0,81,72,72
2013-10-09,Wednesday,0,0,Autumn,13.2,0,0,72,82,73
2013-10-10,Thursday,0,0,Autumn,12.0,0,0,73,90,81
2013-10-11,Friday,0,0,Autumn,13.2,0,0,81,85,85
2013-10-12,Saturday,1,0,Autumn,9.1,0,0,85,89,83
2013-10-13,Sunday,1,0,Autumn,12.1,1,0,83,96,93
2013-10-14,Monday,0,0,Autumn,4.5,0,0,93,81,82
2013-10-15,Tuesday,0,0,Autumn,10.9,0,0,82,72,83
2013-10-16,Wednesday,0,0,Autumn,6.3,0,0,83,73,73
2013-10-17,Thursday,0,0,Autumn,3.5,0,0,73,81,81
2013-10-18,Friday,0,0,Autumn,4.9,0,0,81,85,73
2013-10-19,Saturday,1,0,Autumn,8.2,0,1,73,83,97
2013-10-20,Sunday,1,0,Autumn,5.5,1,0,97,93,96
2013-10-21,Monday,0,0,Autumn,9.0,0,0,96,82,78
2013-10-22,Tuesday,0,0,Autumn,2.3,0,0,78,83,83
2013-10-23,Wednesday,0,0,Autumn,1.2,0,0,83,73,86
2013-10-24,Thursday,0,0,Autumn,11.5,0,0,86,81,81
2013-10-25,Friday,0,0,Autumn,10.0,0,0,81,73,93
2013-10-26,Saturday,1,0,Autumn,4.0,1,0,93,97,81
2013-10-27,Sunday,1,0,Autumn,7.0,0,0,81,96,88
2013-10-28,Monday,0,0,Autumn,9.9,1,0,88,78,59
2013-10-29,Tuesday,0,0,Autumn,8.0,0,0,59,83,76
2013-10-30,Wednesday,0,0,Autumn,7.0,0,0,76,86,68
2013-10-31,Thursday,0,0,Autumn,9.8,0,0,68,81,63
2013-11-01,Friday,0,0,Autumn,4.1,1,1,63,93,84
2013-11-02,Saturday,1,0,Autumn,6.3,0,0,84,81,96
2013-11-03,Sunday,1,0,Autumn,6.0,1,1,96,88,94
2013-11-04,Monday,0,0,Autumn,5.1,0,0,94,59,77
2013-11-05,Tuesday,0,0,Autumn,4.7,0,0,77,76,86
2013-11-06,Wednesday,0,0,Autumn,5.9,0,0,86,68,71
2013-11-07,Thursday,0,0,Autumn,5.7,0,0,71,63,64
2013-11-08,Friday,0,0,Autumn,2.3,1,0,64,84,80
2013-11-09,Saturday,1,0,Autumn,7.8,0,0,80,96,93
2013-11-10,Sunday,1,0,Autumn,2.3,0,0,93,94,102
2013-11-11,Monday,0,0,Autumn,4.5,0,0,102,77,75
2013-11-12,Tuesday,0,0,Autumn,4.2,1,0,75,86,60
2013-11-13,Wednesday,0,0,Autumn,6.0,1,0,60,71,53
2013-11-14,Thursday,0,0,Autumn,-1.5,0,0,53,64,65
2013-11-15,Friday,0,0,Autumn,7.4,0,0,65,80,85
2013-11-16,Saturday,1,0,Autumn,2.6,0,0,85,93,99
2013-11-17,Sunday,1,0,Autumn,8.2,0,0,99,102,103
2013-11-18,Monday,0,0,Autumn,3.0,0,0,103,75,92
2013-11-19,Tuesday,0,0,Autumn,4.2,0,0,92,60,72
2013-11-20,Wednesday,0,0,Autumn,10.0,0,0,72,53,55
2013-11-21,Thursday,0,0,Autumn,3.4,0,0,55,65,52
2013-11-22,Friday,0,0,Autumn,7.8,0,0,52,85,62
2013-11-23,Saturday,1,0,Autumn,4.2,0,1,62,99,77
2013-11-24,Sunday,1,0,Autumn,5.2,0,0,77,103,79
2013-11-25,Monday,0,0,Autumn,4.1,0,0,79,92,71
2013-11-26,Tuesday,0,0,Autumn,6.4,1,0,71,72,72
2013-11-27,Wednesday,0,0,Autumn,1.7,0,0,72,55,68
2013-11-28,Thursday,0,0,Autumn,0.8,0,0,68,52,75
2013-11-29,Friday,0,0,Autumn,1.7,1,0,75,62,62
2013-11-30,Saturday,1,0,Autumn,3.9,0,0,62,77,79
2013-12-01,Sunday,1,0,Winter,2.9,0,0,79,79,89
2013-12-02,Monday,0,0,Winter,5.6,1,0,89,71,69
2013-12-03,Tuesday,0,0,Winter,7.3,1,0,69,72,62
2013-12-04,Wednesday,0,0,Winter,0.4,1,0,62,68,69
2013-12-05,Thursday,0,0,Winter,1.1,1,0,69,75,64
2013-12-06,Friday,0,0,Winter,-1.0,1,0,64,62,73
2013-12-07,Saturday,1,0,Winter,9.3,0,0,73,79,73
2013-12-08,Sunday,1,0,Winter,4.1,0,0,73,89,92
2013-12-09,Monday,0,0,Winter,4.6,0,0,92,69,85
2013-12-10,Tuesday,0,0,Winter,-0.9,1,0,85,62,60
2013-12-11,Wednesday,0,0,Winter,3.1,1,0,60,69,58
2013-12-12,Thursday,0,0,Winter,4.6,0,0,58,64,55
2013-12-13,Friday,0,0,Winter,2.3,1,0,55,73,60
2013-12-14,Saturday,1,0,Winter,6.3,0,0,60,73,63
2013-12-15,Sunday,1,0,Winter,10.0,0,0,63,92,67
2013-12-16,Monday,0,0,Winter,0.2,1,0,67,85,55
2013-12-17,Tuesday,0,0,Winter,-0.1,1,0,55,60,60
2013-12-18,Wednesday,0,0,Winter,0.4,0,0,60,58,46
2013-12-19,Thursday,0,0,Winter,7.8,0,0,46,55,67
2013-12-20,Friday,0,0,Winter,6.1,0,0,67,60,76
2013-12-21,Saturday,1,0,Winter,2.6,0,0,76,63,86
2013-12-22,Sunday,1,0,Winter,3.1,1,0,86,67,79
2013-12-23,Monday,0,0,Winter,0.6,1,0,79,55,73
2013-12-24,Tuesday,0,1,Winter,5.7,1,0,73,60,59
2013-12-25,Wednesday,0,1,Winter,1.9,1,0,59,46,68
2013-12-26,Thursday,0,1,Winter,2.3,1,0,68,67,92
2013-12-27,Friday,0,0,Winter,4.9,0,1,92,76,91
2013-12-28,Saturday,1,0,Winter,2.5,1,0,91,86,87
2013-12-29,Sunday,1,0,Winter,2.4,1,0,87,79,73
2013-12-30,Monday,0,0,Winter,3.2,0,0,73,73,68
2013-12-31,Tuesday,0,1,Winter,5.6,0,0,68,59,71
2014-01-01,Wednesday,0,1,Winter,8.2,1,0,71,68,56
2014-01-02,Thursday,0,0,Winter,5.0,1,0,56,92,72
2014-01-03,Friday,0,0,Winter,5.7,1,0,72,91,85
2014-01-04,Saturday,1,0,Winter,2.7,0,0,85,87,82
2014-01-05,Sunday,1,0,Winter,1.3,1,0,82,73,72
2014-01-06,Monday,0,0,Winter,5.4,0,0,72,68,73
2014-01-07,Tuesday,0,0,Winter,4.0,1,0,73,71,59
2014-01-08,Wednesday,0,0,Winter,-0.7,1,0,59,56,59
2014-01-09,Thursday,0,0,Winter,2.6,1,0,59,72,64
2014-01-10,Friday,0,0,Winter,3.4,1,0,64,85,87
2014-01-11,Saturday,1,0,Winter,2.2,0,1,87,82,94
2014-01-12,Sunday,1,0,Winter,8.2,1,0,94,72,80
2014-01-13,Monday,0,0,Winter,5.3,1,0,80,73,70
2014-01-14,Tuesday,0,0,Winter,8.1,0,0,70,59,67
2014-01-15,Wednesday,0,0,Winter,4.8,0,0,67,59,76
2014-01-16,Thursday,0,0,Winter,4.3,1,0,76,64,79
2014-01-17,Friday,0,0,Winter,1.4,0,0,79,87,76
2014-01-18,Saturday,1,0,Winter,4.3,0,0,76,94,85
2014-01-19,Sunday,1,0,Winter,4.4,0,0,85,80,78
2014-01-20,Monday,0,0,Winter,0.3,0,0,78,70,62
2014-01-21,Tuesday,0,0,Winter,2.9,0,1,62,67,47
2014-01-22,Wednesday,0,0,Winter,3.6,1,0,47,76,68
2014-01-23,Thursday,0,0,Winter,5.9,0,0,68,79,68
2014-01-24,Friday,0,0,Winter,6.2,1,0,68,76,68
2014-01-25,Saturday,1,0,Winter,3.1,0,0,68,85,99
2014-01-26,Sunday,1,0,Winter,6.4,1,0,99,78,82
2014-01-27,Monday,0,0,Winter,4.5,0,0,82,62,68
2014-01-28,Tuesday,0,0,Winter,-3.4,1,0,68,47,55
2014-01-29,Wednesday,0,0,Winter,3.9,1,0,55,68,60
2014-01-30,Thursday,0,0,Winter,8.7,1,1,60,68,67
2014-01-31,Friday,0,0,Winter,0.5,0,0,67,68,78
2014-02-01,Saturday,1,0,Winter,6.0,0,0,78,99,91
2014-02-02,Sunday,1,0,Winter,10.5,0,0,91,82,90
2014-02-03,Monday,0,0,Winter,3.6,0,0,90,68,70
2014-02-04,Tuesday,0,0,Winter,6.0,0,0,70,55,63
2014-02-05,Wednesday,0,0,Winter,2.2,1,0,63,60,65
2014-02-06,Thursday,0,0,Winter,11.1,0,0,65,67,77
2014-02-07,Friday,0,0,Winter,6.1,0,0,77,78,76
2014-02-08,Saturday,1,0,Winter,6.7,0,0,76,91,81
2014-02-09,Sunday,1,0,Winter,10.7,1,0,81,90,90
2014-02-10,Monday,0,0,Winter,8.8,1,0,90,70,76
2014-02-11,Tuesday,0,0,Winter,4.3,0,1,76,63,82
2014-02-12,Wednesday,0,0,Winter,5.1,0,0,82,65,66
2014-02-13,Thursday,0,0,Winter,8.7,0,0,66,77,72
2014-02-14,Friday,0,0,Winter,5.5,1,0,72,76,79
2014-02-15,Saturday,1,0,Winter,1.1,1,0,79,81,75
2014-02-16,Sunday,1,0,Winter,7.5,0,0,75,90,96
2014-02-17,Monday,0,0,Winter,3.3,0,0,96,76,91
2014-02-18,Tuesday,0,0,Winter,12.8,1,0,91,82,79
2014-02-19,Wednesday,0,0,Winter,8.6,1,0,79,66,69
2014-02-20,Thursday,0,0,Winter,5.5,0,0,69,72,73
2014-02-21,Friday,0,0,Winter,6.3,0,0,73,79,79
2014-02-22,Saturday,1,0,Winter,2.9,0,0,79,75,90
2014-02-23,Sunday,1,0,Winter,5.4,1,0,90,96,81
2014-02-24,Monday,0,0,Winter,11.9,0,0,81,91,74
2014-02-25,Tuesday,0,0,Winter,15.7,1,0,74,79,75
2014-02-26,Wednesday,0,0,Winter,11.3,1,0,75,69,74
2014-02-27,Thursday,0,0,Winter,9.0,1,0,74,73,72
2014-02-28,Friday,0,0,Winter,8.2,1,0,72,79,81
2014-03-01,Saturday,1,0,Spring,6.8,0,0,81,90,101
2014-03-02,Sunday,1,0,Spring,16.0,1,0,101,81,101
2014-03-03,Monday,0,0,Spring,9.4,1,0,101,74,86
2014-03-04,Tuesday,0,0,Spring,16.5,1,0,86,75,79
2014-03-05,Wednesday,0,0,Spring,14.5,0,0,79,74,81
2014-03-06,Thursday,0,0,Spring,5.2,0,0,81,72,70
2014-03-07,Friday,0,0,Spring,8.6,1,0,70,81,69
2014-03-08,Saturday,1,0,Spring,8.8,0,0,69,101,99
2014-03-09,Sunday,1,0,Spring,10.7,1,0,99,101,110
2014-03-10,Monday,0,0,Spring,10.9,0,0,110,86,85
2014-03-11,Tuesday,0,0,Spring,20.3,0,0,85,79,90
2014-03-12,Wednesday,0,0,Spring,8.2,1,0,90,81,71
2014-03-13,Thursday,0,0,Spring,12.3,0,0,71,70,89
2014-03-14,Friday,0,0,Spring,13.6,0,0,89,69,88
2014-03-15,Saturday,1,0,Spring,12.0,0,0,88,99,117
2014-03-16,Sunday,1,0,Spring,12.5,0,0,117,110,108
2014-03-17,Monday,0,0,Spring,9.2,0,0,108,85,89
2014-03-18,Tuesday,0,0,Spring,12.8,0,0,89,90,91
2014-03-19,Wednesday,0,0,Spring,14.2,0,0,91,71,91
2014-03-20,Thursday,0,0,Spring,13.8,0,0,91,89,98
2014-03-21,Friday,0,0,Spring,14.7,0,0,98,88,105
2014-03-22,Saturday,1,0,Spring,17.4,1,0,105,117,109
2014-03-23,Sunday,1,0,Spring,16.2,1,0,109,108,113
2014-03-24,Monday,0,0,Spring,13.7,0,0,113,89,113
2014-03-25,Tuesday,0,0,Spring,10.2,1,0,113,91,100
2014-03-26,Wednesday,0,0,Spring,12.1,0,0,100,91,88
2014-03-27,Thursday,0,0,Spring,13.4,0,0,88,98,96
2014-03-28,Friday,0,0,Spring,15.0,0,0,96,105,88
2014-03-29,Saturday,1,0,Spring,12.9,1,0,88,109,104
2014-03-30,Sunday,1,0,Spring,11.7,0,0,104,113,95
2014-03-31,Monday,0,0,Spring,11.1,0,0,95,113,100
2014-04-01,Tuesday,0,0,Spring,9.9,1,0,100,100,91
2014-04-02,Wednesday,0,0,Spring,14.3,1,0,91,88,94
2014-04-03,Thursday,0,0,Spring,10.8,1,0,94,96,91
2014-04-04,Friday,0,0,Spring,12.4,1,0,91,88,101
2014-04-05,Saturday,1,0,Spring,14.4,1,0,101,104,108
2014-04-06,Sunday,1,0,Spring,11.7,0,0,108,95,111
2014-04-07,Monday,0,0,Spring,17.0,1,0,111,100,95
2014-04-08,Tuesday,0,0,Spring,18.3,0,0,95,91,90
2014-04-09,Wednesday,0,0,Spring,14.6,0,0,90,94,81
2014-04-10,Thursday,0,0,Spring,15.1,1,0,81,91,78
2014-04-11,Friday,0,0,Spring,18.1,0,0,78,101,95
2014-04-12,Saturday,1,0,Spring,14.6,0,1,95,108,114
2014-04-13,Sunday,1,0,Spring,14.5,0,0,114,111,115
2014-04-14,Monday,0,0,Spring,20.6,1,0,115,95,95
2014-04-15,Tuesday,0,0,Spring,19.8,1,1,95,90,99
2014-04-16,Wednesday,0,0,Spring,19.1,0,0,99,81,103
2014-04-17,Thursday,0,0,Spring,20.3,0,0,103,78,100
2014-04-18,Friday,0,0,Spring,11.7,1,0,100,95,97
2014-04-19,Saturday,1,0,Spring,21.8,0,0,97,114,114
2014-04-20,Sunday,1,0,Spring,19.1,0,0,114,115,124
2014-04-21,Monday,0,0,Spring,21.1,0,1,124,95,116
2014-04-22,Tuesday,0,0,Spring,19.4,0,0,116,99,102
2014-04-23,Wednesday,0,0,Spring,18.5,0,0,102,103,97
2014-04-24,Thursday,0,0,Spring,17.7,1,0,97,100,92
2014-04-25,Friday,0,0,Spring,19.8,0,0,92,97,96
2014-04-26,Saturday,1,0,Spring,17.9,1,0,96,114,112
2014-04-27,Sunday,1,0,Spring,21.5,1,0,112,124,127
2014-04-28,Monday,0,0,Spring,14.3,0,0,127,116,109
2014-04-29,Tuesday,0,0,Spring,17.6,1,0,109,102,93
2014-04-30,Wednesday,0,0,Spring,25.5,0,0,93,97,89
2014-05-01,Thursday,0,1,Spring,17.6,0,0,89,92,112
2014-05-02,Friday,0,0,Spring,18.9,0,0,112,96,115
2014-05-03,Saturday,1,0,Spring,17.1,1,0,115,112,109
2014-05-04,Sunday,1,0,Spring,20.9,1,0,109,127,115
2014-05-05,Monday,0,0,Spring,17.8,0,0,115,109,116
2014-05-06,Tuesday,0,0,Spring,19.6,1,0,116,93,100
2014-05-07,Wednesday,0,0,Spring,22.8,0,0,100,89,104
2014-05-08,Thursday,0,0,Spring,18.3,0,0,104,112,105
2014-05-09,Friday,0,0,Spring,22.8,0,1,105,115,118
2014-05-10,Saturday,1,0,Spring,23.0,1,0,118,109,99
2014-05-11,Sunday,1,0,Spring,23.9,0,0,99,115,108
2014-05-12,Monday,0,0,Spring,21.2,0,0,108,116,102
2014-05-13,Tuesday,0,0,Spring,30.6,1,0,102,100,105
2014-05-14,Wednesday,0,0,Spring,24.2,0,0,105,104,107
2014-05-15,Thursday,0,0,Spring,22.1,0,0,107,105,109
2014-05-16,Friday,0,0,Spring,18.6,0,1,109,118,127
2014-05-17,Saturday,1,0,Spring,21.0,0,0,127,99,104
2014-05-18,Sunday,1,0,Spring,25.7,0,1,104,108,119
2014-05-19,Monday,0,0,Spring,26.6,0,0,119,102,101
2014-05-20,Tuesday,0,0,Spring,26.0,1,0,101,105,91
2014-05-21,Wednesday,0,0,Spring,24.0,1,0,91,107,94
2014-05-22,Thursday,0,0,Spring,18.0,1,0,94,109,98
2014-05-23,Friday,0,0,Spring,23.3,0,1,98,127,124
2014-05-24,Saturday,1,0,Spring,18.2,0,0,124,104,123
2014-05-25,Sunday,1,0,Spring,17.5,0,0,123,119,114
2014-05-26,Monday,0,0,Spring,22.8,0,0,114,101,104
2014-05-27,Tuesday,0,0,Spring,23.7,0,0,104,91,110
2014-05-28,Wednesday,0,0,Spring,24.9,0,0,110,94,116
2014-05-29,Thursday,0,0,Spring,23.8,1,0,116,98,105
2014-05-30,Friday,0,0,Spring,23.9,1,0,105,124,113
2014-05-31,Saturday,1,0,Spring,19.4,0,0,113,123,114
2014-06-01,Sunday,1,0,Summer,22.1,1,0,114,114,122
2014-06-02,Monday,0,0,Summer,18.0,0,0,122,104,126
2014-06-03,Tuesday,0,0,Summer,16.5,1,0,126,110,107
2014-06-04,Wednesday,0,0,Summer,24.8,0,0,107,116,120
2014-06-05,Thursday,0,0,Summer,20.4,0,0,120,105,120
2014-06-06,Friday,0,0,Summer,25.3,0,0,120,113,121
2014-06-07,Saturday,1,0,Summer,26.1,0,0,121,114,122
2014-06-08,Sunday,1,0,Summer,20.9,1,0,122,122,138
2014-06-09,Monday,0,0,Summer,24.6,0,0,138,126,131
2014-06-10,Tuesday,0,0,Summer,20.9,1,0,131,107,121
2014-06-11,Wednesday,0,0,Summer,17.3,0,0,121,120,114
2014-06-12,Thursday,0,0,Summer,23.3,1,0,114,120,115
2014-06-13,Friday,0,0,Summer,21.5,0,0,115,121,112
2014-06-14,Saturday,1,0,Summer,21.6,0,0,112,122,128
2014-06-15,Sunday,1,0,Summer,28.9,0,0,128,138,132
2014-06-16,Monday,0,0,Summer,18.4,0,0,132,131,115
2014-06-17,Tuesday,0,0,Summer,24.1,0,0,115,121,109
2014-06-18,Wednesday,0,0,Summer,20.0,0,0,109,114,127
2014-06-19,Thursday,0,0,Summer,25.7,0,0,127,115,121
2014-06-20,Friday,0,0,Summer,23.9,1,0,121,112,121
2014-06-21,Saturday,1,0,Summer,24.1,0,1,121,128,129
2014-06-22,Sunday,1,0,Summer,20.2,1,0,129,132,125
2014-06-23,Monday,0,0,Summer,20.7,1,0,125,115,103
2014-06-24,Tuesday,0,0,Summer,25.8,0,0,103,109,110
2014-06-25,Wednesday,0,0,Summer,28.3,0,0,110,127,111
2014-06-26,Thursday,0,0,Summer,24.4,0,0,111,121,122
2014-06-27,Friday,0,0,Summer,20.2,1,0,122,121,107
2014-06-28,Saturday,1,0,Summer,23.9,0,0,107,129,119
2014-06-29,Sunday,1,0,Summer,30.2,0,0,119,125,135
2014-06-30,Monday,0,0,Summer,23.2,1,0,135,103,125
2014-07-01,Tuesday,0,0,Summer,27.2,0,0,125,110,118
2014-07-02,Wednesday,0,0,Summer,20.6,0,0,118,111,111
2014-07-03,Thursday,0,0,Summer,22.6,0,0,111,122,117
2014-07-04,Friday,0,0,Summer,24.6,1,0,117,107,129
2014-07-05,Saturday,1,0,Summer,23.9,0,0,129,119,129
2014-07-06,Sunday,1,0,Summer,20.3,0,0,129,135,130
2014-07-07,Monday,0,0,Summer,20.2,0,0,130,125,113
2014-07-08,Tuesday,0,0,Summer,25.5,1,0,113,118,106
2014-07-09,Wednesday,0,0,Summer,26.1,0,0,106,111,113
2014-07-10,Thursday,0,0,Summer,27.0,0,0,113,117,124
2014-07-11,Friday,0,0,Summer,27.8,1,0,124,129,128
2014-07-12,Saturday,1,0,Summer,22.7,0,0,128,129,138
2014-07-13,Sunday,1,0,Summer,21.3,0,0,138,130,126
2014-07-14,Monday,0,0,Summer,26.2,1,0,126,113,107
2014-07-15,Tuesday,0,0,Summer,24.3,0,0,107,106,113
2014-07-16,Wednesday,0,0,Summer,19.1,1,0,113,113,104
2014-07-17,Thursday,0,0,Summer,18.9,1,1,104,124,108
2014-07-18,Friday,0,0,Summer,23.4,0,0,108,128,121
2014-07-19,Saturday,1,0,Summer,21.3,0,0,121,138,132
2014-07-20,Sunday,1,0,Summer,21.6,1,0,132,126,125
2014-07-21,Monday,0,0,Summer,24.9,0,0,125,107,126
2014-07-22,Tuesday,0,0,Summer,23.8,0,1,126,113,138
2014-07-23,Wednesday,0,0,Summer,25.4,0,0,138,104,129
2014-07-24,Thursday,0,0,Summer,15.6,0,0,129,108,120
2014-07-25,Friday,0,0,Summer,22.0,0,0,120,121,132
2014-07-26,Saturday,1,0,Summer,23.3,0,0,132,132,136
2014-07-27,Sunday,1,0,Summer,16.5,1,0,136,125,124
2014-07-28,Monday,0,0,Summer,19.0,0,0,124,126,113
2014-07-29,Tuesday,0,0,Summer,18.3,0,0,113,138,111
2014-07-30,Wednesday,0,0,Summer,20.8,0,0,111,129,122
2014-07-31,Thursday,0,0,Summer,25.5,0,0,122,120,111
2014-08-01,Friday,0,0,Summer,26.6,0,0,111,132,119
2014-08-02,Saturday,1,0,Summer,18.0,0,1,119,136,133
2014-08-03,Sunday,1,0,Summer,21.9,0,0,133,124,120
2014-08-04,Monday,0,0,Summer,21.9,0,1,120,113,118
2014-08-05,Tuesday,0,0,Summer,21.2,0,0,118,111,113
2014-08-06,Wednesday,0,0,Summer,21.1,1,0,113,122,118
2014-08-07,Thursday,0,0,Summer,20.7,0,1,118,111,120
2014-08-08,Friday,0,0,Summer,24.8,0,0,120,119,124
2014-08-09,Saturday,1,0,Summer,22.9,0,1,124,133,129
2014-08-10,Sunday,1,0,Summer,16.3,0,0,129,120,116
2014-08-11,Monday,0,0,Summer,21.7,1,0,116,118,96
2014-08-12,Tuesday,0,0,Summer,21.8,0,0,96,113,110
2014-08-13,Wednesday,0,0,Summer,20.0,1,0,110,118,106
2014-08-14,Thursday,0,0,Summer,22.3,0,0,106,120,115
2014-08-15,Friday,0,0,Summer,19.3,0,0,115,124,124
2014-08-16,Saturday,1,0,Summer,19.2,0,0,124,129,135
2014-08-17,Sunday,1,0,Summer,18.8,0,0,135,116,141
2014-08-18,Monday,0,0,Summer,12.3,0,1,141,96,121
2014-08-19,Tuesday,0,0,Summer,17.9,0,0,121,110,107
2014-08-20,Wednesday,0,0,Summer,16.0,0,0,107,106,110
2014-08-21,Thursday,0,0,Summer,14.3,0,0,110,115,127
2014-08-22,Friday,0,0,Summer,22.0,0,1,127,124,130
2014-08-23,Saturday,1,0,Summer,19.1,0,1,130,135,135
2014-08-24,Sunday,1,0,Summer,17.3,0,1,135,141,123
2014-08-25,Monday,0,0,Summer,15.6,1,0,123,121,96
2014-08-26,Tuesday,0,0,Summer,18.0,0,0,96,107,110
2014-08-27,Wednesday,0,0,Summer,19.9,1,0,110,110,105
2014-08-28,Thursday,0,0,Summer,14.3,0,0,105,127,103
2014-08-29,Friday,0,0,Summer,16.6,0,0,103,130,115
2014-08-30,Saturday,1,0,Summer,19.1,1,0,115,135,142
2014-08-31,Sunday,1,0,Summer,10.5,1,0,142,123,125
2014-09-01,Monday,0,0,Autumn,16.0,1,0,125,96,115
2014-09-02,Tuesday,0,0,Autumn,14.7,0,0,115,110,98
2014-09-03,Wednesday,0,0,Autumn,15.4,0,0,98,105,107
2014-09-04,Thursday,0,0,Autumn,14.2,1,0,107,103,95
2014-09-05,Friday,0,0,Autumn,15.9,1,0,95,115,95
2014-09-06,Saturday,1,0,Autumn,21.1,0,0,95,142,111
2014-09-07,Sunday,1,0,Autumn,14.2,0,0,111,125,111
2014-09-08,Monday,0,0,Autumn,15.9,0,0,111,115,111
2014-09-09,Tuesday,0,0,Autumn,20.8,0,0,111,98,99
2014-09-10,Wednesday,0,0,Autumn,13.0,0,0,99,107,105
2014-09-11,Thursday,0,0,Autumn,19.9,1,0,105,95,93
2014-09-12,Friday,0,0,Autumn,14.3,0,1,93,95,103
2014-09-13,Saturday,1,0,Autumn,19.5,1,0,103,111,105
2014-09-14,Sunday,1,0,Autumn,16.2,1,0,105,111,117
2014-09-15,Monday,0,0,Autumn,14.7,0,1,117,111,116
2014-09-16,Tuesday,0,0,Autumn,13.4,0,0,116,99,104
2014-09-17,Wednesday,0,0,Autumn,11.6,1,0,104,105,93
2014-09-18,Thursday,0,0,Autumn,13.5,0,0,93,93,89
2014-09-19,Friday,0,0,Autumn,15.8,1,0,89,103,87
2014-09-20,Saturday,1,0,Autumn,12.9,0,0,87,105,109
2014-09-21,Sunday,1,0,Autumn,11.8,0,0,109,117,98
2014-09-22,Monday,0,0,Autumn,11.8,1,0,98,116,91
2014-09-23,Tuesday,0,0,Autumn,15.4,0,0,91,104,99
2014-09-24,Wednesday,0,0,Autumn,15.9,0,0,99,93,83
2014-09-25,Thursday,0,0,Autumn,10.1,1,0,83,89,84
2014-09-26,Friday,0,0,Autumn,9.9,0,0,84,87,82
2014-09-27,Saturday,1,0,Autumn,12.9,0,0,82,109,99
2014-09-28,Sunday,1,0,Autumn,16.1,1,0,99,98,97
2014-09-29,Monday,0,0,Autumn,14.8,0,0,97,91,75
2014-09-30,Tuesday,0,0,Autumn,7.5,0,0,75,99,85
2014-10-01,Wednesday,0,0,Autumn,10.3,1,0,85,83,73
2014-10-02,Thursday,0,0,Autumn,8.1,1,0,73,84,72
2014-10-03,Friday,0,0,Autumn,9.9,0,0,72,82,82
2014-10-04,Saturday,1,0,Autumn,15.4,0,0,82,99,100
2014-10-05,Sunday,1,0,Autumn,6.1,1,0,100,97,97
2014-10-06,Monday,0,0,Autumn,5.4,1,0,97,75,84
2014-10-07,Tuesday,0,0,Autumn,7.6,0,0,84,85,64
2014-10-08,Wednesday,0,0,Autumn,10.8,0,0,64,73,74
2014-10-09,Thursday,0,0,Autumn,11.6,0,0,74,72,78
2014-10-10,Friday,0,0,Autumn,10.9,0,0,78,82,81
2014-10-11,Saturday,1,0,Autumn,12.9,1,0,81,100,94
2014-10-12,Sunday,1,0,Autumn,4.0,1,0,94,97,97
2014-10-13,Monday,0,0,Autumn,12.7,0,0,97,84,81
2014-10-14,Tuesday,0,0,Autumn,8.0,1,0,81,64,80
2014-10-15,Wednesday,0,0,Autumn,11.0,1,0,80,74,83
2014-10-16,Thursday,0,0,Autumn,4.6,1,0,83,78,80
2014-10-17,Friday,0,0,Autumn,8.5,1,0,80,81,72
2014-10-18,Saturday,1,0,Autumn,9.0,0,1,72,94,111
2014-10-19,Sunday,1,0,Autumn,11.6,1,0,111,97,103
2014-10-20,Monday,0,0,Autumn,3.3,0,0,103,81,86
2014-10-21,Tuesday,0,0,Autumn,8.0,0,0,86,80,81
2014-10-22,Wednesday,0,0,Autumn,4.5,0,0,81,83,83
2014-10-23,Thursday,0,0,Autumn,9.1,0,0,83,80,89
2014-10-24,Friday,0,0,Autumn,9.8,1,0,89,72,83
2014-10-25,Saturday,1,0,Autumn,11.1,0,1,83,111,98
2014-10-26,Sunday,1,0,Autumn,5.5,0,0,98,103,105
2014-10-27,Monday,0,0,Autumn,9.8,0,0,105,86,85
2014-10-28,Tuesday,0,0,Autumn,11.0,0,0,85,81,75
2014-10-29,Wednesday,0,0,Autumn,1.8,0,0,75,83,74
2014-10-30,Thursday,0,0,Autumn,8.4,0,0,74,89,78
2014-10-31,Friday,0,0,Autumn,9.3,1,1,78,83,91
2014-11-01,Saturday,1,0,Autumn,5.6,1,0,91,98,97
2014-11-02,Sunday,1,0,Autumn,2.6,0,0,97,105,93
2014-11-03,Monday,0,0,Autumn,8.9,1,0,93,85,82
2014-11-04,Tuesday,0,0,Autumn,2.4,1,0,82,75,68
2014-11-05,Wednesday,0,0,Autumn,5.3,0,1,68,74,84
2014-11-06,Thursday,0,0,Autumn,5.6,0,0,84,78,85
2014-11-07,Friday,0,0,Autumn,7.8,0,0,85,91,94
2014-11-08,Saturday,1,0,Autumn,3.6,0,0,94,97,95
2014-11-09,Sunday,1,0,Autumn,3.3,1,0,95,93,91
2014-11-10,Monday,0,0,Autumn,5.6,0,0,91,82,85
2014-11-11,Tuesday,0,0,Autumn,8.2,0,0,85,68,82
2014-11-12,Wednesday,0,0,Autumn,11.9,0,0,82,84,87
2014-11-13,Thursday,0,0,Autumn,0.4,1,0,87,85,78
2014-11-14,Friday,0,0,Autumn,5.8,1,0,78,94,75
2014-11-15,Saturday,1,0,Autumn,1.5,0,0,75,95,90
2014-11-16,Sunday,1,0,Autumn,7.7,0,0,90,91,95
2014-11-17,Monday,0,0,Autumn,1.7,1,0,95,85,71
2014-11-18,Tuesday,0,0,Autumn,2.4,0,0,71,82,78
2014-11-19,Wednesday,0,0,Autumn,2.6,0,1,78,87,86
2014-11-20,Thursday,0,0,Autumn,4.1,1,0,86,78,77
2014-11-21,Friday,0,0,Autumn,5.2,0,0,77,75,81
2014-11-22,Saturday,1,0,Autumn,5.6,0,0,81,90,96
2014-11-23,Sunday,1,0,Autumn,4.0,0,0,96,95,105
2014-11-24,Monday,0,0,Autumn,-0.0,0,0,105,71,82
2014-11-25,Tuesday,0,0,Autumn,6.1,1,0,82,78,72
2014-11-26,Wednesday,0,0,Autumn,3.7,0,0,72,86,79
2014-11-27,Thursday,0,0,Autumn,7.3,0,0,79,77,70
2014-11-28,Friday,0,0,Autumn,1.6,1,0,70,81,80
2014-11-29,Saturday,1,0,Autumn,-1.2,1,0,80,96,75
2014-11-30,Sunday,1,0,Autumn,3.5,0,0,75,105,77
2014-12-01,Monday,0,0,Winter,7.4,1,0,77,82,82
2014-12-02,Tuesday,0,0,Winter,4.0,1,0,82,72,55
2014-12-03,Wednesday,0,0,Winter,2.8,0,1,55,79,80
2014-12-04,Thursday,0,0,Winter,0.8,0,0,80,70,84
2014-12-05,Friday,0,0,Winter,8.6,1,1,84,80,91
2014-12-06,Saturday,1,0,Winter,0.2,0,0,91,75,90
2014-12-07,Sunday,1,0,Winter,1.1,0,0,90,77,72
2014-12-08,Monday,0,0,Winter,4.9,0,0,72,82,67
2014-12-09,Tuesday,0,0,Winter,-2.4,0,0,67,55,61
2014-12-10,Wednesday,0,0,Winter,7.0,0,0,61,80,71
2014-12-11,Thursday,0,0,Winter,5.0,0,0,71,84,78
2014-12-12,Friday,0,0,Winter,5.8,1,0,78,91,82
2014-12-13,Saturday,1,0,Winter,4.7,1,0,82,90,85
2014-12-14,Sunday,1,0,Winter,2.6,0,0,85,72,72
2014-12-15,Monday,0,0,Winter,-0.2,0,0,72,67,67
2014-12-16,Tuesday,0,0,Winter,2.6,1,0,67,61,51
2014-12-17,Wednesday,0,0,Winter,0.1,1,0,51,71,52
2014-12-18,Thursday,0,0,Winter,4.5,1,0,52,78,71
2014-12-19,Friday,0,0,Winter,5.4,0,0,71,82,67
2014-12-20,Saturday,1,0,Winter,7.4,0,0,67,85,80
2014-12-21,Sunday,1,0,Winter,4.1,0,0,80,72,85
2014-12-22,Monday,0,0,Winter,5.8,1,0,85,67,74
2014-12-23,Tuesday,0,0,Winter,2.1,1,0,74,51,62
2014-12-24,Wednesday,0,1,Winter,1.6,0,0,62,52,60
2014-12-25,Thursday,0,1,Winter,4.5,1,0,60,71,78
2014-12-26,Friday,0,1,Winter,1.9,1,0,78,67,69
2014-12-27,Saturday,1,0,Winter,3.9,1,1,69,80,88
2014-12-28,Sunday,1,0,Winter,-0.1,0,0,88,85,85
2014-12-29,Monday,0,0,Winter,0.5,0,0,85,74,67
2014-12-30,Tuesday,0,0,Winter,5.1,1,0,67,62,58
2014-12-31,Wednesday,0,1,Winter,5.8,0,0,58,60,79
2015-01-01,Thursday,0,1,Winter,0.3,0,1,79,78,80
2015-01-02,Friday,0,0,Winter,5.3,0,0,80,69,66
2015-01-03,Saturday,1,0,Winter,1.7,1,1,66,88,79
2015-01-04,Sunday,1,0,Winter,3.4,0,0,79,85,84
2015-01-05,Monday,0,0,Winter,7.6,0,0,84,67,83
2015-01-06,Tuesday,0,0,Winter,5.9,1,0,83,58,67
2015-01-07,Wednesday,0,0,Winter,5.9,0,0,67,79,59
2015-01-08,Thursday,0,0,Winter,9.3,1,0,59,80,68
2015-01-09,Friday,0,0,Winter,1.5,1,0,68,66,73
2015-01-10,Saturday,1,0,Winter,0.7,1,1,73,79,86
2015-01-11,Sunday,1,0,Winter,1.6,1,0,86,84,84
2015-01-12,Monday,0,0,Winter,3.0,1,0,84,83,59
2015-01-13,Tuesday,0,0,Winter,-3.2,1,1,59,67,53
2015-01-14,Wednesday,0,0,Winter,3.3,0,0,53,59,56
2015-01-15,Thursday,0,0,Winter,2.4,1,0,56,68,68
2015-01-16,Friday,0,0,Winter,6.4,0,0,68,73,69
2015-01-17,Saturday,1,0,Winter,5.2,1,0,69,86,80
2015-01-18,Sunday,1,0,Winter,2.4,0,0,80,84,83
2015-01-19,Monday,0,0,Winter,6.1,0,0,83,59,62
2015-01-20,Tuesday,0,0,Winter,6.6,1,1,62,53,59
2015-01-21,Wednesday,0,0,Winter,2.2,1,0,59,56,55
2015-01-22,Thursday,0,0,Winter,3.1,0,1,55,68,68
2015-01-23,Friday,0,0,Winter,-2.0,1,0,68,69,72
2015-01-24,Saturday,1,0,Winter,1.5,0,0,72,80,77
2015-01-25,Sunday,1,0,Winter,2.7,0,0,77,83,86
2015-01-26,Monday,0,0,Winter,5.2,1,0,86,62,66
2015-01-27,Tuesday,0,0,Winter,2.3,0,0,66,59,62
2015-01-28,Wednesday,0,0,Winter,3.7,0,0,62,55,66
2015-01-29,Thursday,0,0,Winter,1.6,0,0,66,68,66
2015-01-30,Friday,0,0,Winter,5.9,0,0,66,72,70
2015-01-31,Saturday,1,0,Winter,6.8,1,0,70,77,76
2015-02-01,Sunday,1,0,Winter,6.9,0,0,76,86,88
2015-02-02,Monday,0,0,Winter,5.8,1,0,88,66,73
2015-02-03,Tuesday,0,0,Winter,1.3,1,0,73,62,47
2015-02-04,Wednesday,0,0,Winter,4.1,0,0,47,66,52
2015-02-05,Thursday,0,0,Winter,4.9,1,0,52,66,53
2015-02-06,Friday,0,0,Winter,5.0,0,0,53,70,70
2015-02-07,Saturday,1,0,Winter,6.6,0,0,70,76,66
2015-02-08,Sunday,1,0,Winter,10.8,1,0,66,88,79
2015-02-09,Monday,0,0,Winter,9.1,1,0,79,73,74
2015-02-10,Tuesday,0,0,Winter,3.8,0,0,74,47,67
2015-02-11,Wednesday,0,0,Winter,9.0,1,0,67,52,60
2015-02-12,Thursday,0,0,Winter,9.0,1,0,60,53,49
2015-02-13,Friday,0,0,Winter,4.8,0,0,49,70,62
2015-02-14,Saturday,1,0,Winter,9.9,1,0,62,66,82
2015-02-15,Sunday,1,0,Winter,7.0,0,0,82,79,79
2015-02-16,Monday,0,0,Winter,3.4,0,0,79,74,86
2015-02-17,Tuesday,0,0,Winter,9.1,0,1,86,67,89
2015-02-18,Wednesday,0,0,Winter,8.6,0,0,89,60,75
2015-02-19,Thursday,0,0,Winter,7.4,1,0,75,49,67
2015-02-20,Friday,0,0,Winter,8.1,0,0,67,62,74
2015-02-21,Saturday,1,0,Winter,6.2,0,0,74,82,79
2015-02-22,Sunday,1,0,Winter,10.4,0,0,79,79,80
2015-02-23,Monday,0,0,Winter,8.5,0,0,80,86,91
2015-02-24,Tuesday,0,0,Winter,9.3,0,0,91,89,95
2015-02-25,Wednesday,0,0,Winter,10.1,0,0,95,75,81
2015-02-26,Thursday,0,0,Winter,5.7,0,0,81,67,70
2015-02-27,Friday,0,0,Winter,6.6,0,0,70,74,64
2015-02-28,Saturday,1,0,Winter,2.8,0,0,64,79,91
2015-03-01,Sunday,1,0,Spring,11.3,0,0,91,80,99
2015-03-02,Monday,0,0,Spring,6.2,0,0,99,91,97
2015-03-03,Tuesday,0,0,Spring,10.4,1,0,97,95,85
2015-03-04,Wednesday,0,0,Spring,11.2,0,0,85,81,80
2015-03-05,Thursday,0,0,Spring,12.1,0,0,80,70,75
2015-03-06,Friday,0,0,Spring,6.8,0,1,75,64,63
2015-03-07,Saturday,1,0,Spring,10.4,0,0,63,91,79
2015-03-08,Sunday,1,0,Spring,15.8,0,0,79,99,96
2015-03-09,Monday,0,0,Spring,16.1,0,0,96,97,95
2015-03-10,Tuesday,0,0,Spring,14.1,1,1,95,85,90
2015-03-11,Wednesday,0,0,Spring,12.3,0,0,90,80,91
2015-03-12,Thursday,0,0,Spring,8.4,0,0,91,75,81
2015-03-13,Friday,0,0,Spring,13.8,1,0,81,63,85
2015-03-14,Saturday,1,0,Spring,11.3,1,0,85,79,94
2015-03-15,Sunday,1,0,Spring,13.7,0,0,94,96,104
2015-03-16,Monday,0,0,Spring,10.2,0,0,104,95,94
2015-03-17,Tuesday,0,0,Spring,11.8,0,0,94,90,84
2015-03-18,Wednesday,0,0,Spring,13.0,1,0,84,91,75
2015-03-19,Thursday,0,0,Spring,13.4,0,0,75,81,67
2015-03-20,Friday,0,0,Spring,14.3,0,0,67,85,88
2015-03-21,Saturday,1,0,Spring,11.3,0,0,88,94,86
2015-03-22,Sunday,1,0,Spring,9.1,0,0,86,104,94
2015-03-23,Monday,0,0,Spring,18.2,1,0,94,94,91
2015-03-24,Tuesday,0,0,Spring,21.0,0,0,91,84,83
2015-03-25,Wednesday,0,0,Spring,15.0,0,0,83,75,82
2015-03-26,Thursday,0,0,Spring,9.9,0,0,82,67,82
2015-03-27,Friday,0,0,Spring,11.7,1,0,82,88,84
2015-03-28,Saturday,1,0,Spring,15.7,0,0,84,86,99
2015-03-29,Sunday,1,0,Spring,18.4,1,0,99,94,96
2015-03-30,Monday,0,0,Spring,10.9,0,0,96,91,87
2015-03-31,Tuesday,0,0,Spring,14.3,0,0,87,83,79
2015-04-01,Wednesday,0,0,Spring,15.5,0,0,79,82,82
2015-04-02,Thursday,0,0,Spring,17.6,0,1,82,82,95
2015-04-03,Friday,0,0,Spring,14.2,0,1,95,84,96
2015-04-04,Saturday,1,0,Spring,10.7,0,0,96,99,105
2015-04-05,Sunday,1,0,Spring,17.4,0,0,105,96,88
2015-04-06,Monday,0,0,Spring,19.1,0,0,88,87,96
2015-04-07,Tuesday,0,0,Spring,15.6,1,0,96,79,76
2015-04-08,Wednesday,0,0,Spring,17.3,0,0,76,82,90
2015-04-09,Thursday,0,0,Spring,14.8,1,0,90,95,95
2015-04-10,Friday,0,0,Spring,13.8,1,0,95,96,102
2015-04-11,Saturday,1,0,Spring,19.6,0,1,102,105,110
2015-04-12,Sunday,1,0,Spring,17.9,0,0,110,88,104
2015-04-13,Monday,0,0,Spring,18.3,0,1,104,96,107
2015-04-14,Tuesday,0,0,Spring,21.5,1,0,107,76,95
2015-04-15,Wednesday,0,0,Spring,14.0,0,0,95,90,98
2015-04-16,Thursday,0,0,Spring,15.7,0,0,98,95,102
2015-04-17,Friday,0,0,Spring,18.0,0,1,102,102,116
2015-04-18,Saturday,1,0,Spring,15.9,0,0,116,110,120
2015-04-19,Sunday,1,0,Spring,20.1,0,0,120,104,120
2015-04-20,Monday,0,0,Spring,17.4,0,0,120,107,108
2015-04-21,Tuesday,0,0,Spring,15.1,0,0,108,95,107
2015-04-22,Wednesday,0,0,Spring,18.4,0,0,107,98,101
2015-04-23,Thursday,0,0,Spring,18.9,0,0,101,102,91
2015-04-24,Friday,0,0,Spring,21.3,1,0,91,116,111
2015-04-25,Saturday,1,0,Spring,19.8,0,0,111,120,122
2015-04-26,Sunday,1,0,Spring,20.2,0,0,122,120,120
2015-04-27,Monday,0,0,Spring,19.9,0,0,120,108,110
2015-04-28,Tuesday,0,0,Spring,18.5,0,0,110,107,115
2015-04-29,Wednesday,0,0,Spring,17.1,0,1,115,101,114
2015-04-30,Thursday,0,0,Spring,20.2,0,0,114,91,116
2015-05-01,Friday,0,1,Spring,18.5,1,0,116,111,120
2015-05-02,Saturday,1,0,Spring,24.7,1,0,120,122,120
2015-05-03,Sunday,1,0,Spring,23.8,0,0,120,120,112
2015-05-04,Monday,0,0,Spring,21.8,1,0,112,110,104
2015-05-05,Tuesday,0,0,Spring,21.1,0,0,104,115,114
2015-05-06,Wednesday,0,0,Spring,19.8,1,0,114,114,103
2015-05-07,Thursday,0,0,Spring,16.4,0,0,103,116,109
2015-05-08,Friday,0,0,Spring,19.7,0,1,109,120,132
2015-05-09,Saturday,1,0,Spring,20.8,0,0,132,120,116
2015-05-10,Sunday,1,0,Spring,21.3,0,0,116,112,119
2015-05-11,Monday,0,0,Spring,22.1,1,1,119,104,116
2015-05-12,Tuesday,0,0,Spring,23.6,0,0,116,114,114
2015-05-13,Wednesday,0,0,Spring,18.8,0,0,114,103,94
2015-05-14,Thursday,0,0,Spring,19.0,0,0,94,109,96
2015-05-15,Friday,0,0,Spring,25.5,1,0,96,132,96
2015-05-16,Saturday,1,0,Spring,23.5,0,1,96,116,111
2015-05-17,Sunday,1,0,Spring,20.1,0,0,111,119,121
2015-05-18,Monday,0,0,Spring,21.1,0,0,121,116,110
2015-05-19,Tuesday,0,0,Spring,21.2,0,0,110,114,113
2015-05-20,Wednesday,0,0,Spring,21.7,0,0,113,94,110
2015-05-21,Thursday,0,0,Spring,23.1,0,0,110,96,99
2015-05-22,Friday,0,0,Spring,29.4,1,0,99,96,105
2015-05-23,Saturday,1,0,Spring,22.4,1,0,105,111,100
2015-05-24,Sunday,1,0,Spring,23.9,0,0,100,121,115
2015-05-25,Monday,0,0,Spring,16.9,0,0,115,110,109
2015-05-26,Tuesday,0,0,Spring,20.6,1,0,109,113,102
2015-05-27,Wednesday,0,0,Spring,25.8,0,0,102,110,94
2015-05-28,Thursday,0,0,Spring,23.4,1,0,94,99,87
2015-05-29,Friday,0,0,Spring,9.1,0,0,87,105,113
2015-05-30,Saturday,1,0,Spring,24.4,1,0,113,100,117
2015-05-31,Sunday,1,0,Spring,28.2,0,0,117,115,119
2015-06-01,Monday,0,0,Summer,16.5,1,0,119,109,113
2015-06-02,Tuesday,0,0,Summer,27.1,0,1,113,102,128
2015-06-03,Wednesday,0,0,Summer,14.2,0,0,128,94,119
2015-06-04,Thursday,0,0,Summer,25.4,0,0,119,87,110
2015-06-05,Friday,0,0,Summer,22.6,0,0,110,113,114
2015-06-06,Saturday,1,0,Summer,15.6,0,1,114,117,133
2015-06-07,Sunday,1,0,Summer,24.1,0,0,133,119,128
2015-06-08,Monday,0,0,Summer,26.2,0,0,128,113,127
2015-06-09,Tuesday,0,0,Summer,23.9,0,0,127,128,123
2015-06-10,Wednesday,0,0,Summer,24.6,1,0,123,119,122
2015-06-11,Thursday,0,0,Summer,21.6,1,0,122,110,121
2015-06-12,Friday,0,0,Summer,17.3,0,0,121,114,110
2015-06-13,Saturday,1,0,Summer,25.0,0,1,110,133,135
2015-06-14,Sunday,1,0,Summer,28.2,0,0,135,128,142
2015-06-15,Monday,0,0,Summer,26.3,0,0,142,127,123
2015-06-16,Tuesday,0,0,Summer,17.0,0,0,123,123,112
2015-06-17,Wednesday,0,0,Summer,18.4,0,0,112,122,121
2015-06-18,Thursday,0,0,Summer,20.5,1,0,121,121,127
2015-06-19,Friday,0,0,Summer,18.2,0,0,127,110,96
2015-06-20,Saturday,1,0,Summer,23.1,0,0,96,135,128
2015-06-21,Sunday,1,0,Summer,24.2,0,0,128,142,117
2015-06-22,Monday,0,0,Summer,18.7,0,0,117,123,113
2015-06-23,Tuesday,0,0,Summer,25.3,0,0,113,112,103
2015-06-24,Wednesday,0,0,Summer,24.8,0,1,103,121,115
2015-06-25,Thursday,0,0,Summer,21.3,0,0,115,127,120
2015-06-26,Friday,0,0,Summer,22.4,0,1,120,96,127
2015-06-27,Saturday,1,0,Summer,17.1,0,0,127,128,139
2015-06-28,Sunday,1,0,Summer,21.9,1,0,139,117,118
2015-06-29,Monday,0,0,Summer,22.9,0,0,118,113,121
2015-06-30,Tuesday,0,0,Summer,23.4,0,0,121,103,111
2015-07-01,Wednesday,0,0,Summer,24.0,0,0,111,115,111
2015-07-02,Thursday,0,0,Summer,23.5,1,0,111,120,125
2015-07-03,Friday,0,0,Summer,22.0,0,1,125,127,140
2015-07-04,Saturday,1,0,Summer,23.6,0,1,140,139,137
2015-07-05,Sunday,1,0,Summer,25.7,0,0,137,118,131
2015-07-06,Monday,0,0,Summer,22.4,1,0,131,121,112
2015-07-07,Tuesday,0,0,Summer,23.5,0,0,112,111,108
2015-07-08,Wednesday,0,0,Summer,22.0,0,0,108,111,109
2015-07-09,Thursday,0,0,Summer,20.5,0,1,109,125,126
2015-07-10,Friday,0,0,Summer,24.0,0,0,126,140,123
2015-07-11,Saturday,1,0,Summer,20.7,0,0,123,137,130
2015-07-12,Sunday,1,0,Summer,23.5,1,0,130,131,125
2015-07-13,Monday,0,0,Summer,22.3,0,0,125,112,118
2015-07-14,Tuesday,0,0,Summer,21.3,1,0,118,108,108
2015-07-15,Wednesday,0,0,Summer,21.1,1,1,108,109,119
2015-07-16,Thursday,0,0,Summer,20.5,0,0,119,126,122
2015-07-17,Friday,0,0,Summer,17.0,1,0,122,123,123
2015-07-18,Saturday,1,0,Summer,23.0,0,0,123,130,132
2015-07-19,Sunday,1,0,Summer,22.5,0,0,132,125,122
2015-07-20,Monday,0,0,Summer,24.3,0,0,122,118,114
2015-07-21,Tuesday,0,0,Summer,20.0,1,0,114,108,101
2015-07-22,Wednesday,0,0,Summer,27.2,0,0,101,119,116
2015-07-23,Thursday,0,0,Summer,20.3,0,0,116,122,124
2015-07-24,Friday,0,0,Summer,18.7,0,0,124,123,123
2015-07-25,Saturday,1,0,Summer,18.3,1,0,123,132,127
2015-07-26,Sunday,1,0,Summer,16.0,0,0,127,122,113
2015-07-27,Monday,0,0,Summer,25.7,0,0,113,114,109
2015-07-28,Tuesday,0,0,Summer,25.1,0,0,109,101,90
2015-07-29,Wednesday,0,0,Summer,22.7,0,0,90,116,109
2015-07-30,Thursday,0,0,Summer,18.1,0,0,109,124,130
2015-07-31,Friday,0,0,Summer,26.1,0,0,130,123,126
2015-08-01,Saturday,1,0,Summer,19.5,0,0,126,127,131
2015-08-02,Sunday,1,0,Summer,19.6,0,0,131,113,128
2015-08-03,Monday,0,0,Summer,24.6,0,0,128,109,109
2015-08-04,Tuesday,0,0,Summer,22.2,0,0,109,90,102
2015-08-05,Wednesday,0,0,Summer,26.7,0,0,102,109,111
2015-08-06,Thursday,0,0,Summer,20.7,0,0,111,130,119
2015-08-07,Friday,0,0,Summer,18.6,1,0,119,126,119
2015-08-08,Saturday,1,0,Summer,17.9,0,0,119,131,125
2015-08-09,Sunday,1,0,Summer,14.0,1,0,125,128,115
2015-08-10,Monday,0,0,Summer,18.6,0,0,115,109,113
2015-08-11,Tuesday,0,0,Summer,22.7,0,0,113,102,121
2015-08-12,Wednesday,0,0,Summer,21.0,0,0,121,111,101
2015-08-13,Thursday,0,0,Summer,19.1,0,0,101,119,94
2015-08-14,Friday,0,0,Summer,15.9,1,0,94,119,96
2015-08-15,Saturday,1,0,Summer,19.4,0,0,96,125,112
2015-08-16,Sunday,1,0,Summer,21.6,1,0,112,115,113
2015-08-17,Monday,0,0,Summer,19.8,0,0,113,113,110
2015-08-18,Tuesday,0,0,Summer,18.8,1,0,110,121,108
2015-08-19,Wednesday,0,0,Summer,15.8,0,0,108,101,103
2015-08-20,Thursday,0,0,Summer,20.6,0,0,103,94,113
2015-08-21,Friday,0,0,Summer,8.5,0,1,113,96,108
2015-08-22,Saturday,1,0,Summer,18.9,1,0,108,112,120
2015-08-23,Sunday,1,0,Summer,25.3,0,0,120,113,136
2015-08-24,Monday,0,0,Summer,12.9,0,0,136,110,105
2015-08-25,Tuesday,0,0,Summer,16.5,0,0,105,108,90
2015-08-26,Wednesday,0,0,Summer,17.1,0,0,90,103,98
2015-08-27,Thursday,0,0,Summer,15.6,0,0,98,113,109
2015-08-28,Friday,0,0,Summer,19.9,0,0,109,108,113
2015-08-29,Saturday,1,0,Summer,18.1,0,0,113,120,106
2015-08-30,Sunday,1,0,Summer,16.9,0,0,106,136,107
2015-08-31,Monday,0,0,Summer,18.7,0,0,107,105,100
2015-09-01,Tuesday,0,0,Autumn,16.2,0,0,100,90,96
2015-09-02,Wednesday,0,0,Autumn,25.5,0,0,96,98,96
2015-09-03,Thursday,0,0,Autumn,16.3,0,0,96,109,101
2015-09-04,Friday,0,0,Autumn,16.2,1,0,101,113,104
2015-09-05,Saturday,1,0,Autumn,10.4,1,1,104,106,117
2015-09-06,Sunday,1,0,Autumn,13.7,1,0,117,107,100
2015-09-07,Monday,0,0,Autumn,18.6,1,0,100,100,93
2015-09-08,Tuesday,0,0,Autumn,11.0,0,0,93,96,99
2015-09-09,Wednesday,0,0,Autumn,8.3,0,0,99,96,86
2015-09-10,Thursday,0,0,Autumn,14.7,0,0,86,101,88
2015-09-11,Friday,0,0,Autumn,18.6,1,0,88,104,96
2015-09-12,Saturday,1,0,Autumn,14.4,0,0,96,117,100
2015-09-13,Sunday,1,0,Autumn,13.1,1,0,100,100,90
2015-09-14,Monday,0,0,Autumn,8.4,0,0,90,93,83
2015-09-15,Tuesday,0,0,Autumn,15.2,0,0,83,99,86
2015-09-16,Wednesday,0,0,Autumn,15.6,1,0,86,86,89
2015-09-17,Thursday,0,0,Autumn,8.1,0,0,89,88,81
2015-09-18,Friday,0,0,Autumn,16.7,0,0,81,96,93
2015-09-19,Saturday,1,0,Autumn,15.4,0,0,93,100,111
2015-09-20,Sunday,1,0,Autumn,16.3,1,0,111,90,110
2015-09-21,Monday,0,0,Autumn,14.5,0,0,110,83,93
2015-09-22,Tuesday,0,0,Autumn,14.6,0,0,93,86,89
2015-09-23,Wednesday,0,0,Autumn,14.0,0,0,89,89,82
2015-09-24,Thursday,0,0,Autumn,14.9,0,0,82,81,87
2015-09-25,Friday,0,0,Autumn,6.6,0,0,87,93,101
2015-09-26,Saturday,1,0,Autumn,7.4,0,1,101,111,122
2015-09-27,Sunday,1,0,Autumn,9.5,0,0,122,110,112
2015-09-28,Monday,0,0,Autumn,11.2,1,0,112,93,95
2015-09-29,Tuesday,0,0,Autumn,12.6,1,0,95,89,81
2015-09-30,Wednesday,0,0,Autumn,12.2,1,0,81,82,72
2015-10-01,Thursday,0,0,Autumn,14.4,0,0,72,87,80
2015-10-02,Friday,0,0,Autumn,14.3,0,0,80,101,94
2015-10-03,Saturday,1,0,Autumn,8.1,0,0,94,122,111
2015-10-04,Sunday,1,0,Autumn,11.3,0,0,111,112,108
2015-10-05,Monday,0,0,Autumn,7.8,0,1,108,95,104
2015-10-06,Tuesday,0,0,Autumn,9.7,0,0,104,81,72
2015-10-07,Wednesday,0,0,Autumn,11.0,0,0,72,72,76
2015-10-08,Thursday,0,0,Autumn,-0.3,0,1,76,80,79
2015-10-09,Friday,0,0,Autumn,17.0,0,0,79,94,82
2015-10-10,Saturday,1,0,Autumn,11.3,0,0,82,111,102
2015-10-11,Sunday,1,0,Autumn,7.6,1,0,102,108,109
2015-10-12,Monday,0,0,Autumn,15.0,0,1,109,104,107
2015-10-13,Tuesday,0,0,Autumn,8.0,1,0,107,72,91
2015-10-14,Wednesday,0,0,Autumn,9.3,0,0,91,76,80
2015-10-15,Thursday,0,0,Autumn,7.3,1,0,80,79,92
2015-10-16,Friday,0,0,Autumn,13.6,0,0,92,82,81
2015-10-17,Saturday,1,0,Autumn,8.1,0,0,81,102,93
2015-10-18,Sunday,1,0,Autumn,8.8,1,0,93,109,101
2015-10-19,Monday,0,0,Autumn,11.8,0,0,101,107,95
2015-10-20,Tuesday,0,0,Autumn,9.8,0,0,95,91,98
2015-10-21,Wednesday,0,0,Autumn,7.7,0,0,98,80,72
2015-10-22,Thursday,0,0,Autumn,11.0,1,0,72,92,78
2015-10-23,Friday,0,0,Autumn,15.2,1,0,78,81,81
2015-10-24,Saturday,1,0,Autumn,8.4,0,0,81,93,91
2015-10-25,Sunday,1,0,Autumn,7.6,1,0,91,101,81
2015-10-26,Monday,0,0,Autumn,7.7,0,0,81,95,79
2015-10-27,Tuesday,0,0,Autumn,10.9,0,0,79,98,81
2015-10-28,Wednesday,0,0,Autumn,5.1,0,0,81,72,78
2015-10-29,Thursday,0,0,Autumn,5.9,0,0,78,78,86
2015-10-30,Friday,0,0,Autumn,2.0,1,0,86,81,82
2015-10-31,Saturday,1,0,Autumn,2.9,1,1,82,91,97
2015-11-01,Sunday,1,0,Autumn,4.8,1,0,97,81,96
2015-11-02,Monday,0,0,Autumn,6.0,1,1,96,79,95
2015-11-03,Tuesday,0,0,Autumn,11.4,0,0,95,81,70
2015-11-04,Wednesday,0,0,Autumn,7.6,1,0,70,78,76
2015-11-05,Thursday,0,0,Autumn,3.1,0,0,76,86,84
2015-11-06,Friday,0,0,Autumn,3.5,1,0,84,82,79
2015-11-07,Saturday,1,0,Autumn,9.7,0,0,79,97,89
2015-11-08,Sunday,1,0,Autumn,8.9,1,0,89,96,82
2015-11-09,Monday,0,0,Autumn,5.5,1,0,82,95,64
2015-11-10,Tuesday,0,0,Autumn,3.9,0,0,64,70,72
2015-11-11,Wednesday,0,0,Autumn,8.5,0,0,72,76,80
2015-11-12,Thursday,0,0,Autumn,2.1,0,0,80,84,79
2015-11-13,Friday,0,0,Autumn,6.1,0,0,79,79,87
2015-11-14,Saturday,1,0,Autumn,11.7,1,0,87,89,99
2015-11-15,Sunday,1,0,Autumn,5.4,0,0,99,82,80
2015-11-16,Monday,0,0,Autumn,2.3,0,1,80,64,79
2015-11-17,Tuesday,0,0,Autumn,5.8,0,0,79,72,72
2015-11-18,Wednesday,0,0,Autumn,3.1,0,0,72,80,76
2015-11-19,Thursday,0,0,Autumn,0.2,0,0,76,79,77
2015-11-20,Friday,0,0,Autumn,6.4,1,0,77,87,86
2015-11-21,Saturday,1,0,Autumn,7.6,1,0,86,99,81
2015-11-22,Sunday,1,0,Autumn,3.2,1,0,81,80,89
2015-11-23,Monday,0,0,Autumn,2.9,0,0,89,79,75
2015-11-24,Tuesday,0,0,Autumn,1.1,0,0,75,72,69
2015-11-25,Wednesday,0,0,Autumn,3.5,0,0,69,76,59
2015-11-26,Thursday,0,0,Autumn,2.1,0,0,59,77,67
2015-11-27,Friday,0,0,Autumn,0.7,0,0,67,86,76
2015-11-28,Saturday,1,0,Autumn,9.4,0,0,76,81,86
2015-11-29,Sunday,1,0,Autumn,5.0,0,0,86,89,83
2015-11-30,Monday,0,0,Autumn,5.3,0,0,83,75,67
2015-12-01,Tuesday,0,0,Winter,6.2,0,0,67,69,71
2015-12-02,Wednesday,0,0,Winter,5.8,0,0,71,59,54
2015-12-03,Thursday,0,0,Winter,2.2,1,1,54,67,72
2015-12-04,Friday,0,0,Winter,4.2,0,1,72,76,95
2015-12-05,Saturday,1,0,Winter,2.5,1,0,95,86,104
2015-12-06,Sunday,1,0,Winter,4.6,0,0,104,83,85
2015-12-07,Monday,0,0,Winter,4.3,0,0,85,67,76
2015-12-08,Tuesday,0,0,Winter,2.1,0,0,76,71,65
2015-12-09,Wednesday,0,0,Winter,-0.8,0,0,65,54,68
2015-12-10,Thursday,0,0,Winter,3.6,0,0,68,72,73
2015-12-11,Friday,0,0,Winter,2.5,1,0,73,95,75
2015-12-12,Saturday,1,0,Winter,-2.6,1,1,75,104,84
2015-12-13,Sunday,1,0,Winter,4.6,0,0,84,85,82
2015-12-14,Monday,0,0,Winter,5.9,0,0,82,76,69
2015-12-15,Tuesday,0,0,Winter,10.6,0,0,69,65,68
2015-12-16,Wednesday,0,0,Winter,1.8,1,0,68,68,63
2015-12-17,Thursday,0,0,Winter,1.4,0,0,63,73,63
2015-12-18,Friday,0,0,Winter,-0.3,0,0,63,75,65
2015-12-19,Saturday,1,0,Winter,3.6,0,0,65,84,83
2015-12-20,Sunday,1,0,Winter,3.6,1,0,83,82,84
2015-12-21,Monday,0,0,Winter,0.6,0,0,84,69,65
2015-12-22,Tuesday,0,0,Winter,2.5,0,0,65,68,63
2015-12-23,Wednesday,0,0,Winter,-2.9,0,0,63,63,54
2015-12-24,Thursday,0,1,Winter,5.8,1,0,54,63,83
2015-12-25,Friday,0,1,Winter,0.7,0,0,83,65,75
2015-12-26,Saturday,1,1,Winter,3.0,1,0,75,83,87
2015-12-27,Sunday,1,0,Winter,-1.2,1,0,87,84,83
2015-12-28,Monday,0,0,Winter,1.3,0,0,83,65,65
2015-12-29,Tuesday,0,0,Winter,2.3,1,0,65,63,53
2015-12-30,Wednesday,0,0,Winter,3.1,1,0,53,54,51
2015-12-31,Thursday,0,1,Winter,4.6,0,0,51,83,66
2016-01-01,Friday,0,1,Winter,7.5,1,0,66,75,78
2016-01-02,Saturday,1,0,Winter,5.5,0,0,78,87,80
2016-01-03,Sunday,1,0,Winter,6.2,0,0,80,83,84
2016-01-04,Monday,0,0,Winter,7.7,0,0,84,65,58
2016-01-05,Tuesday,0,0,Winter,5.1,1,0,58,53,49
2016-01-06,Wednesday,0,0,Winter,3.3,1,0,49,51,47
2016-01-07,Thursday,0,0,Winter,6.5,0,0,47,66,67
2016-01-08,Friday,0,0,Winter,6.8,1,0,67,78,59
2016-01-09,Saturday,1,0,Winter,5.5,1,1,59,80,87
2016-01-10,Sunday,1,0,Winter,-0.7,1,0,87,84,85
2016-01-11,Monday,0,0,Winter,1.2,0,0,85,58,56
2016-01-12,Tuesday,0,0,Winter,3.0,0,0,56,49,58
2016-01-13,Wednesday,0,0,Winter,6.2,0,0,58,47,51
2016-01-14,Thursday,0,0,Winter,3.9,0,0,51,67,65
2016-01-15,Friday,0,0,Winter,7.4,0,0,65,59,74
2016-01-16,Saturday,1,0,Winter,8.0,0,1,74,87,98
2016-01-17,Sunday,1,0,Winter,7.8,0,0,98,85,88
2016-01-18,Monday,0,0,Winter,7.9,1,0,88,56,73
2016-01-19,Tuesday,0,0,Winter,1.2,0,0,73,58,75
2016-01-20,Wednesday,0,0,Winter,5.9,0,0,75,51,64
2016-01-21,Thursday,0,0,Winter,2.7,1,0,64,65,61
2016-01-22,Friday,0,0,Winter,-0.3,0,0,61,74,73
2016-01-23,Saturday,1,0,Winter,3.8,1,0,73,98,63
2016-01-24,Sunday,1,0,Winter,8.8,1,0,63,88,67
2016-01-25,Monday,0,0,Winter,6.3,0,0,67,73,74
2016-01-26,Tuesday,0,0,Winter,11.0,0,0,74,75,74
2016-01-27,Wednesday,0,0,Winter,5.6,0,0,74,64,68
2016-01-28,Thursday,0,0,Winter,12.5,0,0,68,61,64
2016-01-29,Friday,0,0,Winter,5.8,1,0,64,73,69
2016-01-30,Saturday,1,0,Winter,5.5,0,0,69,63,71
2016-01-31,Sunday,1,0,Winter,1.7,0,1,71,67,68
2016-02-01,Monday,0,0,Winter,9.0,0,0,68,74,78
2016-02-02,Tuesday,0,0,Winter,4.3,0,0,78,74,67
2016-02-03,Wednesday,0,0,Winter,3.9,0,0,67,68,64
2016-02-04,Thursday,0,0,Winter,9.9,0,0,64,64,56
2016-02-05,Friday,0,0,Winter,9.6,0,0,56,69,65
2016-02-06,Saturday,1,0,Winter,9.7,1,0,65,71,81
2016-02-07,Sunday,1,0,Winter,5.3,1,0,81,68,82
2016-02-08,Monday,0,0,Winter,6.4,1,0,82,78,72
2016-02-09,Tuesday,0,0,Winter,6.5,0,0,72,67,64
2016-02-10,Wednesday,0,0,Winter,9.1,0,0,64,64,66
2016-02-11,Thursday,0,0,Winter,11.6,1,0,66,56,68
2016-02-12,Friday,0,0,Winter,8.2,1,0,68,65,59
2016-02-13,Saturday,1,0,Winter,13.1,1,0,59,81,77
2016-02-14,Sunday,1,0,Winter,10.0,0,1,77,82,96
2016-02-15,Monday,0,0,Winter,6.8,0,0,96,72,79
2016-02-16,Tuesday,0,0,Winter,10.1,0,0,79,64,72
2016-02-17,Wednesday,0,0,Winter,12.9,1,0,72,66,64
2016-02-18,Thursday,0,0,Winter,13.9,1,1,64,68,78
2016-02-19,Friday,0,0,Winter,11.6,1,0,78,59,85
2016-02-20,Saturday,1,0,Winter,8.3,1,0,85,77,94
2016-02-21,Sunday,1,0,Winter,7.7,1,1,94,96,94
2016-02-22,Monday,0,0,Winter,10.2,0,0,94,79,79
2016-02-23,Tuesday,0,0,Winter,13.7,1,0,79,72,82
2016-02-24,Wednesday,0,0,Winter,10.1,1,0,82,64,75
2016-02-25,Thursday,0,0,Winter,10.4,1,0,75,78,78
2016-02-26,Friday,0,0,Winter,9.3,1,0,78,85,67
2016-02-27,Saturday,1,0,Winter,8.3,0,0,67,94,90
2016-02-28,Sunday,1,0,Winter,9.0,1,0,90,94,86
2016-02-29,Monday,0,0,Winter,10.0,0,0,86,79,80
2016-03-01,Tuesday,0,0,Spring,14.9,1,0,80,82,74
2016-03-02,Wednesday,0,0,Spring,9.2,1,0,74,75,85
2016-03-03,Thursday,0,0,Spring,10.3,1,0,85,78,75
2016-03-04,Friday,0,0,Spring,7.7,0,0,75,67,92
2016-03-05,Saturday,1,0,Spring,12.6,1,0,92,90,96
2016-03-06,Sunday,1,0,Spring,14.7,1,0,96,86,93
2016-03-07,Monday,0,0,Spring,15.7,0,0,93,80,81
2016-03-08,Tuesday,0,0,Spring,11.6,0,0,81,74,76
2016-03-09,Wednesday,0,0,Spring,12.8,1,0,76,85,77
2016-03-10,Thursday,0,0,Spring,10.8,1,0,77,75,78
2016-03-11,Friday,0,0,Spring,13.0,0,0,78,92,93
2016-03-12,Saturday,1,0,Spring,12.6,0,0,93,96,99
2016-03-13,Sunday,1,0,Spring,12.0,1,0,99,93,100
2016-03-14,Monday,0,0,Spring,12.4,1,0,100,81,94
2016-03-15,Tuesday,0,0,Spring,13.5,0,0,94,76,94
2016-03-16,Wednesday,0,0,Spring,11.4,0,0,94,77,91
2016-03-17,Thursday,0,0,Spring,11.8,1,0,91,78,88
2016-03-18,Friday,0,0,Spring,17.8,1,0,88,93,86
2016-03-19,Saturday,1,0,Spring,21.0,0,0,86,99,104
2016-03-20,Sunday,1,0,Spring,9.4,1,0,104,100,92
2016-03-21,Monday,0,0,Spring,9.4,0,0,92,94,95
2016-03-22,Tuesday,0,0,Spring,10.5,0,0,95,94,93
2016-03-23,Wednesday,0,0,Spring,13.2,1,1,93,91,103
2016-03-24,Thursday,0,0,Spring,16.4,0,0,103,88,107
2016-03-25,Friday,0,0,Spring,15.6,0,0,107,86,105
2016-03-26,Saturday,1,0,Spring,14.5,1,0,105,104,101
2016-03-27,Sunday,1,0,Spring,15.8,0,0,101,92,86
2016-03-28,Monday,0,0,Spring,12.3,0,0,86,95,90
2016-03-29,Tuesday,0,0,Spring,13.8,0,0,90,93,88
2016-03-30,Wednesday,0,0,Spring,14.7,0,0,88,103,98
2016-03-31,Thursday,0,0,Spring,10.1,0,0,98,107,104
2016-04-01,Friday,0,0,Spring,11.6,0,0,104,105,108
2016-04-02,Saturday,1,0,Spring,11.9,0,0,108,101,110
2016-04-03,Sunday,1,0,Spring,17.7,0,0,110,86,93
2016-04-04,Monday,0,0,Spring,16.3,0,0,93,90,99
2016-04-05,Tuesday,0,0,Spring,17.6,1,0,99,88,82
2016-04-06,Wednesday,0,0,Spring,10.4,0,0,82,98,82
2016-04-07,Thursday,0,0,Spring,11.6,1,0,82,104,86
2016-04-08,Friday,0,0,Spring,18.2,1,0,86,108,97
2016-04-09,Saturday,1,0,Spring,8.0,0,0,97,110,102
2016-04-10,Sunday,1,0,Spring,20.2,0,0,102,93,100
2016-04-11,Monday,0,0,Spring,11.2,0,0,100,99,99
2016-04-12,Tuesday,0,0,Spring,19.4,1,0,99,82,80
2016-04-13,Wednesday,0,0,Spring,14.3,0,0,80,82,80
2016-04-14,Thursday,0,0,Spring,20.3,0,0,80,86,74
2016-04-15,Friday,0,0,Spring,26.9,0,0,74,97,88
2016-04-16,Saturday,1,0,Spring,10.7,1,0,88,102,85
2016-04-17,Sunday,1,0,Spring,19.7,0,0,85,100,103
2016-04-18,Monday,0,0,Spring,12.4,0,0,103,99,97
2016-04-19,Tuesday,0,0,Spring,19.2,0,1,97,80,93
2016-04-20,Wednesday,0,0,Spring,17.5,1,0,93,80,64
2016-04-21,Thursday,0,0,Spring,18.6,1,1,64,74,71
2016-04-22,Friday,0,0,Spring,15.6,0,0,71,88,79
2016-04-23,Saturday,1,0,Spring,20.9,1,1,79,85,97
2016-04-24,Sunday,1,0,Spring,14.3,0,0,97,103,107
2016-04-25,Monday,0,0,Spring,22.5,1,0,107,97,88
2016-04-26,Tuesday,0,0,Spring,17.7,0,0,88,93,81
2016-04-27,Wednesday,0,0,Spring,14.9,0,0,81,64,67
2016-04-28,Thursday,0,0,Spring,24.0,0,0,67,71,81
2016-04-29,Friday,0,0,Spring,19.1,0,0,81,79,75
2016-04-30,Saturday,1,0,Spring,25.2,1,1,75,97,90
2016-05-01,Sunday,1,1,Spring,23.3,0,0,90,107,113
2016-05-02,Monday,0,0,Spring,17.3,0,0,113,88,110
2016-05-03,Tuesday,0,0,Spring,19.6,1,0,110,81,95
2016-05-04,Wednesday,0,0,Spring,20.4,0,0,95,67,86
2016-05-05,Thursday,0,0,Spring,24.7,0,0,86,81,108
2016-05-06,Friday,0,0,Spring,21.5,0,0,108,75,98
2016-05-07,Saturday,1,0,Spring,20.9,1,0,98,90,98
2016-05-08,Sunday,1,0,Spring,19.9,0,0,98,113,104
2016-05-09,Monday,0,0,Spring,20.4,1,0,104,110,110
2016-05-10,Tuesday,0,0,Spring,24.6,1,0,110,95,104
2016-05-11,Wednesday,0,0,Spring,20.8,0,0,104,86,102
2016-05-12,Thursday,0,0,Spring,19.7,0,0,102,108,107
2016-05-13,Friday,0,0,Spring,19.3,0,1,107,98,111
2016-05-14,Saturday,1,0,Spring,19.5,0,1,111,98,118
2016-05-15,Sunday,1,0,Spring,17.0,1,0,118,104,103
2016-05-16,Monday,0,0,Spring,19.1,0,0,103,110,99
2016-05-17,Tuesday,0,0,Spring,25.9,0,1,99,104,111
2016-05-18,Wednesday,0,0,Spring,20.9,0,0,111,102,104
2016-05-19,Thursday,0,0,Spring,23.7,0,0,104,107,113
2016-05-20,Friday,0,0,Spring,14.2,0,1,113,111,120
2016-05-21,Saturday,1,0,Spring,23.5,1,0,120,118,122
2016-05-22,Sunday,1,0,Spring,21.4,1,0,122,103,107
2016-05-23,Monday,0,0,Spring,20.5,1,0,107,99,89
2016-05-24,Tuesday,0,0,Spring,22.5,0,0,89,111,90
2016-05-25,Wednesday,0,0,Spring,20.6,0,0,90,104,104
2016-05-26,Thursday,0,0,Spring,15.8,1,1,104,113,98
2016-05-27,Friday,0,0,Spring,25.0,0,0,98,120,113
2016-05-28,Saturday,1,0,Spring,23.0,0,0,113,122,123
2016-05-29,Sunday,1,0,Spring,21.4,0,0,123,107,113
2016-05-30,Monday,0,0,Spring,19.5,1,0,113,89,97
2016-05-31,Tuesday,0,0,Spring,18.0,1,0,97,90,92
2016-06-01,Wednesday,0,0,Summer,23.2,0,0,92,104,93
2016-06-02,Thursday,0,0,Summer,27.4,0,0,93,98,98
2016-06-03,Friday,0,0,Summer,23.2,0,0,98,113,110
2016-06-04,Saturday,1,0,Summer,18.5,0,1,110,123,128
2016-06-05,Sunday,1,0,Summer,23.4,0,0,128,113,115
2016-06-06,Monday,0,0,Summer,22.6,1,0,115,97,104
2016-06-07,Tuesday,0,0,Summer,25.4,1,0,104,92,100
2016-06-08,Wednesday,0,0,Summer,24.6,0,0,100,93,108
2016-06-09,Thursday,0,0,Summer,13.9,1,0,108,98,100
2016-06-10,Friday,0,0,Summer,24.5,1,1,100,110,112
2016-06-11,Saturday,1,0,Summer,19.9,0,0,112,128,129
2016-06-12,Sunday,1,0,Summer,18.7,0,0,129,115,131
2016-06-13,Monday,0,0,Summer,22.4,1,0,131,104,102
2016-06-14,Tuesday,0,0,Summer,24.2,0,0,102,100,99
2016-06-15,Wednesday,0,0,Summer,18.1,0,0,99,108,87
2016-06-16,Thursday,0,0,Summer,25.1,0,0,87,100,93
2016-06-17,Friday,0,0,Summer,25.3,0,0,93,112,119
2016-06-18,Saturday,1,0,Summer,23.1,1,0,119,129,117
2016-06-19,Sunday,1,0,Summer,20.4,0,0,117,131,126
2016-06-20,Monday,0,0,Summer,20.1,0,0,126,102,114
2016-06-21,Tuesday,0,0,Summer,26.1,0,0,114,99,105
2016-06-22,Wednesday,0,0,Summer,18.5,1,0,105,87,93
2016-06-23,Thursday,0,0,Summer,26.2,0,0,93,93,111
2016-06-24,Friday,0,0,Summer,22.5,0,0,111,119,124
2016-06-25,Saturday,1,0,Summer,22.7,0,0,124,117,142
2016-06-26,Sunday,1,0,Summer,17.8,0,0,142,126,114
2016-06-27,Monday,0,0,Summer,22.5,1,0,114,114,111
2016-06-28,Tuesday,0,0,Summer,24.7,0,0,111,105,92
2016-06-29,Wednesday,0,0,Summer,18.9,1,0,92,93,92
2016-06-30,Thursday,0,0,Summer,24.3,0,1,92,111,111
2016-07-01,Friday,0,0,Summer,23.1,1,0,111,124,108
2016-07-02,Saturday,1,0,Summer,20.8,0,0,108,142,121
2016-07-03,Sunday,1,0,Summer,25.3,0,0,121,114,120
2016-07-04,Monday,0,0,Summer,16.1,0,0,120,111,113
2016-07-05,Tuesday,0,0,Summer,23.7,0,0,113,92,97
2016-07-06,Wednesday,0,0,Summer,27.4,0,0,97,92,96
2016-07-07,Thursday,0,0,Summer,26.9,0,0,96,111,111
2016-07-08,Friday,0,0,Summer,23.7,0,0,111,108,120
2016-07-09,Saturday,1,0,Summer,21.5,0,0,120,121,144
2016-07-10,Sunday,1,0,Summer,20.5,0,0,144,120,133
2016-07-11,Monday,0,0,Summer,21.4,0,0,133,113,123
2016-07-12,Tuesday,0,0,Summer,23.9,0,0,123,97,110
2016-07-13,Wednesday,0,0,Summer,19.8,1,0,110,96,111
2016-07-14,Thursday,0,0,Summer,24.4,0,0,111,111,107
2016-07-15,Friday,0,0,Summer,28.4,0,0,107,120,118
2016-07-16,Saturday,1,0,Summer,21.8,0,0,118,144,133
2016-07-17,Sunday,1,0,Summer,17.9,0,0,133,133,133
2016-07-18,Monday,0,0,Summer,17.8,0,0,133,123,126
2016-07-19,Tuesday,0,0,Summer,24.1,1,0,126,110,112
2016-07-20,Wednesday,0,0,Summer,21.5,0,0,112,111,117
2016-07-21,Thursday,0,0,Summer,24.2,0,0,117,107,105
2016-07-22,Friday,0,0,Summer,19.9,0,0,105,118,115
2016-07-23,Saturday,1,0,Summer,23.9,1,0,115,133,111
2016-07-24,Sunday,1,0,Summer,20.8,1,0,111,133,116
2016-07-25,Monday,0,0,Summer,19.0,0,0,116,126,131
2016-07-26,Tuesday,0,0,Summer,19.9,0,0,131,112,119
2016-07-27,Wednesday,0,0,Summer,17.4,0,1,119,117,118
2016-07-28,Thursday,0,0,Summer,26.8,0,1,118,105,127
2016-07-29,Friday,0,0,Summer,20.5,0,0,127,115,122
2016-07-30,Saturday,1,0,Summer,22.6,0,0,122,111,116
2016-07-31,Sunday,1,0,Summer,18.9,0,0,116,116,105
2016-08-01,Monday,0,0,Summer,17.3,1,0,105,131,105
2016-08-02,Tuesday,0,0,Summer,19.6,0,0,105,119,106
2016-08-03,Wednesday,0,0,Summer,23.5,0,0,106,118,109
2016-08-04,Thursday,0,0,Summer,18.5,1,0,109,127,117
2016-08-05,Friday,0,0,Summer,17.3,0,0,117,122,128
2016-08-06,Saturday,1,0,Summer,20.3,0,0,128,116,132
2016-08-07,Sunday,1,0,Summer,21.2,0,0,132,105,121
2016-08-08,Monday,0,0,Summer,24.5,0,0,121,105,113
2016-08-09,Tuesday,0,0,Summer,20.5,1,0,113,106,113
2016-08-10,Wednesday,0,0,Summer,21.2,1,0,113,109,113
2016-08-11,Thursday,0,0,Summer,21.3,0,0,113,117,119
2016-08-12,Friday,0,0,Summer,15.6,1,0,119,128,114
2016-08-13,Saturday,1,0,Summer,16.0,0,0,114,132,131
2016-08-14,Sunday,1,0,Summer,15.5,0,0,131,121,135
2016-08-15,Monday,0,0,Summer,14.6,0,0,135,113,123
2016-08-16,Tuesday,0,0,Summer,20.9,0,0,123,113,136
2016-08-17,Wednesday,0,0,Summer,19.2,0,0,136,113,127
2016-08-18,Thursday,0,0,Summer,18.4,0,0,127,119,129
2016-08-19,Friday,0,0,Summer,10.2,1,1,129,114,128
2016-08-20,Saturday,1,0,Summer,24.0,0,1,128,131,140
2016-08-21,Sunday,1,0,Summer,15.0,0,0,140,135,125
2016-08-22,Monday,0,0,Summer,23.7,0,0,125,123,114
2016-08-23,Tuesday,0,0,Summer,13.1,0,0,114,136,109
2016-08-24,Wednesday,0,0,Summer,14.8,0,0,109,127,103
2016-08-25,Thursday,0,0,Summer,10.5,0,0,103,129,107
2016-08-26,Friday,0,0,Summer,18.0,0,0,107,128,117
2016-08-27,Saturday,1,0,Summer,13.5,1,0,117,140,132
2016-08-28,Sunday,1,0,Summer,13.4,0,0,132,125,117
2016-08-29,Monday,0,0,Summer,12.4,0,0,117,114,114
2016-08-30,Tuesday,0,0,Summer,18.6,0,0,114,109,111
2016-08-31,Wednesday,0,0,Summer,18.3,1,0,111,103,106
2016-09-01,Thursday,0,0,Autumn,21.4,1,0,106,107,102
2016-09-02,Friday,0,0,Autumn,13.8,0,1,102,117,129
2016-09-03,Saturday,1,0,Autumn,16.3,0,1,129,132,130
2016-09-04,Sunday,1,0,Autumn,11.6,0,0,130,117,115
2016-09-05,Monday,0,0,Autumn,14.3,0,0,115,114,106
2016-09-06,Tuesday,0,0,Autumn,13.6,1,0,106,111,100
2016-09-07,Wednesday,0,0,Autumn,16.4,0,0,100,106,100
2016-09-08,Thursday,0,0,Autumn,17.9,0,0,100,102,100
2016-09-09,Friday,0,0,Autumn,17.6,0,0,100,129,114
2016-09-10,Saturday,1,0,Autumn,11.9,1,0,114,130,119
2016-09-11,Sunday,1,0,Autumn,17.3,0,0,119,115,115
2016-09-12,Monday,0,0,Autumn,14.0,0,0,115,106,115
2016-09-13,Tuesday,0,0,Autumn,13.0,1,0,115,100,101
2016-09-14,Wednesday,0,0,Autumn,11.7,1,0,101,100,90
2016-09-15,Thursday,0,0,Autumn,11.9,0,1,90,100,109
2016-09-16,Friday,0,0,Autumn,18.7,0,0,109,114,97
2016-09-17,Saturday,1,0,Autumn,14.2,1,0,97,119,98
2016-09-18,Sunday,1,0,Autumn,13.6,0,0,98,115,103
2016-09-19,Monday,0,0,Autumn,12.1,1,0,103,115,87
2016-09-20,Tuesday,0,0,Autumn,20.1,1,0,87,101,94
2016-09-21,Wednesday,0,0,Autumn,16.5,1,0,94,90,94
2016-09-22,Thursday,0,0,Autumn,10.3,1,0,94,109,105
2016-09-23,Friday,0,0,Autumn,11.4,1,1,105,97,101
2016-09-24,Saturday,1,0,Autumn,11.4,0,0,101,98,107
2016-09-25,Sunday,1,0,Autumn,12.3,0,0,107,103,114
2016-09-26,Monday,0,0,Autumn,9.6,1,1,114,87,100
2016-09-27,Tuesday,0,0,Autumn,12.9,0,0,100,94,100
2016-09-28,Wednesday,0,0,Autumn,15.8,1,0,100,94,91
2016-09-29,Thursday,0,0,Autumn,7.3,0,0,91,105,102
2016-09-30,Friday,0,0,Autumn,7.7,0,0,102,101,94
2016-10-01,Saturday,1,0,Autumn,9.4,0,0,94,107,91
2016-10-02,Sunday,1,0,Autumn,9.4,1,0,91,114,93
2016-10-03,Monday,0,0,Autumn,16.5,0,0,93,100,91
2016-10-04,Tuesday,0,0,Autumn,13.4,0,0,91,100,94
2016-10-05,Wednesday,0,0,Autumn,13.1,0,0,94,91,94
2016-10-06,Thursday,0,0,Autumn,9.3,0,0,94,102,89
2016-10-07,Friday,0,0,Autumn,9.0,1,0,89,94,82
2016-10-08,Saturday,1,0,Autumn,5.4,1,0,82,91,99
2016-10-09,Sunday,1,0,Autumn,11.9,1,0,99,93,94
2016-10-10,Monday,0,0,Autumn,10.9,0,0,94,91,84
2016-10-11,Tuesday,0,0,Autumn,13.1,0,0,84,94,88
2016-10-12,Wednesday,0,0,Autumn,8.5,1,0,88,94,77
2016-10-13,Thursday,0,0,Autumn,8.5,1,0,77,89,74
2016-10-14,Friday,0,0,Autumn,9.3,1,0,74,82,84
2016-10-15,Saturday,1,0,Autumn,11.3,0,1,84,99,97
2016-10-16,Sunday,1,0,Autumn,4.1,0,0,97,94,85
2016-10-17,Monday,0,0,Autumn,10.5,0,0,85,84,79
2016-10-18,Tuesday,0,0,Autumn,8.1,0,0,79,88,81
2016-10-19,Wednesday,0,0,Autumn,4.8,0,0,81,77,87
2016-10-20,Thursday,0,0,Autumn,1.6,1,0,87,74,79
2016-10-21,Friday,0,0,Autumn,7.3,0,1,79,84,95
2016-10-22,Saturday,1,0,Autumn,11.9,0,0,95,97,94
2016-10-23,Sunday,1,0,Autumn,12.4,1,0,94,85,92
2016-10-24,Monday,0,0,Autumn,8.3,1,0,92,79,71
2016-10-25,Tuesday,0,0,Autumn,13.0,0,0,71,81,83
2016-10-26,Wednesday,0,0,Autumn,6.9,0,0,83,87,82
2016-10-27,Thursday,0,0,Autumn,9.7,1,0,82,79,79
2016-10-28,Friday,0,0,Autumn,5.4,1,0,79,95,87
2016-10-29,Saturday,1,0,Autumn,5.1,1,0,87,94,87
2016-10-30,Sunday,1,0,Autumn,4.4,0,0,87,92,86
2016-10-31,Monday,0,0,Autumn,0.2,1,0,86,71,64
2016-11-01,Tuesday,0,0,Autumn,10.1,1,0,64,83,82
2016-11-02,Wednesday,0,0,Autumn,4.2,0,0,82,82,77
2016-11-03,Thursday,0,0,Autumn,3.6,0,0,77,79,75
2016-11-04,Friday,0,0,Autumn,2.3,1,0,75,87,83
2016-11-05,Saturday,1,0,Autumn,5.1,1,0,83,87,86
2016-11-06,Sunday,1,0,Autumn,10.9,0,0,86,86,74
2016-11-07,Monday,0,0,Autumn,11.8,1,0,74,64,82
2016-11-08,Tuesday,0,0,Autumn,0.4,1,0,82,82,69
2016-11-09,Wednesday,0,0,Autumn,4.2,0,0,69,77,66
2016-11-10,Thursday,0,0,Autumn,2.1,0,0,66,75,70
2016-11-11,Friday,0,0,Autumn,8.0,0,0,70,83,76
2016-11-12,Saturday,1,0,Autumn,5.8,1,0,76,86,80
2016-11-13,Sunday,1,0,Autumn,2.9,0,0,80,74,81
2016-11-14,Monday,0,0,Autumn,5.0,1,0,81,82,60
2016-11-15,Tuesday,0,0,Autumn,3.2,0,0,60,69,69
2016-11-16,Wednesday,0,0,Autumn,9.4,1,0,69,66,74
2016-11-17,Thursday,0,0,Autumn,6.1,1,0,74,70,60
2016-11-18,Friday,0,0,Autumn,6.4,1,0,60,76,73
2016-11-19,Saturday,1,0,Autumn,-3.7,1,0,73,80,70
2016-11-20,Sunday,1,0,Autumn,4.0,0,0,70,81,75
2016-11-21,Monday,0,0,Autumn,10.4,0,1,75,60,80
2016-11-22,Tuesday,0,0,Autumn,8.0,0,0,80,69,81
2016-11-23,Wednesday,0,0,Autumn,-1.6,1,0,81,74,73
2016-11-24,Thursday,0,0,Autumn,3.0,0,0,73,60,60
2016-11-25,Friday,0,0,Autumn,0.2,0,0,60,73,70
2016-11-26,Saturday,1,0,Autumn,8.9,0,0,70,70,84
2016-11-27,Sunday,1,0,Autumn,4.4,1,0,84,75,74
2016-11-28,Monday,0,0,Autumn,1.3,0,0,74,80,65
2016-11-29,Tuesday,0,0,Autumn,3.7,0,0,65,81,69
2016-11-30,Wednesday,0,0,Autumn,-4.3,1,0,69,73,67
2016-12-01,Thursday,0,0,Winter,0.2,1,0,67,60,57
2016-12-02,Friday,0,0,Winter,3.5,1,0,57,70,65
2016-12-03,Saturday,1,0,Winter,5.9,1,0,65,84,67
2016-12-04,Sunday,1,0,Winter,-2.5,1,0,67,74,69
2016-12-05,Monday,0,0,Winter,2.1,0,0,69,65,51
2016-12-06,Tuesday,0,0,Winter,6.3,0,0,51,69,61
2016-12-07,Wednesday,0,0,Winter,-1.1,1,0,61,67,64
2016-12-08,Thursday,0,0,Winter,3.9,0,0,64,57,63
2016-12-09,Friday,0,0,Winter,3.3,1,0,63,65,69
2016-12-10,Saturday,1,0,Winter,8.3,1,0,69,67,76
2016-12-11,Sunday,1,0,Winter,2.4,0,0,76,69,66
2016-12-12,Monday,0,0,Winter,2.6,1,0,66,51,47
2016-12-13,Tuesday,0,0,Winter,5.6,0,0,47,61,52
2016-12-14,Wednesday,0,0,Winter,-0.9,0,0,52,64,55
2016-12-15,Thursday,0,0,Winter,2.4,0,0,55,63,55
2016-12-16,Friday,0,0,Winter,1.6,1,0,55,69,53
2016-12-17,Saturday,1,0,Winter,2.6,1,0,53,76,47
2016-12-18,Sunday,1,0,Winter,5.5,0,0,47,66,75
2016-12-19,Monday,0,0,Winter,4.7,1,0,75,47,71
2016-12-20,Tuesday,0,0,Winter,0.8,0,0,71,52,55
2016-12-21,Wednesday,0,0,Winter,3.4,0,0,55,55,47
2016-12-22,Thursday,0,0,Winter,7.5,1,0,47,55,64
2016-12-23,Friday,0,0,Winter,0.5,1,0,64,53,46
2016-12-24,Saturday,1,1,Winter,3.5,1,0,46,47,69
2016-12-25,Sunday,1,1,Winter,2.5,1,0,69,75,81
2016-12-26,Monday,0,1,Winter,2.9,0,0,81,71,74
2016-12-27,Tuesday,0,0,Winter,-1.8,1,0,74,55,69
2016-12-28,Wednesday,0,0,Winter,7.4,0,0,69,47,58
2016-12-29,Thursday,0,0,Winter,0.8,1,0,58,64,65
2016-12-30,Friday,0,0,Winter,6.3,0,0,65,46,63
2016-12-31,Saturday,1,1,Winter,1.4,0,0,63,69,70
2017-01-01,Sunday,1,1,Winter,1.3,1,0,70,81,93
2017-01-02,Monday,0,0,Winter,6.9,0,0,93,74,74
2017-01-03,Tuesday,0,0,Winter,6.3,1,0,74,69,63
2017-01-04,Wednesday,0,0,Winter,4.0,1,0,63,58,64
2017-01-05,Thursday,0,0,Winter,5.7,0,0,64,65,76
2017-01-06,Friday,0,0,Winter,2.6,1,0,76,63,61
2017-01-07,Saturday,1,0,Winter,3.5,1,0,61,70,79
2017-01-08,Sunday,1,0,Winter,1.6,1,0,79,93,80
2017-01-09,Monday,0,0,Winter,6.3,0,0,80,74,72
2017-01-10,Tuesday,0,0,Winter,1.6,1,0,72,63,61
2017-01-11,Wednesday,0,0,Winter,8.2,0,0,61,64,64
2017-01-12,Thursday,0,0,Winter,2.8,1,0,64,76,55
2017-01-13,Friday,0,0,Winter,3.9,1,0,55,61,63
2017-01-14,Saturday,1,0,Winter,6.2,0,0,63,79,79
2017-01-15,Sunday,1,0,Winter,4.1,1,0,79,80,75
2017-01-16,Monday,0,0,Winter,3.2,0,0,75,72,70
2017-01-17,Tuesday,0,0,Winter,4.1,1,0,70,61,60
2017-01-18,Wednesday,0,0,Winter,6.9,1,0,60,64,60
2017-01-19,Thursday,0,0,Winter,2.3,1,0,60,55,61
2017-01-20,Friday,0,0,Winter,4.0,0,0,61,63,65
2017-01-21,Saturday,1,0,Winter,4.5,0,0,65,79,72
2017-01-22,Sunday,1,0,Winter,7.2,0,0,72,75,83
2017-01-23,Monday,0,0,Winter,4.4,0,0,83,70,65
2017-01-24,Tuesday,0,0,Winter,10.2,0,0,65,60,72
2017-01-25,Wednesday,0,0,Winter,4.4,1,0,72,60,61
2017-01-26,Thursday,0,0,Winter,4.3,0,0,61,61,70
2017-01-27,Friday,0,0,Winter,4.6,1,0,70,65,79
2017-01-28,Saturday,1,0,Winter,1.3,0,1,79,72,87
2017-01-29,Sunday,1,0,Winter,2.2,0,0,87,83,90
2017-01-30,Monday,0,0,Winter,3.8,1,0,90,65,75
2017-01-31,Tuesday,0,0,Winter,8.9,0,0,75,72,73
2017-02-01,Wednesday,0,0,Winter,5.6,1,0,73,61,69
2017-02-02,Thursday,0,0,Winter,4.3,1,1,69,70,72
2017-02-03,Friday,0,0,Winter,9.6,1,1,72,79,95
2017-02-04,Saturday,1,0,Winter,10.7,1,0,95,87,93
2017-02-05,Sunday,1,0,Winter,9.9,1,0,93,90,84
2017-02-06,Monday,0,0,Winter,3.7,1,0,84,75,67
2017-02-07,Tuesday,0,0,Winter,4.9,0,0,67,73,73
2017-02-08,Wednesday,0,0,Winter,12.0,0,0,73,69,66
2017-02-09,Thursday,0,0,Winter,7.4,1,0,66,72,81
2017-02-10,Friday,0,0,Winter,6.0,0,0,81,95,95
2017-02-11,Saturday,1,0,Winter,9.1,0,0,95,93,88
2017-02-12,Sunday,1,0,Winter,10.1,1,0,88,84,90
2017-02-13,Monday,0,0,Winter,5.5,0,0,90,67,68
2017-02-14,Tuesday,0,0,Winter,8.0,0,0,68,73,63
2017-02-15,Wednesday,0,0,Winter,10.3,1,0,63,66,60
2017-02-16,Thursday,0,0,Winter,4.1,0,0,60,81,64
2017-02-17,Friday,0,0,Winter,7.8,0,0,64,95,84
2017-02-18,Saturday,1,0,Winter,4.6,1,0,84,88,87
2017-02-19,Sunday,1,0,Winter,5.1,1,0,87,90,87
2017-02-20,Monday,0,0,Winter,6.5,1,0,87,68,71
2017-02-21,Tuesday,0,0,Winter,9.8,0,0,71,63,64
2017-02-22,Wednesday,0,0,Winter,7.6,0,0,64,60,61
2017-02-23,Thursday,0,0,Winter,6.7,1,0,61,64,70
2017-02-24,Friday,0,0,Winter,9.0,0,0,70,84,77
2017-02-25,Saturday,1,0,Winter,5.5,1,0,77,87,92
2017-02-26,Sunday,1,0,Winter,10.4,1,0,92,87,83
2017-02-27,Monday,0,0,Winter,12.7,0,0,83,71,76
2017-02-28,Tuesday,0,0,Winter,9.2,1,0,76,64,69
2017-03-01,Wednesday,0,0,Spring,9.0,1,1,69,61,83
2017-03-02,Thursday,0,0,Spring,10.9,1,0,83,70,85
2017-03-03,Friday,0,0,Spring,3.9,0,0,85,77,87
2017-03-04,Saturday,1,0,Spring,11.7,0,0,87,92,97
2017-03-05,Sunday,1,0,Spring,19.6,1,0,97,83,89
2017-03-06,Monday,0,0,Spring,10.1,0,0,89,76,80
2017-03-07,Tuesday,0,0,Spring,10.3,0,0,80,69,93
2017-03-08,Wednesday,0,0,Spring,13.0,0,0,93,83,82
2017-03-09,Thursday,0,0,Spring,15.9,1,0,82,85,81
2017-03-10,Friday,0,0,Spring,14.0,0,1,81,87,88
2017-03-11,Saturday,1,0,Spring,4.8,0,0,88,97,90
2017-03-12,Sunday,1,0,Spring,13.1,0,1,90,89,94
2017-03-13,Monday,0,0,Spring,19.3,0,0,94,80,80
2017-03-14,Tuesday,0,0,Spring,13.7,0,0,80,93,87
2017-03-15,Wednesday,0,0,Spring,8.5,0,0,87,82,89
2017-03-16,Thursday,0,0,Spring,13.0,0,1,89,81,99
2017-03-17,Friday,0,0,Spring,8.5,0,0,99,88,89
2017-03-18,Saturday,1,0,Spring,16.2,0,0,89,90,87
2017-03-19,Sunday,1,0,Spring,9.8,0,0,87,94,79
2017-03-20,Monday,0,0,Spring,13.1,0,0,79,80,71
2017-03-21,Tuesday,0,0,Spring,10.4,0,0,71,87,71
2017-03-22,Wednesday,0,0,Spring,11.5,0,0,71,89,77
2017-03-23,Thursday,0,0,Spring,17.8,1,0,77,99,89
2017-03-24,Friday,0,0,Spring,13.8,0,0,89,89,91
2017-03-25,Saturday,1,0,Spring,12.0,1,0,91,87,105
2017-03-26,Sunday,1,0,Spring,10.4,0,0,105,79,113
2017-03-27,Monday,0,0,Spring,8.4,0,0,113,71,90
2017-03-28,Tuesday,0,0,Spring,10.4,0,0,90,71,68
2017-03-29,Wednesday,0,0,Spring,14.7,0,0,68,77,73
2017-03-30,Thursday,0,0,Spring,17.5,0,1,73,89,91
2017-03-31,Friday,0,0,Spring,13.0,1,0,91,91,97
2017-04-01,Saturday,1,0,Spring,19.6,0,0,97,105,99
2017-04-02,Sunday,1,0,Spring,12.9,0,0,99,113,94
2017-04-03,Monday,0,0,Spring,14.5,0,0,94,90,92
2017-04-04,Tuesday,0,0,Spring,12.1,1,0,92,68,76
2017-04-05,Wednesday,0,0,Spring,18.5,0,1,76,73,84
2017-04-06,Thursday,0,0,Spring,22.0,0,0,84,91,87
2017-04-07,Friday,0,0,Spring,10.6,0,1,87,97,99
2017-04-08,Saturday,1,0,Spring,15.0,1,1,99,99,111
2017-04-09,Sunday,1,0,Spring,20.0,1,0,111,94,88
2017-04-10,Monday,0,0,Spring,12.0,0,0,88,92,87
2017-04-11,Tuesday,0,0,Spring,18.2,0,0,87,76,90
2017-04-12,Wednesday,0,0,Spring,20.4,1,0,90,84,91
2017-04-13,Thursday,0,0,Spring,17.1,0,1,91,87,115
2017-04-14,Friday,0,0,Spring,18.7,0,1,115,99,115
2017-04-15,Saturday,1,0,Spring,22.5,0,1,115,111,126
2017-04-16,Sunday,1,0,Spring,23.2,0,0,126,88,124
2017-04-17,Monday,0,0,Spring,17.3,0,0,124,87,104
2017-04-18,Tuesday,0,0,Spring,16.0,0,0,104,90,106
2017-04-19,Wednesday,0,0,Spring,15.0,1,0,106,91,100
2017-04-20,Thursday,0,0,Spring,20.9,0,0,100,115,107
2017-04-21,Friday,0,0,Spring,14.0,0,0,107,115,109
2017-04-22,Saturday,1,0,Spring,17.5,0,0,109,126,117
2017-04-23,Sunday,1,0,Spring,18.7,1,0,117,124,115
2017-04-24,Monday,0,0,Spring,17.0,0,0,115,104,98
2017-04-25,Tuesday,0,0,Spring,19.5,0,0,98,106,104
2017-04-26,Wednesday,0,0,Spring,26.5,0,0,104,100,118
2017-04-27,Thursday,0,0,Spring,18.6,0,0,118,107,99
2017-04-28,Friday,0,0,Spring,17.8,0,0,99,109,114
2017-04-29,Saturday,1,0,Spring,22.3,0,0,114,117,122
2017-04-30,Sunday,1,0,Spring,20.1,0,0,122,115,127
2017-05-01,Monday,0,1,Spring,23.8,0,0,127,98,113
2017-05-02,Tuesday,0,0,Spring,20.1,1,0,113,104,101
2017-05-03,Wednesday,0,0,Spring,19.0,0,0,101,118,114
2017-05-04,Thursday,0,0,Spring,14.5,0,0,114,99,105
2017-05-05,Friday,0,0,Spring,15.1,1,0,105,114,111
2017-05-06,Saturday,1,0,Spring,14.6,1,0,111,122,110
2017-05-07,Sunday,1,0,Spring,21.4,0,0,110,127,116
2017-05-08,Monday,0,0,Spring,16.3,0,0,116,113,110
2017-05-09,Tuesday,0,0,Spring,24.2,0,0,110,101,108
2017-05-10,Wednesday,0,0,Spring,20.7,0,0,108,114,113
2017-05-11,Thursday,0,0,Spring,20.0,0,0,113,105,107
2017-05-12,Friday,0,0,Spring,18.3,0,1,107,111,118
2017-05-13,Saturday,1,0,Spring,22.8,0,1,118,110,135
2017-05-14,Sunday,1,0,Spring,18.6,0,0,135,116,135
2017-05-15,Monday,0,0,Spring,18.2,0,1,135,110,117
2017-05-16,Tuesday,0,0,Spring,24.8,1,0,117,108,116
2017-05-17,Wednesday,0,0,Spring,22.4,0,0,116,113,106
2017-05-18,Thursday,0,0,Spring,20.7,0,0,106,107,108
2017-05-19,Friday,0,0,Spring,23.4,0,1,108,118,124
2017-05-20,Saturday,1,0,Spring,21.6,0,0,124,135,126
2017-05-21,Sunday,1,0,Spring,22.8,1,0,126,135,123
2017-05-22,Monday,0,0,Spring,19.3,1,0,123,117,97
2017-05-23,Tuesday,0,0,Spring,28.0,0,0,97,116,110
2017-05-24,Wednesday,0,0,Spring,20.2,0,0,110,106,104
2017-05-25,Thursday,0,0,Spring,26.7,0,0,104,108,109
2017-05-26,Friday,0,0,Spring,21.5,1,0,109,124,109
2017-05-27,Saturday,1,0,Spring,24.6,0,0,109,126,127
2017-05-28,Sunday,1,0,Spring,24.4,0,0,127,123,127
2017-05-29,Monday,0,0,Spring,25.7,0,0,127,97,103
2017-05-30,Tuesday,0,0,Spring,19.8,0,0,103,110,102
2017-05-31,Wednesday,0,0,Spring,25.6,0,0,102,104,97
2017-06-01,Thursday,0,0,Summer,28.0,1,0,97,109,106
2017-06-02,Friday,0,0,Summer,21.7,0,0,106,109,117
2017-06-03,Saturday,1,0,Summer,22.7,0,0,117,127,128
2017-06-04,Sunday,1,0,Summer,21.0,0,0,128,127,131
2017-06-05,Monday,0,0,Summer,21.6,0,0,131,103,123
2017-06-06,Tuesday,0,0,Summer,27.8,1,0,123,102,106
2017-06-07,Wednesday,0,0,Summer,19.7,0,0,106,97,101
2017-06-08,Thursday,0,0,Summer,20.0,1,0,101,106,90
2017-06-09,Friday,0,0,Summer,27.6,1,1,90,117,112
2017-06-10,Saturday,1,0,Summer,24.7,0,0,112,128,122
2017-06-11,Sunday,1,0,Summer,29.2,0,0,122,131,134
2017-06-12,Monday,0,0,Summer,21.5,0,0,134,123,125
2017-06-13,Tuesday,0,0,Summer,23.3,0,0,125,106,126
2017-06-14,Wednesday,0,0,Summer,21.0,0,0,126,101,111
2017-06-15,Thursday,0,0,Summer,23.4,0,0,111,90,110
2017-06-16,Friday,0,0,Summer,17.7,0,0,110,112,119
2017-06-17,Saturday,1,0,Summer,25.0,0,1,119,122,151
2017-06-18,Sunday,1,0,Summer,24.0,0,0,151,134,145
2017-06-19,Monday,0,0,Summer,22.8,0,1,145,125,135
2017-06-20,Tuesday,0,0,Summer,21.8,0,0,135,126,125
2017-06-21,Wednesday,0,0,Summer,20.3,0,0,125,111,120
2017-06-22,Thursday,0,0,Summer,25.2,0,0,120,110,128
2017-06-23,Friday,0,0,Summer,19.5,0,1,128,119,129
2017-06-24,Saturday,1,0,Summer,24.5,0,0,129,151,135
2017-06-25,Sunday,1,0,Summer,29.2,0,0,135,145,158
2017-06-26,Monday,0,0,Summer,27.4,0,0,158,135,131
2017-06-27,Tuesday,0,0,Summer,18.4,0,0,131,125,127
2017-06-28,Wednesday,0,0,Summer,21.3,0,0,127,120,123
2017-06-29,Thursday,0,0,Summer,24.2,0,0,123,128,126
2017-06-30,Friday,0,0,Summer,22.7,0,1,126,129,127
2017-07-01,Saturday,1,0,Summer,18.6,1,0,127,135,148
2017-07-02,Sunday,1,0,Summer,24.0,0,0,148,158,148
2017-07-03,Monday,0,0,Summer,22.7,1,0,148,131,124
2017-07-04,Tuesday,0,0,Summer,28.5,0,0,124,127,114
2017-07-05,Wednesday,0,0,Summer,21.9,1,0,114,123,98
2017-07-06,Thursday,0,0,Summer,26.1,0,0,98,126,118
2017-07-07,Friday,0,0,Summer,18.8,0,0,118,127,116
2017-07-08,Saturday,1,0,Summer,19.5,0,0,116,148,129
2017-07-09,Sunday,1,0,Summer,24.7,0,0,129,148,132
2017-07-10,Monday,0,0,Summer,25.7,0,0,132,124,127
2017-07-11,Tuesday,0,0,Summer,19.5,0,0,127,114,119
2017-07-12,Wednesday,0,0,Summer,22.4,1,1,119,98,121
2017-07-13,Thursday,0,0,Summer,18.1,0,0,121,118,123
2017-07-14,Friday,0,0,Summer,21.6,0,0,123,116,117
2017-07-15,Saturday,1,0,Summer,24.6,0,0,117,129,119
2017-07-16,Sunday,1,0,Summer,20.7,0,1,119,132,132
2017-07-17,Monday,0,0,Summer,21.2,1,0,132,127,123
2017-07-18,Tuesday,0,0,Summer,18.5,0,0,123,119,117
2017-07-19,Wednesday,0,0,Summer,19.9,0,0,117,121,102
2017-07-20,Thursday,0,0,Summer,27.0,0,0,102,123,115
2017-07-21,Friday,0,0,Summer,21.9,0,1,115,117,120
2017-07-22,Saturday,1,0,Summer,18.5,0,0,120,119,124
2017-07-23,Sunday,1,0,Summer,20.5,0,0,124,132,134
2017-07-24,Monday,0,0,Summer,16.6,1,0,134,123,99
2017-07-25,Tuesday,0,0,Summer,18.2,0,0,99,117,115
2017-07-26,Wednesday,0,0,Summer,25.3,1,1,115,102,108
2017-07-27,Thursday,0,0,Summer,20.6,1,0,108,115,116
2017-07-28,Friday,0,0,Summer,26.6,0,0,116,120,128
2017-07-29,Saturday,1,0,Summer,20.6,1,0,128,124,125
2017-07-30,Sunday,1,0,Summer,20.7,1,0,125,134,128
2017-07-31,Monday,0,0,Summer,22.6,0,0,128,99,108
2017-08-01,Tuesday,0,0,Summer,12.5,1,0,108,115,90
2017-08-02,Wednesday,0,0,Summer,21.0,0,0,90,108,108
2017-08-03,Thursday,0,0,Summer,20.2,0,0,108,116,107
2017-08-04,Friday,0,0,Summer,24.6,0,0,107,128,132
2017-08-05,Saturday,1,0,Summer,23.0,0,1,132,125,147
2017-08-06,Sunday,1,0,Summer,16.5,1,0,147,128,126
2017-08-07,Monday,0,0,Summer,23.5,0,0,126,108,119
2017-08-08,Tuesday,0,0,Summer,18.9,0,0,119,90,110
2017-08-09,Wednesday,0,0,Summer,16.9,0,0,110,108,119
2017-08-10,Thursday,0,0,Summer,20.0,1,0,119,107,108
2017-08-11,Friday,0,0,Summer,18.7,0,0,108,132,117
2017-08-12,Saturday,1,0,Summer,23.8,0,0,117,147,136
2017-08-13,Sunday,1,0,Summer,20.1,0,0,136,126,131
2017-08-14,Monday,0,0,Summer,19.5,0,0,131,119,109
2017-08-15,Tuesday,0,0,Summer,21.5,1,0,109,110,112
2017-08-16,Wednesday,0,0,Summer,21.9,1,0,112,119,121
2017-08-17,Thursday,0,0,Summer,20.8,0,0,121,108,117
2017-08-18,Friday,0,0,Summer,22.6,0,0,117,117,111
2017-08-19,Saturday,1,0,Summer,20.0,1,0,111,136,122
2017-08-20,Sunday,1,0,Summer,18.5,0,1,122,131,126
2017-08-21,Monday,0,0,Summer,21.6,0,0,126,109,113
2017-08-22,Tuesday,0,0,Summer,17.5,0,0,113,112,110
2017-08-23,Wednesday,0,0,Summer,17.7,0,0,110,121,116
2017-08-24,Thursday,0,0,Summer,22.6,0,0,116,117,127
2017-08-25,Friday,0,0,Summer,22.1,0,0,127,111,127
2017-08-26,Saturday,1,0,Summer,17.1,0,0,127,122,120
2017-08-27,Sunday,1,0,Summer,15.6,0,0,120,126,126
2017-08-28,Monday,0,0,Summer,21.2,0,0,126,113,114
2017-08-29,Tuesday,0,0,Summer,19.0,0,0,114,110,108
2017-08-30,Wednesday,0,0,Summer,17.4,0,0,108,116,109
2017-08-31,Thursday,0,0,Summer,15.3,0,0,109,127,115
2017-09-01,Friday,0,0,Autumn,17.1,1,0,115,127,120
2017-09-02,Saturday,1,0,Autumn,15.9,0,0,120,120,124
2017-09-03,Sunday,1,0,Autumn,13.8,0,0,124,126,111
2017-09-04,Monday,0,0,Autumn,16.0,0,0,111,114,93
2017-09-05,Tuesday,0,0,Autumn,16.3,0,0,93,108,100
2017-09-06,Wednesday,0,0,Autumn,14.2,1,0,100,109,99
2017-09-07,Thursday,0,0,Autumn,17.9,0,0,99,115,112
2017-09-08,Friday,0,0,Autumn,18.9,1,0,112,120,110
2017-09-09,Saturday,1,0,Autumn,17.7,0,0,110,124,119
2017-09-10,Sunday,1,0,Autumn,13.8,0,0,119,111,116
2017-09-11,Monday,0,0,Autumn,16.7,1,0,116,93,86
2017-09-12,Tuesday,0,0,Autumn,14.5,1,0,86,100,74
2017-09-13,Wednesday,0,0,Autumn,10.4,0,0,74,99,88
2017-09-14,Thursday,0,0,Autumn,16.0,1,0,88,112,96
2017-09-15,Friday,0,0,Autumn,14.2,1,0,96,110,108
2017-09-16,Saturday,1,0,Autumn,21.4,0,0,108,119,130
2017-09-17,Sunday,1,0,Autumn,17.8,0,0,130,116,119
2017-09-18,Monday,0,0,Autumn,15.4,0,0,119,86,97
2017-09-19,Tuesday,0,0,Autumn,13.9,0,0,97,74,77
2017-09-20,Wednesday,0,0,Autumn,13.4,1,0,77,88,82
2017-09-21,Thursday,0,0,Autumn,9.8,0,1,82,96,80
2017-09-22,Friday,0,0,Autumn,7.4,0,1,80,108,92
2017-09-23,Saturday,1,0,Autumn,9.8,0,0,92,130,110
2017-09-24,Sunday,1,0,Autumn,12.1,0,0,110,119,106
2017-09-25,Monday,0,0,Autumn,5.8,0,1,106,97,99
2017-09-26,Tuesday,0,0,Autumn,10.3,1,0,99,77,82
2017-09-27,Wednesday,0,0,Autumn,11.0,1,0,82,82,71
2017-09-28,Thursday,0,0,Autumn,10.9,1,0,71,80,61
2017-09-29,Friday,0,0,Autumn,9.4,1,0,61,92,81
2017-09-30,Saturday,1,0,Autumn,10.2,0,0,81,110,96
2017-10-01,Sunday,1,0,Autumn,16.2,1,0,96,106,101
2017-10-02,Monday,0,0,Autumn,12.9,1,0,101,99,90
2017-10-03,Tuesday,0,0,Autumn,9.0,1,0,90,82,80
2017-10-04,Wednesday,0,0,Autumn,10.3,0,0,80,71,78
2017-10-05,Thursday,0,0,Autumn,10.3,0,0,78,61,74
2017-10-06,Friday,0,0,Autumn,7.9,0,1,74,81,86
2017-10-07,Saturday,1,0,Autumn,7.7,0,0,86,96,88
2017-10-08,Sunday,1,0,Autumn,12.9,0,0,88,101,113
2017-10-09,Monday,0,0,Autumn,8.5,0,0,113,90,102
2017-10-10,Tuesday,0,0,Autumn,6.3,1,0,102,80,94
2017-10-11,Wednesday,0,0,Autumn,9.3,0,0,94,78,94
2017-10-12,Thursday,0,0,Autumn,9.6,0,0,94,74,84
2017-10-13,Friday,0,0,Autumn,3.2,1,0,84,86,81
2017-10-14,Saturday,1,0,Autumn,8.8,1,0,81,88,87
2017-10-15,Sunday,1,0,Autumn,11.4,0,0,87,113,96
2017-10-16,Monday,0,0,Autumn,10.0,0,0,96,102,97
2017-10-17,Tuesday,0,0,Autumn,15.2,0,0,97,94,87
2017-10-18,Wednesday,0,0,Autumn,12.1,1,0,87,94,77
2017-10-19,Thursday,0,0,Autumn,12.5,1,0,77,84,70
2017-10-20,Friday,0,0,Autumn,16.4,0,0,70,81,81
2017-10-21,Saturday,1,0,Autumn,10.1,1,0,81,87,84
2017-10-22,Sunday,1,0,Autumn,8.2,1,0,84,96,83
2017-10-23,Monday,0,0,Autumn,10.5,1,0,83,97,81
2017-10-24,Tuesday,0,0,Autumn,5.7,0,0,81,87,71
2017-10-25,Wednesday,0,0,Autumn,7.6,1,0,71,77,76
2017-10-26,Thursday,0,0,Autumn,5.2,0,0,76,70,68
2017-10-27,Friday,0,0,Autumn,8.2,0,0,68,81,70
2017-10-28,Saturday,1,0,Autumn,4.9,0,0,70,84,78
2017-10-29,Sunday,1,0,Autumn,4.7,0,0,78,83,82
2017-10-30,Monday,0,0,Autumn,7.8,0,0,82,81,84
2017-10-31,Tuesday,0,0,Autumn,6.1,0,0,84,71,76
2017-11-01,Wednesday,0,0,Autumn,0.6,0,0,76,76,62
2017-11-02,Thursday,0,0,Autumn,1.8,0,0,62,68,70
2017-11-03,Friday,0,0,Autumn,2.6,1,0,70,70,74
2017-11-04,Saturday,1,0,Autumn,3.3,1,0,74,78,75
2017-11-05,Sunday,1,0,Autumn,7.1,0,0,75,82,83
2017-11-06,Monday,0,0,Autumn,6.4,0,0,83,84,89
2017-11-07,Tuesday,0,0,Autumn,8.8,0,0,89,76,75
2017-11-08,Wednesday,0,0,Autumn,7.7,1,0,75,62,75
2017-11-09,Thursday,0,0,Autumn,8.6,1,0,75,70,82
2017-11-10,Friday,0,0,Autumn,7.1,0,0,82,74,84
2017-11-11,Saturday,1,0,Autumn,5.8,1,0,84,75,75
2017-11-12,Sunday,1,0,Autumn,8.4,1,0,75,83,89
2017-11-13,Monday,0,0,Autumn,7.7,1,0,89,89,86
2017-11-14,Tuesday,0,0,Autumn,6.0,1,0,86,75,79
2017-11-15,Wednesday,0,0,Autumn,8.6,0,0,79,75,77
2017-11-16,Thursday,0,0,Autumn,-2.4,1,0,77,82,81
2017-11-17,Friday,0,0,Autumn,3.7,1,0,81,84,74
2017-11-18,Saturday,1,0,Autumn,3.6,1,0,74,75,84
2017-11-19,Sunday,1,0,Autumn,7.8,1,0,84,89,83
2017-11-20,Monday,0,0,Autumn,9.0,1,0,83,86,65
2017-11-21,Tuesday,0,0,Autumn,-0.1,1,0,65,79,57
2017-11-22,Wednesday,0,0,Autumn,8.4,0,0,57,77,71
2017-11-23,Thursday,0,0,Autumn,0.5,0,0,71,81,76
2017-11-24,Friday,0,0,Autumn,0.6,1,0,76,74,77
2017-11-25,Saturday,1,0,Autumn,3.2,1,0,77,84,79
2017-11-26,Sunday,1,0,Autumn,2.9,0,0,79,83,84
2017-11-27,Monday,0,0,Autumn,-0.9,0,0,84,65,75
2017-11-28,Tuesday,0,0,Autumn,5.7,1,0,75,57,81
2017-11-29,Wednesday,0,0,Autumn,5.7,0,0,81,71,73
2017-11-30,Thursday,0,0,Autumn,6.7,0,0,73,76,83
2017-12-01,Friday,0,0,Winter,2.2,1,1,83,77,89
2017-12-02,Saturday,1,0,Winter,3.4,0,0,89,79,89
2017-12-03,Sunday,1,0,Winter,3.3,0,0,89,84,77
2017-12-04,Monday,0,0,Winter,8.4,1,0,77,75,79
2017-12-05,Tuesday,0,0,Winter,-5.0,1,0,79,81,69
2017-12-06,Wednesday,0,0,Winter,0.4,0,0,69,73,63
2017-12-07,Thursday,0,0,Winter,3.3,0,0,63,83,64
2017-12-08,Friday,0,0,Winter,-0.0,0,0,64,89,76
2017-12-09,Saturday,1,0,Winter,2.4,1,0,76,89,74
2017-12-10,Sunday,1,0,Winter,2.8,0,0,74,77,73
2017-12-11,Monday,0,0,Winter,1.1,0,0,73,79,65
2017-12-12,Tuesday,0,0,Winter,3.3,1,0,65,69,61
2017-12-13,Wednesday,0,0,Winter,5.0,1,0,61,63,64
2017-12-14,Thursday,0,0,Winter,2.3,0,0,64,64,63
2017-12-15,Friday,0,0,Winter,1.7,1,0,63,76,66
2017-12-16,Saturday,1,0,Winter,2.5,1,0,66,74,73
2017-12-17,Sunday,1,0,Winter,3.0,0,0,73,73,70
2017-12-18,Monday,0,0,Winter,-2.2,1,0,70,65,55
2017-12-19,Tuesday,0,0,Winter,4.4,0,0,55,61,55
2017-12-20,Wednesday,0,0,Winter,1.6,0,0,55,64,61
2017-12-21,Thursday,0,0,Winter,6.8,0,0,61,63,77
2017-12-22,Friday,0,0,Winter,4.8,0,0,77,66,67
2017-12-23,Saturday,1,0,Winter,6.5,1,0,67,73,76
2017-12-24,Sunday,1,1,Winter,-0.0,1,0,76,70,76
2017-12-25,Monday,0,1,Winter,1.9,1,0,76,55,65
2017-12-26,Tuesday,0,1,Winter,-0.7,1,1,65,55,66
2017-12-27,Wednesday,0,0,Winter,1.0,0,0,66,61,71
2017-12-28,Thursday,0,0,Winter,6.9,1,1,71,77,61
2017-12-29,Friday,0,0,Winter,7.6,1,0,61,67,59
2017-12-30,Saturday,1,0,Winter,-0.3,0,0,59,76,79
2017-12-31,Sunday,1,1,Winter,1.8,1,0,79,76,89
2018-01-01,Monday,0,1,Winter,3.0,1,0,89,65,88
2018-01-02,Tuesday,0,0,Winter,5.0,0,0,88,66,77
2018-01-03,Wednesday,0,0,Winter,-2.0,0,0,77,71,72
2018-01-04,Thursday,0,0,Winter,-1.5,0,0,72,61,53
2018-01-05,Friday,0,0,Winter,4.9,1,0,53,59,60
2018-01-06,Saturday,1,0,Winter,-2.4,1,1,60,79,80
2018-01-07,Sunday,1,0,Winter,2.2,1,0,80,89,76
2018-01-08,Monday,0,0,Winter,4.0,1,0,76,88,70
2018-01-09,Tuesday,0,0,Winter,4.9,0,0,70,77,78
2018-01-10,Wednesday,0,0,Winter,3.2,1,0,78,72,79
2018-01-11,Thursday,0,0,Winter,2.6,0,0,79,53,71
2018-01-12,Friday,0,0,Winter,6.3,1,0,71,60,68
2018-01-13,Saturday,1,0,Winter,4.7,0,0,68,80,84
2018-01-14,Sunday,1,0,Winter,2.0,0,0,84,76,78
2018-01-15,Monday,0,0,Winter,4.1,0,0,78,70,77
2018-01-16,Tuesday,0,0,Winter,5.2,0,0,77,78,69
2018-01-17,Wednesday,0,0,Winter,9.3,0,0,69,79,78
2018-01-18,Thursday,0,0,Winter,6.6,0,0,78,71,75
2018-01-19,Friday,0,0,Winter,8.0,1,0,75,68,69
2018-01-20,Saturday,1,0,Winter,2.6,1,0,69,84,79
2018-01-21,Sunday,1,0,Winter,2.9,0,0,79,78,77
2018-01-22,Monday,0,0,Winter,3.9,0,0,77,77,78
2018-01-23,Tuesday,0,0,Winter,4.3,1,0,78,69,60
2018-01-24,Wednesday,0,0,Winter,1.8,1,0,60,78,63
2018-01-25,Thursday,0,0,Winter,8.7,1,0,63,75,62
2018-01-26,Friday,0,0,Winter,7.6,1,0,62,69,76
2018-01-27,Saturday,1,0,Winter,4.2,0,0,76,79,87
2018-01-28,Sunday,1,0,Winter,7.1,0,0,87,77,84
2018-01-29,Monday,0,0,Winter,6.0,1,0,84,78,72
2018-01-30,Tuesday,0,0,Winter,7.6,1,0,72,60,75
2018-01-31,Wednesday,0,0,Winter,1.5,1,0,75,63,70
2018-02-01,Thursday,0,0,Winter,5.2,1,0,70,62,60
2018-02-02,Friday,0,0,Winter,5.6,0,0,60,76,77
2018-02-03,Saturday,1,0,Winter,7.8,0,0,77,87,82
2018-02-04,Sunday,1,0,Winter,4.1,0,0,82,84,84
2018-02-05,Monday,0,0,Winter,-1.4,1,0,84,72,53
2018-02-06,Tuesday,0,0,Winter,3.0,1,0,53,75,63
2018-02-07,Wednesday,0,0,Winter,6.2,0,0,63,70,61
2018-02-08,Thursday,0,0,Winter,6.7,0,0,61,60,63
2018-02-09,Friday,0,0,Winter,11.7,1,0,63,77,62
2018-02-10,Saturday,1,0,Winter,8.5,0,0,62,82,80
2018-02-11,Sunday,1,0,Winter,7.2,1,0,80,84,81
2018-02-12,Monday,0,0,Winter,7.0,0,0,81,53,59
2018-02-13,Tuesday,0,0,Winter,10.5,1,0,59,63,60
2018-02-14,Wednesday,0,0,Winter,5.6,1,0,60,61,57
2018-02-15,Thursday,0,0,Winter,7.1,0,0,57,63,72
2018-02-16,Friday,0,0,Winter,4.4,1,0,72,62,64
2018-02-17,Saturday,1,0,Winter,12.0,1,0,64,80,81
2018-02-18,Sunday,1,0,Winter,9.1,0,0,81,81,74
2018-02-19,Monday,0,0,Winter,5.9,0,0,74,59,66
2018-02-20,Tuesday,0,0,Winter,7.9,1,0,66,60,63
2018-02-21,Wednesday,0,0,Winter,9.9,1,0,63,57,64
2018-02-22,Thursday,0,0,Winter,7.8,1,0,64,72,66
2018-02-23,Friday,0,0,Winter,7.1,0,0,66,64,83
2018-02-24,Saturday,1,0,Winter,6.9,1,0,83,81,81
2018-02-25,Sunday,1,0,Winter,10.0,1,1,81,74,90
2018-02-26,Monday,0,0,Winter,8.1,0,0,90,66,74
2018-02-27,Tuesday,0,0,Winter,7.9,0,0,74,63,63
2018-02-28,Wednesday,0,0,Winter,5.5,0,0,63,64,56
2018-03-01,Thursday,0,0,Spring,9.9,1,0,56,66,59
2018-03-02,Friday,0,0,Spring,9.2,0,0,59,83,81
2018-03-03,Saturday,1,0,Spring,9.0,1,0,81,81,96
2018-03-04,Sunday,1,0,Spring,10.7,0,0,96,90,101
2018-03-05,Monday,0,0,Spring,12.5,1,1,101,74,89
2018-03-06,Tuesday,0,0,Spring,12.6,0,0,89,63,76
2018-03-07,Wednesday,0,0,Spring,12.3,1,1,76,56,79
2018-03-08,Thursday,0,0,Spring,10.1,0,0,79,59,69
2018-03-09,Friday,0,0,Spring,9.2,0,0,69,81,87
2018-03-10,Saturday,1,0,Spring,8.0,1,1,87,96,103
2018-03-11,Sunday,1,0,Spring,9.5,0,0,103,101,95
2018-03-12,Monday,0,0,Spring,11.5,0,0,95,89,99
2018-03-13,Tuesday,0,0,Spring,9.3,0,0,99,76,78
2018-03-14,Wednesday,0,0,Spring,12.1,0,0,78,79,81
2018-03-15,Thursday,0,0,Spring,9.1,1,1,81,69,90
2018-03-16,Friday,0,0,Spring,7.2,0,0,90,87,96
2018-03-17,Saturday,1,0,Spring,14.8,1,0,96,103,98
2018-03-18,Sunday,1,0,Spring,11.1,0,1,98,95,104
2018-03-19,Monday,0,0,Spring,10.1,1,0,104,99,85
2018-03-20,Tuesday,0,0,Spring,9.5,0,0,85,78,83
2018-03-21,Wednesday,0,0,Spring,14.3,1,0,83,81,87
2018-03-22,Thursday,0,0,Spring,17.3,0,0,87,90,79
2018-03-23,Friday,0,0,Spring,12.1,1,0,79,96,91
2018-03-24,Saturday,1,0,Spring,12.9,0,0,91,98,97
2018-03-25,Sunday,1,0,Spring,16.9,0,0,97,104,103
2018-03-26,Monday,0,0,Spring,8.4,1,1,103,85,87
2018-03-27,Tuesday,0,0,Spring,19.9,0,0,87,83,84
2018-03-28,Wednesday,0,0,Spring,21.5,0,0,84,87,103
2018-03-29,Thursday,0,0,Spring,6.3,0,0,103,79,89
2018-03-30,Friday,0,0,Spring,14.2,1,0,89,91,91
2018-03-31,Saturday,1,0,Spring,12.6,1,0,91,97,91
2018-04-01,Sunday,1,0,Spring,14.1,0,1,91,103,125
2018-04-02,Monday,0,0,Spring,13.8,1,0,125,87,103
2018-04-03,Tuesday,0,0,Spring,17.7,0,0,103,84,94
2018-04-04,Wednesday,0,0,Spring,15.0,0,0,94,103,102
2018-04-05,Thursday,0,0,Spring,12.8,0,0,102,89,99
2018-04-06,Friday,0,0,Spring,15.2,0,0,99,91,98
2018-04-07,Saturday,1,0,Spring,17.4,0,0,98,91,103
2018-04-08,Sunday,1,0,Spring,12.5,0,0,103,125,99
2018-04-09,Monday,0,0,Spring,11.3,0,0,99,103,92
2018-04-10,Tuesday,0,0,Spring,22.4,0,0,92,94,91
2018-04-11,Wednesday,0,0,Spring,14.6,1,0,91,102,93
2018-04-12,Thursday,0,0,Spring,16.3,0,0,93,99,95
2018-04-13,Friday,0,0,Spring,15.7,0,0,95,98,105
2018-04-14,Saturday,1,0,Spring,18.7,1,0,105,103,108
2018-04-15,Sunday,1,0,Spring,22.5,0,0,108,99,104
2018-04-16,Monday,0,0,Spring,19.1,1,0,104,92,104
2018-04-17,Tuesday,0,0,Spring,12.9,0,0,104,91,92
2018-04-18,Wednesday,0,0,Spring,13.5,0,0,92,93,95
2018-04-19,Thursday,0,0,Spring,16.6,0,0,95,95,88
2018-04-20,Friday,0,0,Spring,17.1,0,0,88,105,105
2018-04-21,Saturday,1,0,Spring,12.9,0,0,105,108,98
2018-04-22,Sunday,1,0,Spring,20.7,1,0,98,104,116
2018-04-23,Monday,0,0,Spring,15.1,0,0,116,104,109
2018-04-24,Tuesday,0,0,Spring,23.0,0,0,109,92,100
2018-04-25,Wednesday,0,0,Spring,24.1,0,0,100,95,104
2018-04-26,Thursday,0,0,Spring,18.1,1,0,104,88,87
2018-04-27,Friday,0,0,Spring,20.3,1,1,87,105,103
2018-04-28,Saturday,1,0,Spring,15.4,0,0,103,98,112
2018-04-29,Sunday,1,0,Spring,21.1,1,0,112,116,116
2018-04-30,Monday,0,0,Spring,17.9,1,0,116,109,103
2018-05-01,Tuesday,0,1,Spring,16.2,0,1,103,100,114
2018-05-02,Wednesday,0,0,Spring,18.7,0,0,114,104,114
2018-05-03,Thursday,0,0,Spring,18.3,0,0,114,87,109
2018-05-04,Friday,0,0,Spring,18.9,0,0,109,103,96
2018-05-05,Saturday,1,0,Spring,22.8,1,0,96,112,108
2018-05-06,Sunday,1,0,Spring,17.8,1,0,108,116,109
2018-05-07,Monday,0,0,Spring,25.4,0,0,109,103,96
2018-05-08,Tuesday,0,0,Spring,16.4,0,0,96,114,92
2018-05-09,Wednesday,0,0,Spring,25.3,1,0,92,114,110
2018-05-10,Thursday,0,0,Spring,17.5,0,0,110,109,103
2018-05-11,Friday,0,0,Spring,20.7,0,0,103,96,102
2018-05-12,Saturday,1,0,Spring,19.3,1,0,102,108,102
2018-05-13,Sunday,1,0,Spring,19.9,0,0,102,109,111
2018-05-14,Monday,0,0,Spring,23.4,0,0,111,96,105
2018-05-15,Tuesday,0,0,Spring,25.6,1,0,105,92,111
2018-05-16,Wednesday,0,0,Spring,24.8,0,0,111,110,106
2018-05-17,Thursday,0,0,Spring,20.1,0,0,106,103,109
2018-05-18,Friday,0,0,Spring,22.0,1,0,109,102,94
2018-05-19,Saturday,1,0,Spring,19.1,0,0,94,102,96
2018-05-20,Sunday,1,0,Spring,18.6,0,0,96,111,115
2018-05-21,Monday,0,0,Spring,18.2,0,0,115,105,113
2018-05-22,Tuesday,0,0,Spring,20.4,1,0,113,111,108
2018-05-23,Wednesday,0,0,Spring,22.6,0,0,108,106,114
2018-05-24,Thursday,0,0,Spring,16.2,0,0,114,109,102
2018-05-25,Friday,0,0,Spring,21.9,0,0,102,94,116
2018-05-26,Saturday,1,0,Spring,26.6,0,0,116,96,110
2018-05-27,Sunday,1,0,Spring,25.5,0,0,110,115,118
2018-05-28,Monday,0,0,Spring,20.5,1,1,118,113,133
2018-05-29,Tuesday,0,0,Spring,18.1,0,0,133,108,109
2018-05-30,Wednesday,0,0,Spring,23.7,1,0,109,114,115
2018-05-31,Thursday,0,0,Spring,15.4,1,0,115,102,111
2018-06-01,Friday,0,0,Summer,25.8,0,0,111,116,115
2018-06-02,Saturday,1,0,Summer,21.9,0,0,115,110,136
2018-06-03,Sunday,1,0,Summer,28.1,0,0,136,118,126
2018-06-04,Monday,0,0,Summer,17.4,0,1,126,133,127
2018-06-05,Tuesday,0,0,Summer,25.4,0,0,127,109,122
2018-06-06,Wednesday,0,0,Summer,22.4,0,0,122,115,116
2018-06-07,Thursday,0,0,Summer,21.7,0,0,116,111,137
2018-06-08,Friday,0,0,Summer,18.7,0,0,137,115,118
2018-06-09,Saturday,1,0,Summer,24.6,0,1,118,136,150
2018-06-10,Sunday,1,0,Summer,24.9,0,0,150,126,123
2018-06-11,Monday,0,0,Summer,28.2,0,0,123,127,101
2018-06-12,Tuesday,0,0,Summer,25.9,0,0,101,122,110
2018-06-13,Wednesday,0,0,Summer,21.1,0,0,110,116,117
2018-06-14,Thursday,0,0,Summer,19.9,0,0,117,137,132
2018-06-15,Friday,0,0,Summer,18.9,1,0,132,118,134
2018-06-16,Saturday,1,0,Summer,27.4,0,0,134,150,144
2018-06-17,Sunday,1,0,Summer,20.6,0,0,144,123,137
2018-06-18,Monday,0,0,Summer,27.4,0,0,137,101,122
2018-06-19,Tuesday,0,0,Summer,24.6,0,0,122,110,126
2018-06-20,Wednesday,0,0,Summer,24.0,0,0,126,117,111
2018-06-21,Thursday,0,0,Summer,22.1,0,0,111,132,114
2018-06-22,Friday,0,0,Summer,25.0,0,0,114,134,131
2018-06-23,Saturday,1,0,Summer,22.9,0,0,131,144,145
2018-06-24,Sunday,1,0,Summer,21.9,0,0,145,137,148
2018-06-25,Monday,0,0,Summer,25.1,0,0,148,122,129
2018-06-26,Tuesday,0,0,Summer,22.5,0,0,129,126,119
2018-06-27,Wednesday,0,0,Summer,20.5,0,0,119,111,119
2018-06-28,Thursday,0,0,Summer,24.7,0,0,119,114,111
2018-06-29,Friday,0,0,Summer,22.7,0,0,111,131,133
2018-06-30,Saturday,1,0,Summer,24.3,0,0,133,145,136
2018-07-01,Sunday,1,0,Summer,21.5,0,0,136,148,136
2018-07-02,Monday,0,0,Summer,19.2,0,0,136,129,129
2018-07-03,Tuesday,0,0,Summer,28.0,0,0,129,119,118
2018-07-04,Wednesday,0,0,Summer,27.4,0,0,118,119,110
2018-07-05,Thursday,0,0,Summer,25.3,0,1,110,111,130
2018-07-06,Friday,0,0,Summer,21.5,1,1,130,133,127
2018-07-07,Saturday,1,0,Summer,21.7,0,0,127,136,135
2018-07-08,Sunday,1,0,Summer,26.7,0,0,135,136,136
2018-07-09,Monday,0,0,Summer,21.4,0,0,136,129,111
2018-07-10,Tuesday,0,0,Summer,20.5,0,0,111,118,104
2018-07-11,Wednesday,0,0,Summer,28.0,0,0,104,110,112
2018-07-12,Thursday,0,0,Summer,22.2,1,0,112,130,124
2018-07-13,Friday,0,0,Summer,27.6,0,0,124,127,123
2018-07-14,Saturday,1,0,Summer,18.0,0,1,123,135,131
2018-07-15,Sunday,1,0,Summer,23.7,0,1,131,136,145
2018-07-16,Monday,0,0,Summer,28.3,0,0,145,111,132
2018-07-17,Tuesday,0,0,Summer,22.1,0,0,132,104,124
2018-07-18,Wednesday,0,0,Summer,21.1,0,0,124,112,118
2018-07-19,Thursday,0,0,Summer,18.3,0,0,118,124,114
2018-07-20,Friday,0,0,Summer,25.0,0,1,114,123,135
2018-07-21,Saturday,1,0,Summer,19.3,1,0,135,131,131
2018-07-22,Sunday,1,0,Summer,21.3,0,0,131,145,139
2018-07-23,Monday,0,0,Summer,17.8,0,0,139,132,122
2018-07-24,Tuesday,0,0,Summer,26.0,0,1,122,124,126
2018-07-25,Wednesday,0,0,Summer,24.7,0,0,126,118,124
2018-07-26,Thursday,0,0,Summer,21.1,0,1,124,114,112
2018-07-27,Friday,0,0,Summer,17.6,0,0,112,135,130
2018-07-28,Saturday,1,0,Summer,25.6,0,0,130,131,135
2018-07-29,Sunday,1,0,Summer,19.8,0,0,135,139,114
2018-07-30,Monday,0,0,Summer,17.4,0,0,114,122,112
2018-07-31,Tuesday,0,0,Summer,15.4,0,0,112,126,108
2018-08-01,Wednesday,0,0,Summer,18.6,0,0,108,124,104
2018-08-02,Thursday,0,0,Summer,16.1,0,0,104,112,121
2018-08-03,Friday,0,0,Summer,18.4,0,0,121,130,130
2018-08-04,Saturday,1,0,Summer,22.4,0,0,130,135,134
2018-08-05,Sunday,1,0,Summer,18.9,0,0,134,114,126
2018-08-06,Monday,0,0,Summer,21.0,0,0,126,112,117
2018-08-07,Tuesday,0,0,Summer,17.6,0,0,117,108,98
2018-08-08,Wednesday,0,0,Summer,19.9,0,0,98,104,120
2018-08-09,Thursday,0,0,Summer,25.3,0,0,120,121,122
2018-08-10,Friday,0,0,Summer,18.4,1,1,122,130,141
2018-08-11,Saturday,1,0,Summer,20.5,0,0,141,134,133
2018-08-12,Sunday,1,0,Summer,14.5,0,1,133,126,139
2018-08-13,Monday,0,0,Summer,23.6,0,0,139,117,115
2018-08-14,Tuesday,0,0,Summer,17.5,0,0,115,98,86
2018-08-15,Wednesday,0,0,Summer,21.9,0,0,86,120,108
2018-08-16,Thursday,0,0,Summer,18.2,0,0,108,122,114
2018-08-17,Friday,0,0,Summer,20.3,0,1,114,141,129
2018-08-18,Saturday,1,0,Summer,20.3,0,0,129,133,109
2018-08-19,Sunday,1,0,Summer,16.8,0,0,109,139,118
2018-08-20,Monday,0,0,Summer,21.3,0,1,118,115,122
2018-08-21,Tuesday,0,0,Summer,15.6,0,0,122,86,97
2018-08-22,Wednesday,0,0,Summer,20.1,0,0,97,108,104
2018-08-23,Thursday,0,0,Summer,16.4,0,0,104,114,104
2018-08-24,Friday,0,0,Summer,18.5,0,0,104,129,108
2018-08-25,Saturday,1,0,Summer,15.9,0,0,108,109,114
2018-08-26,Sunday,1,0,Summer,17.3,0,0,114,118,102
2018-08-27,Monday,0,0,Summer,13.7,0,0,102,122,108
2018-08-28,Tuesday,0,0,Summer,17.5,0,0,108,97,103
2018-08-29,Wednesday,0,0,Summer,16.8,0,0,103,104,107
2018-08-30,Thursday,0,0,Summer,14.9,0,0,107,104,114
2018-08-31,Friday,0,0,Summer,16.1,0,0,114,108,112
2018-09-01,Saturday,1,0,Autumn,16.6,0,0,112,114,96
2018-09-02,Sunday,1,0,Autumn,14.1,0,0,96,102,98
2018-09-03,Monday,0,0,Autumn,15.4,1,0,98,108,85
2018-09-04,Tuesday,0,0,Autumn,12.6,1,0,85,103,95
2018-09-05,Wednesday,0,0,Autumn,22.5,1,0,95,107,94
2018-09-06,Thursday,0,0,Autumn,18.5,0,0,94,114,107
2018-09-07,Friday,0,0,Autumn,16.0,0,0,107,112,119
2018-09-08,Saturday,1,0,Autumn,18.5,1,0,119,96,106
2018-09-09,Sunday,1,0,Autumn,8.9,1,0,106,98,99
2018-09-10,Monday,0,0,Autumn,7.0,0,0,99,85,86
2018-09-11,Tuesday,0,0,Autumn,13.3,1,0,86,95,99
2018-09-12,Wednesday,0,0,Autumn,10.2,0,0,99,94,101
2018-09-13,Thursday,0,0,Autumn,13.4,1,1,101,107,97
2018-09-14,Friday,0,0,Autumn,14.6,1,0,97,119,98
2018-09-15,Saturday,1,0,Autumn,16.6,1,0,98,106,100
2018-09-16,Sunday,1,0,Autumn,10.2,0,0,100,99,94
2018-09-17,Monday,0,0,Autumn,14.7,0,0,94,86,85
2018-09-18,Tuesday,0,0,Autumn,13.3,0,0,85,99,84
2018-09-19,Wednesday,0,0,Autumn,14.2,1,0,84,101,86
2018-09-20,Thursday,0,0,Autumn,11.4,0,0,86,97,89
2018-09-21,Friday,0,0,Autumn,16.9,0,0,89,98,105
2018-09-22,Saturday,1,0,Autumn,12.3,0,0,105,100,101
2018-09-23,Sunday,1,0,Autumn,17.7,0,0,101,94,90
2018-09-24,Monday,0,0,Autumn,9.9,1,0,90,85,77
2018-09-25,Tuesday,0,0,Autumn,14.3,1,0,77,84,73
2018-09-26,Wednesday,0,0,Autumn,11.7,0,0,73,86,89
2018-09-27,Thursday,0,0,Autumn,10.8,0,0,89,89,95
2018-09-28,Friday,0,0,Autumn,13.5,0,0,95,105,109
2018-09-29,Saturday,1,0,Autumn,10.5,0,0,109,101,114
2018-09-30,Sunday,1,0,Autumn,3.2,0,0,114,90,86
2018-10-01,Monday,0,0,Autumn,1.9,1,0,86,77,67
2018-10-02,Tuesday,0,0,Autumn,14.7,1,0,67,73,59
2018-10-03,Wednesday,0,0,Autumn,14.4,0,0,59,89,86
2018-10-04,Thursday,0,0,Autumn,16.2,1,0,86,95,94
2018-10-05,Friday,0,0,Autumn,10.3,1,0,94,109,99
2018-10-06,Saturday,1,0,Autumn,6.3,1,0,99,114,98
2018-10-07,Sunday,1,0,Autumn,8.8,1,0,98,86,88
2018-10-08,Monday,0,0,Autumn,9.9,0,0,88,67,71
2018-10-09,Tuesday,0,0,Autumn,6.7,1,0,71,59,69
2018-10-10,Wednesday,0,0,Autumn,14.5,1,0,69,86,76
2018-10-11,Thursday,0,0,Autumn,16.1,1,0,76,94,88
2018-10-12,Friday,0,0,Autumn,10.7,0,0,88,99,97
2018-10-13,Saturday,1,0,Autumn,9.1,0,0,97,98,106
2018-10-14,Sunday,1,0,Autumn,5.0,0,0,106,88,101
2018-10-15,Monday,0,0,Autumn,13.4,1,0,101,71,90
2018-10-16,Tuesday,0,0,Autumn,8.8,0,0,90,69,85
2018-10-17,Wednesday,0,0,Autumn,7.6,1,0,85,76,73
2018-10-18,Thursday,0,0,Autumn,9.8,1,0,73,88,81
2018-10-19,Friday,0,0,Autumn,6.4,0,0,81,97,90
2018-10-20,Saturday,1,0,Autumn,8.4,0,1,90,106,106
2018-10-21,Sunday,1,0,Autumn,3.5,1,0,106,101,97
2018-10-22,Monday,0,0,Autumn,11.0,0,0,97,90,95
2018-10-23,Tuesday,0,0,Autumn,7.3,1,0,95,85,86
2018-10-24,Wednesday,0,0,Autumn,10.9,1,0,86,73,84
2018-10-25,Thursday,0,0,Autumn,6.7,0,0,84,81,83
2018-10-26,Friday,0,0,Autumn,6.7,0,0,83,90,95
2018-10-27,Saturday,1,0,Autumn,3.4,1,0,95,106,102
2018-10-28,Sunday,1,0,Autumn,9.1,1,0,102,97,91
2018-10-29,Monday,0,0,Autumn,4.1,0,0,91,95,82
2018-10-30,Tuesday,0,0,Autumn,5.1,1,0,82,86,70
2018-10-31,Wednesday,0,0,Autumn,6.5,0,0,70,84,67
2018-11-01,Thursday,0,0,Autumn,6.7,0,0,67,83,94
2018-11-02,Friday,0,0,Autumn,1.1,0,0,94,95,103
2018-11-03,Saturday,1,0,Autumn,5.4,1,0,103,102,108
2018-11-04,Sunday,1,0,Autumn,8.3,1,0,108,91,100
2018-11-05,Monday,0,0,Autumn,4.7,0,0,100,82,81
2018-11-06,Tuesday,0,0,Autumn,5.0,0,0,81,70,66
2018-11-07,Wednesday,0,0,Autumn,6.1,0,0,66,67,67
2018-11-08,Thursday,0,0,Autumn,5.1,1,0,67,94,70
2018-11-09,Friday,0,0,Autumn,2.3,1,0,70,103,85
2018-11-10,Saturday,1,0,Autumn,5.2,0,0,85,108,97
2018-11-11,Sunday,1,0,Autumn,8.1,1,0,97,100,100
2018-11-12,Monday,0,0,Autumn,1.9,1,0,100,81,82
2018-11-13,Tuesday,0,0,Autumn,3.8,1,0,82,66,58
2018-11-14,Wednesday,0,0,Autumn,0.7,1,0,58,67,58
2018-11-15,Thursday,0,0,Autumn,7.6,0,0,58,70,71
2018-11-16,Friday,0,0,Autumn,4.4,1,1,71,85,86
2018-11-17,Saturday,1,0,Autumn,2.0,0,1,86,97,96
2018-11-18,Sunday,1,0,Autumn,4.7,1,0,96,100,89
2018-11-19,Monday,0,0,Autumn,0.8,0,0,89,82,74
2018-11-20,Tuesday,0,0,Autumn,1.2,1,0,74,58,51
2018-11-21,Wednesday,0,0,Autumn,-0.2,0,0,51,58,56
2018-11-22,Thursday,0,0,Autumn,0.9,0,0,56,71,70
2018-11-23,Friday,0,0,Autumn,8.1,1,1,70,86,82
2018-11-24,Saturday,1,0,Autumn,1.8,0,0,82,96,82
2018-11-25,Sunday,1,0,Autumn,5.3,0,1,82,89,101
2018-11-26,Monday,0,0,Autumn,1.3,1,0,101,74,88
2018-11-27,Tuesday,0,0,Autumn,6.0,0,0,88,51,69
2018-11-28,Wednesday,0,0,Autumn,0.6,1,0,69,56,54
2018-11-29,Thursday,0,0,Autumn,3.8,1,0,54,70,60
2018-11-30,Friday,0,0,Autumn,3.7,0,0,60,82,75
2018-12-01,Saturday,1,0,Winter,10.5,0,1,75,82,90
2018-12-02,Sunday,1,0,Winter,5.4,1,0,90,101,78
2018-12-03,Monday,0,0,Winter,1.6,1,0,78,88,77
2018-12-04,Tuesday,0,0,Winter,5.4,0,0,77,69,72
2018-12-05,Wednesday,0,0,Winter,9.7,0,0,72,54,78
2018-12-06,Thursday,0,0,Winter,-1.6,0,0,78,60,69
2018-12-07,Friday,0,0,Winter,0.7,0,0,69,75,83
2018-12-08,Saturday,1,0,Winter,2.5,0,0,83,90,86
2018-12-09,Sunday,1,0,Winter,1.9,1,0,86,78,75
2018-12-10,Monday,0,0,Winter,2.1,0,0,75,77,66
2018-12-11,Tuesday,0,0,Winter,-0.8,0,0,66,72,77
2018-12-12,Wednesday,0,0,Winter,7.3,1,0,77,78,70
2018-12-13,Thursday,0,0,Winter,-1.2,0,0,70,69,79
2018-12-14,Friday,0,0,Winter,2.5,1,0,79,83,74
2018-12-15,Saturday,1,0,Winter,6.2,1,0,74,86,71
2018-12-16,Sunday,1,0,Winter,2.9,0,0,71,75,80
2018-12-17,Monday,0,0,Winter,0.1,0,0,80,66,63
2018-12-18,Tuesday,0,0,Winter,-1.0,0,0,63,77,66
2018-12-19,Wednesday,0,0,Winter,2.3,0,0,66,70,67
2018-12-20,Thursday,0,0,Winter,0.7,0,0,67,79,71
2018-12-21,Friday,0,0,Winter,3.6,0,0,71,74,86
2018-12-22,Saturday,1,0,Winter,-1.2,0,0,86,71,84
2018-12-23,Sunday,1,0,Winter,5.5,1,0,84,80,81
2018-12-24,Monday,0,1,Winter,3.4,0,0,81,63,72
2018-12-25,Tuesday,0,1,Winter,3.6,0,0,72,66,76
2018-12-26,Wednesday,0,1,Winter,7.4,0,0,76,67,81
2018-12-27,Thursday,0,0,Winter,1.8,0,0,81,71,72
2018-12-28,Friday,0,0,Winter,0.9,1,0,72,86,80
2018-12-29,Saturday,1,0,Winter,1.5,1,0,80,84,80
2018-12-30,Sunday,1,0,Winter,2.6,0,0,80,81,85
2018-12-31,Monday,0,1,Winter,2.9,1,0,85,72,66
2019-01-01,Tuesday,0,1,Winter,0.7,0,0,66,76,78
2019-01-02,Wednesday,0,0,Winter,-2.8,1,1,78,81,71
2019-01-03,Thursday,0,0,Winter,1.6,0,0,71,72,75
2019-01-04,Friday,0,0,Winter,4.4,1,0,75,80,84
2019-01-05,Saturday,1,0,Winter,3.8,0,0,84,80,89
2019-01-06,Sunday,1,0,Winter,7.0,0,0,89,85,96
2019-01-07,Monday,0,0,Winter,9.4,0,0,96,66,71
2019-01-08,Tuesday,0,0,Winter,5.8,0,0,71,78,70
2019-01-09,Wednesday,0,0,Winter,7.8,1,0,70,71,62
2019-01-10,Thursday,0,0,Winter,6.0,0,0,62,75,64
2019-01-11,Friday,0,0,Winter,8.9,0,0,64,84,65
2019-01-12,Saturday,1,0,Winter,9.3,1,0,65,89,80
2019-01-13,Sunday,1,0,Winter,6.7,0,0,80,96,93
2019-01-14,Monday,0,0,Winter,6.1,1,0,93,71,83
2019-01-15,Tuesday,0,0,Winter,3.4,0,0,83,70,65
2019-01-16,Wednesday,0,0,Winter,4.0,0,0,65,62,60
2019-01-17,Thursday,0,0,Winter,3.1,0,0,60,64,59
2019-01-18,Friday,0,0,Winter,6.1,1,0,59,65,59
2019-01-19,Saturday,1,0,Winter,2.2,1,0,59,80,69
2019-01-20,Sunday,1,0,Winter,3.8,1,0,69,93,76
2019-01-21,Monday,0,0,Winter,-2.6,0,0,76,83,68
2019-01-22,Tuesday,0,0,Winter,9.8,0,0,68,65,58
2019-01-23,Wednesday,0,0,Winter,4.0,1,0,58,60,64
2019-01-24,Thursday,0,0,Winter,6.2,1,0,64,59,64
2019-01-25,Friday,0,0,Winter,9.3,0,0,64,59,72
2019-01-26,Saturday,1,0,Winter,5.9,1,0,72,69,78
2019-01-27,Sunday,1,0,Winter,9.4,1,0,78,76,82
2019-01-28,Monday,0,0,Winter,1.5,0,0,82,68,71
2019-01-29,Tuesday,0,0,Winter,12.5,1,0,71,58,59
2019-01-30,Wednesday,0,0,Winter,8.7,0,0,59,64,74
2019-01-31,Thursday,0,0,Winter,6.2,0,0,74,64,76
2019-02-01,Friday,0,0,Winter,9.9,1,0,76,72,69
2019-02-02,Saturday,1,0,Winter,2.3,1,0,69,78,68
2019-02-03,Sunday,1,0,Winter,5.0,0,0,68,82,90
2019-02-04,Monday,0,0,Winter,10.3,0,1,90,71,84
2019-02-05,Tuesday,0,0,Winter,0.5,0,0,84,59,64
2019-02-06,Wednesday,0,0,Winter,7.9,0,0,64,74,65
2019-02-07,Thursday,0,0,Winter,8.0,1,1,65,76,79
2019-02-08,Friday,0,0,Winter,12.4,0,0,79,69,77
2019-02-09,Saturday,1,0,Winter,1.9,0,0,77,68,79
2019-02-10,Sunday,1,0,Winter,11.6,1,0,79,90,99
2019-02-11,Monday,0,0,Winter,5.2,0,0,99,84,73
2019-02-12,Tuesday,0,0,Winter,5.7,0,0,73,64,65
2019-02-13,Wednesday,0,0,Winter,3.5,1,0,65,65,62
2019-02-14,Thursday,0,0,Winter,4.1,0,0,62,79,57
2019-02-15,Friday,0,0,Winter,8.7,0,0,57,77,75
2019-02-16,Saturday,1,0,Winter,4.3,0,0,75,79,88
2019-02-17,Sunday,1,0,Winter,10.0,0,0,88,99,83
2019-02-18,Monday,0,0,Winter,5.9,1,0,83,73,70
2019-02-19,Tuesday,0,0,Winter,4.4,1,1,70,65,72
2019-02-20,Wednesday,0,0,Winter,6.6,0,0,72,62,72
2019-02-21,Thursday,0,0,Winter,9.4,0,0,72,57,89
2019-02-22,Friday,0,0,Winter,7.7,0,1,89,75,87
2019-02-23,Saturday,1,0,Winter,8.8,1,0,87,88,92
2019-02-24,Sunday,1,0,Winter,10.9,1,0,92,83,86
2019-02-25,Monday,0,0,Winter,12.2,1,0,86,70,71
2019-02-26,Tuesday,0,0,Winter,8.2,0,0,71,72,70
2019-02-27,Wednesday,0,0,Winter,6.2,1,0,70,72,69
2019-02-28,Thursday,0,0,Winter,9.7,1,0,69,89,75
2019-03-01,Friday,0,0,Spring,11.0,0,0,75,87,88
2019-03-02,Saturday,1,0,Spring,5.4,0,0,88,92,94
2019-03-03,Sunday,1,0,Spring,7.3,0,0,94,86,86
2019-03-04,Monday,0,0,Spring,8.0,0,0,86,71,84
2019-03-05,Tuesday,0,0,Spring,9.7,0,0,84,70,86
2019-03-06,Wednesday,0,0,Spring,8.2,0,0,86,69,87
2019-03-07,Thursday,0,0,Spring,12.7,0,0,87,75,91
2019-03-08,Friday,0,0,Spring,6.0,0,0,91,88,86
2019-03-09,Saturday,1,0,Spring,6.2,0,0,86,94,88
2019-03-10,Sunday,1,0,Spring,10.1,0,0,88,86,98
2019-03-11,Monday,0,0,Spring,10.8,0,0,98,84,80
2019-03-12,Tuesday,0,0,Spring,7.1,0,0,80,86,75
2019-03-13,Wednesday,0,0,Spring,9.8,1,0,75,87,92
2019-03-14,Thursday,0,0,Spring,10.6,0,0,92,91,95
2019-03-15,Friday,0,0,Spring,10.8,1,0,95,86,92
2019-03-16,Saturday,1,0,Spring,12.6,1,0,92,88,82
2019-03-17,Sunday,1,0,Spring,10.3,1,0,82,98,84
2019-03-18,Monday,0,0,Spring,16.9,0,0,84,80,89
2019-03-19,Tuesday,0,0,Spring,14.1,0,0,89,75,74
2019-03-20,Wednesday,0,0,Spring,10.4,1,0,74,92,81
2019-03-21,Thursday,0,0,Spring,13.3,0,1,81,95,87
2019-03-22,Friday,0,0,Spring,13.5,1,0,87,92,86
2019-03-23,Saturday,1,0,Spring,17.0,0,0,86,82,85
2019-03-24,Sunday,1,0,Spring,11.7,0,0,85,84,91
2019-03-25,Monday,0,0,Spring,16.0,0,0,91,89,77
2019-03-26,Tuesday,0,0,Spring,14.0,0,0,77,74,78
2019-03-27,Wednesday,0,0,Spring,18.5,0,0,78,81,88
2019-03-28,Thursday,0,0,Spring,18.1,1,1,88,87,98
2019-03-29,Friday,0,0,Spring,15.0,1,1,98,86,105
2019-03-30,Saturday,1,0,Spring,13.8,0,0,105,85,105
2019-03-31,Sunday,1,0,Spring,16.2,0,0,105,91,103
2019-04-01,Monday,0,0,Spring,14.3,0,0,103,77,90
2019-04-02,Tuesday,0,0,Spring,20.1,0,1,90,78,98
2019-04-03,Wednesday,0,0,Spring,15.5,1,0,98,88,83
2019-04-04,Thursday,0,0,Spring,14.2,1,0,83,98,85
2019-04-05,Friday,0,0,Spring,14.2,0,0,85,105,111
2019-04-06,Saturday,1,0,Spring,12.1,1,0,111,105,111
2019-04-07,Sunday,1,0,Spring,17.6,0,0,111,103,119
2019-04-08,Monday,0,0,Spring,13.6,1,0,119,90,100
2019-04-09,Tuesday,0,0,Spring,19.5,1,0,100,98,90
2019-04-10,Wednesday,0,0,Spring,12.5,0,0,90,83,85
2019-04-11,Thursday,0,0,Spring,16.9,1,0,85,85,74
2019-04-12,Friday,0,0,Spring,20.1,0,0,74,111,106
2019-04-13,Saturday,1,0,Spring,10.4,0,0,106,111,116
2019-04-14,Sunday,1,0,Spring,23.1,0,0,116,119,113
2019-04-15,Monday,0,0,Spring,15.9,0,0,113,100,107
2019-04-16,Tuesday,0,0,Spring,17.7,0,0,107,90,103
2019-04-17,Wednesday,0,0,Spring,19.2,0,0,103,85,97
2019-04-18,Thursday,0,0,Spring,19.8,0,0,97,74,97
2019-04-19,Friday,0,0,Spring,18.6,1,0,97,106,105
2019-04-20,Saturday,1,0,Spring,20.9,0,1,105,116,126
2019-04-21,Sunday,1,0,Spring,19.6,0,0,126,113,121
2019-04-22,Monday,0,0,Spring,23.5,0,0,121,107,111
2019-04-23,Tuesday,0,0,Spring,19.9,0,0,111,103,100
2019-04-24,Wednesday,0,0,Spring,24.4,1,0,100,97,104
2019-04-25,Thursday,0,0,Spring,21.4,0,0,104,97,117
2019-04-26,Friday,0,0,Spring,13.4,0,0,117,105,103
2019-04-27,Saturday,1,0,Spring,26.8,0,0,103,126,120
2019-04-28,Sunday,1,0,Spring,17.4,0,0,120,121,114
2019-04-29,Monday,0,0,Spring,23.7,0,0,114,111,112
2019-04-30,Tuesday,0,0,Spring,19.4,0,0,112,100,107
2019-05-01,Wednesday,0,1,Spring,22.7,0,1,107,104,120
2019-05-02,Thursday,0,0,Spring,17.5,1,0,120,117,107
2019-05-03,Friday,0,0,Spring,21.6,0,0,107,103,106
2019-05-04,Saturday,1,0,Spring,19.1,0,0,106,120,111
2019-05-05,Sunday,1,0,Spring,24.7,0,0,111,114,104
2019-05-06,Monday,0,0,Spring,21.4,0,0,104,112,112
2019-05-07,Tuesday,0,0,Spring,23.0,1,0,112,107,109
2019-05-08,Wednesday,0,0,Spring,13.9,0,1,109,120,123
2019-05-09,Thursday,0,0,Spring,20.2,0,0,123,107,112
2019-05-10,Friday,0,0,Spring,21.8,0,0,112,106,116
2019-05-11,Saturday,1,0,Spring,21.4,0,1,116,111,121
2019-05-12,Sunday,1,0,Spring,23.7,0,1,121,104,121
2019-05-13,Monday,0,0,Spring,19.8,0,0,121,112,125
2019-05-14,Tuesday,0,0,Spring,21.2,0,0,125,109,110
2019-05-15,Wednesday,0,0,Spring,24.7,0,0,110,123,119
2019-05-16,Thursday,0,0,Spring,14.4,0,0,119,112,113
2019-05-17,Friday,0,0,Spring,23.1,0,0,113,116,106
2019-05-18,Saturday,1,0,Spring,20.4,0,0,106,121,116
2019-05-19,Sunday,1,0,Spring,18.8,1,0,116,121,117
2019-05-20,Monday,0,0,Spring,22.6,0,0,117,125,118
2019-05-21,Tuesday,0,0,Spring,25.4,0,0,118,110,99
2019-05-22,Wednesday,0,0,Spring,24.9,0,0,99,119,100
2019-05-23,Thursday,0,0,Spring,21.4,0,0,100,113,108
2019-05-24,Friday,0,0,Spring,24.5,1,0,108,106,102
2019-05-25,Saturday,1,0,Spring,24.6,0,0,102,116,124
2019-05-26,Sunday,1,0,Spring,21.8,0,0,124,117,121
2019-05-27,Monday,0,0,Spring,20.1,0,0,121,118,116
2019-05-28,Tuesday,0,0,Spring,20.3,1,0,116,99,112
2019-05-29,Wednesday,0,0,Spring,24.8,1,0,112,100,95
2019-05-30,Thursday,0,0,Spring,22.2,0,1,95,108,114
2019-05-31,Friday,0,0,Spring,19.3,0,1,114,102,120
2019-06-01,Saturday,1,0,Summer,17.4,0,0,120,124,126
2019-06-02,Sunday,1,0,Summer,25.0,1,0,126,121,122
2019-06-03,Monday,0,0,Summer,20.9,0,1,122,116,123
2019-06-04,Tuesday,0,0,Summer,23.6,0,0,123,112,96
2019-06-05,Wednesday,0,0,Summer,26.4,0,0,96,95,110
2019-06-06,Thursday,0,0,Summer,18.8,0,0,110,114,103
2019-06-07,Friday,0,0,Summer,22.6,0,0,103,120,127
2019-06-08,Saturday,1,0,Summer,22.3,0,1,127,126,132
2019-06-09,Sunday,1,0,Summer,24.0,0,0,132,122,123
2019-06-10,Monday,0,0,Summer,26.6,0,1,123,123,130
2019-06-11,Tuesday,0,0,Summer,18.9,1,0,130,96,111
2019-06-12,Wednesday,0,0,Summer,24.6,1,1,111,110,119
2019-06-13,Thursday,0,0,Summer,26.0,0,0,119,103,119
2019-06-14,Friday,0,0,Summer,22.4,0,0,119,127,123
2019-06-15,Saturday,1,0,Summer,22.5,1,0,123,132,125
2019-06-16,Sunday,1,0,Summer,24.2,0,0,125,123,131
2019-06-17,Monday,0,0,Summer,24.0,1,0,131,130,116
2019-06-18,Tuesday,0,0,Summer,24.7,0,0,116,111,114
2019-06-19,Wednesday,0,0,Summer,24.7,0,0,114,119,104
2019-06-20,Thursday,0,0,Summer,20.1,0,0,104,119,113
2019-06-21,Friday,0,0,Summer,26.0,0,0,113,123,122
2019-06-22,Saturday,1,0,Summer,26.5,0,0,122,125,130
2019-06-23,Sunday,1,0,Summer,23.5,0,0,130,131,143
2019-06-24,Monday,0,0,Summer,18.5,0,0,143,116,133
2019-06-25,Tuesday,0,0,Summer,22.6,0,0,133,114,127
2019-06-26,Wednesday,0,0,Summer,23.5,0,0,127,104,123
2019-06-27,Thursday,0,0,Summer,19.5,0,0,123,113,119
2019-06-28,Friday,0,0,Summer,21.8,0,0,119,122,124
2019-06-29,Saturday,1,0,Summer,18.7,0,1,124,130,140
2019-06-30,Sunday,1,0,Summer,24.7,0,0,140,143,144
2019-07-01,Monday,0,0,Summer,23.3,0,0,144,133,131
2019-07-02,Tuesday,0,0,Summer,17.9,1,0,131,127,122
2019-07-03,Wednesday,0,0,Summer,23.8,0,0,122,123,120
2019-07-04,Thursday,0,0,Summer,22.6,0,0,120,119,122
2019-07-05,Friday,0,0,Summer,24.2,0,0,122,124,132
2019-07-06,Saturday,1,0,Summer,21.5,0,0,132,140,132
2019-07-07,Sunday,1,0,Summer,20.2,0,0,132,144,135
2019-07-08,Monday,0,0,Summer,20.2,0,0,135,131,125
2019-07-09,Tuesday,0,0,Summer,20.9,0,0,125,122,111
2019-07-10,Wednesday,0,0,Summer,22.5,0,0,111,120,123
2019-07-11,Thursday,0,0,Summer,22.8,0,0,123,122,116
2019-07-12,Friday,0,0,Summer,21.7,0,0,116,132,134
2019-07-13,Saturday,1,0,Summer,21.0,1,0,134,132,123
2019-07-14,Sunday,1,0,Summer,21.1,0,0,123,135,117
2019-07-15,Monday,0,0,Summer,29.6,0,0,117,125,116
2019-07-16,Tuesday,0,0,Summer,19.7,0,0,116,111,114
2019-07-17,Wednesday,0,0,Summer,20.3,0,0,114,123,118
2019-07-18,Thursday,0,0,Summer,31.8,0,0,118,116,131
2019-07-19,Friday,0,0,Summer,23.1,0,1,131,134,134
2019-07-20,Saturday,1,0,Summer,17.6,0,0,134,123,138
2019-07-21,Sunday,1,0,Summer,24.2,1,0,138,117,116
2019-07-22,Monday,0,0,Summer,18.8,0,0,116,116,104
2019-07-23,Tuesday,0,0,Summer,24.2,1,0,104,114,103
2019-07-24,Wednesday,0,0,Summer,20.7,0,0,103,118,101
2019-07-25,Thursday,0,0,Summer,20.0,0,0,101,131,117
2019-07-26,Friday,0,0,Summer,26.0,0,0,117,134,122
2019-07-27,Saturday,1,0,Summer,22.8,1,0,122,138,136
2019-07-28,Sunday,1,0,Summer,23.9,0,0,136,116,136
2019-07-29,Monday,0,0,Summer,22.2,1,0,136,104,110
2019-07-30,Tuesday,0,0,Summer,19.4,0,0,110,103,103
2019-07-31,Wednesday,0,0,Summer,22.5,1,0,103,101,101
2019-08-01,Thursday,0,0,Summer,24.2,1,0,101,117,117
2019-08-02,Friday,0,0,Summer,20.8,0,0,117,122,114
2019-08-03,Saturday,1,0,Summer,25.7,0,1,114,136,120
2019-08-04,Sunday,1,0,Summer,22.7,0,0,120,136,125
2019-08-05,Monday,0,0,Summer,20.7,1,0,125,110,104
2019-08-06,Tuesday,0,0,Summer,20.7,0,0,104,103,93
2019-08-07,Wednesday,0,0,Summer,20.2,0,0,93,101,99
2019-08-08,Thursday,0,0,Summer,15.9,1,1,99,117,103
2019-08-09,Friday,0,0,Summer,19.3,0,0,103,114,114
2019-08-10,Saturday,1,0,Summer,20.1,0,0,114,120,114
2019-08-11,Sunday,1,0,Summer,18.1,0,0,114,125,140
2019-08-12,Monday,0,0,Summer,20.2,0,0,140,104,126
2019-08-13,Tuesday,0,0,Summer,19.1,0,0,126,93,105
2019-08-14,Wednesday,0,0,Summer,21.2,0,0,105,99,99
2019-08-15,Thursday,0,0,Summer,20.7,1,0,99,103,100
2019-08-16,Friday,0,0,Summer,19.1,0,0,100,114,115
2019-08-17,Saturday,1,0,Summer,14.4,1,0,115,114,112
2019-08-18,Sunday,1,0,Summer,23.7,0,0,112,140,117
2019-08-19,Monday,0,0,Summer,17.8,1,0,117,126,100
2019-08-20,Tuesday,0,0,Summer,17.8,0,1,100,105,109
2019-08-21,Wednesday,0,0,Summer,16.9,0,0,109,99,99
2019-08-22,Thursday,0,0,Summer,16.3,1,0,99,100,101
2019-08-23,Friday,0,0,Summer,22.2,0,0,101,115,97
2019-08-24,Saturday,1,0,Summer,21.6,1,0,97,112,113
2019-08-25,Sunday,1,0,Summer,18.6,0,0,113,117,115
2019-08-26,Monday,0,0,Summer,16.8,0,0,115,100,93
2019-08-27,Tuesday,0,0,Summer,18.8,0,0,93,109,102
2019-08-28,Wednesday,0,0,Summer,17.0,1,0,102,99,101
2019-08-29,Thursday,0,0,Summer,16.1,0,0,101,101,97
2019-08-30,Friday,0,0,Summer,17.5,0,1,97,97,116
2019-08-31,Saturday,1,0,Summer,15.0,0,0,116,113,110
2019-09-01,Sunday,1,0,Autumn,16.9,0,0,110,115,95
2019-09-02,Monday,0,0,Autumn,16.6,1,0,95,93,86
2019-09-03,Tuesday,0,0,Autumn,17.6,1,0,86,102,81
2019-09-04,Wednesday,0,0,Autumn,13.8,0,0,81,101,79
2019-09-05,Thursday,0,0,Autumn,17.6,0,0,79,97,93
2019-09-06,Friday,0,0,Autumn,12.6,0,0,93,116,103
2019-09-07,Saturday,1,0,Autumn,13.4,0,0,103,110,120
2019-09-08,Sunday,1,0,Autumn,13.4,1,0,120,95,108
2019-09-09,Monday,0,0,Autumn,11.6,0,0,108,86,96
2019-09-10,Tuesday,0,0,Autumn,17.7,0,0,96,81,83
2019-09-11,Wednesday,0,0,Autumn,11.6,1,0,83,79,63
2019-09-12,Thursday,0,0,Autumn,12.2,1,0,63,93,89
2019-09-13,Friday,0,0,Autumn,17.9,0,0,89,103,102
2019-09-14,Saturday,1,0,Autumn,12.3,1,0,102,120,118
2019-09-15,Sunday,1,0,Autumn,13.2,0,0,118,108,103
2019-09-16,Monday,0,0,Autumn,10.6,0,0,103,96,100
2019-09-17,Tuesday,0,0,Autumn,16.0,1,0,100,83,90
2019-09-18,Wednesday,0,0,Autumn,15.8,0,0,90,63,89
2019-09-19,Thursday,0,0,Autumn,15.3,1,0,89,89,92
2019-09-20,Friday,0,0,Autumn,14.5,0,0,92,102,96
2019-09-21,Saturday,1,0,Autumn,13.0,1,0,96,118,106
2019-09-22,Sunday,1,0,Autumn,11.0,0,0,106,103,101
2019-09-23,Monday,0,0,Autumn,10.0,0,0,101,100,98
2019-09-24,Tuesday,0,0,Autumn,16.1,1,0,98,90,83
2019-09-25,Wednesday,0,0,Autumn,14.4,1,0,83,89,77
2019-09-26,Thursday,0,0,Autumn,9.8,1,0,77,92,79
2019-09-27,Friday,0,0,Autumn,11.9,0,0,79,96,94
2019-09-28,Saturday,1,0,Autumn,10.7,0,0,94,106,103
2019-09-29,Sunday,1,0,Autumn,8.0,0,0,103,101,98
2019-09-30,Monday,0,0,Autumn,11.8,0,0,98,98,99
2019-10-01,Tuesday,0,0,Autumn,9.8,0,0,99,83,92
2019-10-02,Wednesday,0,0,Autumn,8.0,1,0,92,77,77
2019-10-03,Thursday,0,0,Autumn,6.3,0,0,77,79,71
2019-10-04,Friday,0,0,Autumn,5.9,0,0,71,94,81
2019-10-05,Saturday,1,0,Autumn,9.3,1,0,81,103,87
2019-10-06,Sunday,1,0,Autumn,10.0,1,0,87,98,85
2019-10-07,Monday,0,0,Autumn,7.4,0,0,85,99,89
2019-10-08,Tuesday,0,0,Autumn,11.8,1,0,89,92,91
2019-10-09,Wednesday,0,0,Autumn,9.5,1,0,91,77,80
2019-10-10,Thursday,0,0,Autumn,11.3,0,0,80,71,80
2019-10-11,Friday,0,0,Autumn,8.9,1,0,80,81,76
2019-10-12,Saturday,1,0,Autumn,6.9,1,0,76,87,77
2019-10-13,Sunday,1,0,Autumn,9.4,1,0,77,85,87
2019-10-14,Monday,0,0,Autumn,5.1,0,0,87,89,72
2019-10-15,Tuesday,0,0,Autumn,10.4,0,0,72,91,74
2019-10-16,Wednesday,0,0,Autumn,5.8,1,0,74,80,67
2019-10-17,Thursday,0,0,Autumn,11.2,0,0,67,80,80
2019-10-18,Friday,0,0,Autumn,7.3,0,0,80,76,81
2019-10-19,Saturday,1,0,Autumn,11.3,0,0,81,77,85
2019-10-20,Sunday,1,0,Autumn,4.6,1,0,85,87,93
2019-10-21,Monday,0,0,Autumn,5.8,0,0,93,72,91
2019-10-22,Tuesday,0,0,Autumn,8.9,1,0,91,74,81
2019-10-23,Wednesday,0,0,Autumn,11.1,0,1,81,67,86
2019-10-24,Thursday,0,0,Autumn,12.4,1,0,86,80,79
2019-10-25,Friday,0,0,Autumn,7.4,0,0,79,81,83
2019-10-26,Saturday,1,0,Autumn,12.7,1,0,83,85,81
2019-10-27,Sunday,1,0,Autumn,6.1,1,0,81,93,91
2019-10-28,Monday,0,0,Autumn,10.2,0,0,91,91,85
2019-10-29,Tuesday,0,0,Autumn,3.9,0,0,85,81,74
2019-10-30,Wednesday,0,0,Autumn,7.9,1,0,74,86,72
2019-10-31,Thursday,0,0,Autumn,-0.6,1,0,72,79,75
2019-11-01,Friday,0,0,Autumn,3.0,1,0,75,83,75
2019-11-02,Saturday,1,0,Autumn,7.6,0,0,75,81,80
2019-11-03,Sunday,1,0,Autumn,2.1,1,0,80,91,67
2019-11-04,Monday,0,0,Autumn,7.2,1,0,67,85,68
2019-11-05,Tuesday,0,0,Autumn,8.6,0,0,68,74,74
2019-11-06,Wednesday,0,0,Autumn,4.2,0,0,74,72,69
2019-11-07,Thursday,0,0,Autumn,2.7,0,0,69,75,67
2019-11-08,Friday,0,0,Autumn,4.1,1,0,67,75,64
2019-11-09,Saturday,1,0,Autumn,2.5,1,0,64,80,72
2019-11-10,Sunday,1,0,Autumn,5.0,0,0,72,67,68
2019-11-11,Monday,0,0,Autumn,5.5,0,0,68,68,59
2019-11-12,Tuesday,0,0,Autumn,4.1,0,0,59,74,62
2019-11-13,Wednesday,0,0,Autumn,10.0,0,0,62,69,82
2019-11-14,Thursday,0,0,Autumn,2.7,1,0,82,67,89
2019-11-15,Friday,0,0,Autumn,8.9,1,0,89,64,89
2019-11-16,Saturday,1,0,Autumn,1.5,0,0,89,72,91
2019-11-17,Sunday,1,0,Autumn,4.8,0,0,91,68,71
2019-11-18,Monday,0,0,Autumn,8.0,0,0,71,59,86
2019-11-19,Tuesday,0,0,Autumn,7.8,1,0,86,62,75
2019-11-20,Wednesday,0,0,Autumn,3.0,0,0,75,82,67
2019-11-21,Thursday,0,0,Autumn,5.9,0,0,67,89,96
2019-11-22,Friday,0,0,Autumn,5.4,1,1,96,89,96
2019-11-23,Saturday,1,0,Autumn,2.4,1,1,96,91,106
2019-11-24,Sunday,1,0,Autumn,5.8,1,0,106,71,87
2019-11-25,Monday,0,0,Autumn,9.5,0,0,87,86,86
2019-11-26,Tuesday,0,0,Autumn,5.3,0,0,86,75,83
2019-11-27,Wednesday,0,0,Autumn,5.5,1,0,83,67,78
2019-11-28,Thursday,0,0,Autumn,5.7,1,1,78,96,97
2019-11-29,Friday,0,0,Autumn,-0.7,1,0,97,96,90
2019-11-30,Saturday,1,0,Autumn,5.0,0,0,90,106,99
2019-12-01,Sunday,1,0,Winter,0.5,0,0,99,87,90
2019-12-02,Monday,0,0,Winter,1.7,1,0,90,86,68
2019-12-03,Tuesday,0,0,Winter,9.9,0,0,68,83,66
2019-12-04,Wednesday,0,0,Winter,2.6,0,1,66,78,73
2019-12-05,Thursday,0,0,Winter,1.1,0,0,73,97,87
2019-12-06,Friday,0,0,Winter,6.7,0,0,87,90,91
2019-12-07,Saturday,1,0,Winter,0.4,0,0,91,99,92
2019-12-08,Sunday,1,0,Winter,1.9,0,0,92,90,86
2019-12-09,Monday,0,0,Winter,6.9,0,1,86,68,73
2019-12-10,Tuesday,0,0,Winter,3.3,1,0,73,66,58
2019-12-11,Wednesday,0,0,Winter,-1.6,1,0,58,73,59
2019-12-12,Thursday,0,0,Winter,4.7,0,0,59,87,71
2019-12-13,Friday,0,0,Winter,1.9,0,0,71,91,84
2019-12-14,Saturday,1,0,Winter,7.7,1,0,84,92,86
2019-12-15,Sunday,1,0,Winter,1.2,0,0,86,86,88
2019-12-16,Monday,0,0,Winter,6.2,1,0,88,73,62
2019-12-17,Tuesday,0,0,Winter,8.3,0,0,62,58,55
2019-12-18,Wednesday,0,0,Winter,0.5,1,0,55,59,55
2019-12-19,Thursday,0,0,Winter,2.4,0,0,55,71,63
2019-12-20,Friday,0,0,Winter,4.2,1,0,63,84,76
2019-12-21,Saturday,1,0,Winter,0.4,0,0,76,86,91
2019-12-22,Sunday,1,0,Winter,3.8,0,0,91,88,97
2019-12-23,Monday,0,0,Winter,2.3,0,0,97,62,86
2019-12-24,Tuesday,0,1,Winter,2.3,0,0,86,55,88
2019-12-25,Wednesday,0,1,Winter,3.2,1,0,88,55,72
2019-12-26,Thursday,0,1,Winter,3.3,0,0,72,63,91
2019-12-27,Friday,0,0,Winter,3.6,0,0,91,76,104
2019-12-28,Saturday,1,0,Winter,1.3,1,0,104,91,85
2019-12-29,Sunday,1,0,Winter,1.5,0,0,85,97,83
2019-12-30,Monday,0,0,Winter,2.8,1,0,83,86,75
2019-12-31,Tuesday,0,1,Winter,3.0,1,0,75,88,78
2020-01-01,Wednesday,0,1,Winter,1.9,0,0,78,72,66
2020-01-02,Thursday,0,0,Winter,4.2,1,0,66,91,65
2020-01-03,Friday,0,0,Winter,-2.1,1,0,65,104,76
2020-01-04,Saturday,1,0,Winter,1.2,0,0,76,85,81
2020-01-05,Sunday,1,0,Winter,2.6,1,1,81,83,90
2020-01-06,Monday,0,0,Winter,0.9,0,0,90,75,89
2020-01-07,Tuesday,0,0,Winter,8.4,0,0,89,78,71
2020-01-08,Wednesday,0,0,Winter,3.6,0,0,71,66,84
2020-01-09,Thursday,0,0,Winter,4.1,0,0,84,65,88
2020-01-10,Friday,0,0,Winter,2.2,1,1,88,76,74
2020-01-11,Saturday,1,0,Winter,3.7,0,1,74,81,81
2020-01-12,Sunday,1,0,Winter,0.1,1,0,81,90,76
2020-01-13,Monday,0,0,Winter,3.4,0,0,76,89,67
2020-01-14,Tuesday,0,0,Winter,1.1,1,0,67,71,66
2020-01-15,Wednesday,0,0,Winter,3.2,0,0,66,84,74
2020-01-16,Thursday,0,0,Winter,-3.6,1,0,74,88,72
2020-01-17,Friday,0,0,Winter,0.8,0,0,72,74,76
2020-01-18,Saturday,1,0,Winter,8.6,0,0,76,81,84
2020-01-19,Sunday,1,0,Winter,6.8,0,0,84,76,86
2020-01-20,Monday,0,0,Winter,8.4,0,0,86,67,88
2020-01-21,Tuesday,0,0,Winter,8.7,0,0,88,66,59
2020-01-22,Wednesday,0,0,Winter,6.6,0,0,59,74,66
2020-01-23,Thursday,0,0,Winter,3.3,0,0,66,72,72
2020-01-24,Friday,0,0,Winter,1.7,1,0,72,76,71
2020-01-25,Saturday,1,0,Winter,8.3,1,0,71,84,82
2020-01-26,Sunday,1,0,Winter,5.2,1,1,82,86,97
2020-01-27,Monday,0,0,Winter,12.6,1,0,97,88,80
2020-01-28,Tuesday,0,0,Winter,4.1,1,0,80,59,81
2020-01-29,Wednesday,0,0,Winter,11.2,0,0,81,66,65
2020-01-30,Thursday,0,0,Winter,5.0,0,0,65,72,73
2020-01-31,Friday,0,0,Winter,9.5,0,0,73,71,77
2020-02-01,Saturday,1,0,Winter,10.7,0,1,77,82,96
2020-02-02,Sunday,1,0,Winter,2.7,1,0,96,97,94
2020-02-03,Monday,0,0,Winter,4.4,1,0,94,80,72
2020-02-04,Tuesday,0,0,Winter,2.9,1,0,72,81,75
2020-02-05,Wednesday,0,0,Winter,2.4,1,0,75,65,79
2020-02-06,Thursday,0,0,Winter,8.3,1,1,79,73,79
2020-02-07,Friday,0,0,Winter,5.8,0,0,79,77,76
2020-02-08,Saturday,1,0,Winter,6.7,0,0,76,96,97
2020-02-09,Sunday,1,0,Winter,8.3,1,0,97,94,98
2020-02-10,Monday,0,0,Winter,1.2,1,0,98,72,64
2020-02-11,Tuesday,0,0,Winter,10.8,0,0,64,75,73
2020-02-12,Wednesday,0,0,Winter,6.0,0,0,73,79,78
2020-02-13,Thursday,0,0,Winter,8.8,1,0,78,79,75
2020-02-14,Friday,0,0,Winter,9.2,1,0,75,76,87
2020-02-15,Saturday,1,0,Winter,11.6,0,0,87,97,84
2020-02-16,Sunday,1,0,Winter,7.3,1,0,84,98,71
2020-02-17,Monday,0,0,Winter,1.4,0,0,71,64,71
2020-02-18,Tuesday,0,0,Winter,8.1,1,0,71,73,61
2020-02-19,Wednesday,0,0,Winter,8.7,1,0,61,78,65
2020-02-20,Thursday,0,0,Winter,5.1,1,0,65,75,59
2020-02-21,Friday,0,0,Winter,8.8,1,0,59,87,78
2020-02-22,Saturday,1,0,Winter,7.4,1,0,78,84,85
2020-02-23,Sunday,1,0,Winter,4.6,0,0,85,71,80
2020-02-24,Monday,0,0,Winter,10.8,1,0,80,71,62
2020-02-25,Tuesday,0,0,Winter,7.3,0,0,62,61,61
2020-02-26,Wednesday,0,0,Winter,7.9,0,0,61,65,67
2020-02-27,Thursday,0,0,Winter,7.9,1,0,67,59,61
2020-02-28,Friday,0,0,Winter,13.2,0,0,61,78,72
2020-02-29,Saturday,1,0,Winter,9.5,0,0,72,85,84
2020-03-01,Sunday,1,0,Spring,10.0,0,0,84,80,93
2020-03-02,Monday,0,0,Spring,8.6,0,0,93,62,82
2020-03-03,Tuesday,0,0,Spring,11.5,0,0,82,61,84
2020-03-04,Wednesday,0,0,Spring,14.3,1,0,84,67,77
2020-03-05,Thursday,0,0,Spring,12.4,0,0,77,61,84
2020-03-06,Friday,0,0,Spring,12.7,0,0,84,72,78
2020-03-07,Saturday,1,0,Spring,12.6,0,0,78,84,94
2020-03-08,Sunday,1,0,Spring,6.8,0,0,94,93,97
2020-03-09,Monday,0,0,Spring,8.5,0,1,97,82,110
2020-03-10,Tuesday,0,0,Spring,10.7,0,0,110,84,90
2020-03-11,Wednesday,0,0,Spring,9.3,1,0,90,77,73
2020-03-12,Thursday,0,0,Spring,8.4,1,0,73,84,72
2020-03-13,Friday,0,0,Spring,6.2,0,0,72,78,75
2020-03-14,Saturday,1,0,Spring,7.9,0,0,75,94,93
2020-03-15,Sunday,1,0,Spring,11.4,0,0,93,97,89
2020-03-16,Monday,0,0,Spring,12.1,0,0,89,110,94
2020-03-17,Tuesday,0,0,Spring,10.1,0,0,94,90,89
2020-03-18,Wednesday,0,0,Spring,12.9,0,0,89,73,91
2020-03-19,Thursday,0,0,Spring,11.5,0,0,91,72,91
2020-03-20,Friday,0,0,Spring,16.3,0,0,91,75,98
2020-03-21,Saturday,1,0,Spring,12.7,1,0,98,93,103
2020-03-22,Sunday,1,0,Spring,15.4,0,0,103,89,110
2020-03-23,Monday,0,0,Spring,14.1,0,0,110,94,87
2020-03-24,Tuesday,0,0,Spring,9.5,1,0,87,89,72
2020-03-25,Wednesday,0,0,Spring,13.6,0,0,72,91,82
2020-03-26,Thursday,0,0,Spring,10.3,0,0,82,91,88
2020-03-27,Friday,0,0,Spring,13.9,0,0,88,98,89
2020-03-28,Saturday,1,0,Spring,12.1,1,0,89,103,102
2020-03-29,Sunday,1,0,Spring,15.7,0,0,102,110,98
2020-03-30,Monday,0,0,Spring,10.7,0,0,98,87,87
2020-03-31,Tuesday,0,0,Spring,14.9,0,0,87,72,83
2020-04-01,Wednesday,0,0,Spring,16.8,0,0,83,82,90
2020-04-02,Thursday,0,0,Spring,17.9,0,0,90,88,90
2020-04-03,Friday,0,0,Spring,13.1,0,0,90,89,103
2020-04-04,Saturday,1,0,Spring,15.6,0,0,103,102,120
2020-04-05,Sunday,1,0,Spring,16.3,0,0,120,98,123
2020-04-06,Monday,0,0,Spring,20.5,1,0,123,87,114
2020-04-07,Tuesday,0,0,Spring,11.6,0,0,114,83,104
2020-04-08,Wednesday,0,0,Spring,13.5,0,0,104,90,100
2020-04-09,Thursday,0,0,Spring,24.8,0,0,100,90,96
2020-04-10,Friday,0,0,Spring,15.7,0,0,96,103,98
2020-04-11,Saturday,1,0,Spring,11.0,0,0,98,120,116
2020-04-12,Sunday,1,0,Spring,15.1,0,0,116,123,104
2020-04-13,Monday,0,0,Spring,8.7,1,0,104,114,104
2020-04-14,Tuesday,0,0,Spring,17.9,0,0,104,104,96
2020-04-15,Wednesday,0,0,Spring,19.8,0,0,96,100,94
2020-04-16,Thursday,0,0,Spring,14.7,1,0,94,96,98
2020-04-17,Friday,0,0,Spring,16.2,0,0,98,98,103
2020-04-18,Saturday,1,0,Spring,20.6,0,0,103,116,112
2020-04-19,Sunday,1,0,Spring,12.7,1,0,112,104,99
2020-04-20,Monday,0,0,Spring,14.1,0,0,99,104,85
2020-04-21,Tuesday,0,0,Spring,17.5,0,0,85,96,75
2020-04-22,Wednesday,0,0,Spring,16.1,0,0,75,94,95
2020-04-23,Thursday,0,0,Spring,17.6,0,0,95,98,97
2020-04-24,Friday,0,0,Spring,14.9,0,0,97,103,96
2020-04-25,Saturday,1,0,Spring,19.4,1,0,96,112,112
2020-04-26,Sunday,1,0,Spring,18.5,1,0,112,99,101
2020-04-27,Monday,0,0,Spring,20.7,0,1,101,85,96
2020-04-28,Tuesday,0,0,Spring,19.8,1,0,96,75,95
2020-04-29,Wednesday,0,0,Spring,20.0,1,0,95,95,98
2020-04-30,Thursday,0,0,Spring,15.1,0,1,98,97,107
2020-05-01,Friday,0,1,Spring,21.1,0,0,107,96,109
2020-05-02,Saturday,1,0,Spring,18.7,0,1,109,112,124
2020-05-03,Sunday,1,0,Spring,19.4,0,0,124,101,120
2020-05-04,Monday,0,0,Spring,23.1,1,0,120,96,105
2020-05-05,Tuesday,0,0,Spring,18.0,1,0,105,95,104
2020-05-06,Wednesday,0,0,Spring,24.3,1,0,104,98,93
2020-05-07,Thursday,0,0,Spring,24.7,0,0,93,107,101
2020-05-08,Friday,0,0,Spring,22.7,0,0,101,109,113
2020-05-09,Saturday,1,0,Spring,17.6,0,0,113,124,116
2020-05-10,Sunday,1,0,Spring,14.1,0,0,116,120,122
2020-05-11,Monday,0,0,Spring,24.0,0,0,122,105,120
2020-05-12,Tuesday,0,0,Spring,21.2,0,0,120,104,110
2020-05-13,Wednesday,0,0,Spring,18.8,0,0,110,93,104
2020-05-14,Thursday,0,0,Spring,24.6,0,0,104,101,104
2020-05-15,Friday,0,0,Spring,18.6,0,0,104,113,107
2020-05-16,Saturday,1,0,Spring,20.0,0,1,107,116,133
2020-05-17,Sunday,1,0,Spring,23.0,1,0,133,122,118
2020-05-18,Monday,0,0,Spring,18.2,0,0,118,120,116
2020-05-19,Tuesday,0,0,Spring,21.3,0,0,116,110,106
2020-05-20,Wednesday,0,0,Spring,24.9,0,0,106,104,100
2020-05-21,Thursday,0,0,Spring,22.4,0,0,100,104,111
2020-05-22,Friday,0,0,Spring,25.6,0,0,111,107,119
2020-05-23,Saturday,1,0,Spring,25.3,1,0,119,133,121
2020-05-24,Sunday,1,0,Spring,22.0,0,0,121,118,119
2020-05-25,Monday,0,0,Spring,15.1,0,0,119,116,108
2020-05-26,Tuesday,0,0,Spring,18.8,0,0,108,106,105
2020-05-27,Wednesday,0,0,Spring,24.5,0,0,105,100,100
2020-05-28,Thursday,0,0,Spring,17.6,1,0,100,111,113
2020-05-29,Friday,0,0,Spring,21.4,1,0,113,119,105
2020-05-30,Saturday,1,0,Spring,23.4,0,0,105,121,107
2020-05-31,Sunday,1,0,Spring,26.9,0,0,107,119,116
2020-06-01,Monday,0,0,Summer,20.8,0,0,116,108,96
2020-06-02,Tuesday,0,0,Summer,20.6,0,0,96,105,95
2020-06-03,Wednesday,0,0,Summer,22.5,0,0,95,100,96
2020-06-04,Thursday,0,0,Summer,23.7,1,0,96,113,104
2020-06-05,Friday,0,0,Summer,22.2,0,0,104,105,110
2020-06-06,Saturday,1,0,Summer,25.9,0,0,110,107,121
2020-06-07,Sunday,1,0,Summer,20.4,0,0,121,116,116
2020-06-08,Monday,0,0,Summer,23.2,0,0,116,96,105
2020-06-09,Tuesday,0,0,Summer,24.2,0,0,105,95,108
2020-06-10,Wednesday,0,0,Summer,21.7,0,0,108,96,89
2020-06-11,Thursday,0,0,Summer,25.4,0,0,89,104,105
2020-06-12,Friday,0,0,Summer,23.4,0,0,105,110,98
2020-06-13,Saturday,1,0,Summer,25.3,1,0,98,121,115
2020-06-14,Sunday,1,0,Summer,23.5,0,0,115,116,124
2020-06-15,Monday,0,0,Summer,24.1,0,0,124,105,116
2020-06-16,Tuesday,0,0,Summer,21.1,0,0,116,108,106
2020-06-17,Wednesday,0,0,Summer,21.1,0,0,106,89,104
2020-06-18,Thursday,0,0,Summer,26.7,0,0,104,105,104
2020-06-19,Friday,0,0,Summer,24.9,0,0,104,98,120
2020-06-20,Saturday,1,0,Summer,19.9,0,0,120,115,130
2020-06-21,Sunday,1,0,Summer,23.5,0,0,130,124,122
2020-06-22,Monday,0,0,Summer,15.9,0,0,122,116,122
2020-06-23,Tuesday,0,0,Summer,21.3,0,0,122,106,114
2020-06-24,Wednesday,0,0,Summer,25.9,1,0,114,104,101
2020-06-25,Thursday,0,0,Summer,22.6,0,0,101,104,115
2020-06-26,Friday,0,0,Summer,23.3,0,0,115,120,132
2020-06-27,Saturday,1,0,Summer,13.9,0,0,132,130,129
2020-06-28,Sunday,1,0,Summer,21.7,0,1,129,122,137
2020-06-29,Monday,0,0,Summer,23.9,0,0,137,122,124
2020-06-30,Tuesday,0,0,Summer,24.2,0,0,124,114,121
2020-07-01,Wednesday,0,0,Summer,25.7,1,0,121,101,116
2020-07-02,Thursday,0,0,Summer,22.1,0,0,116,115,123
2020-07-03,Friday,0,0,Summer,22.2,0,1,123,132,122
2020-07-04,Saturday,1,0,Summer,18.7,0,0,122,129,124
2020-07-05,Sunday,1,0,Summer,22.0,1,0,124,137,133
2020-07-06,Monday,0,0,Summer,18.8,0,0,133,124,116
2020-07-07,Tuesday,0,0,Summer,17.0,1,0,116,121,112
2020-07-08,Wednesday,0,0,Summer,19.2,0,0,112,116,105
2020-07-09,Thursday,0,0,Summer,27.0,0,1,105,123,128
2020-07-10,Friday,0,0,Summer,21.6,1,1,128,122,131
2020-07-11,Saturday,1,0,Summer,23.0,0,0,131,124,137
2020-07-12,Sunday,1,0,Summer,20.7,0,0,137,133,136
2020-07-13,Monday,0,0,Summer,16.8,0,0,136,116,109
2020-07-14,Tuesday,0,0,Summer,24.9,0,0,109,112,125
2020-07-15,Wednesday,0,0,Summer,15.5,1,0,125,105,100
2020-07-16,Thursday,0,0,Summer,20.3,1,0,100,128,126
2020-07-17,Friday,0,0,Summer,21.7,0,0,126,131,113
2020-07-18,Saturday,1,0,Summer,22.5,0,0,113,137,128
2020-07-19,Sunday,1,0,Summer,19.5,0,0,128,136,120
2020-07-20,Monday,0,0,Summer,16.1,0,0,120,109,121
2020-07-21,Tuesday,0,0,Summer,19.1,0,1,121,125,117
2020-07-22,Wednesday,0,0,Summer,19.2,0,0,117,100,102
2020-07-23,Thursday,0,0,Summer,19.0,1,0,102,126,109
2020-07-24,Friday,0,0,Summer,24.2,0,0,109,113,126
2020-07-25,Saturday,1,0,Summer,17.5,0,0,126,128,138
2020-07-26,Sunday,1,0,Summer,22.0,1,1,138,120,134
2020-07-27,Monday,0,0,Summer,21.4,1,0,134,121,116
2020-07-28,Tuesday,0,0,Summer,23.7,0,0,116,117,118
2020-07-29,Wednesday,0,0,Summer,20.4,0,0,118,102,110
2020-07-30,Thursday,0,0,Summer,23.0,0,0,110,109,113
2020-07-31,Friday,0,0,Summer,20.0,0,0,113,126,119
2020-08-01,Saturday,1,0,Summer,21.7,0,0,119,138,135
2020-08-02,Sunday,1,0,Summer,15.8,0,0,135,134,134
2020-08-03,Monday,0,0,Summer,12.3,0,1,134,116,134
2020-08-04,Tuesday,0,0,Summer,21.2,0,0,134,118,117
2020-08-05,Wednesday,0,0,Summer,21.2,1,0,117,110,105
2020-08-06,Thursday,0,0,Summer,21.2,1,1,105,113,114
2020-08-07,Friday,0,0,Summer,18.1,0,0,114,119,116
2020-08-08,Saturday,1,0,Summer,24.0,0,0,116,135,135
2020-08-09,Sunday,1,0,Summer,18.1,0,0,135,134,124
2020-08-10,Monday,0,0,Summer,20.6,0,0,124,134,129
2020-08-11,Tuesday,0,0,Summer,21.0,1,0,129,117,114
2020-08-12,Wednesday,0,0,Summer,24.2,0,0,114,105,120
2020-08-13,Thursday,0,0,Summer,17.9,0,0,120,114,134
2020-08-14,Friday,0,0,Summer,16.8,0,0,134,116,132
2020-08-15,Saturday,1,0,Summer,14.1,0,0,132,135,137
2020-08-16,Sunday,1,0,Summer,23.1,0,1,137,124,147
2020-08-17,Monday,0,0,Summer,19.6,0,0,147,129,127
2020-08-18,Tuesday,0,0,Summer,19.5,0,0,127,114,119
2020-08-19,Wednesday,0,0,Summer,27.4,0,0,119,120,115
2020-08-20,Thursday,0,0,Summer,18.9,1,0,115,134,112
2020-08-21,Friday,0,0,Summer,13.8,0,0,112,132,121
2020-08-22,Saturday,1,0,Summer,17.0,0,0,121,137,130
2020-08-23,Sunday,1,0,Summer,14.5,0,0,130,147,135
2020-08-24,Monday,0,0,Summer,16.1,1,0,135,127,119
2020-08-25,Tuesday,0,0,Summer,15.9,0,0,119,119,111
2020-08-26,Wednesday,0,0,Summer,15.2,0,0,111,115,115
2020-08-27,Thursday,0,0,Summer,12.6,0,0,115,112,107
2020-08-28,Friday,0,0,Summer,21.4,0,0,107,121,118
2020-08-29,Saturday,1,0,Summer,17.4,1,1,118,130,138
2020-08-30,Sunday,1,0,Summer,15.6,0,0,138,135,137
2020-08-31,Monday,0,0,Summer,18.4,0,0,137,119,121
2020-09-01,Tuesday,0,0,Autumn,17.4,1,0,121,111,93
2020-09-02,Wednesday,0,0,Autumn,16.6,1,0,93,115,93
2020-09-03,Thursday,0,0,Autumn,17.7,0,0,93,107,113
2020-09-04,Friday,0,0,Autumn,15.9,0,0,113,118,111
2020-09-05,Saturday,1,0,Autumn,17.3,1,0,111,138,118
2020-09-06,Sunday,1,0,Autumn,17.4,1,0,118,137,119
2020-09-07,Monday,0,0,Autumn,15.5,0,0,119,121,112
2020-09-08,Tuesday,0,0,Autumn,14.2,0,0,112,93,94
2020-09-09,Wednesday,0,0,Autumn,19.2,1,0,94,93,96
2020-09-10,Thursday,0,0,Autumn,13.0,0,0,96,113,102
2020-09-11,Friday,0,0,Autumn,15.5,0,0,102,111,93
2020-09-12,Saturday,1,0,Autumn,15.4,0,0,93,118,89
2020-09-13,Sunday,1,0,Autumn,12.1,1,0,89,119,94
2020-09-14,Monday,0,0,Autumn,11.4,1,0,94,112,82
2020-09-15,Tuesday,0,0,Autumn,12.6,0,0,82,94,87
2020-09-16,Wednesday,0,0,Autumn,12.0,0,0,87,96,86
2020-09-17,Thursday,0,0,Autumn,8.9,0,0,86,102,94
2020-09-18,Friday,0,0,Autumn,11.2,1,0,94,93,95
2020-09-19,Saturday,1,0,Autumn,13.7,0,0,95,89,92
2020-09-20,Sunday,1,0,Autumn,16.6,0,0,92,94,95
2020-09-21,Monday,0,0,Autumn,14.3,0,0,95,82,83
2020-09-22,Tuesday,0,0,Autumn,4.6,0,0,83,87,86
2020-09-23,Wednesday,0,0,Autumn,14.2,0,0,86,86,85
2020-09-24,Thursday,0,0,Autumn,10.4,1,0,85,94,94
2020-09-25,Friday,0,0,Autumn,13.3,1,0,94,95,102
2020-09-26,Saturday,1,0,Autumn,11.7,0,0,102,92,101
2020-09-27,Sunday,1,0,Autumn,11.0,1,0,101,95,92
2020-09-28,Monday,0,0,Autumn,11.1,1,0,92,83,75
2020-09-29,Tuesday,0,0,Autumn,11.2,1,0,75,86,80
2020-09-30,Wednesday,0,0,Autumn,15.1,1,0,80,85,79
2020-10-01,Thursday,0,0,Autumn,10.8,0,0,79,94,81
2020-10-02,Friday,0,0,Autumn,14.0,0,0,81,102,99
2020-10-03,Saturday,1,0,Autumn,13.4,0,0,99,101,111
2020-10-04,Sunday,1,0,Autumn,12.4,0,0,111,92,97
2020-10-05,Monday,0,0,Autumn,4.9,0,0,97,75,84
2020-10-06,Tuesday,0,0,Autumn,13.4,1,0,84,80,83
2020-10-07,Wednesday,0,0,Autumn,8.5,0,0,83,79,92
2020-10-08,Thursday,0,0,Autumn,11.9,1,0,92,81,84
2020-10-09,Friday,0,0,Autumn,6.6,1,0,84,99,87
2020-10-10,Saturday,1,0,Autumn,5.9,0,0,87,111,103
2020-10-11,Sunday,1,0,Autumn,15.2,1,0,103,97,108
2020-10-12,Monday,0,0,Autumn,6.2,1,0,108,84,89
2020-10-13,Tuesday,0,0,Autumn,12.4,0,0,89,83,86
2020-10-14,Wednesday,0,0,Autumn,9.1,1,0,86,92,78
2020-10-15,Thursday,0,0,Autumn,7.4,0,0,78,84,79
2020-10-16,Friday,0,0,Autumn,8.3,0,0,79,87,84
2020-10-17,Saturday,1,0,Autumn,4.4,0,0,84,103,99
2020-10-18,Sunday,1,0,Autumn,8.1,0,0,99,108,104
2020-10-19,Monday,0,0,Autumn,4.8,0,0,104,89,84
2020-10-20,Tuesday,0,0,Autumn,6.7,1,0,84,86,83
2020-10-21,Wednesday,0,0,Autumn,10.5,0,0,83,78,80
2020-10-22,Thursday,0,0,Autumn,8.3,0,0,80,79,80
2020-10-23,Friday,0,0,Autumn,3.0,0,0,80,84,88
2020-10-24,Saturday,1,0,Autumn,9.8,0,0,88,99,103
2020-10-25,Sunday,1,0,Autumn,7.1,0,1,103,104,111
2020-10-26,Monday,0,0,Autumn,5.4,0,0,111,84,104
2020-10-27,Tuesday,0,0,Autumn,9.1,0,0,104,83,77
2020-10-28,Wednesday,0,0,Autumn,6.2,1,0,77,80,80
2020-10-29,Thursday,0,0,Autumn,3.1,1,0,80,80,69
2020-10-30,Friday,0,0,Autumn,12.0,0,0,69,88,83
2020-10-31,Saturday,1,0,Autumn,6.3,1,1,83,103,99
2020-11-01,Sunday,1,0,Autumn,6.0,1,0,99,111,97
2020-11-02,Monday,0,0,Autumn,4.9,0,0,97,104,83
2020-11-03,Tuesday,0,0,Autumn,9.5,0,0,83,77,69
2020-11-04,Wednesday,0,0,Autumn,4.3,0,0,69,80,59
2020-11-05,Thursday,0,0,Autumn,1.1,0,0,59,69,64
2020-11-06,Friday,0,0,Autumn,3.6,0,1,64,83,84
2020-11-07,Saturday,1,0,Autumn,9.5,0,0,84,99,99
2020-11-08,Sunday,1,0,Autumn,7.9,0,0,99,97,106
2020-11-09,Monday,0,0,Autumn,4.5,0,0,106,83,94
2020-11-10,Tuesday,0,0,Autumn,9.3,0,0,94,69,89
2020-11-11,Wednesday,0,0,Autumn,7.3,0,0,89,59,70
2020-11-12,Thursday,0,0,Autumn,4.2,0,0,70,64,78
2020-11-13,Friday,0,0,Autumn,4.4,0,0,78,84,85
2020-11-14,Saturday,1,0,Autumn,5.7,0,0,85,99,85
2020-11-15,Sunday,1,0,Autumn,2.2,0,0,85,106,99
2020-11-16,Monday,0,0,Autumn,4.6,1,0,99,94,78
2020-11-17,Tuesday,0,0,Autumn,5.4,0,0,78,89,71
2020-11-18,Wednesday,0,0,Autumn,-0.7,1,0,71,70,76
2020-11-19,Thursday,0,0,Autumn,3.7,1,0,76,78,75
2020-11-20,Friday,0,0,Autumn,3.3,0,0,75,85,74
2020-11-21,Saturday,1,0,Autumn,7.2,0,0,74,85,82
2020-11-22,Sunday,1,0,Autumn,-1.5,1,0,82,99,91
2020-11-23,Monday,0,0,Autumn,2.8,0,1,91,78,78
2020-11-24,Tuesday,0,0,Autumn,2.5,1,0,78,71,68
2020-11-25,Wednesday,0,0,Autumn,6.7,1,0,68,76,68
2020-11-26,Thursday,0,0,Autumn,3.6,0,0,68,75,91
2020-11-27,Friday,0,0,Autumn,9.1,0,1,91,74,85
2020-11-28,Saturday,1,0,Autumn,5.6,1,0,85,82,76
2020-11-29,Sunday,1,0,Autumn,2.4,0,0,76,91,79
2020-11-30,Monday,0,0,Autumn,4.2,0,0,79,78,70
2020-12-01,Tuesday,0,0,Winter,2.4,1,0,70,68,63
2020-12-02,Wednesday,0,0,Winter,6.0,0,0,63,68,62
2020-12-03,Thursday,0,0,Winter,-0.6,1,0,62,91,73
2020-12-04,Friday,0,0,Winter,0.9,1,0,73,85,75
2020-12-05,Saturday,1,0,Winter,4.7,0,1,75,76,82
2020-12-06,Sunday,1,0,Winter,6.9,0,0,82,79,81
2020-12-07,Monday,0,0,Winter,-3.4,0,0,81,70,66
2020-12-08,Tuesday,0,0,Winter,7.3,1,0,66,63,70
2020-12-09,Wednesday,0,0,Winter,2.7,0,0,70,62,72
2020-12-10,Thursday,0,0,Winter,-2.5,0,0,72,73,74
2020-12-11,Friday,0,0,Winter,-5.0,1,0,74,75,64
2020-12-12,Saturday,1,0,Winter,-1.5,0,0,64,82,77
2020-12-13,Sunday,1,0,Winter,3.0,0,0,77,81,71
2020-12-14,Monday,0,0,Winter,2.8,1,1,71,66,74
2020-12-15,Tuesday,0,0,Winter,4.9,0,0,74,70,78
2020-12-16,Wednesday,0,0,Winter,1.4,1,0,78,72,53
2020-12-17,Thursday,0,0,Winter,-0.3,0,0,53,74,61
2020-12-18,Friday,0,0,Winter,1.8,1,0,61,64,63
2020-12-19,Saturday,1,0,Winter,3.1,0,0,63,77,82
2020-12-20,Sunday,1,0,Winter,3.7,0,0,82,71,75
2020-12-21,Monday,0,0,Winter,0.6,1,0,75,74,61
2020-12-22,Tuesday,0,0,Winter,5.7,0,0,61,78,67
2020-12-23,Wednesday,0,0,Winter,1.2,0,1,67,53,73
2020-12-24,Thursday,0,1,Winter,0.4,1,0,73,61,72
2020-12-25,Friday,0,1,Winter,1.4,0,0,72,63,83
2020-12-26,Saturday,1,1,Winter,6.3,1,0,83,82,95
2020-12-27,Sunday,1,0,Winter,2.7,0,0,95,75,82
2020-12-28,Monday,0,0,Winter,1.0,0,0,82,61,68
2020-12-29,Tuesday,0,0,Winter,5.9,0,0,68,67,70
2020-12-30,Wednesday,0,0,Winter,9.6,0,0,70,73,66
2020-12-31,Thursday,0,1,Winter,3.8,1,0,66,72,67
2021-01-01,Friday,0,1,Winter,6.9,1,0,67,83,69
2021-01-02,Saturday,1,0,Winter,6.4,0,0,69,95,93
2021-01-03,Sunday,1,0,Winter,1.5,0,0,93,82,102
2021-01-04,Monday,0,0,Winter,3.4,0,0,102,68,75
2021-01-05,Tuesday,0,0,Winter,-0.5,0,0,75,70,72
2021-01-06,Wednesday,0,0,Winter,2.8,0,0,72,66,76
2021-01-07,Thursday,0,0,Winter,1.6,0,0,76,67,63
2021-01-08,Friday,0,0,Winter,2.3,0,0,63,69,72
2021-01-09,Saturday,1,0,Winter,1.4,0,0,72,93,93
2021-01-10,Sunday,1,0,Winter,2.8,1,0,93,102,88
2021-01-11,Monday,0,0,Winter,5.3,0,0,88,75,76
2021-01-12,Tuesday,0,0,Winter,3.4,0,0,76,72,80
2021-01-13,Wednesday,0,0,Winter,-1.7,0,0,80,76,69
2021-01-14,Thursday,0,0,Winter,1.7,1,0,69,63,60
2021-01-15,Friday,0,0,Winter,-0.6,1,0,60,72,63
2021-01-16,Saturday,1,0,Winter,4.8,0,0,63,93,93
2021-01-17,Sunday,1,0,Winter,5.7,1,0,93,88,92
2021-01-18,Monday,0,0,Winter,5.0,1,0,92,76,79
2021-01-19,Tuesday,0,0,Winter,2.0,0,0,79,80,77
2021-01-20,Wednesday,0,0,Winter,5.2,0,0,77,69,64
2021-01-21,Thursday,0,0,Winter,3.1,1,0,64,60,65
2021-01-22,Friday,0,0,Winter,1.2,0,1,65,63,73
2021-01-23,Saturday,1,0,Winter,6.9,0,0,73,93,85
2021-01-24,Sunday,1,0,Winter,7.2,0,0,85,92,87
2021-01-25,Monday,0,0,Winter,7.7,0,1,87,79,92
2021-01-26,Tuesday,0,0,Winter,3.2,1,0,92,77,89
2021-01-27,Wednesday,0,0,Winter,8.6,1,0,89,64,68
2021-01-28,Thursday,0,0,Winter,3.7,1,0,68,65,73
2021-01-29,Friday,0,0,Winter,7.3,1,0,73,73,73
2021-01-30,Saturday,1,0,Winter,3.9,1,0,73,85,85
2021-01-31,Sunday,1,0,Winter,4.9,0,0,85,87,88
2021-02-01,Monday,0,0,Winter,-1.6,1,0,88,92,71
2021-02-02,Tuesday,0,0,Winter,4.9,0,0,71,89,70
2021-02-03,Wednesday,0,0,Winter,6.2,0,0,70,68,68
2021-02-04,Thursday,0,0,Winter,4.8,1,0,68,73,71
2021-02-05,Friday,0,0,Winter,11.4,1,0,71,73,79
2021-02-06,Saturday,1,0,Winter,2.8,0,0,79,85,106
2021-02-07,Sunday,1,0,Winter,4.7,0,0,106,88,100
2021-02-08,Monday,0,0,Winter,3.8,0,0,100,71,71
2021-02-09,Tuesday,0,0,Winter,5.0,1,0,71,70,74
2021-02-10,Wednesday,0,0,Winter,9.9,0,0,74,68,77
2021-02-11,Thursday,0,0,Winter,11.4,0,1,77,71,84
2021-02-12,Friday,0,0,Winter,5.0,0,0,84,79,75
2021-02-13,Saturday,1,0,Winter,5.0,1,0,75,106,85
2021-02-14,Sunday,1,0,Winter,3.9,1,0,85,100,94
2021-02-15,Monday,0,0,Winter,11.4,1,0,94,71,81
2021-02-16,Tuesday,0,0,Winter,11.0,1,0,81,74,83
2021-02-17,Wednesday,0,0,Winter,7.5,0,0,83,77,87
2021-02-18,Thursday,0,0,Winter,3.7,0,0,87,84,84
2021-02-19,Friday,0,0,Winter,4.1,0,0,84,75,60
2021-02-20,Saturday,1,0,Winter,8.7,0,0,60,85,73
2021-02-21,Sunday,1,0,Winter,10.0,1,0,73,94,71
2021-02-22,Monday,0,0,Winter,2.3,0,0,71,81,80
2021-02-23,Tuesday,0,0,Winter,7.7,1,1,80,83,86
2021-02-24,Wednesday,0,0,Winter,13.7,0,0,86,87,84
2021-02-25,Thursday,0,0,Winter,8.3,0,0,84,84,80
2021-02-26,Friday,0,0,Winter,13.6,1,0,80,60,84
2021-02-27,Saturday,1,0,Winter,11.3,1,0,84,73,78
2021-02-28,Sunday,1,0,Winter,6.2,0,0,78,71,70
2021-03-01,Monday,0,0,Spring,8.7,0,0,70,80,65
2021-03-02,Tuesday,0,0,Spring,9.4,0,0,65,86,76
2021-03-03,Wednesday,0,0,Spring,7.1,0,0,76,84,74
2021-03-04,Thursday,0,0,Spring,7.2,0,1,74,80,94
2021-03-05,Friday,0,0,Spring,14.8,1,0,94,84,93
2021-03-06,Saturday,1,0,Spring,7.5,0,0,93,78,85
2021-03-07,Sunday,1,0,Spring,13.9,0,0,85,70,86
2021-03-08,Monday,0,0,Spring,9.5,0,0,86,65,71
2021-03-09,Tuesday,0,0,Spring,10.9,0,0,71,76,75
2021-03-10,Wednesday,0,0,Spring,12.8,1,0,75,74,83
2021-03-11,Thursday,0,0,Spring,9.5,0,1,83,94,95
2021-03-12,Friday,0,0,Spring,13.2,1,1,95,93,98
2021-03-13,Saturday,1,0,Spring,5.5,1,0,98,85,97
2021-03-14,Sunday,1,0,Spring,13.1,0,0,97,86,94
2021-03-15,Monday,0,0,Spring,4.6,1,0,94,71,81
2021-03-16,Tuesday,0,0,Spring,11.5,1,0,81,75,79
2021-03-17,Wednesday,0,0,Spring,14.9,1,0,79,83,73
2021-03-18,Thursday,0,0,Spring,14.4,0,1,73,95,85
2021-03-19,Friday,0,0,Spring,8.8,0,0,85,98,90
2021-03-20,Saturday,1,0,Spring,9.3,0,0,90,97,102
2021-03-21,Sunday,1,0,Spring,10.9,0,0,102,94,113
2021-03-22,Monday,0,0,Spring,13.7,0,0,113,81,88
2021-03-23,Tuesday,0,0,Spring,7.2,0,0,88,79,75
2021-03-24,Wednesday,0,0,Spring,13.5,1,0,75,73,82
2021-03-25,Thursday,0,0,Spring,14.6,1,0,82,85,86
2021-03-26,Friday,0,0,Spring,13.0,0,0,86,90,92
2021-03-27,Saturday,1,0,Spring,15.6,1,0,92,102,105
2021-03-28,Sunday,1,0,Spring,14.9,0,0,105,113,118
2021-03-29,Monday,0,0,Spring,12.7,0,0,118,88,107
2021-03-30,Tuesday,0,0,Spring,8.7,1,0,107,75,82
2021-03-31,Wednesday,0,0,Spring,15.1,0,0,82,82,88
2021-04-01,Thursday,0,0,Spring,12.0,0,0,88,86,97
2021-04-02,Friday,0,0,Spring,13.3,1,0,97,92,93
2021-04-03,Saturday,1,0,Spring,16.7,1,0,93,105,105
2021-04-04,Sunday,1,0,Spring,19.6,1,0,105,118,105
2021-04-05,Monday,0,0,Spring,15.4,0,0,105,107,93
2021-04-06,Tuesday,0,0,Spring,17.4,0,0,93,82,93
2021-04-07,Wednesday,0,0,Spring,11.5,0,0,93,88,96
2021-04-08,Thursday,0,0,Spring,16.8,0,0,96,97,104
2021-04-09,Friday,0,0,Spring,16.0,1,0,104,93,90
2021-04-10,Saturday,1,0,Spring,20.1,0,0,90,105,115
2021-04-11,Sunday,1,0,Spring,14.9,1,0,115,105,112
2021-04-12,Monday,0,0,Spring,16.0,0,0,112,93,108
2021-04-13,Tuesday,0,0,Spring,20.0,0,0,108,93,94
2021-04-14,Wednesday,0,0,Spring,16.7,0,0,94,96,101
2021-04-15,Thursday,0,0,Spring,13.8,0,0,101,104,106
2021-04-16,Friday,0,0,Spring,25.0,0,0,106,90,98
2021-04-17,Saturday,1,0,Spring,14.2,1,0,98,115,109
2021-04-18,Sunday,1,0,Spring,17.4,0,0,109,112,105
2021-04-19,Monday,0,0,Spring,18.8,0,0,105,108,102
2021-04-20,Tuesday,0,0,Spring,18.7,0,0,102,94,114
2021-04-21,Wednesday,0,0,Spring,17.5,1,0,114,101,104
2021-04-22,Thursday,0,0,Spring,17.7,1,0,104,106,101
2021-04-23,Friday,0,0,Spring,17.7,0,1,101,98,101
2021-04-24,Saturday,1,0,Spring,15.2,1,0,101,109,109
2021-04-25,Sunday,1,0,Spring,25.1,1,0,109,105,109
2021-04-26,Monday,0,0,Spring,18.1,1,0,109,102,85
2021-04-27,Tuesday,0,0,Spring,20.7,1,0,85,114,86
2021-04-28,Wednesday,0,0,Spring,18.1,0,0,86,104,100
2021-04-29,Thursday,0,0,Spring,18.2,0,0,100,101,111
2021-04-30,Friday,0,0,Spring,18.0,0,0,111,101,110
2021-05-01,Saturday,1,1,Spring,14.8,0,0,110,109,127
2021-05-02,Sunday,1,0,Spring,19.1,0,0,127,109,120
2021-05-03,Monday,0,0,Spring,18.5,0,0,120,85,97
2021-05-04,Tuesday,0,0,Spring,23.4,0,0,97,86,111
2021-05-05,Wednesday,0,0,Spring,16.4,0,0,111,100,94
2021-05-06,Thursday,0,0,Spring,18.4,0,1,94,111,113
2021-05-07,Friday,0,0,Spring,17.5,1,0,113,110,105
2021-05-08,Saturday,1,0,Spring,24.7,0,0,105,127,119
2021-05-09,Sunday,1,0,Spring,17.9,0,0,119,120,130
2021-05-10,Monday,0,0,Spring,22.3,0,0,130,97,112
2021-05-11,Tuesday,0,0,Spring,23.6,0,0,112,111,107
2021-05-12,Wednesday,0,0,Spring,20.4,0,1,107,94,106
2021-05-13,Thursday,0,0,Spring,16.8,1,0,106,113,108
2021-05-14,Friday,0,0,Spring,16.9,0,0,108,105,102
2021-05-15,Saturday,1,0,Spring,23.7,0,0,102,119,117
2021-05-16,Sunday,1,0,Spring,17.4,1,0,117,130,116
2021-05-17,Monday,0,0,Spring,22.5,0,1,116,112,112
2021-05-18,Tuesday,0,0,Spring,21.7,0,0,112,107,97
2021-05-19,Wednesday,0,0,Spring,22.6,0,0,97,106,102
2021-05-20,Thursday,0,0,Spring,23.0,0,0,102,108,104
2021-05-21,Friday,0,0,Spring,18.9,0,0,104,102,109
2021-05-22,Saturday,1,0,Spring,18.8,0,1,109,117,110
2021-05-23,Sunday,1,0,Spring,24.0,0,1,110,116,121
2021-05-24,Monday,0,0,Spring,20.0,1,0,121,112,114
2021-05-25,Tuesday,0,0,Spring,13.7,0,0,114,97,90
2021-05-26,Wednesday,0,0,Spring,24.0,0,0,90,102,111
2021-05-27,Thursday,0,0,Spring,19.0,1,0,111,104,107
2021-05-28,Friday,0,0,Spring,23.6,0,1,107,109,119
2021-05-29,Saturday,1,0,Spring,26.5,0,0,119,110,124
2021-05-30,Sunday,1,0,Spring,22.4,0,0,124,121,117
2021-05-31,Monday,0,0,Spring,25.4,1,0,117,114,119
2021-06-01,Tuesday,0,0,Summer,22.9,1,1,119,90,114
2021-06-02,Wednesday,0,0,Summer,27.3,0,0,114,111,115
2021-06-03,Thursday,0,0,Summer,19.4,0,0,115,107,120
2021-06-04,Friday,0,0,Summer,22.6,0,0,120,119,125
2021-06-05,Saturday,1,0,Summer,24.7,0,0,125,124,126
2021-06-06,Sunday,1,0,Summer,22.1,0,0,126,117,125
2021-06-07,Monday,0,0,Summer,26.2,0,1,125,119,131
2021-06-08,Tuesday,0,0,Summer,21.5,0,0,131,114,120
2021-06-09,Wednesday,0,0,Summer,29.0,0,0,120,115,110
2021-06-10,Thursday,0,0,Summer,29.2,0,0,110,120,128
2021-06-11,Friday,0,0,Summer,23.7,0,0,128,125,130
2021-06-12,Saturday,1,0,Summer,24.6,0,0,130,126,131
2021-06-13,Sunday,1,0,Summer,26.5,1,1,131,125,140
2021-06-14,Monday,0,0,Summer,19.4,1,0,140,131,120
2021-06-15,Tuesday,0,0,Summer,19.0,1,0,120,120,101
2021-06-16,Wednesday,0,0,Summer,26.7,0,0,101,110,108
2021-06-17,Thursday,0,0,Summer,23.8,0,0,108,128,122
2021-06-18,Friday,0,0,Summer,22.3,0,0,122,130,125
2021-06-19,Saturday,1,0,Summer,23.0,1,0,125,131,127
2021-06-20,Sunday,1,0,Summer,15.8,1,0,127,140,125
2021-06-21,Monday,0,0,Summer,22.4,0,0,125,120,117
2021-06-22,Tuesday,0,0,Summer,20.7,0,0,117,101,110
2021-06-23,Wednesday,0,0,Summer,25.7,0,0,110,108,117
2021-06-24,Thursday,0,0,Summer,26.0,0,0,117,122,126
2021-06-25,Friday,0,0,Summer,24.7,0,0,126,125,142
2021-06-26,Saturday,1,0,Summer,24.1,0,0,142,127,151
2021-06-27,Sunday,1,0,Summer,18.4,0,0,151,125,131
2021-06-28,Monday,0,0,Summer,24.7,0,0,131,117,119
2021-06-29,Tuesday,0,0,Summer,24.8,0,0,119,110,120
2021-06-30,Wednesday,0,0,Summer,26.6,0,0,120,117,106
2021-07-01,Thursday,0,0,Summer,29.2,0,1,106,126,128
2021-07-02,Friday,0,0,Summer,17.7,0,0,128,142,125
2021-07-03,Saturday,1,0,Summer,21.6,0,0,125,151,137
2021-07-04,Sunday,1,0,Summer,20.5,0,0,137,131,133
2021-07-05,Monday,0,0,Summer,23.2,0,0,133,119,109
2021-07-06,Tuesday,0,0,Summer,22.7,0,0,109,120,129
2021-07-07,Wednesday,0,0,Summer,21.9,0,0,129,106,114
2021-07-08,Thursday,0,0,Summer,25.6,0,0,114,128,131
2021-07-09,Friday,0,0,Summer,19.2,0,0,131,125,116
2021-07-10,Saturday,1,0,Summer,19.3,0,0,116,137,124
2021-07-11,Sunday,1,0,Summer,19.3,0,0,124,133,133
2021-07-12,Monday,0,0,Summer,21.2,0,0,133,109,116
2021-07-13,Tuesday,0,0,Summer,18.6,0,0,116,129,121
2021-07-14,Wednesday,0,0,Summer,22.0,0,0,121,114,121
2021-07-15,Thursday,0,0,Summer,21.6,0,0,121,131,117
2021-07-16,Friday,0,0,Summer,19.7,1,0,117,116,124
2021-07-17,Saturday,1,0,Summer,24.6,0,1,124,124,142
2021-07-18,Sunday,1,0,Summer,21.7,0,0,142,133,126
2021-07-19,Monday,0,0,Summer,25.0,0,1,126,116,127
2021-07-20,Tuesday,0,0,Summer,21.1,0,0,127,121,124
2021-07-21,Wednesday,0,0,Summer,21.6,1,0,124,121,116
2021-07-22,Thursday,0,0,Summer,19.9,0,0,116,117,117
2021-07-23,Friday,0,0,Summer,21.4,0,0,117,124,125
2021-07-24,Saturday,1,0,Summer,23.5,1,0,125,142,121
2021-07-25,Sunday,1,0,Summer,20.0,0,0,121,126,123
2021-07-26,Monday,0,0,Summer,22.7,0,1,123,127,124
2021-07-27,Tuesday,0,0,Summer,18.6,0,0,124,124,123
2021-07-28,Wednesday,0,0,Summer,23.2,0,0,123,116,114
2021-07-29,Thursday,0,0,Summer,19.1,0,0,114,117,129
2021-07-30,Friday,0,0,Summer,23.3,0,0,129,125,124
2021-07-31,Saturday,1,0,Summer,20.8,0,1,124,121,127
2021-08-01,Sunday,1,0,Summer,25.1,0,0,127,123,137
2021-08-02,Monday,0,0,Summer,17.0,0,0,137,124,126
2021-08-03,Tuesday,0,0,Summer,15.9,0,0,126,123,120
2021-08-04,Wednesday,0,0,Summer,18.3,0,0,120,114,113
2021-08-05,Thursday,0,0,Summer,15.9,0,0,113,129,114
2021-08-06,Friday,0,0,Summer,15.8,0,0,114,124,121
2021-08-07,Saturday,1,0,Summer,21.7,1,1,121,127,129
2021-08-08,Sunday,1,0,Summer,19.7,0,1,129,137,151
2021-08-09,Monday,0,0,Summer,18.1,0,0,151,126,131
2021-08-10,Tuesday,0,0,Summer,18.3,0,0,131,120,118
2021-08-11,Wednesday,0,0,Summer,17.5,0,0,118,113,110
2021-08-12,Thursday,0,0,Summer,24.1,0,0,110,114,106
2021-08-13,Friday,0,0,Summer,16.8,0,0,106,121,119
2021-08-14,Saturday,1,0,Summer,14.9,0,0,119,129,120
2021-08-15,Sunday,1,0,Summer,21.1,0,0,120,151,130
2021-08-16,Monday,0,0,Summer,18.0,1,0,130,131,136
2021-08-17,Tuesday,0,0,Summer,24.6,0,1,136,118,119
2021-08-18,Wednesday,0,0,Summer,16.7,0,0,119,110,111
2021-08-19,Thursday,0,0,Summer,20.7,0,0,111,106,101
2021-08-20,Friday,0,0,Summer,21.3,0,0,101,119,109
2021-08-21,Saturday,1,0,Summer,16.3,0,1,109,120,125
2021-08-22,Sunday,1,0,Summer,15.5,0,0,125,130,116
2021-08-23,Monday,0,0,Summer,19.8,1,0,116,136,117
2021-08-24,Tuesday,0,0,Summer,19.1,0,0,117,119,124
2021-08-25,Wednesday,0,0,Summer,13.0,0,0,124,111,115
2021-08-26,Thursday,0,0,Summer,13.7,0,0,115,101,114
2021-08-27,Friday,0,0,Summer,9.3,0,1,114,109,130
2021-08-28,Saturday,1,0,Summer,18.6,0,0,130,125,135
2021-08-29,Sunday,1,0,Summer,15.8,0,0,135,116,109
2021-08-30,Monday,0,0,Summer,16.0,1,0,109,117,105
2021-08-31,Tuesday,0,0,Summer,11.2,0,0,105,124,88
2021-09-01,Wednesday,0,0,Autumn,12.9,1,1,88,115,94
2021-09-02,Thursday,0,0,Autumn,14.6,1,0,94,114,86
2021-09-03,Friday,0,0,Autumn,13.8,1,0,86,130,102
2021-09-04,Saturday,1,0,Autumn,16.0,1,0,102,135,107
2021-09-05,Sunday,1,0,Autumn,17.2,1,0,107,109,107
2021-09-06,Monday,0,0,Autumn,22.1,0,0,107,105,107
2021-09-07,Tuesday,0,0,Autumn,15.1,0,0,107,88,89
2021-09-08,Wednesday,0,0,Autumn,18.3,0,0,89,94,93
2021-09-09,Thursday,0,0,Autumn,12.3,0,0,93,86,72
2021-09-10,Friday,0,0,Autumn,9.6,0,0,72,102,77
2021-09-11,Saturday,1,0,Autumn,13.4,1,0,77,107,102
2021-09-12,Sunday,1,0,Autumn,9.5,0,1,102,107,104
2021-09-13,Monday,0,0,Autumn,14.2,0,0,104,107,94
2021-09-14,Tuesday,0,0,Autumn,11.6,0,0,94,89,82
2021-09-15,Wednesday,0,0,Autumn,7.9,1,0,82,93,68
2021-09-16,Thursday,0,0,Autumn,18.8,0,1,68,72,78
2021-09-17,Friday,0,0,Autumn,11.8,0,1,78,77,91
2021-09-18,Saturday,1,0,Autumn,8.4,0,0,91,102,96
2021-09-19,Sunday,1,0,Autumn,15.8,0,0,96,104,109
2021-09-20,Monday,0,0,Autumn,10.7,0,0,109,94,91
2021-09-21,Tuesday,0,0,Autumn,16.0,0,0,91,82,87
2021-09-22,Wednesday,0,0,Autumn,10.4,1,0,87,68,73
2021-09-23,Thursday,0,0,Autumn,10.8,1,0,73,78,82
2021-09-24,Friday,0,0,Autumn,13.3,0,0,82,91,80
2021-09-25,Saturday,1,0,Autumn,13.9,0,0,80,96,98
2021-09-26,Sunday,1,0,Autumn,14.2,0,0,98,109,106
2021-09-27,Monday,0,0,Autumn,11.5,1,0,106,91,84
2021-09-28,Tuesday,0,0,Autumn,13.2,1,0,84,87,80
2021-09-29,Wednesday,0,0,Autumn,13.6,0,0,80,73,82
2021-09-30,Thursday,0,0,Autumn,11.8,0,0,82,82,79
2021-10-01,Friday,0,0,Autumn,10.6,1,1,79,80,84
2021-10-02,Saturday,1,0,Autumn,6.6,0,0,84,98,85
2021-10-03,Sunday,1,0,Autumn,12.5,1,0,85,106,107
2021-10-04,Monday,0,0,Autumn,10.7,0,0,107,84,88
2021-10-05,Tuesday,0,0,Autumn,9.1,1,0,88,80,70
2021-10-06,Wednesday,0,0,Autumn,14.1,0,0,70,82,65
2021-10-07,Thursday,0,0,Autumn,5.8,1,0,65,79,64
2021-10-08,Friday,0,0,Autumn,14.8,1,0,64,84,79
2021-10-09,Saturday,1,0,Autumn,9.7,0,0,79,85,87
2021-10-10,Sunday,1,0,Autumn,10.5,1,0,87,107,95
2021-10-11,Monday,0,0,Autumn,8.2,0,0,95,88,91
2021-10-12,Tuesday,0,0,Autumn,4.2,0,0,91,70,77
2021-10-13,Wednesday,0,0,Autumn,8.7,0,0,77,65,73
2021-10-14,Thursday,0,0,Autumn,9.9,0,0,73,64,85
2021-10-15,Friday,0,0,Autumn,10.8,0,0,85,79,92
2021-10-16,Saturday,1,0,Autumn,8.0,0,1,92,87,105
2021-10-17,Sunday,1,0,Autumn,1.9,0,0,105,95,95
2021-10-18,Monday,0,0,Autumn,3.7,0,0,95,91,89
2021-10-19,Tuesday,0,0,Autumn,14.3,0,1,89,77,94
2021-10-20,Wednesday,0,0,Autumn,4.7,0,0,94,73,84
2021-10-21,Thursday,0,0,Autumn,12.1,1,1,84,85,95
2021-10-22,Friday,0,0,Autumn,4.9,0,0,95,92,95
2021-10-23,Saturday,1,0,Autumn,7.0,1,0,95,105,87
2021-10-24,Sunday,1,0,Autumn,9.3,0,0,87,95,93
2021-10-25,Monday,0,0,Autumn,4.8,0,0,93,89,76
2021-10-26,Tuesday,0,0,Autumn,11.9,0,0,76,94,86
2021-10-27,Wednesday,0,0,Autumn,7.2,0,0,86,84,71
2021-10-28,Thursday,0,0,Autumn,8.3,1,0,71,95,78
2021-10-29,Friday,0,0,Autumn,5.9,0,0,78,95,87
2021-10-30,Saturday,1,0,Autumn,8.6,0,0,87,87,85
2021-10-31,Sunday,1,0,Autumn,11.2,0,1,85,93,99
2021-11-01,Monday,0,0,Autumn,5.9,1,1,99,76,93
2021-11-02,Tuesday,0,0,Autumn,11.4,0,0,93,86,83
2021-11-03,Wednesday,0,0,Autumn,4.3,0,0,83,71,78
2021-11-04,Thursday,0,0,Autumn,8.3,0,0,78,78,83
2021-11-05,Friday,0,0,Autumn,7.3,0,0,83,87,79
2021-11-06,Saturday,1,0,Autumn,2.5,1,0,79,85,83
2021-11-07,Sunday,1,0,Autumn,6.2,0,0,83,99,89
2021-11-08,Monday,0,0,Autumn,5.5,0,0,89,93,83
2021-11-09,Tuesday,0,0,Autumn,2.8,0,0,83,83,67
2021-11-10,Wednesday,0,0,Autumn,6.3,1,0,67,78,59
2021-11-11,Thursday,0,0,Autumn,5.6,0,0,59,83,80
2021-11-12,Friday,0,0,Autumn,4.8,1,0,80,79,84
2021-11-13,Saturday,1,0,Autumn,4.7,1,0,84,83,87
2021-11-14,Sunday,1,0,Autumn,4.6,0,0,87,89,95
2021-11-15,Monday,0,0,Autumn,3.6,1,0,95,83,70
2021-11-16,Tuesday,0,0,Autumn,5.1,0,0,70,67,67
2021-11-17,Wednesday,0,0,Autumn,2.6,0,1,67,59,70
2021-11-18,Thursday,0,0,Autumn,12.4,0,1,70,80,81
2021-11-19,Friday,0,0,Autumn,0.2,0,0,81,84,74
2021-11-20,Saturday,1,0,Autumn,2.5,0,0,74,87,94
2021-11-21,Sunday,1,0,Autumn,2.7,1,0,94,95,85
2021-11-22,Monday,0,0,Autumn,10.3,1,1,85,70,85
2021-11-23,Tuesday,0,0,Autumn,0.1,1,0,85,67,72
2021-11-24,Wednesday,0,0,Autumn,5.3,0,0,72,70,79
2021-11-25,Thursday,0,0,Autumn,4.7,0,0,79,81,85
2021-11-26,Friday,0,0,Autumn,4.8,0,0,85,74,81
2021-11-27,Saturday,1,0,Autumn,7.5,1,0,81,94,80
2021-11-28,Sunday,1,0,Autumn,7.4,0,0,80,85,92
2021-11-29,Monday,0,0,Autumn,2.3,0,0,92,85,90
2021-11-30,Tuesday,0,0,Autumn,4.2,1,0,90,72,92
2021-12-01,Wednesday,0,0,Winter,-2.1,1,0,92,79,82
2021-12-02,Thursday,0,0,Winter,3.8,0,0,82,85,75
2021-12-03,Friday,0,0,Winter,1.0,1,0,75,81,70
2021-12-04,Saturday,1,0,Winter,2.8,0,0,70,80,65
2021-12-05,Sunday,1,0,Winter,-1.7,1,0,65,92,66
2021-12-06,Monday,0,0,Winter,4.5,1,0,66,90,58
2021-12-07,Tuesday,0,0,Winter,-1.8,1,0,58,92,66
2021-12-08,Wednesday,0,0,Winter,3.7,0,0,66,82,76
2021-12-09,Thursday,0,0,Winter,-0.5,1,0,76,75,85
2021-12-10,Friday,0,0,Winter,0.6,0,0,85,70,100
2021-12-11,Saturday,1,0,Winter,6.6,0,0,100,65,92
2021-12-12,Sunday,1,0,Winter,4.9,1,0,92,66,75
2021-12-13,Monday,0,0,Winter,6.5,0,0,75,58,63
2021-12-14,Tuesday,0,0,Winter,7.7,1,0,63,66,56
2021-12-15,Wednesday,0,0,Winter,0.7,0,0,56,76,79
2021-12-16,Thursday,0,0,Winter,7.5,0,1,79,85,68
2021-12-17,Friday,0,0,Winter,-1.4,0,0,68,100,90
2021-12-18,Saturday,1,0,Winter,5.2,0,0,90,92,86
2021-12-19,Sunday,1,0,Winter,1.5,1,0,86,75,75
2021-12-20,Monday,0,0,Winter,0.2,1,0,75,63,43
2021-12-21,Tuesday,0,0,Winter,4.8,1,0,43,56,56
2021-12-22,Wednesday,0,0,Winter,5.8,1,0,56,79,68
2021-12-23,Thursday,0,0,Winter,5.8,0,0,68,68,62
2021-12-24,Friday,0,1,Winter,3.7,1,0,62,90,85
2021-12-25,Saturday,1,1,Winter,3.4,0,1,85,86,108
2021-12-26,Sunday,1,1,Winter,4.6,0,0,108,75,95
2021-12-27,Monday,0,0,Winter,4.0,0,0,95,43,55
2021-12-28,Tuesday,0,0,Winter,4.7,0,0,55,56,55
2021-12-29,Wednesday,0,0,Winter,3.7,1,0,55,68,65
2021-12-30,Thursday,0,0,Winter,5.7,0,0,65,62,60
2021-12-31,Friday,0,1,Winter,-1.7,1,0,60,85,81
2022-01-01,Saturday,1,1,Winter,2.8,0,0,81,108,92
2022-01-02,Sunday,1,0,Winter,-0.9,0,0,92,95,88
2022-01-03,Monday,0,0,Winter,4.1,1,0,88,55,62
2022-01-04,Tuesday,0,0,Winter,8.3,0,0,62,55,62
2022-01-05,Wednesday,0,0,Winter,2.0,0,0,62,65,68
2022-01-06,Thursday,0,0,Winter,3.8,1,0,68,60,75
2022-01-07,Friday,0,0,Winter,5.8,1,0,75,81,77
2022-01-08,Saturday,1,0,Winter,-2.7,0,0,77,92,72
2022-01-09,Sunday,1,0,Winter,2.0,0,0,72,88,83
2022-01-10,Monday,0,0,Winter,4.8,1,0,83,62,65
2022-01-11,Tuesday,0,0,Winter,-5.0,0,0,65,62,57
2022-01-12,Wednesday,0,0,Winter,0.9,0,0,57,68,61
2022-01-13,Thursday,0,0,Winter,7.2,0,0,61,75,73
2022-01-14,Friday,0,0,Winter,6.9,0,0,73,77,75
2022-01-15,Saturday,1,0,Winter,5.1,1,0,75,72,81
2022-01-16,Sunday,1,0,Winter,6.7,1,0,81,83,83
2022-01-17,Monday,0,0,Winter,4.8,0,0,83,65,75
2022-01-18,Tuesday,0,0,Winter,5.9,1,0,75,57,69
2022-01-19,Wednesday,0,0,Winter,3.4,1,0,69,61,46
2022-01-20,Thursday,0,0,Winter,4.8,0,0,46,73,58
2022-01-21,Friday,0,0,Winter,2.6,1,0,58,75,64
2022-01-22,Saturday,1,0,Winter,8.4,1,0,64,81,74
2022-01-23,Sunday,1,0,Winter,9.3,0,0,74,83,75
2022-01-24,Monday,0,0,Winter,8.9,0,0,75,75,67
2022-01-25,Tuesday,0,0,Winter,3.7,1,0,67,69,66
2022-01-26,Wednesday,0,0,Winter,2.1,1,0,66,46,59
2022-01-27,Thursday,0,0,Winter,8.9,0,0,59,58,64
2022-01-28,Friday,0,0,Winter,6.8,0,0,64,64,63
2022-01-29,Saturday,1,0,Winter,6.3,1,0,63,74,79
2022-01-30,Sunday,1,0,Winter,3.5,0,0,79,75,84
2022-01-31,Monday,0,0,Winter,6.8,1,0,84,67,77
2022-02-01,Tuesday,0,0,Winter,2.4,1,0,77,66,60
2022-02-02,Wednesday,0,0,Winter,7.7,0,0,60,59,88
2022-02-03,Thursday,0,0,Winter,10.0,1,0,88,64,78
2022-02-04,Friday,0,0,Winter,10.9,1,0,78,63,69
2022-02-05,Saturday,1,0,Winter,8.3,0,0,69,79,97
2022-02-06,Sunday,1,0,Winter,2.1,0,0,97,84,94
2022-02-07,Monday,0,0,Winter,7.0,0,0,94,77,82
2022-02-08,Tuesday,0,0,Winter,12.9,1,0,82,60,73
2022-02-09,Wednesday,0,0,Winter,4.0,1,0,73,88,80
2022-02-10,Thursday,0,0,Winter,6.6,0,0,80,78,80
2022-02-11,Friday,0,0,Winter,11.2,1,0,80,69,65
2022-02-12,Saturday,1,0,Winter,8.9,1,0,65,97,81
2022-02-13,Sunday,1,0,Winter,14.6,0,0,81,94,96
2022-02-14,Monday,0,0,Winter,5.1,0,0,96,82,81
2022-02-15,Tuesday,0,0,Winter,4.5,1,0,81,73,63
2022-02-16,Wednesday,0,0,Winter,11.3,0,0,63,80,71
2022-02-17,Thursday,0,0,Winter,4.2,1,0,71,80,77
2022-02-18,Friday,0,0,Winter,7.3,0,1,77,65,93
2022-02-19,Saturday,1,0,Winter,7.9,1,0,93,81,81
2022-02-20,Sunday,1,0,Winter,11.3,0,0,81,96,81
2022-02-21,Monday,0,0,Winter,10.2,0,0,81,81,76
2022-02-22,Tuesday,0,0,Winter,9.9,1,0,76,63,62
2022-02-23,Wednesday,0,0,Winter,7.5,0,0,62,71,62
2022-02-24,Thursday,0,0,Winter,12.5,0,0,62,77,71
2022-02-25,Friday,0,0,Winter,21.1,0,0,71,93,93
2022-02-26,Saturday,1,0,Winter,11.2,1,0,93,81,84
2022-02-27,Sunday,1,0,Winter,9.6,0,0,84,81,77
2022-02-28,Monday,0,0,Winter,5.6,1,0,77,76,63
2022-03-01,Tuesday,0,0,Spring,7.7,0,1,63,62,63
2022-03-02,Wednesday,0,0,Spring,9.1,0,0,63,62,68
2022-03-03,Thursday,0,0,Spring,8.3,1,0,68,71,72
2022-03-04,Friday,0,0,Spring,10.1,0,1,72,93,100
2022-03-05,Saturday,1,0,Spring,15.6,0,0,100,84,95
2022-03-06,Sunday,1,0,Spring,14.2,0,0,95,77,95
2022-03-07,Monday,0,0,Spring,10.1,1,0,95,63,80
2022-03-08,Tuesday,0,0,Spring,7.2,0,0,80,63,63
2022-03-09,Wednesday,0,0,Spring,15.0,0,1,63,68,81
2022-03-10,Thursday,0,0,Spring,11.0,0,0,81,72,83
2022-03-11,Friday,0,0,Spring,6.1,0,0,83,100,90
2022-03-12,Saturday,1,0,Spring,13.6,0,1,90,95,98
2022-03-13,Sunday,1,0,Spring,14.7,0,0,98,95,100
2022-03-14,Monday,0,0,Spring,4.5,0,0,100,80,72
2022-03-15,Tuesday,0,0,Spring,9.5,1,0,72,63,70
2022-03-16,Wednesday,0,0,Spring,11.8,0,0,70,81,83
2022-03-17,Thursday,0,0,Spring,14.5,0,0,83,83,86
2022-03-18,Friday,0,0,Spring,10.9,0,0,86,90,101
2022-03-19,Saturday,1,0,Spring,10.2,0,0,101,98,99
2022-03-20,Sunday,1,0,Spring,15.0,0,0,99,100,97
2022-03-21,Monday,0,0,Spring,11.6,1,0,97,72,80
2022-03-22,Tuesday,0,0,Spring,14.8,0,0,80,70,95
2022-03-23,Wednesday,0,0,Spring,10.0,1,0,95,83,83
2022-03-24,Thursday,0,0,Spring,9.5,0,0,83,86,101
2022-03-25,Friday,0,0,Spring,16.0,0,0,101,101,103
2022-03-26,Saturday,1,0,Spring,14.6,0,0,103,99,101
2022-03-27,Sunday,1,0,Spring,16.8,0,0,101,97,117
2022-03-28,Monday,0,0,Spring,12.6,1,0,117,80,94
2022-03-29,Tuesday,0,0,Spring,12.0,1,0,94,95,86
2022-03-30,Wednesday,0,0,Spring,18.6,0,0,86,83,94
2022-03-31,Thursday,0,0,Spring,10.1,0,0,94,101,104
2022-04-01,Friday,0,0,Spring,18.6,1,0,104,103,99
2022-04-02,Saturday,1,0,Spring,19.0,0,0,99,101,114
2022-04-03,Sunday,1,0,Spring,17.8,1,1,114,117,118
2022-04-04,Monday,0,0,Spring,13.3,0,0,118,94,94
2022-04-05,Tuesday,0,0,Spring,13.1,0,0,94,86,84
2022-04-06,Wednesday,0,0,Spring,15.1,0,0,84,94,81
2022-04-07,Thursday,0,0,Spring,12.0,0,0,81,104,92
2022-04-08,Friday,0,0,Spring,13.2,0,0,92,99,98
2022-04-09,Saturday,1,0,Spring,18.1,0,0,98,114,119
2022-04-10,Sunday,1,0,Spring,18.3,1,0,119,118,121
2022-04-11,Monday,0,0,Spring,13.4,0,0,121,94,100
2022-04-12,Tuesday,0,0,Spring,18.7,0,0,100,84,92
2022-04-13,Wednesday,0,0,Spring,18.2,0,0,92,81,85
2022-04-14,Thursday,0,0,Spring,21.5,0,0,85,92,94
2022-04-15,Friday,0,0,Spring,18.9,0,1,94,98,107
2022-04-16,Saturday,1,0,Spring,20.5,1,0,107,119,114
2022-04-17,Sunday,1,0,Spring,18.9,1,0,114,121,124
2022-04-18,Monday,0,0,Spring,20.6,1,0,124,100,116
2022-04-19,Tuesday,0,0,Spring,13.9,1,0,116,92,93
2022-04-20,Wednesday,0,0,Spring,17.6,0,0,93,85,97
2022-04-21,Thursday,0,0,Spring,18.0,0,0,97,94,103
2022-04-22,Friday,0,0,Spring,17.5,0,0,103,107,103
2022-04-23,Saturday,1,0,Spring,19.7,1,0,103,114,120
2022-04-24,Sunday,1,0,Spring,20.4,0,0,120,124,111
2022-04-25,Monday,0,0,Spring,19.8,1,0,111,116,111
2022-04-26,Tuesday,0,0,Spring,18.3,1,0,111,93,97
2022-04-27,Wednesday,0,0,Spring,16.7,0,0,97,97,89
2022-04-28,Thursday,0,0,Spring,22.4,0,0,89,103,98
2022-04-29,Friday,0,0,Spring,20.3,0,0,98,103,118
2022-04-30,Saturday,1,0,Spring,16.3,0,1,118,120,146
2022-05-01,Sunday,1,1,Spring,18.9,0,0,146,111,129
2022-05-02,Monday,0,0,Spring,14.4,0,0,129,111,111
2022-05-03,Tuesday,0,0,Spring,19.8,1,0,111,97,98
2022-05-04,Wednesday,0,0,Spring,19.3,1,0,98,89,92
2022-05-05,Thursday,0,0,Spring,18.3,0,1,92,98,116
2022-05-06,Friday,0,0,Spring,24.9,0,0,116,118,116
2022-05-07,Saturday,1,0,Spring,16.8,1,1,116,146,126
2022-05-08,Sunday,1,0,Spring,22.5,0,0,126,129,123
2022-05-09,Monday,0,0,Spring,27.0,1,0,123,111,109
2022-05-10,Tuesday,0,0,Spring,23.8,0,0,109,98,109
2022-05-11,Wednesday,0,0,Spring,20.6,1,0,109,92,99
2022-05-12,Thursday,0,0,Spring,17.4,1,0,99,116,106
2022-05-13,Friday,0,0,Spring,16.8,1,0,106,116,115
2022-05-14,Saturday,1,0,Spring,19.8,1,1,115,126,125
2022-05-15,Sunday,1,0,Spring,19.1,0,0,125,123,122
2022-05-16,Monday,0,0,Spring,19.1,0,0,122,109,113
2022-05-17,Tuesday,0,0,Spring,20.3,1,0,113,109,100
2022-05-18,Wednesday,0,0,Spring,21.1,0,0,100,99,100
2022-05-19,Thursday,0,0,Spring,23.0,0,0,100,106,112
2022-05-20,Friday,0,0,Spring,17.9,0,0,112,115,114
2022-05-21,Saturday,1,0,Spring,19.6,0,0,114,125,130
2022-05-22,Sunday,1,0,Spring,21.3,0,1,130,122,127
2022-05-23,Monday,0,0,Spring,21.3,0,1,127,113,124
2022-05-24,Tuesday,0,0,Spring,27.4,0,0,124,100,117
2022-05-25,Wednesday,0,0,Spring,22.7,0,0,117,100,111
2022-05-26,Thursday,0,0,Spring,17.2,1,1,111,112,111
2022-05-27,Friday,0,0,Spring,23.4,0,0,111,114,105
2022-05-28,Saturday,1,0,Spring,23.8,1,0,105,130,125
2022-05-29,Sunday,1,0,Spring,21.9,1,1,125,127,119
2022-05-30,Monday,0,0,Spring,18.7,0,0,119,124,103
2022-05-31,Tuesday,0,0,Spring,27.7,0,0,103,117,112
2022-06-01,Wednesday,0,0,Summer,19.2,0,0,112,111,107
2022-06-02,Thursday,0,0,Summer,24.5,1,0,107,111,110
2022-06-03,Friday,0,0,Summer,23.2,0,0,110,105,105
2022-06-04,Saturday,1,0,Summer,24.4,0,0,105,125,124
2022-06-05,Sunday,1,0,Summer,27.8,0,0,124,119,133
2022-06-06,Monday,0,0,Summer,24.4,0,0,133,103,106
2022-06-07,Tuesday,0,0,Summer,21.1,0,0,106,112,109
2022-06-08,Wednesday,0,0,Summer,26.1,0,0,109,107,117
2022-06-09,Thursday,0,0,Summer,20.9,1,0,117,110,102
2022-06-10,Friday,0,0,Summer,23.3,0,0,102,105,111
2022-06-11,Saturday,1,0,Summer,19.0,0,0,111,124,122
2022-06-12,Sunday,1,0,Summer,19.8,0,0,122,133,129
2022-06-13,Monday,0,0,Summer,23.1,0,0,129,106,114
2022-06-14,Tuesday,0,0,Summer,24.0,0,1,114,109,109
2022-06-15,Wednesday,0,0,Summer,17.9,0,0,109,117,107
2022-06-16,Thursday,0,0,Summer,24.5,1,0,107,102,103
2022-06-17,Friday,0,0,Summer,20.5,0,1,103,111,118
2022-06-18,Saturday,1,0,Summer,26.8,0,0,118,122,136
2022-06-19,Sunday,1,0,Summer,21.9,1,0,136,129,119
2022-06-20,Monday,0,0,Summer,19.6,0,0,119,114,119
2022-06-21,Tuesday,0,0,Summer,23.2,0,0,119,109,126
2022-06-22,Wednesday,0,0,Summer,20.2,0,0,126,107,128
2022-06-23,Thursday,0,0,Summer,26.8,0,0,128,103,133
2022-06-24,Friday,0,0,Summer,23.0,0,0,133,118,129
2022-06-25,Saturday,1,0,Summer,22.5,0,0,129,136,135
2022-06-26,Sunday,1,0,Summer,24.7,0,0,135,119,118
2022-06-27,Monday,0,0,Summer,19.9,0,0,118,119,112
2022-06-28,Tuesday,0,0,Summer,19.0,1,0,112,126,118
2022-06-29,Wednesday,0,0,Summer,24.1,0,0,118,128,110
2022-06-30,Thursday,0,0,Summer,19.6,0,0,110,133,112
2022-07-01,Friday,0,0,Summer,19.5,0,0,112,129,121
2022-07-02,Saturday,1,0,Summer,25.3,0,0,121,135,120
2022-07-03,Sunday,1,0,Summer,24.3,0,0,120,118,136
2022-07-04,Monday,0,0,Summer,19.0,0,0,136,112,123
2022-07-05,Tuesday,0,0,Summer,20.8,0,0,123,118,119
2022-07-06,Wednesday,0,0,Summer,19.9,1,0,119,110,116
2022-07-07,Thursday,0,0,Summer,27.9,0,0,116,112,116
2022-07-08,Friday,0,0,Summer,25.3,0,1,116,121,132
2022-07-09,Saturday,1,0,Summer,21.2,0,0,132,120,124
2022-07-10,Sunday,1,0,Summer,24.2,0,0,124,136,114
2022-07-11,Monday,0,0,Summer,18.3,0,0,114,123,112
2022-07-12,Tuesday,0,0,Summer,20.3,0,0,112,119,123
2022-07-13,Wednesday,0,0,Summer,22.6,0,0,123,116,130
2022-07-14,Thursday,0,0,Summer,23.5,0,0,130,116,122
2022-07-15,Friday,0,0,Summer,21.8,1,0,122,132,121
2022-07-16,Saturday,1,0,Summer,22.8,0,0,121,124,117
2022-07-17,Sunday,1,0,Summer,22.2,0,0,117,114,127
2022-07-18,Monday,0,0,Summer,21.4,0,0,127,112,119
2022-07-19,Tuesday,0,0,Summer,20.9,0,1,119,123,122
2022-07-20,Wednesday,0,0,Summer,20.4,0,0,122,130,107
2022-07-21,Thursday,0,0,Summer,22.3,0,1,107,122,109
2022-07-22,Friday,0,0,Summer,22.8,0,0,109,121,119
2022-07-23,Saturday,1,0,Summer,22.1,0,0,119,117,114
2022-07-24,Sunday,1,0,Summer,17.8,0,0,114,127,124
2022-07-25,Monday,0,0,Summer,18.3,0,0,124,119,119
2022-07-26,Tuesday,0,0,Summer,22.4,0,0,119,122,107
2022-07-27,Wednesday,0,0,Summer,25.5,0,0,107,107,110
2022-07-28,Thursday,0,0,Summer,21.4,0,0,110,109,105
2022-07-29,Friday,0,0,Summer,19.6,0,1,105,119,128
2022-07-30,Saturday,1,0,Summer,21.4,1,0,128,114,147
2022-07-31,Sunday,1,0,Summer,17.2,0,0,147,124,133
2022-08-01,Monday,0,0,Summer,24.5,0,1,133,119,140
2022-08-02,Tuesday,0,0,Summer,21.0,0,0,140,107,128
2022-08-03,Wednesday,0,0,Summer,18.3,0,0,128,110,116
2022-08-04,Thursday,0,0,Summer,19.7,0,0,116,105,116
2022-08-05,Friday,0,0,Summer,18.5,0,0,116,128,112
2022-08-06,Saturday,1,0,Summer,23.9,0,0,112,147,132
2022-08-07,Sunday,1,0,Summer,19.2,1,0,132,133,125
2022-08-08,Monday,0,0,Summer,20.2,0,0,125,140,132
2022-08-09,Tuesday,0,0,Summer,21.3,1,0,132,128,116
2022-08-10,Wednesday,0,0,Summer,17.2,0,0,116,116,105
2022-08-11,Thursday,0,0,Summer,19.9,0,0,105,116,104
2022-08-12,Friday,0,0,Summer,20.0,0,0,104,112,118
2022-08-13,Saturday,1,0,Summer,14.4,0,0,118,132,124
2022-08-14,Sunday,1,0,Summer,19.6,0,0,124,125,113
2022-08-15,Monday,0,0,Summer,18.6,1,0,113,132,118
2022-08-16,Tuesday,0,0,Summer,19.0,0,1,118,116,110
2022-08-17,Wednesday,0,0,Summer,18.6,1,1,110,105,108
2022-08-18,Thursday,0,0,Summer,19.1,0,0,108,104,107
2022-08-19,Friday,0,0,Summer,22.2,0,0,107,118,108
2022-08-20,Saturday,1,0,Summer,14.5,0,0,108,124,107
2022-08-21,Sunday,1,0,Summer,16.9,0,0,107,113,118
2022-08-22,Monday,0,0,Summer,19.7,0,0,118,118,117
2022-08-23,Tuesday,0,0,Summer,19.0,0,0,117,110,111
2022-08-24,Wednesday,0,0,Summer,18.8,1,0,111,108,108
2022-08-25,Thursday,0,0,Summer,25.5,0,0,108,107,100
2022-08-26,Friday,0,0,Summer,19.0,0,0,100,108,112
2022-08-27,Saturday,1,0,Summer,20.3,0,0,112,107,121
2022-08-28,Sunday,1,0,Summer,15.9,0,0,121,118,123
2022-08-29,Monday,0,0,Summer,13.7,0,1,123,117,123
2022-08-30,Tuesday,0,0,Summer,15.5,0,0,123,111,119
2022-08-31,Wednesday,0,0,Summer,18.4,0,0,119,108,111
2022-09-01,Thursday,0,0,Autumn,17.4,1,0,111,100,102
2022-09-02,Friday,0,0,Autumn,17.2,1,1,102,112,102
2022-09-03,Saturday,1,0,Autumn,15.2,0,0,102,121,117
2022-09-04,Sunday,1,0,Autumn,14.5,0,0,117,123,111
2022-09-05,Monday,0,0,Autumn,14.9,0,0,111,123,101
2022-09-06,Tuesday,0,0,Autumn,17.5,0,0,101,119,99
2022-09-07,Wednesday,0,0,Autumn,17.7,0,0,99,111,93
2022-09-08,Thursday,0,0,Autumn,12.0,0,0,93,102,94
2022-09-09,Friday,0,0,Autumn,17.1,1,0,94,102,103
2022-09-10,Saturday,1,0,Autumn,12.7,0,0,103,117,102
2022-09-11,Sunday,1,0,Autumn,15.9,0,1,102,111,114
2022-09-12,Monday,0,0,Autumn,13.7,1,0,114,101,102
2022-09-13,Tuesday,0,0,Autumn,18.8,0,0,102,99,80
2022-09-14,Wednesday,0,0,Autumn,12.7,0,0,80,93,98
2022-09-15,Thursday,0,0,Autumn,14.3,0,0,98,94,93
2022-09-16,Friday,0,0,Autumn,15.4,0,0,93,103,93
2022-09-17,Saturday,1,0,Autumn,10.8,0,0,93,102,101
2022-09-18,Sunday,1,0,Autumn,13.1,0,0,101,114,101
2022-09-19,Monday,0,0,Autumn,12.3,0,0,101,102,94
2022-09-20,Tuesday,0,0,Autumn,11.4,1,0,94,80,77
2022-09-21,Wednesday,0,0,Autumn,11.4,1,0,77,98,89
2022-09-22,Thursday,0,0,Autumn,15.9,0,0,89,93,111
2022-09-23,Friday,0,0,Autumn,10.6,1,1,111,93,112
2022-09-24,Saturday,1,0,Autumn,13.9,0,0,112,101,112
2022-09-25,Sunday,1,0,Autumn,13.0,0,0,112,101,103
2022-09-26,Monday,0,0,Autumn,7.7,0,0,103,94,98
2022-09-27,Tuesday,0,0,Autumn,13.3,0,0,98,77,82
2022-09-28,Wednesday,0,0,Autumn,7.3,0,0,82,89,84
2022-09-29,Thursday,0,0,Autumn,13.3,1,0,84,111,87
2022-09-30,Friday,0,0,Autumn,9.7,0,1,87,112,95
2022-10-01,Saturday,1,0,Autumn,11.1,0,0,95,112,103
2022-10-02,Sunday,1,0,Autumn,7.0,0,0,103,103,94
2022-10-03,Monday,0,0,Autumn,11.1,1,0,94,98,96
2022-10-04,Tuesday,0,0,Autumn,13.3,0,0,96,82,83
2022-10-05,Wednesday,0,0,Autumn,8.0,1,0,83,84,77
2022-10-06,Thursday,0,0,Autumn,8.4,0,0,77,87,77
2022-10-07,Friday,0,0,Autumn,11.4,1,0,77,95,76
2022-10-08,Saturday,1,0,Autumn,11.3,0,0,76,103,98
2022-10-09,Sunday,1,0,Autumn,2.4,0,0,98,94,93
2022-10-10,Monday,0,0,Autumn,15.6,0,0,93,96,107
2022-10-11,Tuesday,0,0,Autumn,11.0,0,0,107,83,99
2022-10-12,Wednesday,0,0,Autumn,11.3,0,0,99,77,88
2022-10-13,Thursday,0,0,Autumn,8.7,0,0,88,77,87
2022-10-14,Friday,0,0,Autumn,3.4,0,0,87,76,83
2022-10-15,Saturday,1,0,Autumn,10.8,0,0,83,98,88
2022-10-16,Sunday,1,0,Autumn,6.9,0,0,88,93,81
2022-10-17,Monday,0,0,Autumn,10.1,1,0,81,107,75
2022-10-18,Tuesday,0,0,Autumn,7.7,1,0,75,99,87
2022-10-19,Wednesday,0,0,Autumn,8.9,1,0,87,88,83
2022-10-20,Thursday,0,0,Autumn,5.7,0,0,83,87,87
2022-10-21,Friday,0,0,Autumn,10.5,0,1,87,83,102
2022-10-22,Saturday,1,0,Autumn,4.1,1,1,102,88,101
2022-10-23,Sunday,1,0,Autumn,14.3,1,0,101,81,89
2022-10-24,Monday,0,0,Autumn,14.1,1,0,89,75,93
2022-10-25,Tuesday,0,0,Autumn,12.2,0,0,93,87,91
2022-10-26,Wednesday,0,0,Autumn,11.0,0,0,91,83,74
2022-10-27,Thursday,0,0,Autumn,6.8,1,0,74,87,64
2022-10-28,Friday,0,0,Autumn,10.4,0,0,64,102,89
2022-10-29,Saturday,1,0,Autumn,6.4,0,1,89,101,98
2022-10-30,Sunday,1,0,Autumn,1.9,1,1,98,89,96
2022-10-31,Monday,0,0,Autumn,11.0,1,0,96,93,70
2022-11-01,Tuesday,0,0,Autumn,9.7,0,0,70,91,74
2022-11-02,Wednesday,0,0,Autumn,6.1,0,0,74,74,80
2022-11-03,Thursday,0,0,Autumn,2.4,1,0,80,64,67
2022-11-04,Friday,0,0,Autumn,4.2,0,0,67,89,71
2022-11-05,Saturday,1,0,Autumn,0.4,1,0,71,98,80
2022-11-06,Sunday,1,0,Autumn,8.6,0,0,80,96,89
2022-11-07,Monday,0,0,Autumn,0.8,0,0,89,70,72
2022-11-08,Tuesday,0,0,Autumn,6.4,1,0,72,74,58
2022-11-09,Wednesday,0,0,Autumn,2.8,1,0,58,80,66
2022-11-10,Thursday,0,0,Autumn,1.0,0,0,66,67,64
2022-11-11,Friday,0,0,Autumn,5.9,0,0,64,71,74
2022-11-12,Saturday,1,0,Autumn,4.1,0,0,74,80,76
2022-11-13,Sunday,1,0,Autumn,7.5,0,0,76,89,93
2022-11-14,Monday,0,0,Autumn,1.0,1,0,93,72,79
2022-11-15,Tuesday,0,0,Autumn,2.5,0,0,79,58,66
2022-11-16,Wednesday,0,0,Autumn,-2.5,1,0,66,66,63
2022-11-17,Thursday,0,0,Autumn,-2.0,1,0,63,64,73
2022-11-18,Friday,0,0,Autumn,9.9,0,0,73,74,88
2022-11-19,Saturday,1,0,Autumn,10.6,0,0,88,76,102
2022-11-20,Sunday,1,0,Autumn,4.6,1,0,102,93,97
2022-11-21,Monday,0,0,Autumn,1.7,0,0,97,79,78
2022-11-22,Tuesday,0,0,Autumn,3.2,1,1,78,66,79
2022-11-23,Wednesday,0,0,Autumn,6.7,0,0,79,63,85
2022-11-24,Thursday,0,0,Autumn,2.4,0,0,85,73,83
2022-11-25,Friday,0,0,Autumn,4.6,0,0,83,88,80
2022-11-26,Saturday,1,0,Autumn,3.8,0,0,80,102,92
2022-11-27,Sunday,1,0,Autumn,2.1,1,0,92,97,94
2022-11-28,Monday,0,0,Autumn,2.1,1,0,94,78,78
2022-11-29,Tuesday,0,0,Autumn,4.5,0,0,78,79,80
2022-11-30,Wednesday,0,0,Autumn,0.7,0,0,80,85,73
2022-12-01,Thursday,0,0,Winter,4.9,0,0,73,83,74
2022-12-02,Friday,0,0,Winter,2.1,1,0,74,80,76
2022-12-03,Saturday,1,0,Winter,3.8,1,0,76,92,85
2022-12-04,Sunday,1,0,Winter,7.5,1,0,85,94,81
2022-12-05,Monday,0,0,Winter,2.8,1,0,81,78,52
2022-12-06,Tuesday,0,0,Winter,6.0,0,0,52,80,43
2022-12-07,Wednesday,0,0,Winter,-2.1,0,0,43,73,54
2022-12-08,Thursday,0,0,Winter,1.8,0,0,54,74,65
2022-12-09,Friday,0,0,Winter,3.3,1,0,65,76,68
2022-12-10,Saturday,1,0,Winter,8.9,0,0,68,85,83
2022-12-11,Sunday,1,0,Winter,-2.8,1,0,83,81,88
2022-12-12,Monday,0,0,Winter,2.8,0,0,88,52,65
2022-12-13,Tuesday,0,0,Winter,7.4,0,0,65,43,61
2022-12-14,Wednesday,0,0,Winter,0.7,0,0,61,54,70
2022-12-15,Thursday,0,0,Winter,2.4,1,0,70,65,58
2022-12-16,Friday,0,0,Winter,4.0,0,0,58,68,80
2022-12-17,Saturday,1,0,Winter,3.6,1,0,80,83,88
2022-12-18,Sunday,1,0,Winter,7.7,1,0,88,88,83
2022-12-19,Monday,0,0,Winter,4.3,0,0,83,65,53
2022-12-20,Tuesday,0,0,Winter,7.0,1,0,53,61,65
2022-12-21,Wednesday,0,0,Winter,1.9,0,0,65,70,77
2022-12-22,Thursday,0,0,Winter,0.8,1,0,77,58,61
2022-12-23,Friday,0,0,Winter,2.3,0,0,61,80,84
2022-12-24,Saturday,1,1,Winter,-0.5,1,0,84,88,77
2022-12-25,Sunday,1,1,Winter,4.5,0,0,77,83,89
2022-12-26,Monday,0,1,Winter,1.9,0,0,89,53,74
2022-12-27,Tuesday,0,0,Winter,1.1,1,0,74,65,54
2022-12-28,Wednesday,0,0,Winter,4.6,0,0,54,77,61
2022-12-29,Thursday,0,0,Winter,-0.3,1,0,61,61,58
2022-12-30,Friday,0,0,Winter,5.5,0,0,58,84,64
2022-12-31,Saturday,1,1,Winter,1.7,0,1,64,77,93
2023-01-01,Sunday,1,1,Winter,6.7,0,0,93,89,92
2023-01-02,Monday,0,0,Winter,2.1,1,0,92,74,71
2023-01-03,Tuesday,0,0,Winter,5.2,0,0,71,54,74
2023-01-04,Wednesday,0,0,Winter,3.9,0,0,74,61,63
2023-01-05,Thursday,0,0,Winter,5.6,0,0,63,58,49
2023-01-06,Friday,0,0,Winter,3.8,0,0,49,64,60
2023-01-07,Saturday,1,0,Winter,-1.5,1,0,60,93,74
2023-01-08,Sunday,1,0,Winter,6.6,1,1,74,92,85
2023-01-09,Monday,0,0,Winter,3.3,0,0,85,71,79
2023-01-10,Tuesday,0,0,Winter,6.0,0,0,79,74,76
2023-01-11,Wednesday,0,0,Winter,5.8,0,0,76,63,66
2023-01-12,Thursday,0,0,Winter,1.5,1,0,66,49,63
2023-01-13,Friday,0,0,Winter,1.1,1,0,63,60,66
2023-01-14,Saturday,1,0,Winter,5.9,0,0,66,74,80
2023-01-15,Sunday,1,0,Winter,3.1,1,0,80,85,78
2023-01-16,Monday,0,0,Winter,6.9,0,0,78,79,75
2023-01-17,Tuesday,0,0,Winter,3.6,0,0,75,76,72
2023-01-18,Wednesday,0,0,Winter,7.3,0,0,72,66,67
2023-01-19,Thursday,0,0,Winter,5.6,0,0,67,63,71
2023-01-20,Friday,0,0,Winter,5.3,0,0,71,66,77
2023-01-21,Saturday,1,0,Winter,3.4,0,0,77,80,86
2023-01-22,Sunday,1,0,Winter,5.3,0,0,86,78,88
2023-01-23,Monday,0,0,Winter,8.3,0,0,88,75,62
2023-01-24,Tuesday,0,0,Winter,4.6,0,0,62,72,71
2023-01-25,Wednesday,0,0,Winter,6.5,0,0,71,67,62
2023-01-26,Thursday,0,0,Winter,5.1,1,0,62,71,72
2023-01-27,Friday,0,0,Winter,5.5,0,0,72,77,67
2023-01-28,Saturday,1,0,Winter,10.4,0,0,67,86,94
2023-01-29,Sunday,1,0,Winter,8.9,0,0,94,88,76
2023-01-30,Monday,0,0,Winter,5.7,0,0,76,62,70
2023-01-31,Tuesday,0,0,Winter,6.2,0,0,70,71,66
2023-02-01,Wednesday,0,0,Winter,3.5,0,1,66,62,75
2023-02-02,Thursday,0,0,Winter,5.2,0,1,75,72,93
2023-02-03,Friday,0,0,Winter,6.8,0,0,93,67,85
2023-02-04,Saturday,1,0,Winter,8.6,1,0,85,94,96
2023-02-05,Sunday,1,0,Winter,8.4,0,0,96,76,100
2023-02-06,Monday,0,0,Winter,2.9,0,0,100,70,75
2023-02-07,Tuesday,0,0,Winter,9.3,0,0,75,66,73
2023-02-08,Wednesday,0,0,Winter,6.3,1,1,73,75,86
2023-02-09,Thursday,0,0,Winter,3.7,1,0,86,93,83
2023-02-10,Friday,0,0,Winter,10.8,1,0,83,85,79
2023-02-11,Saturday,1,0,Winter,11.3,1,0,79,96,92
2023-02-12,Sunday,1,0,Winter,7.8,0,0,92,100,94
2023-02-13,Monday,0,0,Winter,9.3,0,0,94,75,84
2023-02-14,Tuesday,0,0,Winter,9.6,1,0,84,73,70
2023-02-15,Wednesday,0,0,Winter,11.7,0,0,70,86,78
2023-02-16,Thursday,0,0,Winter,9.8,1,0,78,83,76
2023-02-17,Friday,0,0,Winter,3.8,0,0,76,79,75
2023-02-18,Saturday,1,0,Winter,13.9,0,0,75,92,99
2023-02-19,Sunday,1,0,Winter,11.3,0,0,99,94,93
2023-02-20,Monday,0,0,Winter,6.7,0,0,93,84,76
2023-02-21,Tuesday,0,0,Winter,5.3,1,0,76,70,59
2023-02-22,Wednesday,0,0,Winter,10.0,0,0,59,78,68
2023-02-23,Thursday,0,0,Winter,7.8,0,0,68,76,72
2023-02-24,Friday,0,0,Winter,9.8,0,1,72,75,90
2023-02-25,Saturday,1,0,Winter,11.2,1,0,90,99,85
2023-02-26,Sunday,1,0,Winter,7.4,1,0,85,93,73
2023-02-27,Monday,0,0,Winter,6.0,1,0,73,76,54
2023-02-28,Tuesday,0,0,Winter,10.6,0,0,54,59,63
2023-03-01,Wednesday,0,0,Spring,8.0,0,0,63,68,76
2023-03-02,Thursday,0,0,Spring,10.2,0,0,76,72,86
2023-03-03,Friday,0,0,Spring,5.9,0,0,86,90,86
2023-03-04,Saturday,1,0,Spring,9.4,0,0,86,85,94
2023-03-05,Sunday,1,0,Spring,12.4,1,0,94,73,73
2023-03-06,Monday,0,0,Spring,12.3,0,0,73,54,81
2023-03-07,Tuesday,0,0,Spring,8.2,0,0,81,63,83
2023-03-08,Wednesday,0,0,Spring,7.3,0,0,83,76,86
2023-03-09,Thursday,0,0,Spring,11.0,0,0,86,86,81
2023-03-10,Friday,0,0,Spring,12.8,0,0,81,86,86
2023-03-11,Saturday,1,0,Spring,12.5,0,0,86,94,96
2023-03-12,Sunday,1,0,Spring,9.9,1,0,96,73,100
2023-03-13,Monday,0,0,Spring,12.5,1,0,100,81,93
2023-03-14,Tuesday,0,0,Spring,16.3,1,1,93,83,92
2023-03-15,Wednesday,0,0,Spring,12.6,0,0,92,86,93
2023-03-16,Thursday,0,0,Spring,7.2,0,0,93,81,82
2023-03-17,Friday,0,0,Spring,12.9,1,0,82,86,77
2023-03-18,Saturday,1,0,Spring,18.6,0,0,77,96,96
2023-03-19,Sunday,1,0,Spring,8.8,1,0,96,100,87
2023-03-20,Monday,0,0,Spring,12.9,1,0,87,93,72
2023-03-21,Tuesday,0,0,Spring,12.3,0,0,72,92,81
2023-03-22,Wednesday,0,0,Spring,13.5,0,0,81,93,85
2023-03-23,Thursday,0,0,Spring,13.9,0,0,85,82,80
2023-03-24,Friday,0,0,Spring,16.9,0,0,80,77,85
2023-03-25,Saturday,1,0,Spring,13.9,1,0,85,96,97
2023-03-26,Sunday,1,0,Spring,17.7,0,0,97,87,98
2023-03-27,Monday,0,0,Spring,13.7,0,0,98,72,87
2023-03-28,Tuesday,0,0,Spring,13.2,0,0,87,81,83
2023-03-29,Wednesday,0,0,Spring,12.4,0,0,83,85,97
2023-03-30,Thursday,0,0,Spring,9.1,1,0,97,80,96
2023-03-31,Friday,0,0,Spring,15.5,0,0,96,85,97
2023-04-01,Saturday,1,0,Spring,21.0,0,1,97,97,108
2023-04-02,Sunday,1,0,Spring,16.4,0,0,108,98,103
2023-04-03,Monday,0,0,Spring,17.3,0,0,103,87,85
2023-04-04,Tuesday,0,0,Spring,14.1,1,0,85,83,76
2023-04-05,Wednesday,0,0,Spring,14.8,0,0,76,97,91
2023-04-06,Thursday,0,0,Spring,18.7,0,0,91,96,92
2023-04-07,Friday,0,0,Spring,21.9,1,1,92,97,104
2023-04-08,Saturday,1,0,Spring,20.5,0,0,104,108,121
2023-04-09,Sunday,1,0,Spring,18.6,0,0,121,103,119
2023-04-10,Monday,0,0,Spring,16.5,0,0,119,85,101
2023-04-11,Tuesday,0,0,Spring,17.2,0,0,101,76,90
2023-04-12,Wednesday,0,0,Spring,14.4,0,0,90,91,89
2023-04-13,Thursday,0,0,Spring,12.5,0,0,89,92,98
2023-04-14,Friday,0,0,Spring,13.6,0,0,98,104,104
2023-04-15,Saturday,1,0,Spring,17.3,1,0,104,121,110
2023-04-16,Sunday,1,0,Spring,16.4,0,0,110,119,104
2023-04-17,Monday,0,0,Spring,13.1,1,0,104,101,97
2023-04-18,Tuesday,0,0,Spring,17.5,1,0,97,90,93
2023-04-19,Wednesday,0,0,Spring,16.8,1,0,93,89,78
2023-04-20,Thursday,0,0,Spring,14.4,0,1,78,98,95
2023-04-21,Friday,0,0,Spring,17.0,0,0,95,104,105
2023-04-22,Saturday,1,0,Spring,17.3,1,0,105,110,107
2023-04-23,Sunday,1,0,Spring,16.5,1,0,107,104,117
2023-04-24,Monday,0,0,Spring,21.3,1,1,117,97,120
2023-04-25,Tuesday,0,0,Spring,13.0,1,0,120,93,91
2023-04-26,Wednesday,0,0,Spring,12.8,0,0,91,78,85
2023-04-27,Thursday,0,0,Spring,19.0,0,1,85,95,108
2023-04-28,Friday,0,0,Spring,19.4,1,0,108,105,106
2023-04-29,Saturday,1,0,Spring,20.4,0,0,106,107,118
2023-04-30,Sunday,1,0,Spring,17.7,1,0,118,117,109
2023-05-01,Monday,0,1,Spring,16.7,1,0,109,120,98
2023-05-02,Tuesday,0,0,Spring,19.6,0,0,98,91,100
2023-05-03,Wednesday,0,0,Spring,18.4,0,0,100,85,93
2023-05-04,Thursday,0,0,Spring,24.5,0,1,93,108,129
2023-05-05,Friday,0,0,Spring,19.0,1,0,129,106,122
2023-05-06,Saturday,1,0,Spring,20.0,0,0,122,118,116
2023-05-07,Sunday,1,0,Spring,27.7,0,0,116,109,123
2023-05-08,Monday,0,0,Spring,19.8,0,0,123,98,107
2023-05-09,Tuesday,0,0,Spring,22.1,1,0,107,100,103
2023-05-10,Wednesday,0,0,Spring,22.5,0,0,103,93,95
2023-05-11,Thursday,0,0,Spring,22.9,0,0,95,129,111
2023-05-12,Friday,0,0,Spring,21.7,0,0,111,122,124
2023-05-13,Saturday,1,0,Spring,21.5,0,0,124,116,130
2023-05-14,Sunday,1,0,Spring,21.3,1,0,130,123,130
2023-05-15,Monday,0,0,Spring,19.4,0,0,130,107,135
2023-05-16,Tuesday,0,0,Spring,22.2,0,0,135,103,113
2023-05-17,Wednesday,0,0,Spring,27.4,0,0,113,95,120
2023-05-18,Thursday,0,0,Spring,25.0,0,0,120,111,118
2023-05-19,Friday,0,0,Spring,22.4,0,0,118,124,118
2023-05-20,Saturday,1,0,Spring,24.2,1,0,118,130,123
2023-05-21,Sunday,1,0,Spring,19.1,0,0,123,130,130
2023-05-22,Monday,0,0,Spring,21.0,0,0,130,135,119
2023-05-23,Tuesday,0,0,Spring,24.7,0,0,119,113,99
2023-05-24,Wednesday,0,0,Spring,26.4,1,0,99,120,110
2023-05-25,Thursday,0,0,Spring,19.7,0,0,110,118,113
2023-05-26,Friday,0,0,Spring,20.6,0,0,113,118,112
2023-05-27,Saturday,1,0,Spring,28.7,0,0,112,123,115
2023-05-28,Sunday,1,0,Spring,22.5,1,0,115,130,121
2023-05-29,Monday,0,0,Spring,27.7,0,0,121,119,125
2023-05-30,Tuesday,0,0,Spring,23.0,0,0,125,99,105
2023-05-31,Wednesday,0,0,Spring,23.1,0,0,105,110,108
2023-06-01,Thursday,0,0,Summer,21.5,0,0,108,113,127
2023-06-02,Friday,0,0,Summer,25.3,1,0,127,112,128
2023-06-03,Saturday,1,0,Summer,26.6,0,0,128,115,130
2023-06-04,Sunday,1,0,Summer,19.5,0,0,130,121,126
2023-06-05,Monday,0,0,Summer,21.6,1,0,126,125,113
2023-06-06,Tuesday,0,0,Summer,25.4,0,0,113,105,111
2023-06-07,Wednesday,0,0,Summer,22.4,0,1,111,108,115
2023-06-08,Thursday,0,0,Summer,21.3,0,0,115,127,117
2023-06-09,Friday,0,0,Summer,25.8,0,0,117,128,124
2023-06-10,Saturday,1,0,Summer,26.2,1,0,124,130,118
2023-06-11,Sunday,1,0,Summer,21.5,1,0,118,126,119
2023-06-12,Monday,0,0,Summer,23.5,0,0,119,113,133
2023-06-13,Tuesday,0,0,Summer,19.3,1,0,133,111,106
2023-06-14,Wednesday,0,0,Summer,20.3,0,0,106,115,120
2023-06-15,Thursday,0,0,Summer,23.3,0,0,120,117,127
2023-06-16,Friday,0,0,Summer,23.1,0,0,127,124,132
2023-06-17,Saturday,1,0,Summer,20.1,1,0,132,118,123
2023-06-18,Sunday,1,0,Summer,20.8,0,0,123,119,130
2023-06-19,Monday,0,0,Summer,19.8,0,0,130,133,136
2023-06-20,Tuesday,0,0,Summer,24.4,0,0,136,106,129
2023-06-21,Wednesday,0,0,Summer,17.1,0,1,129,120,129
2023-06-22,Thursday,0,0,Summer,20.0,0,0,129,127,125
2023-06-23,Friday,0,0,Summer,17.4,0,0,125,132,122
2023-06-24,Saturday,1,0,Summer,24.2,1,0,122,123,127
2023-06-25,Sunday,1,0,Summer,17.6,1,0,127,130,128
2023-06-26,Monday,0,0,Summer,23.0,0,0,128,136,125
2023-06-27,Tuesday,0,0,Summer,27.9,1,0,125,129,121
2023-06-28,Wednesday,0,0,Summer,27.9,0,0,121,129,123
2023-06-29,Thursday,0,0,Summer,17.5,1,0,123,125,131
2023-06-30,Friday,0,0,Summer,23.8,0,0,131,122,130
2023-07-01,Saturday,1,0,Summer,19.9,1,0,130,127,131
2023-07-02,Sunday,1,0,Summer,19.2,0,0,131,128,113
2023-07-03,Monday,0,0,Summer,22.4,0,0,113,125,121
2023-07-04,Tuesday,0,0,Summer,26.4,0,0,121,121,124
2023-07-05,Wednesday,0,0,Summer,24.5,0,0,124,123,126
2023-07-06,Thursday,0,0,Summer,20.5,1,0,126,131,126
2023-07-07,Friday,0,0,Summer,24.7,0,0,126,130,123
2023-07-08,Saturday,1,0,Summer,15.8,0,0,123,131,126
2023-07-09,Sunday,1,0,Summer,20.2,0,0,126,113,136
2023-07-10,Monday,0,0,Summer,20.0,1,0,136,121,109
2023-07-11,Tuesday,0,0,Summer,22.6,0,0,109,124,104
2023-07-12,Wednesday,0,0,Summer,21.7,1,0,104,126,99
2023-07-13,Thursday,0,0,Summer,21.8,0,1,99,126,119
2023-07-14,Friday,0,0,Summer,21.7,0,0,119,123,134
2023-07-15,Saturday,1,0,Summer,22.2,0,1,134,126,144
2023-07-16,Sunday,1,0,Summer,23.7,1,0,144,136,144
2023-07-17,Monday,0,0,Summer,22.4,1,0,144,109,107
2023-07-18,Tuesday,0,0,Summer,21.0,0,0,107,104,100
2023-07-19,Wednesday,0,0,Summer,23.0,0,0,100,99,99
2023-07-20,Thursday,0,0,Summer,24.2,0,0,99,119,123
2023-07-21,Friday,0,0,Summer,20.0,0,0,123,134,128
2023-07-22,Saturday,1,0,Summer,21.4,0,1,128,144,144
2023-07-23,Sunday,1,0,Summer,24.9,0,0,144,144,144
2023-07-24,Monday,0,0,Summer,18.1,0,0,144,107,120
2023-07-25,Tuesday,0,0,Summer,26.7,1,0,120,100,124
2023-07-26,Wednesday,0,0,Summer,17.2,0,0,124,99,126
2023-07-27,Thursday,0,0,Summer,20.0,0,0,126,123,131
2023-07-28,Friday,0,0,Summer,18.1,0,0,131,128,135
2023-07-29,Saturday,1,0,Summer,27.4,0,0,135,144,139
2023-07-30,Sunday,1,0,Summer,19.2,0,0,139,144,141
2023-07-31,Monday,0,0,Summer,19.1,1,0,141,120,107
2023-08-01,Tuesday,0,0,Summer,19.4,0,0,107,124,108
2023-08-02,Wednesday,0,0,Summer,20.7,0,0,108,126,103
2023-08-03,Thursday,0,0,Summer,19.3,0,0,103,131,118
2023-08-04,Friday,0,0,Summer,19.8,0,0,118,135,125
2023-08-05,Saturday,1,0,Summer,9.5,0,0,125,139,134
2023-08-06,Sunday,1,0,Summer,20.1,1,0,134,141,136
2023-08-07,Monday,0,0,Summer,19.9,0,0,136,107,126
2023-08-08,Tuesday,0,0,Summer,22.8,1,0,126,108,108
2023-08-09,Wednesday,0,0,Summer,23.5,0,1,108,103,104
2023-08-10,Thursday,0,0,Summer,18.9,1,0,104,118,121
2023-08-11,Friday,0,0,Summer,21.7,1,1,121,125,125
2023-08-12,Saturday,1,0,Summer,15.9,0,0,125,134,130
2023-08-13,Sunday,1,0,Summer,21.3,0,0,130,136,140
2023-08-14,Monday,0,0,Summer,17.2,1,0,140,126,119
2023-08-15,Tuesday,0,0,Summer,15.2,1,0,119,108,99
2023-08-16,Wednesday,0,0,Summer,18.1,0,0,99,104,117
2023-08-17,Thursday,0,0,Summer,22.7,1,0,117,121,112
2023-08-18,Friday,0,0,Summer,18.9,1,0,112,125,129
2023-08-19,Saturday,1,0,Summer,22.7,0,0,129,130,136
2023-08-20,Sunday,1,0,Summer,15.8,0,0,136,140,141
2023-08-21,Monday,0,0,Summer,21.0,0,0,141,119,132
2023-08-22,Tuesday,0,0,Summer,15.8,0,0,132,99,111
2023-08-23,Wednesday,0,0,Summer,18.3,1,0,111,117,113
2023-08-24,Thursday,0,0,Summer,18.1,1,0,113,112,124
2023-08-25,Friday,0,0,Summer,19.3,0,1,124,129,143
2023-08-26,Saturday,1,0,Summer,17.9,0,0,143,136,148
2023-08-27,Sunday,1,0,Summer,14.7,0,0,148,141,144
2023-08-28,Monday,0,0,Summer,19.4,0,0,144,132,128
2023-08-29,Tuesday,0,0,Summer,21.8,0,0,128,111,112
2023-08-30,Wednesday,0,0,Summer,14.7,0,0,112,113,121
2023-08-31,Thursday,0,0,Summer,10.8,0,0,121,124,113
2023-09-01,Friday,0,0,Autumn,17.6,0,0,113,143,118
2023-09-02,Saturday,1,0,Autumn,15.0,1,0,118,148,124
2023-09-03,Sunday,1,0,Autumn,15.4,0,0,124,144,116
2023-09-04,Monday,0,0,Autumn,17.3,0,0,116,128,109
2023-09-05,Tuesday,0,0,Autumn,14.1,1,0,109,112,95
2023-09-06,Wednesday,0,0,Autumn,14.5,1,0,95,121,87
2023-09-07,Thursday,0,0,Autumn,14.9,1,0,87,113,85
2023-09-08,Friday,0,0,Autumn,19.4,0,1,85,118,110
2023-09-09,Saturday,1,0,Autumn,14.9,1,0,110,124,121
2023-09-10,Sunday,1,0,Autumn,10.9,1,0,121,116,111
2023-09-11,Monday,0,0,Autumn,10.9,0,0,111,109,93
2023-09-12,Tuesday,0,0,Autumn,14.7,0,1,93,95,94
2023-09-13,Wednesday,0,0,Autumn,10.7,0,0,94,87,91
2023-09-14,Thursday,0,0,Autumn,9.3,0,0,91,85,97
2023-09-15,Friday,0,0,Autumn,15.7,1,0,97,110,107
2023-09-16,Saturday,1,0,Autumn,15.7,1,0,107,121,114
2023-09-17,Sunday,1,0,Autumn,12.3,0,0,114,111,121
2023-09-18,Monday,0,0,Autumn,14.2,0,0,121,93,99
2023-09-19,Tuesday,0,0,Autumn,13.7,0,0,99,94,85
2023-09-20,Wednesday,0,0,Autumn,14.7,0,0,85,91,86
2023-09-21,Thursday,0,0,Autumn,14.6,0,0,86,97,101
2023-09-22,Friday,0,0,Autumn,4.8,1,1,101,107,109
2023-09-23,Saturday,1,0,Autumn,11.7,1,0,109,114,117
2023-09-24,Sunday,1,0,Autumn,13.8,1,0,117,121,112
2023-09-25,Monday,0,0,Autumn,10.8,0,0,112,99,99
2023-09-26,Tuesday,0,0,Autumn,12.0,1,0,99,85,86
2023-09-27,Wednesday,0,0,Autumn,14.0,1,0,86,86,77
2023-09-28,Thursday,0,0,Autumn,11.8,0,0,77,101,88
2023-09-29,Friday,0,0,Autumn,15.9,0,0,88,109,98
2023-09-30,Saturday,1,0,Autumn,14.6,0,0,98,117,106
2023-10-01,Sunday,1,0,Autumn,10.7,0,1,106,112,119
2023-10-02,Monday,0,0,Autumn,10.3,1,0,119,99,99
2023-10-03,Tuesday,0,0,Autumn,2.2,1,0,99,86,93
2023-10-04,Wednesday,0,0,Autumn,9.6,1,0,93,77,76
2023-10-05,Thursday,0,0,Autumn,6.3,0,0,76,88,79
2023-10-06,Friday,0,0,Autumn,10.9,0,0,79,98,78
2023-10-07,Saturday,1,0,Autumn,10.5,0,0,78,106,89
2023-10-08,Sunday,1,0,Autumn,12.0,0,0,89,119,106
2023-10-09,Monday,0,0,Autumn,13.9,1,0,106,99,100
2023-10-10,Tuesday,0,0,Autumn,9.5,0,0,100,93,97
2023-10-11,Wednesday,0,0,Autumn,16.2,0,0,97,76,99
2023-10-12,Thursday,0,0,Autumn,9.9,0,0,99,79,95
2023-10-13,Friday,0,0,Autumn,5.2,1,1,95,78,94
2023-10-14,Saturday,1,0,Autumn,7.2,0,1,94,89,109
2023-10-15,Sunday,1,0,Autumn,7.7,0,0,109,106,100
2023-10-16,Monday,0,0,Autumn,10.4,1,0,100,100,78
2023-10-17,Tuesday,0,0,Autumn,5.6,0,0,78,97,79
2023-10-18,Wednesday,0,0,Autumn,7.4,0,0,79,99,82
2023-10-19,Thursday,0,0,Autumn,7.7,0,0,82,95,88
2023-10-20,Friday,0,0,Autumn,6.7,0,1,88,94,94
2023-10-21,Saturday,1,0,Autumn,10.3,0,0,94,109,100
2023-10-22,Sunday,1,0,Autumn,9.6,0,0,100,100,106
2023-10-23,Monday,0,0,Autumn,11.1,0,0,106,78,82
2023-10-24,Tuesday,0,0,Autumn,6.4,0,0,82,79,78
2023-10-25,Wednesday,0,0,Autumn,10.9,0,0,78,82,76
2023-10-26,Thursday,0,0,Autumn,3.1,0,0,76,88,68
2023-10-27,Friday,0,0,Autumn,2.8,1,0,68,94,75
2023-10-28,Saturday,1,0,Autumn,3.2,1,0,75,100,80
2023-10-29,Sunday,1,0,Autumn,6.8,1,0,80,106,86
2023-10-30,Monday,0,0,Autumn,10.2,1,0,86,82,79
2023-10-31,Tuesday,0,0,Autumn,4.7,0,0,79,78,61
2023-11-01,Wednesday,0,0,Autumn,4.9,0,0,61,76,76
2023-11-02,Thursday,0,0,Autumn,5.6,0,0,76,68,97
2023-11-03,Friday,0,0,Autumn,7.8,1,0,97,75,81
2023-11-04,Saturday,1,0,Autumn,4.5,0,0,81,80,83
2023-11-05,Sunday,1,0,Autumn,4.2,1,0,83,86,78
2023-11-06,Monday,0,0,Autumn,1.7,1,0,78,79,63
2023-11-07,Tuesday,0,0,Autumn,3.9,0,0,63,61,78
2023-11-08,Wednesday,0,0,Autumn,9.0,1,0,78,76,73
2023-11-09,Thursday,0,0,Autumn,5.7,0,1,73,97,95
2023-11-10,Friday,0,0,Autumn,3.0,1,0,95,81,95
2023-11-11,Saturday,1,0,Autumn,8.9,0,0,95,83,104
2023-11-12,Sunday,1,0,Autumn,3.3,1,0,104,78,98
2023-11-13,Monday,0,0,Autumn,9.2,1,0,98,63,69
2023-11-14,Tuesday,0,0,Autumn,9.1,0,0,69,78,80
2023-11-15,Wednesday,0,0,Autumn,4.9,1,0,80,73,71
2023-11-16,Thursday,0,0,Autumn,0.2,0,0,71,95,90
2023-11-17,Friday,0,0,Autumn,11.4,0,0,90,95,89
2023-11-18,Saturday,1,0,Autumn,5.6,0,0,89,104,90
2023-11-19,Sunday,1,0,Autumn,3.4,1,0,90,98,89
2023-11-20,Monday,0,0,Autumn,7.2,1,0,89,69,79
2023-11-21,Tuesday,0,0,Autumn,6.3,0,0,79,80,65
2023-11-22,Wednesday,0,0,Autumn,8.1,1,0,65,71,64
2023-11-23,Thursday,0,0,Autumn,2.1,1,0,64,90,64
2023-11-24,Friday,0,0,Autumn,4.9,0,1,64,89,92
2023-11-25,Saturday,1,0,Autumn,0.3,1,0,92,90,86
2023-11-26,Sunday,1,0,Autumn,5.8,0,0,86,89,97
2023-11-27,Monday,0,0,Autumn,3.7,1,0,97,79,74
2023-11-28,Tuesday,0,0,Autumn,4.5,0,0,74,65,72
2023-11-29,Wednesday,0,0,Autumn,3.2,1,0,72,64,56
2023-11-30,Thursday,0,0,Autumn,2.8,0,0,56,64,63
2023-12-01,Friday,0,0,Winter,0.9,0,0,63,92,68
2023-12-02,Saturday,1,0,Winter,5.8,1,0,68,86,89
2023-12-03,Sunday,1,0,Winter,7.9,1,1,89,97,104
2023-12-04,Monday,0,0,Winter,1.7,1,0,104,74,80
2023-12-05,Tuesday,0,0,Winter,5.0,1,0,80,72,77
2023-12-06,Wednesday,0,0,Winter,4.6,1,0,77,56,61
2023-12-07,Thursday,0,0,Winter,3.3,0,0,61,63,69
2023-12-08,Friday,0,0,Winter,-1.4,0,1,69,68,77
2023-12-09,Saturday,1,0,Winter,-0.7,0,0,77,89,87
2023-12-10,Sunday,1,0,Winter,0.8,0,0,87,104,91
2023-12-11,Monday,0,0,Winter,-3.3,1,0,91,80,72
2023-12-12,Tuesday,0,0,Winter,7.3,0,0,72,77,59
2023-12-13,Wednesday,0,0,Winter,4.2,0,0,59,61,57
2023-12-14,Thursday,0,0,Winter,3.0,0,0,57,69,77
2023-12-15,Friday,0,0,Winter,-3.5,1,0,77,77,71
2023-12-16,Saturday,1,0,Winter,-2.4,0,0,71,87,75
2023-12-17,Sunday,1,0,Winter,3.0,0,0,75,91,82
2023-12-18,Monday,0,0,Winter,8.9,1,0,82,72,61
2023-12-19,Tuesday,0,0,Winter,0.9,0,0,61,59,56
2023-12-20,Wednesday,0,0,Winter,5.6,1,0,56,57,58
2023-12-21,Thursday,0,0,Winter,1.6,0,0,58,77,70
2023-12-22,Friday,0,0,Winter,3.2,1,0,70,71,73
2023-12-23,Saturday,1,0,Winter,6.7,0,0,73,75,92
2023-12-24,Sunday,1,1,Winter,2.0,0,0,92,82,88
2023-12-25,Monday,0,1,Winter,1.0,0,0,88,61,66
2023-12-26,Tuesday,0,1,Winter,7.3,1,0,66,56,64
2023-12-27,Wednesday,0,0,Winter,3.2,1,0,64,58,55
2023-12-28,Thursday,0,0,Winter,6.4,0,0,55,70,67
2023-12-29,Friday,0,0,Winter,1.1,1,0,67,73,67
2023-12-30,Saturday,1,0,Winter,7.4,0,0,67,92,85
2023-12-31,Sunday,1,1,Winter,4.0,1,0,85,88,89
2024-01-01,Monday,0,1,Winter,4.5,1,0,89,66,83
2024-01-02,Tuesday,0,0,Winter,3.7,0,0,83,64,72
2024-01-03,Wednesday,0,0,Winter,1.8,0,0,72,55,66
2024-01-04,Thursday,0,0,Winter,3.3,1,0,66,67,77
2024-01-05,Friday,0,0,Winter,2.1,1,0,77,67,60
2024-01-06,Saturday,1,0,Winter,6.3,1,0,60,85,76
2024-01-07,Sunday,1,0,Winter,2.9,0,0,76,89,81
2024-01-08,Monday,0,0,Winter,-0.9,1,1,81,83,78
2024-01-09,Tuesday,0,0,Winter,-1.4,0,0,78,72,74
2024-01-10,Wednesday,0,0,Winter,-1.5,1,0,74,66,58
2024-01-11,Thursday,0,0,Winter,5.6,1,0,58,77,61
2024-01-12,Friday,0,0,Winter,0.3,1,0,61,60,67
2024-01-13,Saturday,1,0,Winter,4.8,1,0,67,76,74
2024-01-14,Sunday,1,0,Winter,4.3,1,0,74,81,69
2024-01-15,Monday,0,0,Winter,3.8,0,0,69,78,74
2024-01-16,Tuesday,0,0,Winter,5.4,1,0,74,74,72
2024-01-17,Wednesday,0,0,Winter,4.6,0,0,72,58,68
2024-01-18,Thursday,0,0,Winter,-3.9,0,0,68,61,67
2024-01-19,Friday,0,0,Winter,3.4,0,0,67,67,75
2024-01-20,Saturday,1,0,Winter,5.7,0,1,75,74,88
2024-01-21,Sunday,1,0,Winter,9.4,0,0,88,69,86
2024-01-22,Monday,0,0,Winter,9.7,0,0,86,74,69
2024-01-23,Tuesday,0,0,Winter,0.6,0,0,69,72,65
2024-01-24,Wednesday,0,0,Winter,3.7,0,0,65,68,72
2024-01-25,Thursday,0,0,Winter,0.2,0,0,72,67,85
2024-01-26,Friday,0,0,Winter,9.5,1,0,85,75,82
2024-01-27,Saturday,1,0,Winter,8.1,1,0,82,88,80
2024-01-28,Sunday,1,0,Winter,6.3,1,1,80,86,86
2024-01-29,Monday,0,0,Winter,5.8,1,1,86,69,68
2024-01-30,Tuesday,0,0,Winter,9.6,1,0,68,65,69
2024-01-31,Wednesday,0,0,Winter,9.2,0,0,69,72,71
2024-02-01,Thursday,0,0,Winter,9.1,0,0,71,85,71
2024-02-02,Friday,0,0,Winter,7.1,0,0,71,82,77
2024-02-03,Saturday,1,0,Winter,4.8,0,0,77,80,89
2024-02-04,Sunday,1,0,Winter,8.3,1,0,89,86,86
2024-02-05,Monday,0,0,Winter,8.6,0,0,86,68,70
2024-02-06,Tuesday,0,0,Winter,5.7,1,0,70,69,72
2024-02-07,Wednesday,0,0,Winter,5.3,0,0,72,71,73
2024-02-08,Thursday,0,0,Winter,9.9,1,0,73,71,66
2024-02-09,Friday,0,0,Winter,11.6,0,0,66,77,77
2024-02-10,Saturday,1,0,Winter,4.5,1,0,77,89,68
2024-02-11,Sunday,1,0,Winter,6.1,1,0,68,86,77
2024-02-12,Monday,0,0,Winter,8.1,0,0,77,70,91
2024-02-13,Tuesday,0,0,Winter,8.7,0,0,91,72,87
2024-02-14,Wednesday,0,0,Winter,5.8,1,0,87,73,74
2024-02-15,Thursday,0,0,Winter,13.1,0,1,74,66,85
2024-02-16,Friday,0,0,Winter,8.9,0,0,85,77,88
2024-02-17,Saturday,1,0,Winter,9.4,1,0,88,68,88
2024-02-18,Sunday,1,0,Winter,13.2,1,0,88,77,84
2024-02-19,Monday,0,0,Winter,6.7,0,0,84,91,65
2024-02-20,Tuesday,0,0,Winter,8.0,0,0,65,87,69
2024-02-21,Wednesday,0,0,Winter,4.6,0,0,69,74,65
2024-02-22,Thursday,0,0,Winter,8.0,1,0,65,85,71
2024-02-23,Friday,0,0,Winter,4.2,0,0,71,88,74
2024-02-24,Saturday,1,0,Winter,11.1,0,0,74,88,91
2024-02-25,Sunday,1,0,Winter,10.2,0,0,91,84,104
2024-02-26,Monday,0,0,Winter,8.3,1,0,104,65,86
2024-02-27,Tuesday,0,0,Winter,9.0,0,0,86,69,76
2024-02-28,Wednesday,0,0,Winter,11.7,1,0,76,65,81
2024-02-29,Thursday,0,0,Winter,6.2,0,0,81,71,84
2024-03-01,Friday,0,0,Spring,10.4,1,0,84,74,88
2024-03-02,Saturday,1,0,Spring,12.1,0,1,88,91,101
2024-03-03,Sunday,1,0,Spring,4.8,1,0,101,104,96
2024-03-04,Monday,0,0,Spring,12.3,1,0,96,86,90
2024-03-05,Tuesday,0,0,Spring,5.4,0,0,90,76,97
2024-03-06,Wednesday,0,0,Spring,10.3,0,1,97,81,107
2024-03-07,Thursday,0,0,Spring,7.3,1,1,107,84,104
2024-03-08,Friday,0,0,Spring,15.2,0,0,104,88,102
2024-03-09,Saturday,1,0,Spring,7.6,1,0,102,101,107
2024-03-10,Sunday,1,0,Spring,6.3,1,0,107,96,102
2024-03-11,Monday,0,0,Spring,11.9,0,0,102,90,103
2024-03-12,Tuesday,0,0,Spring,10.4,0,0,103,97,88
2024-03-13,Wednesday,0,0,Spring,7.3,0,0,88,107,91
2024-03-14,Thursday,0,0,Spring,13.5,0,0,91,104,102
2024-03-15,Friday,0,0,Spring,6.2,0,1,102,102,118
2024-03-16,Saturday,1,0,Spring,9.2,1,0,118,107,125
2024-03-17,Sunday,1,0,Spring,10.8,0,0,125,102,103
2024-03-18,Monday,0,0,Spring,15.1,1,0,103,103,90
2024-03-19,Tuesday,0,0,Spring,16.7,0,0,90,88,89
2024-03-20,Wednesday,0,0,Spring,16.3,0,0,89,91,82
2024-03-21,Thursday,0,0,Spring,12.7,0,0,82,102,103
2024-03-22,Friday,0,0,Spring,6.1,0,0,103,118,106
2024-03-23,Saturday,1,0,Spring,14.7,0,1,106,125,132
2024-03-24,Sunday,1,0,Spring,18.1,1,0,132,103,116
2024-03-25,Monday,0,0,Spring,17.6,0,0,116,90,104
2024-03-26,Tuesday,0,0,Spring,15.4,0,1,104,89,94
2024-03-27,Wednesday,0,0,Spring,10.6,0,0,94,82,81
2024-03-28,Thursday,0,0,Spring,12.8,1,1,81,103,89
2024-03-29,Friday,0,0,Spring,20.3,0,0,89,106,90
2024-03-30,Saturday,1,0,Spring,10.5,0,0,90,132,116
2024-03-31,Sunday,1,0,Spring,11.4,0,1,116,116,121
2024-04-01,Monday,0,0,Spring,17.9,0,0,121,104,115
2024-04-02,Tuesday,0,0,Spring,13.9,0,0,115,94,101
2024-04-03,Wednesday,0,0,Spring,11.8,0,0,101,81,100
2024-04-04,Thursday,0,0,Spring,20.1,0,0,100,89,106
2024-04-05,Friday,0,0,Spring,17.1,1,0,106,90,100
2024-04-06,Saturday,1,0,Spring,14.7,0,0,100,116,112
2024-04-07,Sunday,1,0,Spring,12.6,0,0,112,121,116
2024-04-08,Monday,0,0,Spring,22.4,1,0,116,115,115
2024-04-09,Tuesday,0,0,Spring,16.3,0,0,115,101,104
2024-04-10,Wednesday,0,0,Spring,20.7,1,0,104,100,102
2024-04-11,Thursday,0,0,Spring,19.4,1,0,102,106,91
2024-04-12,Friday,0,0,Spring,15.3,0,0,91,100,93
2024-04-13,Saturday,1,0,Spring,15.5,1,0,93,112,99
2024-04-14,Sunday,1,0,Spring,21.5,0,0,99,116,114
2024-04-15,Monday,0,0,Spring,21.7,1,0,114,115,101
2024-04-16,Tuesday,0,0,Spring,11.8,1,0,101,104,95
2024-04-17,Wednesday,0,0,Spring,19.3,0,0,95,102,97
2024-04-18,Thursday,0,0,Spring,17.4,0,0,97,91,97
2024-04-19,Friday,0,0,Spring,14.8,0,0,97,93,106
2024-04-20,Saturday,1,0,Spring,18.9,0,0,106,99,112
2024-04-21,Sunday,1,0,Spring,14.2,0,0,112,114,111
2024-04-22,Monday,0,0,Spring,17.0,0,0,111,101,105
2024-04-23,Tuesday,0,0,Spring,16.1,0,0,105,95,110
2024-04-24,Wednesday,0,0,Spring,17.2,0,0,110,97,103
2024-04-25,Thursday,0,0,Spring,18.6,0,1,103,97,101
2024-04-26,Friday,0,0,Spring,15.9,0,0,101,106,96
2024-04-27,Saturday,1,0,Spring,23.8,0,0,96,112,110
2024-04-28,Sunday,1,0,Spring,20.7,0,0,110,111,105
2024-04-29,Monday,0,0,Spring,24.7,0,0,105,105,87
2024-04-30,Tuesday,0,0,Spring,19.0,1,0,87,110,90
2024-05-01,Wednesday,0,1,Spring,18.0,0,0,90,103,104
2024-05-02,Thursday,0,0,Spring,25.0,0,0,104,101,116
2024-05-03,Friday,0,0,Spring,18.1,1,1,116,96,114
2024-05-04,Saturday,1,0,Spring,19.5,1,0,114,110,116
2024-05-05,Sunday,1,0,Spring,22.3,0,0,116,105,118
2024-05-06,Monday,0,0,Spring,16.5,0,0,118,87,101
2024-05-07,Tuesday,0,0,Spring,22.5,1,0,101,90,89
2024-05-08,Wednesday,0,0,Spring,22.2,0,0,89,104,112
2024-05-09,Thursday,0,0,Spring,24.4,0,0,112,116,107
2024-05-10,Friday,0,0,Spring,23.4,0,1,107,114,124
2024-05-11,Saturday,1,0,Spring,24.7,0,0,124,116,120
2024-05-12,Sunday,1,0,Spring,20.6,0,0,120,118,120
2024-05-13,Monday,0,0,Spring,18.4,1,1,120,101,113
2024-05-14,Tuesday,0,0,Spring,27.4,1,0,113,89,100
2024-05-15,Wednesday,0,0,Spring,16.6,0,0,100,112,93
2024-05-16,Thursday,0,0,Spring,17.0,1,0,93,107,94
2024-05-17,Friday,0,0,Spring,23.1,1,0,94,124,115
2024-05-18,Saturday,1,0,Spring,26.4,1,0,115,120,110
2024-05-19,Sunday,1,0,Spring,22.2,1,0,110,120,124
2024-05-20,Monday,0,0,Spring,24.7,1,1,124,113,119
2024-05-21,Tuesday,0,0,Spring,15.8,0,0,119,100,110
2024-05-22,Wednesday,0,0,Spring,20.3,0,0,110,93,95
2024-05-23,Thursday,0,0,Spring,16.3,0,1,95,94,103
2024-05-24,Friday,0,0,Spring,24.3,0,1,103,115,115
2024-05-25,Saturday,1,0,Spring,17.4,1,1,115,110,123
2024-05-26,Sunday,1,0,Spring,18.3,1,0,123,124,111
2024-05-27,Monday,0,0,Spring,23.7,1,0,111,119,102
2024-05-28,Tuesday,0,0,Spring,25.5,1,0,102,110,116
2024-05-29,Wednesday,0,0,Spring,21.9,0,0,116,95,111
2024-05-30,Thursday,0,0,Spring,24.1,0,0,111,103,112
2024-05-31,Friday,0,0,Spring,24.1,0,0,112,115,119
2024-06-01,Saturday,1,0,Summer,21.9,0,0,119,123,137
2024-06-02,Sunday,1,0,Summer,19.3,1,0,137,111,123
2024-06-03,Monday,0,0,Summer,24.3,0,0,123,102,119
2024-06-04,Tuesday,0,0,Summer,24.5,0,0,119,116,99
2024-06-05,Wednesday,0,0,Summer,25.4,0,0,99,111,106
2024-06-06,Thursday,0,0,Summer,23.7,0,0,106,112,110
2024-06-07,Friday,0,0,Summer,19.3,1,0,110,119,109
2024-06-08,Saturday,1,0,Summer,24.9,1,0,109,137,129
2024-06-09,Sunday,1,0,Summer,22.8,0,0,129,123,127
2024-06-10,Monday,0,0,Summer,21.4,1,0,127,119,113
2024-06-11,Tuesday,0,0,Summer,22.0,0,0,113,99,102
2024-06-12,Wednesday,0,0,Summer,20.9,0,0,102,106,102
2024-06-13,Thursday,0,0,Summer,25.6,0,1,102,110,104
2024-06-14,Friday,0,0,Summer,18.7,1,0,104,109,105
2024-06-15,Saturday,1,0,Summer,20.0,1,1,105,129,115
2024-06-16,Sunday,1,0,Summer,22.0,0,0,115,127,133
2024-06-17,Monday,0,0,Summer,27.8,0,0,133,113,127
2024-06-18,Tuesday,0,0,Summer,26.2,1,0,127,102,119
2024-06-19,Wednesday,0,0,Summer,18.1,1,0,119,102,98
2024-06-20,Thursday,0,0,Summer,27.1,0,0,98,104,113
2024-06-21,Friday,0,0,Summer,27.0,0,0,113,105,112
2024-06-22,Saturday,1,0,Summer,19.5,0,0,112,115,122
2024-06-23,Sunday,1,0,Summer,15.4,1,0,122,133,120
2024-06-24,Monday,0,0,Summer,22.8,0,0,120,127,108
2024-06-25,Tuesday,0,0,Summer,26.3,0,0,108,119,105
2024-06-26,Wednesday,0,0,Summer,27.7,1,0,105,98,108
2024-06-27,Thursday,0,0,Summer,20.3,0,0,108,113,116
2024-06-28,Friday,0,0,Summer,28.1,0,1,116,112,119
2024-06-29,Saturday,1,0,Summer,16.2,1,0,119,122,128
2024-06-30,Sunday,1,0,Summer,21.7,0,0,128,120,124
2024-07-01,Monday,0,0,Summer,21.5,0,0,124,108,104
2024-07-02,Tuesday,0,0,Summer,26.2,0,1,104,105,110
2024-07-03,Wednesday,0,0,Summer,26.6,0,0,110,108,102
2024-07-04,Thursday,0,0,Summer,25.5,0,0,102,116,107
2024-07-05,Friday,0,0,Summer,18.6,0,1,107,119,119
2024-07-06,Saturday,1,0,Summer,25.2,0,0,119,128,133
2024-07-07,Sunday,1,0,Summer,24.1,0,0,133,124,136
2024-07-08,Monday,0,0,Summer,17.5,1,0,136,104,120
2024-07-09,Tuesday,0,0,Summer,16.2,0,0,120,110,116
2024-07-10,Wednesday,0,0,Summer,25.5,0,0,116,102,99
2024-07-11,Thursday,0,0,Summer,21.8,1,0,99,107,93
2024-07-12,Friday,0,0,Summer,18.4,0,1,93,119,123
2024-07-13,Saturday,1,0,Summer,21.6,0,1,123,133,135
2024-07-14,Sunday,1,0,Summer,23.2,0,0,135,136,134
2024-07-15,Monday,0,0,Summer,21.8,0,0,134,120,126
2024-07-16,Tuesday,0,0,Summer,17.3,0,0,126,116,125
2024-07-17,Wednesday,0,0,Summer,27.5,0,1,125,99,127
2024-07-18,Thursday,0,0,Summer,24.8,1,0,127,93,107
2024-07-19,Friday,0,0,Summer,20.7,0,0,107,123,108
2024-07-20,Saturday,1,0,Summer,20.8,0,1,108,135,124
2024-07-21,Sunday,1,0,Summer,22.6,1,0,124,134,134
2024-07-22,Monday,0,0,Summer,18.1,1,0,134,126,124
2024-07-23,Tuesday,0,0,Summer,22.3,1,0,124,125,117
2024-07-24,Wednesday,0,0,Summer,17.3,0,0,117,127,106
2024-07-25,Thursday,0,0,Summer,21.0,0,0,106,107,115
2024-07-26,Friday,0,0,Summer,17.6,0,1,115,108,124
2024-07-27,Saturday,1,0,Summer,17.6,0,0,124,124,122
2024-07-28,Sunday,1,0,Summer,25.8,0,0,122,134,129
2024-07-29,Monday,0,0,Summer,20.9,1,1,129,124,128
2024-07-30,Tuesday,0,0,Summer,21.3,0,1,128,117,123
2024-07-31,Wednesday,0,0,Summer,14.5,1,0,123,106,101
2024-08-01,Thursday,0,0,Summer,18.6,0,1,101,115,117
2024-08-02,Friday,0,0,Summer,21.7,0,0,117,124,124
2024-08-03,Saturday,1,0,Summer,20.8,1,1,124,122,119
2024-08-04,Sunday,1,0,Summer,13.6,0,0,119,129,121
2024-08-05,Monday,0,0,Summer,20.6,0,1,121,128,119
2024-08-06,Tuesday,0,0,Summer,20.9,0,0,119,123,120
2024-08-07,Wednesday,0,0,Summer,23.5,0,0,120,101,101
2024-08-08,Thursday,0,0,Summer,17.6,0,0,101,117,99
2024-08-09,Friday,0,0,Summer,12.7,0,0,99,124,93
2024-08-10,Saturday,1,0,Summer,16.3,0,0,93,119,114
2024-08-11,Sunday,1,0,Summer,15.9,1,0,114,121,104
2024-08-12,Monday,0,0,Summer,21.2,1,0,104,119,95
2024-08-13,Tuesday,0,0,Summer,10.7,1,0,95,120,96
2024-08-14,Wednesday,0,0,Summer,17.4,1,0,96,101,95
2024-08-15,Thursday,0,0,Summer,22.9,0,0,95,99,107
2024-08-16,Friday,0,0,Summer,18.5,0,0,107,93,112
2024-08-17,Saturday,1,0,Summer,21.0,1,0,112,114,125
2024-08-18,Sunday,1,0,Summer,13.3,0,0,125,104,128
2024-08-19,Monday,0,0,Summer,13.2,0,0,128,95,115
2024-08-20,Tuesday,0,0,Summer,22.2,0,0,115,96,110
2024-08-21,Wednesday,0,0,Summer,18.0,0,0,110,95,106
2024-08-22,Thursday,0,0,Summer,17.9,0,0,106,107,112
2024-08-23,Friday,0,0,Summer,14.1,1,0,112,112,96
2024-08-24,Saturday,1,0,Summer,17.6,0,0,96,125,114
2024-08-25,Sunday,1,0,Summer,13.7,0,0,114,128,106
2024-08-26,Monday,0,0,Summer,20.5,0,0,106,115,102
2024-08-27,Tuesday,0,0,Summer,25.0,0,1,102,110,104
2024-08-28,Wednesday,0,0,Summer,18.1,0,0,104,106,107
2024-08-29,Thursday,0,0,Summer,14.6,0,0,107,112,112
2024-08-30,Friday,0,0,Summer,8.7,1,0,112,96,111
2024-08-31,Saturday,1,0,Summer,11.1,0,0,111,114,109
2024-09-01,Sunday,1,0,Autumn,20.7,0,0,109,106,105
2024-09-02,Monday,0,0,Autumn,12.7,0,0,105,102,104
2024-09-03,Tuesday,0,0,Autumn,14.5,0,0,104,104,95
2024-09-04,Wednesday,0,0,Autumn,17.5,1,0,95,107,89
2024-09-05,Thursday,0,0,Autumn,19.8,0,0,89,112,104
2024-09-06,Friday,0,0,Autumn,14.6,0,0,104,111,110
2024-09-07,Saturday,1,0,Autumn,13.8,1,0,110,109,115
2024-09-08,Sunday,1,0,Autumn,15.0,0,0,115,105,113
2024-09-09,Monday,0,0,Autumn,12.8,0,0,113,104,98
2024-09-10,Tuesday,0,0,Autumn,12.8,0,0,98,95,102
2024-09-11,Wednesday,0,0,Autumn,15.5,0,0,102,89,101
2024-09-12,Thursday,0,0,Autumn,14.7,1,0,101,104,97
2024-09-13,Friday,0,0,Autumn,20.4,0,0,97,110,111
2024-09-14,Saturday,1,0,Autumn,15.1,1,0,111,115,111
2024-09-15,Sunday,1,0,Autumn,17.1,0,0,111,113,105
2024-09-16,Monday,0,0,Autumn,10.2,0,0,105,98,95
2024-09-17,Tuesday,0,0,Autumn,14.9,0,0,95,102,107
2024-09-18,Wednesday,0,0,Autumn,10.9,1,1,107,101,110
2024-09-19,Thursday,0,0,Autumn,14.1,0,0,110,97,105
2024-09-20,Friday,0,0,Autumn,14.8,1,0,105,111,97
2024-09-21,Saturday,1,0,Autumn,12.7,1,0,97,111,94
2024-09-22,Sunday,1,0,Autumn,19.6,0,0,94,105,101
2024-09-23,Monday,0,0,Autumn,16.5,0,0,101,95,90
2024-09-24,Tuesday,0,0,Autumn,15.6,1,0,90,107,90
2024-09-25,Wednesday,0,0,Autumn,14.2,1,0,90,110,92
2024-09-26,Thursday,0,0,Autumn,17.0,0,1,92,105,95
2024-09-27,Friday,0,0,Autumn,7.3,1,0,95,97,86
2024-09-28,Saturday,1,0,Autumn,15.5,0,0,86,94,95
2024-09-29,Sunday,1,0,Autumn,8.3,1,0,95,101,97
2024-09-30,Monday,0,0,Autumn,9.4,0,0,97,90,91
2024-10-01,Tuesday,0,0,Autumn,12.6,0,0,91,90,80
2024-10-02,Wednesday,0,0,Autumn,14.4,0,0,80,92,76
2024-10-03,Thursday,0,0,Autumn,7.1,1,0,76,95,73
2024-10-04,Friday,0,0,Autumn,8.8,0,0,73,86,88
2024-10-05,Saturday,1,0,Autumn,10.5,1,0,88,95,90
2024-10-06,Sunday,1,0,Autumn,9.5,0,0,90,97,95
2024-10-07,Monday,0,0,Autumn,12.5,0,0,95,91,91
2024-10-08,Tuesday,0,0,Autumn,20.0,0,0,91,80,97
2024-10-09,Wednesday,0,0,Autumn,10.8,1,0,97,76,75
2024-10-10,Thursday,0,0,Autumn,7.2,0,0,75,73,85
2024-10-11,Friday,0,0,Autumn,5.4,1,0,85,88,88
2024-10-12,Saturday,1,0,Autumn,8.1,1,0,88,90,102
2024-10-13,Sunday,1,0,Autumn,6.1,1,0,102,95,104
2024-10-14,Monday,0,0,Autumn,10.2,1,1,104,91,97
2024-10-15,Tuesday,0,0,Autumn,10.0,1,0,97,97,83
2024-10-16,Wednesday,0,0,Autumn,7.1,0,0,83,75,83
2024-10-17,Thursday,0,0,Autumn,14.3,0,0,83,85,79
2024-10-18,Friday,0,0,Autumn,6.0,0,0,79,88,86
2024-10-19,Saturday,1,0,Autumn,7.7,1,0,86,102,88
2024-10-20,Sunday,1,0,Autumn,9.8,0,0,88,104,94
2024-10-21,Monday,0,0,Autumn,10.4,0,0,94,97,74
2024-10-22,Tuesday,0,0,Autumn,11.4,0,0,74,83,77
2024-10-23,Wednesday,0,0,Autumn,8.7,1,0,77,83,76
2024-10-24,Thursday,0,0,Autumn,10.4,0,0,76,79,76
2024-10-25,Friday,0,0,Autumn,5.1,1,0,76,86,79
2024-10-26,Saturday,1,0,Autumn,9.8,0,0,79,88,82
2024-10-27,Sunday,1,0,Autumn,9.6,0,0,82,94,95
2024-10-28,Monday,0,0,Autumn,11.3,1,0,95,74,80
2024-10-29,Tuesday,0,0,Autumn,1.6,0,0,80,77,90
2024-10-30,Wednesday,0,0,Autumn,3.7,0,0,90,76,82
2024-10-31,Thursday,0,0,Autumn,8.8,1,1,82,76,88
2024-11-01,Friday,0,0,Autumn,-1.7,0,0,88,79,80
2024-11-02,Saturday,1,0,Autumn,7.6,0,1,80,82,104
2024-11-03,Sunday,1,0,Autumn,9.1,1,1,104,95,101
2024-11-04,Monday,0,0,Autumn,4.1,0,0,101,80,97
2024-11-05,Tuesday,0,0,Autumn,4.4,1,0,97,90,95
2024-11-06,Wednesday,0,0,Autumn,2.4,1,0,95,82,77
2024-11-07,Thursday,0,0,Autumn,3.9,0,0,77,88,78
2024-11-08,Friday,0,0,Autumn,3.9,0,0,78,80,76
2024-11-09,Saturday,1,0,Autumn,3.2,0,0,76,104,81
2024-11-10,Sunday,1,0,Autumn,2.9,0,0,81,101,90
2024-11-11,Monday,0,0,Autumn,4.2,0,0,90,97,84
2024-11-12,Tuesday,0,0,Autumn,4.1,1,0,84,95,83
2024-11-13,Wednesday,0,0,Autumn,10.5,1,0,83,77,77
2024-11-14,Thursday,0,0,Autumn,3.6,1,1,77,78,88
2024-11-15,Friday,0,0,Autumn,5.7,1,0,88,76,82
2024-11-16,Saturday,1,0,Autumn,2.8,0,0,82,81,85
2024-11-17,Sunday,1,0,Autumn,2.7,0,0,85,90,88
2024-11-18,Monday,0,0,Autumn,-0.7,0,0,88,84,83
2024-11-19,Tuesday,0,0,Autumn,-0.4,1,1,83,83,78
2024-11-20,Wednesday,0,0,Autumn,0.6,1,0,78,77,77
2024-11-21,Thursday,0,0,Autumn,4.7,1,0,77,88,72
2024-11-22,Friday,0,0,Autumn,7.3,1,0,72,82,75
2024-11-23,Saturday,1,0,Autumn,-1.4,0,0,75,85,70
2024-11-24,Sunday,1,0,Autumn,2.3,0,0,70,88,77
2024-11-25,Monday,0,0,Autumn,-0.3,0,0,77,83,65
2024-11-26,Tuesday,0,0,Autumn,3.0,0,0,65,78,72
2024-11-27,Wednesday,0,0,Autumn,6.9,0,0,72,77,78
2024-11-28,Thursday,0,0,Autumn,2.3,1,0,78,72,81
2024-11-29,Friday,0,0,Autumn,3.4,0,0,81,75,92
2024-11-30,Saturday,1,0,Autumn,7.9,1,0,92,70,86
2024-12-01,Sunday,1,0,Winter,4.8,1,0,86,77,75
2024-12-02,Monday,0,0,Winter,1.1,0,0,75,65,69
2024-12-03,Tuesday,0,0,Winter,3.9,1,0,69,72,61
2024-12-04,Wednesday,0,0,Winter,0.8,1,0,61,78,58
2024-12-05,Thursday,0,0,Winter,4.5,1,0,58,81,65
2024-12-06,Friday,0,0,Winter,4.8,0,0,65,92,73
2024-12-07,Saturday,1,0,Winter,-0.9,1,0,73,86,92
2024-12-08,Sunday,1,0,Winter,3.7,0,0,92,75,83
2024-12-09,Monday,0,0,Winter,2.8,0,0,83,69,71
2024-12-10,Tuesday,0,0,Winter,4.8,0,0,71,61,71
2024-12-11,Wednesday,0,0,Winter,5.6,1,0,71,58,78
2024-12-12,Thursday,0,0,Winter,4.5,0,0,78,65,71
2024-12-13,Friday,0,0,Winter,2.1,1,0,71,73,57
2024-12-14,Saturday,1,0,Winter,5.8,0,1,57,92,85
2024-12-15,Sunday,1,0,Winter,0.4,0,0,85,83,71
2024-12-16,Monday,0,0,Winter,-0.9,1,0,71,71,58
2024-12-17,Tuesday,0,0,Winter,-5.0,0,0,58,71,69
2024-12-18,Wednesday,0,0,Winter,2.8,0,0,69,78,64
2024-12-19,Thursday,0,0,Winter,0.5,0,1,64,71,67
2024-12-20,Friday,0,0,Winter,4.2,0,0,67,57,74
2024-12-21,Saturday,1,0,Winter,-2.9,0,0,74,85,78
2024-12-22,Sunday,1,0,Winter,1.1,1,0,78,71,81
2024-12-23,Monday,0,0,Winter,4.4,1,0,81,58,63
2024-12-24,Tuesday,0,1,Winter,-0.1,0,0,63,69,72
2024-12-25,Wednesday,0,1,Winter,4.3,0,0,72,64,63
2024-12-26,Thursday,0,1,Winter,1.4,1,1,63,67,69
2024-12-27,Friday,0,0,Winter,3.0,0,0,69,74,72
2024-12-28,Saturday,1,0,Winter,4.9,0,0,72,78,78
2024-12-29,Sunday,1,0,Winter,6.0,0,0,78,81,99
2024-12-30,Monday,0,0,Winter,3.5,1,0,99,63,81
2024-12-31,Tuesday,0,1,Winter,0.8,1,0,81,72,81
2025-01-01,Wednesday,0,1,Winter,1.8,0,0,81,63,75
2025-01-02,Thursday,0,0,Winter,5.2,0,0,75,69,63
2025-01-03,Friday,0,0,Winter,0.2,1,0,63,72,77
2025-01-04,Saturday,1,0,Winter,2.8,0,0,77,78,70
2025-01-05,Sunday,1,0,Winter,2.2,0,1,70,99,85
2025-01-06,Monday,0,0,Winter,3.1,1,0,85,81,76
2025-01-07,Tuesday,0,0,Winter,0.5,0,0,76,81,90
2025-01-08,Wednesday,0,0,Winter,-2.0,0,0,90,75,88
2025-01-09,Thursday,0,0,Winter,5.2,1,0,88,63,78
2025-01-10,Friday,0,0,Winter,6.6,1,0,78,77,92
2025-01-11,Saturday,1,0,Winter,-1.6,0,0,92,70,81
2025-01-12,Sunday,1,0,Winter,4.9,0,0,81,85,86
2025-01-13,Monday,0,0,Winter,7.1,0,0,86,76,86
2025-01-14,Tuesday,0,0,Winter,5.7,0,0,86,90,71
2025-01-15,Wednesday,0,0,Winter,2.8,0,0,71,88,76
2025-01-16,Thursday,0,0,Winter,1.3,0,0,76,78,77
2025-01-17,Friday,0,0,Winter,4.4,0,0,77,92,85
2025-01-18,Saturday,1,0,Winter,5.0,0,0,85,81,80
2025-01-19,Sunday,1,0,Winter,4.6,0,0,80,86,86
2025-01-20,Monday,0,0,Winter,3.9,1,0,86,86,77
2025-01-21,Tuesday,0,0,Winter,1.3,1,0,77,71,62
2025-01-22,Wednesday,0,0,Winter,5.9,1,0,62,76,69
2025-01-23,Thursday,0,0,Winter,6.1,1,0,69,77,79
2025-01-24,Friday,0,0,Winter,5.4,1,0,79,85,74
2025-01-25,Saturday,1,0,Winter,5.2,0,0,74,80,85
2025-01-26,Sunday,1,0,Winter,10.0,1,0,85,86,94
2025-01-27,Monday,0,0,Winter,3.2,0,0,94,77,88
2025-01-28,Tuesday,0,0,Winter,9.0,1,0,88,62,71
2025-01-29,Wednesday,0,0,Winter,3.1,1,0,71,69,72
2025-01-30,Thursday,0,0,Winter,8.7,0,1,72,79,82
2025-01-31,Friday,0,0,Winter,9.2,1,0,82,74,84
2025-02-01,Saturday,1,0,Winter,4.8,1,0,84,85,79
2025-02-02,Sunday,1,0,Winter,10.8,1,0,79,94,73
2025-02-03,Monday,0,0,Winter,7.3,0,0,73,88,78
2025-02-04,Tuesday,0,0,Winter,3.4,0,0,78,71,77
2025-02-05,Wednesday,0,0,Winter,5.0,1,0,77,72,74
2025-02-06,Thursday,0,0,Winter,9.7,0,0,74,82,72
2025-02-07,Friday,0,0,Winter,9.2,0,0,72,84,63
2025-02-08,Saturday,1,0,Winter,3.3,0,0,63,79,82
2025-02-09,Sunday,1,0,Winter,6.2,0,0,82,73,91
2025-02-10,Monday,0,0,Winter,7.4,1,0,91,78,63
2025-02-11,Tuesday,0,0,Winter,5.4,1,0,63,77,61
2025-02-12,Wednesday,0,0,Winter,14.1,1,0,61,74,60
2025-02-13,Thursday,0,0,Winter,7.9,1,0,60,72,67
2025-02-14,Friday,0,0,Winter,7.2,1,0,67,63,77
2025-02-15,Saturday,1,0,Winter,11.1,1,0,77,82,82
2025-02-16,Sunday,1,0,Winter,6.5,0,1,82,91,90
2025-02-17,Monday,0,0,Winter,10.8,1,0,90,63,76
2025-02-18,Tuesday,0,0,Winter,2.9,1,0,76,61,49
2025-02-19,Wednesday,0,0,Winter,6.7,1,0,49,60,60
2025-02-20,Thursday,0,0,Winter,11.4,1,0,60,67,72
2025-02-21,Friday,0,0,Winter,13.1,0,0,72,77,80
2025-02-22,Saturday,1,0,Winter,6.2,0,0,80,82,83
2025-02-23,Sunday,1,0,Winter,6.0,1,0,83,90,81
2025-02-24,Monday,0,0,Winter,10.5,1,0,81,76,70
2025-02-25,Tuesday,0,0,Winter,7.1,0,0,70,49,62
2025-02-26,Wednesday,0,0,Winter,8.3,0,0,62,60,53
2025-02-27,Thursday,0,0,Winter,11.9,0,0,53,72,70
2025-02-28,Friday,0,0,Winter,7.8,0,0,70,80,75
2025-03-01,Saturday,1,0,Spring,3.7,0,0,75,83,85
2025-03-02,Sunday,1,0,Spring,5.9,0,0,85,81,83
2025-03-03,Monday,0,0,Spring,10.0,0,0,83,70,80
2025-03-04,Tuesday,0,0,Spring,4.5,0,0,80,62,82
2025-03-05,Wednesday,0,0,Spring,9.4,1,0,82,53,72
2025-03-06,Thursday,0,0,Spring,6.3,0,0,72,70,64
2025-03-07,Friday,0,0,Spring,15.5,1,0,64,75,76
2025-03-08,Saturday,1,0,Spring,17.3,0,1,76,85,101
2025-03-09,Sunday,1,0,Spring,7.8,0,0,101,83,95
2025-03-10,Monday,0,0,Spring,11.9,0,0,95,80,81
2025-03-11,Tuesday,0,0,Spring,8.4,0,0,81,82,80
2025-03-12,Wednesday,0,0,Spring,10.5,0,1,80,72,92
2025-03-13,Thursday,0,0,Spring,17.0,0,0,92,64,85
2025-03-14,Friday,0,0,Spring,10.4,0,0,85,76,97
2025-03-15,Saturday,1,0,Spring,11.1,1,1,97,101,103
2025-03-16,Sunday,1,0,Spring,9.3,0,0,103,95,93
2025-03-17,Monday,0,0,Spring,15.8,0,0,93,81,86
2025-03-18,Tuesday,0,0,Spring,2.7,1,0,86,80,62
2025-03-19,Wednesday,0,0,Spring,11.3,0,0,62,92,77
2025-03-20,Thursday,0,0,Spring,12.7,0,0,77,85,82
2025-03-21,Friday,0,0,Spring,11.0,0,0,82,97,97
2025-03-22,Saturday,1,0,Spring,15.8,0,0,97,103,94
2025-03-23,Sunday,1,0,Spring,17.0,0,1,94,93,112
2025-03-24,Monday,0,0,Spring,9.3,1,0,112,86,92
2025-03-25,Tuesday,0,0,Spring,20.0,0,0,92,62,96
2025-03-26,Wednesday,0,0,Spring,9.6,0,0,96,77,86
2025-03-27,Thursday,0,0,Spring,17.9,1,0,86,82,89
2025-03-28,Friday,0,0,Spring,14.7,0,0,89,97,101
2025-03-29,Saturday,1,0,Spring,12.9,1,0,101,94,87
2025-03-30,Sunday,1,0,Spring,13.3,1,0,87,112,104
2025-03-31,Monday,0,0,Spring,14.6,0,1,104,92,101
2025-04-01,Tuesday,0,0,Spring,15.5,0,0,101,96,87
2025-04-02,Wednesday,0,0,Spring,12.3,0,0,87,86,86
2025-04-03,Thursday,0,0,Spring,14.5,0,0,86,89,98
2025-04-04,Friday,0,0,Spring,13.1,0,0,98,101,99
2025-04-05,Saturday,1,0,Spring,11.9,0,0,99,87,102
2025-04-06,Sunday,1,0,Spring,13.3,0,0,102,104,90
2025-04-07,Monday,0,0,Spring,12.4,0,0,90,101,84
2025-04-08,Tuesday,0,0,Spring,14.8,1,0,84,87,87
2025-04-09,Wednesday,0,0,Spring,17.5,0,0,87,86,96
2025-04-10,Thursday,0,0,Spring,16.7,0,0,96,98,100
2025-04-11,Friday,0,0,Spring,22.5,0,1,100,99,117
2025-04-12,Saturday,1,0,Spring,10.1,0,0,117,102,110
2025-04-13,Sunday,1,0,Spring,18.3,0,0,110,90,106
2025-04-14,Monday,0,0,Spring,17.0,0,0,106,84,87
2025-04-15,Tuesday,0,0,Spring,19.6,0,1,87,87,93
2025-04-16,Wednesday,0,0,Spring,19.5,0,0,93,96,95
2025-04-17,Thursday,0,0,Spring,17.0,0,0,95,100,87
2025-04-18,Friday,0,0,Spring,18.2,0,0,87,117,119
2025-04-19,Saturday,1,0,Spring,15.6,0,1,119,110,120
2025-04-20,Sunday,1,0,Spring,19.8,1,0,120,106,114
2025-04-21,Monday,0,0,Spring,12.4,0,0,114,87,88
2025-04-22,Tuesday,0,0,Spring,20.6,0,0,88,93,70
2025-04-23,Wednesday,0,0,Spring,18.3,1,0,70,95,93
2025-04-24,Thursday,0,0,Spring,17.1,0,0,93,87,94
2025-04-25,Friday,0,0,Spring,18.0,0,0,94,119,91
2025-04-26,Saturday,1,0,Spring,18.3,0,0,91,120,102
2025-04-27,Sunday,1,0,Spring,22.8,0,0,102,114,126
2025-04-28,Monday,0,0,Spring,28.8,0,0,126,88,113
2025-04-29,Tuesday,0,0,Spring,22.9,0,0,113,70,79
2025-04-30,Wednesday,0,0,Spring,17.7,1,0,79,93,81
2025-05-01,Thursday,0,1,Spring,21.4,0,1,81,94,104
2025-05-02,Friday,0,0,Spring,21.6,0,0,104,91,108
2025-05-03,Saturday,1,0,Spring,17.0,1,1,108,102,115
2025-05-04,Sunday,1,0,Spring,16.1,0,0,115,126,105
2025-05-05,Monday,0,0,Spring,19.8,1,0,105,113,96
2025-05-06,Tuesday,0,0,Spring,22.5,1,0,96,79,82
2025-05-07,Wednesday,0,0,Spring,15.4,1,0,82,81,86
2025-05-08,Thursday,0,0,Spring,18.2,0,0,86,104,92
2025-05-09,Friday,0,0,Spring,22.2,0,0,92,108,100
2025-05-10,Saturday,1,0,Spring,20.7,1,0,100,115,108
2025-05-11,Sunday,1,0,Spring,24.9,0,0,108,105,106
2025-05-12,Monday,0,0,Spring,16.6,0,0,106,96,108
2025-05-13,Tuesday,0,0,Spring,28.0,0,0,108,82,109
2025-05-14,Wednesday,0,0,Spring,16.4,0,0,109,86,106
2025-05-15,Thursday,0,0,Spring,15.0,1,0,106,92,88
2025-05-16,Friday,0,0,Spring,21.0,1,0,88,100,99
2025-05-17,Saturday,1,0,Spring,17.9,0,0,99,108,115
2025-05-18,Sunday,1,0,Spring,21.3,0,0,115,106,107
2025-05-19,Monday,0,0,Spring,21.3,0,0,107,108,95
2025-05-20,Tuesday,0,0,Spring,21.0,0,0,95,109,92
2025-05-21,Wednesday,0,0,Spring,19.1,0,0,92,106,87
2025-05-22,Thursday,0,0,Spring,23.1,1,0,87,88,98
2025-05-23,Friday,0,0,Spring,20.9,0,0,98,99,110
2025-05-24,Saturday,1,0,Spring,25.2,1,0,110,115,114
2025-05-25,Sunday,1,0,Spring,21.5,0,0,114,107,114
2025-05-26,Monday,0,0,Spring,19.2,0,0,114,95,97
2025-05-27,Tuesday,0,0,Spring,17.1,1,0,97,92,107
2025-05-28,Wednesday,0,0,Spring,21.7,0,0,107,87,97
2025-05-29,Thursday,0,0,Spring,18.5,0,0,97,98,96
2025-05-30,Friday,0,0,Spring,18.3,0,0,96,110,104
2025-05-31,Saturday,1,0,Spring,24.0,0,0,104,114,107
2025-06-01,Sunday,1,0,Summer,17.1,0,0,107,114,115
2025-06-02,Monday,0,0,Summer,26.7,0,0,115,97,119
2025-06-03,Tuesday,0,0,Summer,23.0,0,0,119,107,111
2025-06-04,Wednesday,0,0,Summer,22.5,0,0,111,97,113
2025-06-05,Thursday,0,0,Summer,19.6,0,1,113,96,102
2025-06-06,Friday,0,0,Summer,25.0,0,0,102,104,104
2025-06-07,Saturday,1,0,Summer,22.7,0,0,104,107,116
2025-06-08,Sunday,1,0,Summer,20.7,1,0,116,115,103
2025-06-09,Monday,0,0,Summer,23.4,0,0,103,119,110
2025-06-10,Tuesday,0,0,Summer,17.8,1,0,110,111,102
2025-06-11,Wednesday,0,0,Summer,18.0,1,0,102,113,104
2025-06-12,Thursday,0,0,Summer,19.5,0,0,104,102,105
2025-06-13,Friday,0,0,Summer,24.0,0,0,105,104,111
2025-06-14,Saturday,1,0,Summer,22.9,0,0,111,116,103
2025-06-15,Sunday,1,0,Summer,26.1,0,0,103,103,104
2025-06-16,Monday,0,0,Summer,20.2,0,0,104,110,108
2025-06-17,Tuesday,0,0,Summer,24.7,0,0,108,102,97
2025-06-18,Wednesday,0,0,Summer,22.7,0,0,97,104,96
2025-06-19,Thursday,0,0,Summer,20.2,0,0,96,105,101
2025-06-20,Friday,0,0,Summer,24.2,0,0,101,111,110
2025-06-21,Saturday,1,0,Summer,22.8,1,1,110,103,126
2025-06-22,Sunday,1,0,Summer,21.1,0,0,126,104,122
2025-06-23,Monday,0,0,Summer,23.1,0,0,122,108,109
2025-06-24,Tuesday,0,0,Summer,22.6,0,0,109,97,93
2025-06-25,Wednesday,0,0,Summer,22.5,0,0,93,96,120
2025-06-26,Thursday,0,0,Summer,21.7,0,1,120,101,122
2025-06-27,Friday,0,0,Summer,19.0,0,0,122,110,125
2025-06-28,Saturday,1,0,Summer,23.1,0,0,125,126,114
2025-06-29,Sunday,1,0,Summer,20.5,0,0,114,122,117
2025-06-30,Monday,0,0,Summer,19.8,0,0,117,109,107
2025-07-01,Tuesday,0,0,Summer,22.1,0,0,107,93,100
2025-07-02,Wednesday,0,0,Summer,25.0,0,0,100,120,115
2025-07-03,Thursday,0,0,Summer,23.3,0,0,115,122,117
2025-07-04,Friday,0,0,Summer,21.1,0,0,117,125,119
2025-07-05,Saturday,1,0,Summer,21.0,0,0,119,114,123
2025-07-06,Sunday,1,0,Summer,24.5,0,1,123,117,132
2025-07-07,Monday,0,0,Summer,15.4,0,0,132,107,106
2025-07-08,Tuesday,0,0,Summer,24.9,1,0,106,100,109
2025-07-09,Wednesday,0,0,Summer,16.9,0,0,109,115,105
2025-07-10,Thursday,0,0,Summer,18.2,0,0,105,117,110
2025-07-11,Friday,0,0,Summer,20.8,1,0,110,119,124
2025-07-12,Saturday,1,0,Summer,28.8,0,0,124,123,152
2025-07-13,Sunday,1,0,Summer,27.3,0,0,152,132,146
2025-07-14,Monday,0,0,Summer,24.3,0,0,146,106,112
2025-07-15,Tuesday,0,0,Summer,23.2,1,0,112,109,105
2025-07-16,Wednesday,0,0,Summer,16.5,0,0,105,105,116
2025-07-17,Thursday,0,0,Summer,22.4,0,0,116,110,113
2025-07-18,Friday,0,0,Summer,20.2,1,0,113,124,122
2025-07-19,Saturday,1,0,Summer,19.4,1,0,122,152,137
2025-07-20,Sunday,1,0,Summer,22.2,0,0,137,146,133
2025-07-21,Monday,0,0,Summer,20.2,0,0,133,112,131
2025-07-22,Tuesday,0,0,Summer,24.2,0,1,131,105,129
2025-07-23,Wednesday,0,0,Summer,15.7,1,0,129,116,114
2025-07-24,Thursday,0,0,Summer,21.6,0,0,114,113,114
2025-07-25,Friday,0,0,Summer,18.6,1,0,114,122,107
2025-07-26,Saturday,1,0,Summer,19.9,0,0,107,137,118
2025-07-27,Sunday,1,0,Summer,22.0,1,0,118,133,115
2025-07-28,Monday,0,0,Summer,17.6,0,0,115,131,130
2025-07-29,Tuesday,0,0,Summer,21.4,0,0,130,129,130
2025-07-30,Wednesday,0,0,Summer,20.1,1,0,130,114,109
2025-07-31,Thursday,0,0,Summer,18.7,0,0,109,114,124
2025-08-01,Friday,0,0,Summer,19.1,0,0,124,107,129
2025-08-02,Saturday,1,0,Summer,20.0,0,0,129,118,124
2025-08-03,Sunday,1,0,Summer,18.0,1,0,124,115,122
2025-08-04,Monday,0,0,Summer,20.2,0,0,122,130,113
2025-08-05,Tuesday,0,0,Summer,19.2,0,0,113,130,122
2025-08-06,Wednesday,0,0,Summer,18.1,0,0,122,109,117
2025-08-07,Thursday,0,0,Summer,24.6,1,0,117,124,114
2025-08-08,Friday,0,0,Summer,20.9,1,0,114,129,110
2025-08-09,Saturday,1,0,Summer,18.4,0,0,110,124,121
2025-08-10,Sunday,1,0,Summer,19.9,0,0,121,122,126
2025-08-11,Monday,0,0,Summer,16.2,0,0,126,113,123
2025-08-12,Tuesday,0,0,Summer,17.9,0,0,123,122,121
2025-08-13,Wednesday,0,0,Summer,18.1,0,0,121,117,122
2025-08-14,Thursday,0,0,Summer,15.2,0,0,122,114,111
2025-08-15,Friday,0,0,Summer,19.9,0,1,111,110,108
2025-08-16,Saturday,1,0,Summer,17.1,0,0,108,121,107
2025-08-17,Sunday,1,0,Summer,17.4,0,0,107,126,115
2025-08-18,Monday,0,0,Summer,16.6,1,0,115,123,103
2025-08-19,Tuesday,0,0,Summer,27.1,0,0,103,121,110
2025-08-20,Wednesday,0,0,Summer,16.0,1,0,110,122,113
2025-08-21,Thursday,0,0,Summer,11.7,1,0,113,111,111
2025-08-22,Friday,0,0,Summer,12.9,0,0,111,108,94
2025-08-23,Saturday,1,0,Summer,19.9,0,0,94,107,128
2025-08-24,Sunday,1,0,Summer,21.4,0,0,128,115,127
2025-08-25,Monday,0,0,Summer,15.2,0,1,127,103,120
2025-08-26,Tuesday,0,0,Summer,20.9,0,0,120,110,112
2025-08-27,Wednesday,0,0,Summer,19.2,0,0,112,113,109
2025-08-28,Thursday,0,0,Summer,16.2,0,0,109,111,117
2025-08-29,Friday,0,0,Summer,15.9,1,0,117,94,101
2025-08-30,Saturday,1,0,Summer,17.0,0,0,101,128,120
2025-08-31,Sunday,1,0,Summer,18.9,0,0,120,127,134
2025-09-01,Monday,0,0,Autumn,17.3,0,1,134,120,125
2025-09-02,Tuesday,0,0,Autumn,14.0,1,0,125,112,110
2025-09-03,Wednesday,0,0,Autumn,15.3,1,1,110,109,98
2025-09-04,Thursday,0,0,Autumn,21.6,1,0,98,117,108
2025-09-05,Friday,0,0,Autumn,16.2,1,0,108,101,105
2025-09-06,Saturday,1,0,Autumn,17.9,0,1,105,120,121
2025-09-07,Sunday,1,0,Autumn,16.8,0,0,121,134,127
2025-09-08,Monday,0,0,Autumn,15.8,1,0,127,125,103
2025-09-09,Tuesday,0,0,Autumn,15.1,1,0,103,110,109
2025-09-10,Wednesday,0,0,Autumn,17.3,0,0,109,98,121
2025-09-11,Thursday,0,0,Autumn,16.6,1,0,121,108,104
2025-09-12,Friday,0,0,Autumn,15.1,0,1,104,105,120
2025-09-13,Saturday,1,0,Autumn,12.1,0,0,120,121,118
2025-09-14,Sunday,1,0,Autumn,15.1,1,0,118,127,106
2025-09-15,Monday,0,0,Autumn,13.6,0,0,106,103,106
2025-09-16,Tuesday,0,0,Autumn,12.7,0,0,106,109,98
2025-09-17,Wednesday,0,0,Autumn,21.5,0,0,98,121,109
2025-09-18,Thursday,0,0,Autumn,8.7,0,0,109,104,114
2025-09-19,Friday,0,0,Autumn,16.0,1,0,114,120,114
2025-09-20,Saturday,1,0,Autumn,10.3,0,0,114,118,116
2025-09-21,Sunday,1,0,Autumn,13.2,0,0,116,106,103
2025-09-22,Monday,0,0,Autumn,20.3,1,0,103,106,90
2025-09-23,Tuesday,0,0,Autumn,9.5,1,0,90,98,84
2025-09-24,Wednesday,0,0,Autumn,10.1,1,0,84,109,84
2025-09-25,Thursday,0,0,Autumn,12.0,1,0,84,114,96
2025-09-26,Friday,0,0,Autumn,9.4,1,1,96,114,98
2025-09-27,Saturday,1,0,Autumn,14.4,1,0,98,116,100
2025-09-28,Sunday,1,0,Autumn,10.0,0,0,100,103,100
2025-09-29,Monday,0,0,Autumn,13.4,0,0,100,90,92
2025-09-30,Tuesday,0,0,Autumn,7.2,0,0,92,84,84
2025-10-01,Wednesday,0,0,Autumn,5.6,1,0,84,84,76
2025-10-02,Thursday,0,0,Autumn,10.2,1,0,76,96,76
2025-10-03,Friday,0,0,Autumn,6.0,1,1,76,98,94
2025-10-04,Saturday,1,0,Autumn,15.1,1,0,94,100,108
2025-10-05,Sunday,1,0,Autumn,5.8,1,0,108,100,100
2025-10-06,Monday,0,0,Autumn,7.1,0,0,100,92,85
2025-10-07,Tuesday,0,0,Autumn,11.3,0,0,85,84,69
2025-10-08,Wednesday,0,0,Autumn,8.1,0,0,69,76,84
2025-10-09,Thursday,0,0,Autumn,5.2,0,0,84,76,79
2025-10-10,Friday,0,0,Autumn,15.7,1,1,79,94,104
2025-10-11,Saturday,1,0,Autumn,6.4,0,0,104,108,117
2025-10-12,Sunday,1,0,Autumn,8.7,0,1,117,100,120
2025-10-13,Monday,0,0,Autumn,8.5,1,0,120,85,100
2025-10-14,Tuesday,0,0,Autumn,11.1,0,0,100,69,91
2025-10-15,Wednesday,0,0,Autumn,10.2,0,1,91,84,92
2025-10-16,Thursday,0,0,Autumn,6.1,0,1,92,79,85
2025-10-17,Friday,0,0,Autumn,7.5,0,0,85,104,98
2025-10-18,Saturday,1,0,Autumn,7.6,1,0,98,117,92
2025-10-19,Sunday,1,0,Autumn,10.4,0,0,92,120,99
2025-10-20,Monday,0,0,Autumn,4.5,0,0,99,100,85
2025-10-21,Tuesday,0,0,Autumn,13.9,0,0,85,91,90
2025-10-22,Wednesday,0,0,Autumn,5.4,0,0,90,92,87
2025-10-23,Thursday,0,0,Autumn,7.5,0,0,87,85,81
2025-10-24,Friday,0,0,Autumn,3.9,0,0,81,98,84
2025-10-25,Saturday,1,0,Autumn,3.4,1,0,84,92,101
2025-10-26,Sunday,1,0,Autumn,4.5,0,0,101,99,92
2025-10-27,Monday,0,0,Autumn,4.1,1,0,92,85,77
2025-10-28,Tuesday,0,0,Autumn,5.6,1,0,77,90,79
2025-10-29,Wednesday,0,0,Autumn,3.8,0,0,79,87,79
2025-10-30,Thursday,0,0,Autumn,8.7,0,0,79,81,85
2025-10-31,Friday,0,0,Autumn,4.1,1,0,85,84,90
2025-11-01,Saturday,1,0,Autumn,3.7,0,0,90,101,106
2025-11-02,Sunday,1,0,Autumn,5.0,1,0,106,92,95
2025-11-03,Monday,0,0,Autumn,9.1,0,0,95,77,86
2025-11-04,Tuesday,0,0,Autumn,6.6,0,0,86,79,81
2025-11-05,Wednesday,0,0,Autumn,5.5,1,0,81,79,68
2025-11-06,Thursday,0,0,Autumn,1.4,1,0,68,85,72
2025-11-07,Friday,0,0,Autumn,2.2,0,0,72,90,69
2025-11-08,Saturday,1,0,Autumn,1.7,1,1,69,106,94
2025-11-09,Sunday,1,0,Autumn,9.3,0,0,94,95,80
2025-11-10,Monday,0,0,Autumn,6.9,0,0,80,86,71
2025-11-11,Tuesday,0,0,Autumn,2.6,1,0,71,81,74
2025-11-12,Wednesday,0,0,Autumn,3.4,0,0,74,68,74
2025-11-13,Thursday,0,0,Autumn,2.5,0,0,74,72,74
2025-11-14,Friday,0,0,Autumn,2.2,0,0,74,69,72
2025-11-15,Saturday,1,0,Autumn,6.1,1,0,72,94,78
2025-11-16,Sunday,1,0,Autumn,3.8,0,0,78,80,78
2025-11-17,Monday,0,0,Autumn,10.8,1,0,78,71,76
2025-11-18,Tuesday,0,0,Autumn,8.2,1,0,76,74,69
2025-11-19,Wednesday,0,0,Autumn,8.3,1,0,69,74,55
2025-11-20,Thursday,0,0,Autumn,6.3,0,0,55,74,59
2025-11-21,Friday,0,0,Autumn,2.9,0,0,59,72,64
2025-11-22,Saturday,1,0,Autumn,5.9,1,0,64,78,74
2025-11-23,Sunday,1,0,Autumn,3.0,0,0,74,78,77
2025-11-24,Monday,0,0,Autumn,8.9,0,0,77,76,67
2025-11-25,Tuesday,0,0,Autumn,5.1,0,0,67,69,72
2025-11-26,Wednesday,0,0,Autumn,4.6,1,1,72,55,57
2025-11-27,Thursday,0,0,Autumn,4.1,1,0,57,59,55
2025-11-28,Friday,0,0,Autumn,8.9,0,0,55,64,74
2025-11-29,Saturday,1,0,Autumn,-0.7,0,0,74,74,83
2025-11-30,Sunday,1,0,Autumn,9.1,1,0,83,77,80
2025-12-01,Monday,0,0,Winter,3.0,0,0,80,67,76
2025-12-02,Tuesday,0,0,Winter,-0.7,1,0,76,72,67
2025-12-03,Wednesday,0,0,Winter,1.2,0,0,67,57,63
2025-12-04,Thursday,0,0,Winter,-1.6,0,0,63,55,65
2025-12-05,Friday,0,0,Winter,5.3,0,1,65,74,83
2025-12-06,Saturday,1,0,Winter,0.2,0,0,83,83,94
2025-12-07,Sunday,1,0,Winter,3.8,0,0,94,80,85
2025-12-08,Monday,0,0,Winter,6.6,1,0,85,76,71
2025-12-09,Tuesday,0,0,Winter,1.2,0,0,71,67,67
2025-12-10,Wednesday,0,0,Winter,2.3,1,0,67,63,61
2025-12-11,Thursday,0,0,Winter,-0.8,0,0,61,65,76
2025-12-12,Friday,0,0,Winter,1.9,0,0,76,83,82
2025-12-13,Saturday,1,0,Winter,10.8,0,0,82,94,87
2025-12-14,Sunday,1,0,Winter,5.4,0,0,87,85,76
2025-12-15,Monday,0,0,Winter,2.2,0,0,76,71,79
2025-12-16,Tuesday,0,0,Winter,1.2,1,0,79,67,63
2025-12-17,Wednesday,0,0,Winter,2.9,0,0,63,61,64
2025-12-18,Thursday,0,0,Winter,3.4,0,1,64,76,77
2025-12-19,Friday,0,0,Winter,1.7,0,0,77,82,84
2025-12-20,Saturday,1,0,Winter,4.6,1,1,84,87,89
2025-12-21,Sunday,1,0,Winter,0.1,0,0,89,76,83
2025-12-22,Monday,0,0,Winter,0.1,0,0,83,79,69
2025-12-23,Tuesday,0,0,Winter,4.1,0,0,69,63,84
2025-12-24,Wednesday,0,1,Winter,-0.5,0,0,84,64,72
2025-12-25,Thursday,0,1,Winter,5.2,0,0,72,77,84
2025-12-26,Friday,0,1,Winter,3.0,1,0,84,84,105
2025-12-27,Saturday,1,0,Winter,-2.4,1,0,105,89,100
2025-12-28,Sunday,1,0,Winter,3.4,0,0,100,83,90
2025-12-29,Monday,0,0,Winter,-1.9,0,0,90,69,73
2025-12-30,Tuesday,0,0,Winter,5.2,0,0,73,84,67
2025-12-31,Wednesday,0,1,Winter,2.4,1,0,67,72,81
2026-01-01,Thursday,0,1,Winter,8.8,1,0,81,84,82
2026-01-02,Friday,0,0,Winter,6.5,0,0,82,105,89
2026-01-03,Saturday,1,0,Winter,0.1,1,0,89,100,83
2026-01-04,Sunday,1,0,Winter,-2.7,0,0,83,90,80
2026-01-05,Monday,0,0,Winter,1.1,0,0,80,73,71
2026-01-06,Tuesday,0,0,Winter,-0.2,1,0,71,67,69
2026-01-07,Wednesday,0,0,Winter,9.0,1,0,69,81,72
2026-01-08,Thursday,0,0,Winter,3.5,0,0,72,82,82
2026-01-09,Friday,0,0,Winter,6.4,1,1,82,89,73
2026-01-10,Saturday,1,0,Winter,2.8,1,0,73,83,88
2026-01-11,Sunday,1,0,Winter,3.2,0,0,88,80,75
2026-01-12,Monday,0,0,Winter,3.7,0,0,75,71,74
2026-01-13,Tuesday,0,0,Winter,7.2,0,0,74,69,48
2026-01-14,Wednesday,0,0,Winter,4.9,1,0,48,72,56
2026-01-15,Thursday,0,0,Winter,0.8,0,0,56,82,73
2026-01-16,Friday,0,0,Winter,9.0,0,0,73,73,72
2026-01-17,Saturday,1,0,Winter,3.3,0,0,72,88,83
2026-01-18,Sunday,1,0,Winter,2.9,0,0,83,75,87
2026-01-19,Monday,0,0,Winter,-4.2,1,0,87,74,73
2026-01-20,Tuesday,0,0,Winter,6.3,0,0,73,48,52
2026-01-21,Wednesday,0,0,Winter,4.8,1,0,52,56,60
2026-01-22,Thursday,0,0,Winter,4.9,1,0,60,73,76
2026-01-23,Friday,0,0,Winter,3.5,0,1,76,72,92
2026-01-24,Saturday,1,0,Winter,3.1,1,0,92,83,78
2026-01-25,Sunday,1,0,Winter,3.8,0,0,78,87,74
2026-01-26,Monday,0,0,Winter,6.4,1,0,74,73,67
2026-01-27,Tuesday,0,0,Winter,7.0,1,1,67,52,70
2026-01-28,Wednesday,0,0,Winter,4.5,0,0,70,60,72
2026-01-29,Thursday,0,0,Winter,8.2,0,0,72,76,69
2026-01-30,Friday,0,0,Winter,5.2,0,1,69,92,86
2026-01-31,Saturday,1,0,Winter,4.0,0,0,86,78,81
2026-02-01,Sunday,1,0,Winter,6.2,1,0,81,74,70
2026-02-02,Monday,0,0,Winter,1.7,0,0,70,67,67
2026-02-03,Tuesday,0,0,Winter,6.6,0,0,67,70,66
2026-02-04,Wednesday,0,0,Winter,1.4,1,0,66,72,66
2026-02-05,Thursday,0,0,Winter,3.1,0,0,66,69,64
2026-02-06,Friday,0,0,Winter,0.2,1,0,64,86,75
2026-02-07,Saturday,1,0,Winter,5.9,1,0,75,81,72
2026-02-08,Sunday,1,0,Winter,11.3,1,1,72,70,79
2026-02-09,Monday,0,0,Winter,6.3,0,0,79,67,63
2026-02-10,Tuesday,0,0,Winter,8.7,1,0,63,66,64
2026-02-11,Wednesday,0,0,Winter,14.0,1,0,64,66,78
2026-02-12,Thursday,0,0,Winter,8.3,1,0,78,64,73
2026-02-13,Friday,0,0,Winter,4.9,1,0,73,75,72
2026-02-14,Saturday,1,0,Winter,5.5,0,0,72,72,78
2026-02-15,Sunday,1,0,Winter,7.5,0,1,78,79,85
2026-02-16,Monday,0,0,Winter,5.7,1,0,85,63,76
2026-02-17,Tuesday,0,0,Winter,6.1,0,0,76,64,72
2026-02-18,Wednesday,0,0,Winter,10.9,0,0,72,78,63
2026-02-19,Thursday,0,0,Winter,11.1,0,0,63,73,79
2026-02-20,Friday,0,0,Winter,3.3,1,0,79,72,68
2026-02-21,Saturday,1,0,Winter,5.9,1,0,68,78,71
2026-02-22,Sunday,1,0,Winter,7.1,1,0,71,85,79
2026-02-23,Monday,0,0,Winter,10.5,0,0,79,76,70
2026-02-24,Tuesday,0,0,Winter,12.3,0,0,70,72,87
2026-02-25,Wednesday,0,0,Winter,17.1,0,0,87,63,78
2026-02-26,Thursday,0,0,Winter,7.7,1,0,78,79,79
2026-02-27,Friday,0,0,Winter,8.1,0,0,79,68,68
2026-02-28,Saturday,1,0,Winter,11.2,1,0,68,71,72
2026-03-01,Sunday,1,0,Spring,7.6,0,0,72,79,80
2026-03-02,Monday,0,0,Spring,9.4,1,0,80,70,79
2026-03-03,Tuesday,0,0,Spring,8.7,0,0,79,87,73
2026-03-04,Wednesday,0,0,Spring,2.3,1,0,73,78,79
2026-03-05,Thursday,0,0,Spring,10.7,0,0,79,79,83
2026-03-06,Friday,0,0,Spring,9.9,1,0,83,68,83
2026-03-07,Saturday,1,0,Spring,14.4,1,0,83,72,82
2026-03-08,Sunday,1,0,Spring,10.8,0,0,82,80,81
2026-03-09,Monday,0,0,Spring,7.2,1,0,81,79,59
2026-03-10,Tuesday,0,0,Spring,10.3,0,0,59,73,71
2026-03-11,Wednesday,0,0,Spring,5.0,0,0,71,79,79
2026-03-12,Thursday,0,0,Spring,7.8,0,0,79,83,80
2026-03-13,Friday,0,0,Spring,13.5,0,0,80,83,77
2026-03-14,Saturday,1,0,Spring,11.1,1,0,77,82,82
2026-03-15,Sunday,1,0,Spring,14.7,1,0,82,81,89
2026-03-16,Monday,0,0,Spring,6.2,0,0,89,59,76
2026-03-17,Tuesday,0,0,Spring,11.6,1,0,76,71,78
2026-03-18,Wednesday,0,0,Spring,11.1,0,0,78,79,69
2026-03-19,Thursday,0,0,Spring,15.5,0,0,69,80,78
2026-03-20,Friday,0,0,Spring,14.8,1,0,78,77,82
2026-03-21,Saturday,1,0,Spring,14.9,0,0,82,82,97
2026-03-22,Sunday,1,0,Spring,17.8,0,0,97,89,96
2026-03-23,Monday,0,0,Spring,12.2,0,0,96,76,89
2026-03-24,Tuesday,0,0,Spring,17.5,0,0,89,78,80
2026-03-25,Wednesday,0,0,Spring,10.6,0,0,80,69,80
2026-03-26,Thursday,0,0,Spring,10.6,0,0,80,78,81
2026-03-27,Friday,0,0,Spring,16.3,0,0,81,82,87
2026-03-28,Saturday,1,0,Spring,9.7,1,1,87,97,118
2026-03-29,Sunday,1,0,Spring,16.1,0,0,118,96,108
2026-03-30,Monday,0,0,Spring,14.8,1,0,108,89,90
2026-03-31,Tuesday,0,0,Spring,17.9,0,0,90,80,78
2026-04-01,Wednesday,0,0,Spring,14.7,0,0,78,80,89
2026-04-02,Thursday,0,0,Spring,15.2,0,0,89,81,86
2026-04-03,Friday,0,0,Spring,16.7,0,0,86,87,93
2026-04-04,Saturday,1,0,Spring,13.4,1,0,93,118,98
2026-04-05,Sunday,1,0,Spring,13.4,1,0,98,108,103
2026-04-06,Monday,0,0,Spring,17.1,0,0,103,90,101
2026-04-07,Tuesday,0,0,Spring,15.8,0,0,101,78,100
2026-04-08,Wednesday,0,0,Spring,14.8,0,1,100,89,101
2026-04-09,Thursday,0,0,Spring,16.0,0,0,101,86,93
2026-04-10,Friday,0,0,Spring,21.2,0,1,93,93,103
2026-04-11,Saturday,1,0,Spring,15.2,0,0,103,98,107
2026-04-12,Sunday,1,0,Spring,15.3,0,0,107,103,109
2026-04-13,Monday,0,0,Spring,11.7,1,0,109,101,99
2026-04-14,Tuesday,0,0,Spring,16.9,0,1,99,100,98
2026-04-15,Wednesday,0,0,Spring,19.1,0,0,98,101,100
2026-04-16,Thursday,0,0,Spring,19.8,0,0,100,93,93
2026-04-17,Friday,0,0,Spring,17.8,1,0,93,103,97
2026-04-18,Saturday,1,0,Spring,20.5,0,0,97,107,119
2026-04-19,Sunday,1,0,Spring,20.0,0,0,119,109,115
2026-04-20,Monday,0,0,Spring,21.3,0,0,115,99,98
2026-04-21,Tuesday,0,0,Spring,21.0,1,0,98,98,97
2026-04-22,Wednesday,0,0,Spring,22.9,0,0,97,100,106
2026-04-23,Thursday,0,0,Spring,17.9,1,0,106,93,93
2026-04-24,Friday,0,0,Spring,14.5,0,0,93,97,89
2026-04-25,Saturday,1,0,Spring,20.7,1,0,89,119,100
2026-04-26,Sunday,1,0,Spring,21.1,1,0,100,115,103
2026-04-27,Monday,0,0,Spring,23.7,0,0,103,98,111
2026-04-28,Tuesday,0,0,Spring,22.9,0,0,111,97,94
2026-04-29,Wednesday,0,0,Spring,25.1,1,0,94,106,86
2026-04-30,Thursday,0,0,Spring,21.2,1,1,86,93,100
2026-05-01,Friday,0,1,Spring,20.2,1,1,100,89,107
2026-05-02,Saturday,1,0,Spring,15.5,0,0,107,100,103
2026-05-03,Sunday,1,0,Spring,20.7,1,0,103,103,109
2026-05-04,Monday,0,0,Spring,18.2,0,0,109,111,105
2026-05-05,Tuesday,0,0,Spring,20.6,0,1,105,94,114
2026-05-06,Wednesday,0,0,Spring,20.3,0,0,114,86,107
2026-05-07,Thursday,0,0,Spring,21.6,0,1,107,100,105
2026-05-08,Friday,0,0,Spring,20.1,0,0,105,107,97
2026-05-09,Saturday,1,0,Spring,23.3,0,0,97,103,117
2026-05-10,Sunday,1,0,Spring,12.4,0,0,117,109,111
2026-05-11,Monday,0,0,Spring,21.3,1,0,111,105,122
2026-05-12,Tuesday,0,0,Spring,24.4,1,0,122,114,118
2026-05-13,Wednesday,0,0,Spring,26.5,1,0,118,107,119
2026-05-14,Thursday,0,0,Spring,23.2,1,0,119,105,103
2026-05-15,Friday,0,0,Spring,26.2,1,1,103,97,112
2026-05-16,Saturday,1,0,Spring,21.7,1,0,112,117,122
2026-05-17,Sunday,1,0,Spring,21.3,0,0,122,111,118
2026-05-18,Monday,0,0,Spring,23.0,0,0,118,122,114
2026-05-19,Tuesday,0,0,Spring,21.5,1,0,114,118,109
2026-05-20,Wednesday,0,0,Spring,19.2,0,1,109,119,111
2026-05-21,Thursday,0,0,Spring,20.1,1,1,111,103,106
2026-05-22,Friday,0,0,Spring,18.4,0,0,106,112,109
2026-05-23,Saturday,1,0,Spring,23.4,0,0,109,122,117
2026-05-24,Sunday,1,0,Spring,22.0,0,0,117,118,113
2026-05-25,Monday,0,0,Spring,20.9,1,0,113,114,104
2026-05-26,Tuesday,0,0,Spring,20.4,0,0,104,109,94
2026-05-27,Wednesday,0,0,Spring,23.7,0,0,94,111,107
2026-05-28,Thursday,0,0,Spring,24.5,0,0,107,106,113
2026-05-29,Friday,0,0,Spring,18.9,0,0,113,109,117
2026-05-30,Saturday,1,0,Spring,18.5,0,0,117,117,114
2026-05-31,Sunday,1,0,Spring,25.3,0,0,114,113,111
2026-06-01,Monday,0,0,Summer,18.3,0,0,111,104,114
2026-06-02,Tuesday,0,0,Summer,24.2,1,0,114,94,103
2026-06-03,Wednesday,0,0,Summer,27.4,0,0,103,107,112
2026-06-04,Thursday,0,0,Summer,27.5,1,1,112,113,113
2026-06-05,Friday,0,0,Summer,24.9,1,0,113,117,114
2026-06-06,Saturday,1,0,Summer,24.8,1,1,114,114,135
2026-06-07,Sunday,1,0,Summer,29.5,0,0,135,111,131
2026-06-08,Monday,0,0,Summer,15.8,0,0,131,114,114
2026-06-09,Tuesday,0,0,Summer,21.4,0,0,114,103,113
2026-06-10,Wednesday,0,0,Summer,25.4,0,0,113,112,116
2026-06-11,Thursday,0,0,Summer,21.9,0,0,116,113,130
2026-06-12,Friday,0,0,Summer,26.6,0,0,130,114,127
2026-06-13,Saturday,1,0,Summer,22.8,0,1,127,135,146
2026-06-14,Sunday,1,0,Summer,23.3,0,0,146,131,137
2026-06-15,Monday,0,0,Summer,22.1,0,0,137,114,114
2026-06-16,Tuesday,0,0,Summer,21.4,0,0,114,113,114
2026-06-17,Wednesday,0,0,Summer,21.3,0,0,114,116,103
2026-06-18,Thursday,0,0,Summer,23.8,0,1,103,130,130
2026-06-19,Friday,0,0,Summer,20.7,0,0,130,127,119
2026-06-20,Saturday,1,0,Summer,25.9,1,0,119,146,125
2026-06-21,Sunday,1,0,Summer,25.0,0,0,125,137,124
2026-06-22,Monday,0,0,Summer,26.3,1,1,124,114,126
2026-06-23,Tuesday,0,0,Summer,19.6,0,0,126,114,108
2026-06-24,Wednesday,0,0,Summer,17.9,0,0,108,103,109
2026-06-25,Thursday,0,0,Summer,23.0,0,0,109,130,113
2026-06-26,Friday,0,0,Summer,31.6,0,0,113,119,122
2026-06-27,Saturday,1,0,Summer,26.7,0,0,122,125,127
2026-06-28,Sunday,1,0,Summer,21.2,0,0,127,124,143
2026-06-29,Monday,0,0,Summer,24.2,0,0,143,126,117
2026-06-30,Tuesday,0,0,Summer,25.0,0,0,117,108,116
2026-07-01,Wednesday,0,0,Summer,18.7,0,0,116,109,111
2026-07-02,Thursday,0,0,Summer,26.9,1,0,111,113,107
2026-07-03,Friday,0,0,Summer,22.3,0,0,107,122,120
2026-07-04,Saturday,1,0,Summer,22.5,0,1,120,127,129
2026-07-05,Sunday,1,0,Summer,22.8,0,0,129,143,126
2026-07-06,Monday,0,0,Summer,26.1,0,0,126,117,111
2026-07-07,Tuesday,0,0,Summer,20.3,1,0,111,116,108
2026-07-08,Wednesday,0,0,Summer,17.4,0,1,108,111,111
2026-07-09,Thursday,0,0,Summer,23.5,0,1,111,107,114
2026-07-10,Friday,0,0,Summer,16.3,0,0,114,120,119
2026-07-11,Saturday,1,0,Summer,21.5,0,0,119,129,135
2026-07-12,Sunday,1,0,Summer,25.9,0,0,135,126,123
2026-07-13,Monday,0,0,Summer,24.0,0,0,123,111,117
2026-07-14,Tuesday,0,0,Summer,25.3,1,0,117,108,113
2026-07-15,Wednesday,0,0,Summer,24.0,0,0,113,111,121
2026-07-16,Thursday,0,0,Summer,29.3,0,0,121,114,119
2026-07-17,Friday,0,0,Summer,20.2,0,0,119,119,132
2026-07-18,Saturday,1,0,Summer,23.1,0,0,132,135,140
2026-07-19,Sunday,1,0,Summer,20.5,0,0,140,123,119
2026-07-20,Monday,0,0,Summer,24.6,1,0,119,117,114
2026-07-21,Tuesday,0,0,Summer,21.5,0,0,114,113,111
2026-07-22,Wednesday,0,0,Summer,26.7,0,0,111,121,123
2026-07-23,Thursday,0,0,Summer,19.9,1,0,123,119,125
2026-07-24,Friday,0,0,Summer,25.6,0,1,125,132,130
2026-07-25,Saturday,1,0,Summer,23.1,0,0,130,140,143
2026-07-26,Sunday,1,0,Summer,21.1,1,0,143,119,128
2026-07-27,Monday,0,0,Summer,22.7,0,0,128,114,112
2026-07-28,Tuesday,0,0,Summer,21.8,1,0,112,111,117
2026-07-29,Wednesday,0,0,Summer,21.9,0,0,117,123,113
2026-07-30,Thursday,0,0,Summer,20.1,0,0,113,125,117
2026-07-31,Friday,0,0,Summer,18.5,1,0,117,130,118
2026-08-01,Saturday,1,0,Summer,19.5,0,0,118,143,134
2026-08-02,Sunday,1,0,Summer,15.4,1,0,134,128,134
2026-08-03,Monday,0,0,Summer,22.8,0,0,134,112,131
2026-08-04,Tuesday,0,0,Summer,16.5,0,0,131,117,124
2026-08-05,Wednesday,0,0,Summer,19.4,0,0,124,113,104
2026-08-06,Thursday,0,0,Summer,21.9,0,0,104,117,122
2026-08-07,Friday,0,0,Summer,22.3,0,0,122,118,127
2026-08-08,Saturday,1,0,Summer,14.4,0,0,127,134,137
2026-08-09,Sunday,1,0,Summer,19.3,0,1,137,134,139
2026-08-10,Monday,0,0,Summer,20.8,0,0,139,131,126
2026-08-11,Tuesday,0,0,Summer,19.5,0,1,126,124,133
2026-08-12,Wednesday,0,0,Summer,23.2,0,0,133,104,133
2026-08-13,Thursday,0,0,Summer,16.6,0,0,133,122,125
2026-08-14,Friday,0,0,Summer,12.7,1,0,125,127,110
2026-08-15,Saturday,1,0,Summer,21.2,0,0,110,137,130
2026-08-16,Sunday,1,0,Summer,17.0,0,0,130,139,129
2026-08-17,Monday,0,0,Summer,13.2,0,0,129,126,110
2026-08-18,Tuesday,0,0,Summer,17.8,0,0,110,133,113
2026-08-19,Wednesday,0,0,Summer,21.9,0,0,113,133,121
2026-08-20,Thursday,0,0,Summer,14.2,0,0,121,125,125
2026-08-21,Friday,0,0,Summer,24.9,1,0,125,110,116
2026-08-22,Saturday,1,0,Summer,15.2,1,0,116,130,118
2026-08-23,Sunday,1,0,Summer,17.8,0,0,118,129,122
2026-08-24,Monday,0,0,Summer,13.8,0,0,122,110,122
2026-08-25,Tuesday,0,0,Summer,17.4,0,0,122,113,123
2026-08-26,Wednesday,0,0,Summer,16.7,0,0,123,121,121
2026-08-27,Thursday,0,0,Summer,12.5,0,0,121,125,121
2026-08-28,Friday,0,0,Summer,25.3,0,0,121,116,121
2026-08-29,Saturday,1,0,Summer,15.1,0,0,121,118,128
2026-08-30,Sunday,1,0,Summer,15.0,1,0,128,122,114
2026-08-31,Monday,0,0,Summer,19.2,0,0,114,122,115
2026-09-01,Tuesday,0,0,Autumn,21.6,0,0,115,123,97
2026-09-02,Wednesday,0,0,Autumn,19.4,0,0,97,121,91
2026-09-03,Thursday,0,0,Autumn,12.2,1,0,91,121,82
2026-09-04,Friday,0,0,Autumn,16.3,0,0,82,121,113
2026-09-05,Saturday,1,0,Autumn,9.8,1,0,113,128,112
2026-09-06,Sunday,1,0,Autumn,18.0,1,0,112,114,100
2026-09-07,Monday,0,0,Autumn,10.2,0,0,100,115,114
2026-09-08,Tuesday,0,0,Autumn,12.6,0,0,114,97,94
2026-09-09,Wednesday,0,0,Autumn,14.8,0,0,94,91,95
2026-09-10,Thursday,0,0,Autumn,16.0,0,1,95,82,94
2026-09-11,Friday,0,0,Autumn,13.7,0,1,94,113,115
2026-09-12,Saturday,1,0,Autumn,18.9,1,0,115,112,114
2026-09-13,Sunday,1,0,Autumn,16.3,1,0,114,100,100
2026-09-14,Monday,0,0,Autumn,15.9,0,0,100,114,89
2026-09-15,Tuesday,0,0,Autumn,10.1,0,0,89,94,82
2026-09-16,Wednesday,0,0,Autumn,18.7,0,0,82,95,82
2026-09-17,Thursday,0,0,Autumn,11.0,0,0,82,94,75
2026-09-18,Friday,0,0,Autumn,18.5,0,0,75,115,101
2026-09-19,Saturday,1,0,Autumn,19.2,1,1,101,114,123
2026-09-20,Sunday,1,0,Autumn,14.5,0,0,123,100,107
2026-09-21,Monday,0,0,Autumn,15.9,0,0,107,89,80
2026-09-22,Tuesday,0,0,Autumn,3.3,1,0,80,82,76
2026-09-23,Wednesday,0,0,Autumn,11.8,0,0,76,82,80
2026-09-24,Thursday,0,0,Autumn,15.6,1,0,80,75,73
2026-09-25,Friday,0,0,Autumn,14.9,1,0,73,101,86
2026-09-26,Saturday,1,0,Autumn,8.2,0,0,86,123,83
2026-09-27,Sunday,1,0,Autumn,10.9,0,0,83,107,94
2026-09-28,Monday,0,0,Autumn,4.0,1,0,94,80,77
2026-09-29,Tuesday,0,0,Autumn,12.6,0,0,77,76,87
2026-09-30,Wednesday,0,0,Autumn,5.6,0,1,87,80,90
2026-10-01,Thursday,0,0,Autumn,14.4,1,0,90,73,84
2026-10-02,Friday,0,0,Autumn,14.4,0,0,84,86,104
2026-10-03,Saturday,1,0,Autumn,9.3,0,0,104,83,94
2026-10-04,Sunday,1,0,Autumn,12.1,0,0,94,94,86
2026-10-05,Monday,0,0,Autumn,9.7,0,0,86,77,86
2026-10-06,Tuesday,0,0,Autumn,10.9,1,0,86,87,88
2026-10-07,Wednesday,0,0,Autumn,6.6,1,0,88,90,89
2026-10-08,Thursday,0,0,Autumn,11.8,0,0,89,84,86
2026-10-09,Friday,0,0,Autumn,4.8,0,0,86,104,87
2026-10-10,Saturday,1,0,Autumn,4.1,1,0,87,94,81
2026-10-11,Sunday,1,0,Autumn,9.0,0,0,81,86,81
2026-10-12,Monday,0,0,Autumn,8.6,0,0,81,86,69
2026-10-13,Tuesday,0,0,Autumn,9.9,0,0,69,88,73
2026-10-14,Wednesday,0,0,Autumn,7.0,0,0,73,89,89
2026-10-15,Thursday,0,0,Autumn,14.4,0,0,89,86,86
2026-10-16,Friday,0,0,Autumn,9.1,0,0,86,87,90
2026-10-17,Saturday,1,0,Autumn,9.2,0,0,90,81,97
2026-10-18,Sunday,1,0,Autumn,8.9,0,0,97,81,90
2026-10-19,Monday,0,0,Autumn,11.2,1,0,90,69,74
2026-10-20,Tuesday,0,0,Autumn,9.7,0,0,74,73,83
2026-10-21,Wednesday,0,0,Autumn,9.2,1,0,83,89,81
2026-10-22,Thursday,0,0,Autumn,9.9,0,0,81,86,92
2026-10-23,Friday,0,0,Autumn,2.1,0,0,92,90,106
2026-10-24,Saturday,1,0,Autumn,2.1,0,0,106,97,95
2026-10-25,Sunday,1,0,Autumn,7.1,0,0,95,90,92
2026-10-26,Monday,0,0,Autumn,6.6,0,0,92,74,79
2026-10-27,Tuesday,0,0,Autumn,8.7,0,0,79,83,75
2026-10-28,Wednesday,0,0,Autumn,6.9,0,0,75,81,73
2026-10-29,Thursday,0,0,Autumn,8.5,0,0,73,92,91
2026-10-30,Friday,0,0,Autumn,2.9,0,0,91,106,94
2026-10-31,Saturday,1,0,Autumn,6.4,1,1,94,95,119
2026-11-01,Sunday,1,0,Autumn,2.3,0,0,119,92,100
2026-11-02,Monday,0,0,Autumn,7.4,1,0,100,79,92
2026-11-03,Tuesday,0,0,Autumn,0.5,0,0,92,75,91
2026-11-04,Wednesday,0,0,Autumn,7.0,0,0,91,73,81
2026-11-05,Thursday,0,0,Autumn,1.4,0,0,81,91,85
2026-11-06,Friday,0,0,Autumn,4.6,1,0,85,94,91
2026-11-07,Saturday,1,0,Autumn,8.3,0,0,91,119,100
2026-11-08,Sunday,1,0,Autumn,6.2,1,0,100,100,106
2026-11-09,Monday,0,0,Autumn,0.4,1,0,106,92,80
2026-11-10,Tuesday,0,0,Autumn,3.3,0,0,80,91,75
2026-11-11,Wednesday,0,0,Autumn,0.7,0,0,75,81,70
2026-11-12,Thursday,0,0,Autumn,-0.0,0,0,70,85,76
2026-11-13,Friday,0,0,Autumn,5.3,0,0,76,91,86
2026-11-14,Saturday,1,0,Autumn,6.5,1,0,86,100,87
2026-11-15,Sunday,1,0,Autumn,6.1,1,0,87,106,90
2026-11-16,Monday,0,0,Autumn,6.5,0,0,90,80,73
2026-11-17,Tuesday,0,0,Autumn,4.5,0,0,73,75,80
2026-11-18,Wednesday,0,0,Autumn,3.7,0,1,80,70,87
2026-11-19,Thursday,0,0,Autumn,1.2,1,0,87,76,74
2026-11-20,Friday,0,0,Autumn,3.0,0,0,74,86,79
2026-11-21,Saturday,1,0,Autumn,0.2,1,0,79,87,78
2026-11-22,Sunday,1,0,Autumn,1.6,0,0,78,90,77
2026-11-23,Monday,0,0,Autumn,4.3,1,0,77,73,61
2026-11-24,Tuesday,0,0,Autumn,3.6,0,0,61,80,61
2026-11-25,Wednesday,0,0,Autumn,13.1,0,0,61,87,81
2026-11-26,Thursday,0,0,Autumn,-0.2,1,0,81,74,80
2026-11-27,Friday,0,0,Autumn,3.4,1,0,80,79,69
2026-11-28,Saturday,1,0,Autumn,-0.6,0,0,69,78,83
2026-11-29,Sunday,1,0,Autumn,2.5,1,0,83,77,71
2026-11-30,Monday,0,0,Autumn,2.5,0,0,71,61,70
2026-12-01,Tuesday,0,0,Winter,6.1,0,0,70,61,66
2026-12-02,Wednesday,0,0,Winter,2.1,0,0,66,81,65
2026-12-03,Thursday,0,0,Winter,2.8,0,0,65,80,74
2026-12-04,Friday,0,0,Winter,2.1,1,0,74,69,80
2026-12-05,Saturday,1,0,Winter,-0.9,1,0,80,83,67
2026-12-06,Sunday,1,0,Winter,1.3,0,0,67,71,79
2026-12-07,Monday,0,0,Winter,2.1,1,0,79,70,60
2026-12-08,Tuesday,0,0,Winter,3.4,0,0,60,66,71
2026-12-09,Wednesday,0,0,Winter,4.9,0,0,71,65,74
2026-12-10,Thursday,0,0,Winter,2.4,0,0,74,74,65
2026-12-11,Friday,0,0,Winter,2.4,1,0,65,80,66
2026-12-12,Saturday,1,0,Winter,-2.1,0,0,66,67,75
2026-12-13,Sunday,1,0,Winter,4.7,1,0,75,79,82
2026-12-14,Monday,0,0,Winter,1.0,1,0,82,60,67
2026-12-15,Tuesday,0,0,Winter,5.3,1,0,67,71,66
2026-12-16,Wednesday,0,0,Winter,7.0,1,0,66,74,61
2026-12-17,Thursday,0,0,Winter,2.4,1,0,61,65,61
2026-12-18,Friday,0,0,Winter,-0.1,1,1,61,66,70
2026-12-19,Saturday,1,0,Winter,3.0,1,0,70,75,64
2026-12-20,Sunday,1,0,Winter,4.0,0,0,64,82,77
2026-12-21,Monday,0,0,Winter,2.1,0,0,77,67,65
2026-12-22,Tuesday,0,0,Winter,1.3,1,0,65,66,69
2026-12-23,Wednesday,0,0,Winter,4.7,0,0,69,61,74
2026-12-24,Thursday,0,1,Winter,4.5,1,0,74,61,74
2026-12-25,Friday,0,1,Winter,2.0,1,0,74,70,84
2026-12-26,Saturday,1,1,Winter,-1.9,0,0,84,64,89
2026-12-27,Sunday,1,0,Winter,4.4,0,0,89,77,84
2026-12-28,Monday,0,0,Winter,0.8,0,0,84,65,60
2026-12-29,Tuesday,0,0,Winter,3.8,0,0,60,69,61
2026-12-30,Wednesday,0,0,Winter,3.6,1,0,61,74,60
2026-12-31,Thursday,0,1,Winter,-2.5,0,0,60,74,69
2027-01-01,Friday,0,1,Winter,3.5,0,1,69,84,88
2027-01-02,Saturday,1,0,Winter,4.8,0,0,88,89,98
2027-01-03,Sunday,1,0,Winter,5.2,0,0,98,84,99
2027-01-04,Monday,0,0,Winter,3.7,0,0,99,60,73
2027-01-05,Tuesday,0,0,Winter,-2.5,0,0,73,61,54
2027-01-06,Wednesday,0,0,Winter,7.3,1,0,54,60,50
2027-01-07,Thursday,0,0,Winter,4.7,0,0,50,69,70
2027-01-08,Friday,0,0,Winter,-0.1,0,0,70,88,83
2027-01-09,Saturday,1,0,Winter,1.2,0,0,83,98,81
2027-01-10,Sunday,1,0,Winter,4.4,1,0,81,99,73
2027-01-11,Monday,0,0,Winter,5.8,1,0,73,73,62
2027-01-12,Tuesday,0,0,Winter,2.3,0,0,62,54,71
2027-01-13,Wednesday,0,0,Winter,6.3,0,0,71,50,67
2027-01-14,Thursday,0,0,Winter,-1.4,1,0,67,70,62
2027-01-15,Friday,0,0,Winter,0.9,1,0,62,83,68
2027-01-16,Saturday,1,0,Winter,-2.1,1,0,68,81,60
2027-01-17,Sunday,1,0,Winter,1.5,1,0,60,73,64
2027-01-18,Monday,0,0,Winter,8.8,0,0,64,62,72
2027-01-19,Tuesday,0,0,Winter,10.5,0,0,72,71,68
2027-01-20,Wednesday,0,0,Winter,5.1,1,0,68,67,62
2027-01-21,Thursday,0,0,Winter,2.6,0,0,62,62,66
2027-01-22,Friday,0,0,Winter,3.9,0,0,66,68,63
2027-01-23,Saturday,1,0,Winter,6.1,1,0,63,60,71
2027-01-24,Sunday,1,0,Winter,0.1,1,0,71,64,62
2027-01-25,Monday,0,0,Winter,3.2,0,0,62,72,59
2027-01-26,Tuesday,0,0,Winter,9.3,1,0,59,68,58
2027-01-27,Wednesday,0,0,Winter,2.0,0,0,58,62,57
2027-01-28,Thursday,0,0,Winter,3.0,1,0,57,66,60
2027-01-29,Friday,0,0,Winter,5.3,1,0,60,63,63
2027-01-30,Saturday,1,0,Winter,6.3,1,1,63,71,78
2027-01-31,Sunday,1,0,Winter,3.7,1,0,78,62,72
2027-02-01,Monday,0,0,Winter,5.9,1,0,72,59,55
2027-02-02,Tuesday,0,0,Winter,7.6,1,0,55,58,40
2027-02-03,Wednesday,0,0,Winter,11.8,0,0,40,57,54
2027-02-04,Thursday,0,0,Winter,5.6,0,0,54,60,56
2027-02-05,Friday,0,0,Winter,6.0,0,0,56,63,69
2027-02-06,Saturday,1,0,Winter,10.8,0,0,69,78,78
2027-02-07,Sunday,1,0,Winter,4.7,1,0,78,72,62
2027-02-08,Monday,0,0,Winter,2.5,0,1,62,55,64
2027-02-09,Tuesday,0,0,Winter,7.4,1,0,64,40,62
2027-02-10,Wednesday,0,0,Winter,10.0,0,0,62,54,65
2027-02-11,Thursday,0,0,Winter,8.0,0,0,65,56,56
2027-02-12,Friday,0,0,Winter,6.8,0,0,56,69,63
2027-02-13,Saturday,1,0,Winter,2.9,0,0,63,78,72
2027-02-14,Sunday,1,0,Winter,7.2,0,0,72,62,72
2027-02-15,Monday,0,0,Winter,11.2,1,0,72,64,61
2027-02-16,Tuesday,0,0,Winter,3.9,0,0,61,62,49
2027-02-17,Wednesday,0,0,Winter,7.0,1,0,49,65,54
2027-02-18,Thursday,0,0,Winter,6.8,0,0,54,56,70
2027-02-19,Friday,0,0,Winter,6.0,1,0,70,63,64
2027-02-20,Saturday,1,0,Winter,9.0,1,1,64,72,72
2027-02-21,Sunday,1,0,Winter,9.7,0,0,72,72,88
2027-02-22,Monday,0,0,Winter,9.8,0,0,88,61,88
2027-02-23,Tuesday,0,0,Winter,5.7,1,0,88,49,64
2027-02-24,Wednesday,0,0,Winter,3.9,1,0,64,54,59
2027-02-25,Thursday,0,0,Winter,9.8,0,0,59,70,69
2027-02-26,Friday,0,0,Winter,7.6,1,1,69,64,83
2027-02-27,Saturday,1,0,Winter,14.8,0,0,83,72,80
2027-02-28,Sunday,1,0,Winter,15.1,0,0,80,88,88
2027-03-01,Monday,0,0,Spring,15.6,0,0,88,88,79
2027-03-02,Tuesday,0,0,Spring,7.0,1,0,79,64,73
2027-03-03,Wednesday,0,0,Spring,11.7,0,0,73,59,83
2027-03-04,Thursday,0,0,Spring,12.7,0,0,83,69,85
2027-03-05,Friday,0,0,Spring,12.6,0,0,85,83,84
2027-03-06,Saturday,1,0,Spring,9.4,0,0,84,80,98
2027-03-07,Sunday,1,0,Spring,14.5,0,0,98,88,94
2027-03-08,Monday,0,0,Spring,10.8,0,0,94,79,88
2027-03-09,Tuesday,0,0,Spring,11.3,1,0,88,73,73
2027-03-10,Wednesday,0,0,Spring,6.5,1,0,73,83,64
2027-03-11,Thursday,0,0,Spring,13.2,0,0,64,85,73
2027-03-12,Friday,0,0,Spring,10.7,0,0,73,84,65
2027-03-13,Saturday,1,0,Spring,13.0,0,0,65,98,81
2027-03-14,Sunday,1,0,Spring,12.5,1,0,81,94,103
2027-03-15,Monday,0,0,Spring,12.5,0,0,103,88,73
2027-03-16,Tuesday,0,0,Spring,12.0,1,0,73,73,61
2027-03-17,Wednesday,0,0,Spring,14.7,0,0,61,64,82
2027-03-18,Thursday,0,0,Spring,11.9,0,0,82,73,76
2027-03-19,Friday,0,0,Spring,8.3,0,0,76,65,76
2027-03-20,Saturday,1,0,Spring,14.5,0,0,76,81,90
2027-03-21,Sunday,1,0,Spring,10.6,0,0,90,103,86
2027-03-22,Monday,0,0,Spring,9.2,0,1,86,73,94
2027-03-23,Tuesday,0,0,Spring,10.3,0,0,94,61,80
2027-03-24,Wednesday,0,0,Spring,14.4,1,0,80,82,76
2027-03-25,Thursday,0,0,Spring,13.4,0,0,76,76,88
2027-03-26,Friday,0,0,Spring,7.5,1,0,88,76,75
2027-03-27,Saturday,1,0,Spring,12.9,1,0,75,90,88
2027-03-28,Sunday,1,0,Spring,17.7,0,0,88,86,88
2027-03-29,Monday,0,0,Spring,13.0,0,0,88,94,79
2027-03-30,Tuesday,0,0,Spring,14.0,0,0,79,80,95
2027-03-31,Wednesday,0,0,Spring,17.8,1,0,95,76,87
2027-04-01,Thursday,0,0,Spring,17.3,1,0,87,88,95
2027-04-02,Friday,0,0,Spring,18.1,1,0,95,75,88
2027-04-03,Saturday,1,0,Spring,6.9,0,0,88,88,87
2027-04-04,Sunday,1,0,Spring,20.6,1,0,87,88,71
2027-04-05,Monday,0,0,Spring,17.5,0,0,71,79,75
2027-04-06,Tuesday,0,0,Spring,23.1,0,0,75,95,76
2027-04-07,Wednesday,0,0,Spring,13.5,0,0,76,87,83
2027-04-08,Thursday,0,0,Spring,10.8,0,0,83,95,80
2027-04-09,Friday,0,0,Spring,16.2,0,1,80,88,101
2027-04-10,Saturday,1,0,Spring,15.5,0,0,101,87,118
2027-04-11,Sunday,1,0,Spring,18.5,1,0,118,71,121
2027-04-12,Monday,0,0,Spring,19.9,0,0,121,75,102
2027-04-13,Tuesday,0,0,Spring,16.6,1,0,102,76,88
2027-04-14,Wednesday,0,0,Spring,16.3,0,0,88,83,83
2027-04-15,Thursday,0,0,Spring,18.7,0,1,83,80,90
2027-04-16,Friday,0,0,Spring,16.6,0,1,90,101,100
2027-04-17,Saturday,1,0,Spring,16.5,1,0,100,118,119
2027-04-18,Sunday,1,0,Spring,20.7,1,0,119,121,114
2027-04-19,Monday,0,0,Spring,21.6,0,0,114,102,120
2027-04-20,Tuesday,0,0,Spring,21.2,0,0,120,88,98
2027-04-21,Wednesday,0,0,Spring,17.6,0,0,98,83,92
2027-04-22,Thursday,0,0,Spring,11.8,0,0,92,90,83
2027-04-23,Friday,0,0,Spring,17.9,0,1,83,100,107
2027-04-24,Saturday,1,0,Spring,16.2,1,0,107,119,111
2027-04-25,Sunday,1,0,Spring,18.3,0,0,111,114,113
2027-04-26,Monday,0,0,Spring,16.8,0,0,113,120,105
2027-04-27,Tuesday,0,0,Spring,18.9,0,0,105,98,104
2027-04-28,Wednesday,0,0,Spring,16.0,1,0,104,92,99
2027-04-29,Thursday,0,0,Spring,15.4,0,0,99,83,101
2027-04-30,Friday,0,0,Spring,23.0,0,0,101,107,102
2027-05-01,Saturday,1,1,Spring,16.6,1,0,102,111,116
2027-05-02,Sunday,1,0,Spring,19.6,0,0,116,113,112
2027-05-03,Monday,0,0,Spring,22.6,0,0,112,105,115
2027-05-04,Tuesday,0,0,Spring,22.6,0,0,115,104,109
2027-05-05,Wednesday,0,0,Spring,22.4,1,1,109,99,111
2027-05-06,Thursday,0,0,Spring,21.0,1,0,111,101,102
2027-05-07,Friday,0,0,Spring,22.4,0,0,102,102,101
2027-05-08,Saturday,1,0,Spring,24.5,0,0,101,116,116
2027-05-09,Sunday,1,0,Spring,21.7,0,0,116,112,125
2027-05-10,Monday,0,0,Spring,15.1,0,0,125,115,106
2027-05-11,Tuesday,0,0,Spring,19.1,0,0,106,109,113
2027-05-12,Wednesday,0,0,Spring,22.9,0,0,113,111,114
2027-05-13,Thursday,0,0,Spring,19.0,0,0,114,102,94
2027-05-14,Friday,0,0,Spring,25.9,1,0,94,101,95
2027-05-15,Saturday,1,0,Spring,20.9,0,0,95,116,127
2027-05-16,Sunday,1,0,Spring,21.5,0,0,127,125,124
2027-05-17,Monday,0,0,Spring,24.7,0,0,124,106,106
2027-05-18,Tuesday,0,0,Spring,20.9,1,0,106,113,96
2027-05-19,Wednesday,0,0,Spring,22.0,1,0,96,114,99
2027-05-20,Thursday,0,0,Spring,24.3,1,0,99,94,105
2027-05-21,Friday,0,0,Spring,17.3,0,0,105,95,102
2027-05-22,Saturday,1,0,Spring,20.9,0,0,102,127,112
2027-05-23,Sunday,1,0,Spring,24.3,0,0,112,124,103
2027-05-24,Monday,0,0,Spring,22.1,1,0,103,106,92
2027-05-25,Tuesday,0,0,Spring,26.4,0,1,92,96,99
2027-05-26,Wednesday,0,0,Spring,17.3,0,0,99,99,100
2027-05-27,Thursday,0,0,Spring,17.1,0,0,100,105,105
2027-05-28,Friday,0,0,Spring,24.5,0,0,105,102,119
2027-05-29,Saturday,1,0,Spring,24.9,1,0,119,112,111
2027-05-30,Sunday,1,0,Spring,21.8,0,0,111,103,113
2027-05-31,Monday,0,0,Spring,23.6,0,0,113,92,104
2027-06-01,Tuesday,0,0,Summer,24.7,0,0,104,99,97
2027-06-02,Wednesday,0,0,Summer,20.1,0,0,97,100,107
2027-06-03,Thursday,0,0,Summer,20.4,0,0,107,105,121
2027-06-04,Friday,0,0,Summer,23.2,0,0,121,119,123
2027-06-05,Saturday,1,0,Summer,25.4,0,0,123,111,123
2027-06-06,Sunday,1,0,Summer,19.2,0,0,123,113,131
2027-06-07,Monday,0,0,Summer,22.1,0,1,131,104,126
2027-06-08,Tuesday,0,0,Summer,22.0,1,1,126,97,108
2027-06-09,Wednesday,0,0,Summer,24.1,1,0,108,107,105
2027-06-10,Thursday,0,0,Summer,22.8,0,0,105,121,111
2027-06-11,Friday,0,0,Summer,21.2,0,0,111,123,113
2027-06-12,Saturday,1,0,Summer,26.6,0,0,113,123,120
2027-06-13,Sunday,1,0,Summer,21.3,0,0,120,131,121
2027-06-14,Monday,0,0,Summer,22.1,0,0,121,126,123
2027-06-15,Tuesday,0,0,Summer,18.2,0,0,123,108,111
2027-06-16,Wednesday,0,0,Summer,20.8,0,0,111,105,109
2027-06-17,Thursday,0,0,Summer,24.5,1,0,109,111,117
2027-06-18,Friday,0,0,Summer,24.0,0,0,117,113,118
2027-06-19,Saturday,1,0,Summer,24.8,1,0,118,120,115
2027-06-20,Sunday,1,0,Summer,24.7,0,0,115,121,129
2027-06-21,Monday,0,0,Summer,29.3,0,0,129,123,121
2027-06-22,Tuesday,0,0,Summer,20.8,0,0,121,111,126
2027-06-23,Wednesday,0,0,Summer,18.1,1,0,126,109,119
2027-06-24,Thursday,0,0,Summer,19.8,1,1,119,117,125
2027-06-25,Friday,0,0,Summer,20.9,0,0,125,118,125
2027-06-26,Saturday,1,0,Summer,20.0,1,0,125,115,131
2027-06-27,Sunday,1,0,Summer,23.2,1,0,131,129,129
2027-06-28,Monday,0,0,Summer,26.7,1,0,129,121,103
2027-06-29,Tuesday,0,0,Summer,27.5,0,0,103,126,112
2027-06-30,Wednesday,0,0,Summer,24.4,1,0,112,119,115
2027-07-01,Thursday,0,0,Summer,29.3,0,1,115,125,122
2027-07-02,Friday,0,0,Summer,21.7,0,0,122,125,143
2027-07-03,Saturday,1,0,Summer,17.9,0,0,143,131,137
2027-07-04,Sunday,1,0,Summer,25.9,0,0,137,129,139
2027-07-05,Monday,0,0,Summer,17.2,1,0,139,103,122
2027-07-06,Tuesday,0,0,Summer,20.4,0,0,122,112,118
2027-07-07,Wednesday,0,0,Summer,24.2,0,0,118,115,115
2027-07-08,Thursday,0,0,Summer,22.2,1,0,115,122,117
2027-07-09,Friday,0,0,Summer,21.9,0,0,117,143,126
2027-07-10,Saturday,1,0,Summer,18.9,0,0,126,137,131
2027-07-11,Sunday,1,0,Summer,22.3,0,0,131,139,125
2027-07-12,Monday,0,0,Summer,25.3,0,1,125,122,125
2027-07-13,Tuesday,0,0,Summer,22.3,0,0,125,118,110
2027-07-14,Wednesday,0,0,Summer,19.7,1,0,110,115,107
2027-07-15,Thursday,0,0,Summer,18.4,0,0,107,117,108
2027-07-16,Friday,0,0,Summer,19.6,0,0,108,126,121
2027-07-17,Saturday,1,0,Summer,23.1,0,0,121,131,120
2027-07-18,Sunday,1,0,Summer,22.9,1,0,120,125,115
2027-07-19,Monday,0,0,Summer,19.4,0,0,115,125,107
2027-07-20,Tuesday,0,0,Summer,15.1,1,0,107,110,101
2027-07-21,Wednesday,0,0,Summer,22.9,0,0,101,107,104
2027-07-22,Thursday,0,0,Summer,18.9,0,0,104,108,115
2027-07-23,Friday,0,0,Summer,23.5,0,0,115,121,121
2027-07-24,Saturday,1,0,Summer,19.1,0,0,121,120,125
2027-07-25,Sunday,1,0,Summer,18.3,0,0,125,115,115
2027-07-26,Monday,0,0,Summer,21.6,0,0,115,107,107
2027-07-27,Tuesday,0,0,Summer,28.1,0,0,107,101,98
2027-07-28,Wednesday,0,0,Summer,23.2,0,0,98,104,107
2027-07-29,Thursday,0,0,Summer,21.3,0,0,107,115,118
2027-07-30,Friday,0,0,Summer,21.8,0,0,118,121,111
2027-07-31,Saturday,1,0,Summer,15.4,0,0,111,125,121
2027-08-01,Sunday,1,0,Summer,17.2,1,0,121,115,116
2027-08-02,Monday,0,0,Summer,12.9,1,0,116,107,111
2027-08-03,Tuesday,0,0,Summer,25.5,0,0,111,98,101
2027-08-04,Wednesday,0,0,Summer,24.8,0,0,101,107,101
2027-08-05,Thursday,0,0,Summer,21.2,1,0,101,118,109
2027-08-06,Friday,0,0,Summer,20.3,1,0,109,111,107
2027-08-07,Saturday,1,0,Summer,15.2,0,0,107,121,114
2027-08-08,Sunday,1,0,Summer,19.0,0,0,114,116,114
2027-08-09,Monday,0,0,Summer,24.9,0,0,114,111,115
2027-08-10,Tuesday,0,0,Summer,19.8,0,0,115,101,116
2027-08-11,Wednesday,0,0,Summer,17.6,0,0,116,101,108
2027-08-12,Thursday,0,0,Summer,13.9,0,0,108,109,106
2027-08-13,Friday,0,0,Summer,23.2,0,0,106,107,117
2027-08-14,Saturday,1,0,Summer,18.7,0,0,117,114,123
2027-08-15,Sunday,1,0,Summer,13.5,0,0,123,114,120
2027-08-16,Monday,0,0,Summer,15.8,0,0,120,115,119
2027-08-17,Tuesday,0,0,Summer,14.6,0,0,119,116,104
2027-08-18,Wednesday,0,0,Summer,17.9,0,1,104,108,111
2027-08-19,Thursday,0,0,Summer,18.8,1,0,111,106,100
2027-08-20,Friday,0,0,Summer,16.5,0,0,100,117,106
2027-08-21,Saturday,1,0,Summer,20.2,0,0,106,123,111
2027-08-22,Sunday,1,0,Summer,18.0,0,0,111,120,114
2027-08-23,Monday,0,0,Summer,20.8,0,0,114,119,114
2027-08-24,Tuesday,0,0,Summer,16.4,1,0,114,104,85
2027-08-25,Wednesday,0,0,Summer,26.4,1,0,85,111,95
2027-08-26,Thursday,0,0,Summer,15.4,0,0,95,100,99
2027-08-27,Friday,0,0,Summer,14.2,0,0,99,106,104
2027-08-28,Saturday,1,0,Summer,13.7,0,0,104,111,101
2027-08-29,Sunday,1,0,Summer,16.0,0,0,101,114,117
2027-08-30,Monday,0,0,Summer,11.3,0,0,117,114,114
2027-08-31,Tuesday,0,0,Summer,17.2,0,0,114,85,110
2027-09-01,Wednesday,0,0,Autumn,10.4,0,0,110,95,94
2027-09-02,Thursday,0,0,Autumn,16.5,1,0,94,99,94
2027-09-03,Friday,0,0,Autumn,11.8,1,0,94,104,90
2027-09-04,Saturday,1,0,Autumn,14.5,0,0,90,101,93
2027-09-05,Sunday,1,0,Autumn,17.3,1,0,93,117,93
2027-09-06,Monday,0,0,Autumn,22.2,1,0,93,114,96
2027-09-07,Tuesday,0,0,Autumn,11.9,0,0,96,110,101
2027-09-08,Wednesday,0,0,Autumn,14.5,1,0,101,94,101
2027-09-09,Thursday,0,0,Autumn,12.6,1,0,101,94,93
2027-09-10,Friday,0,0,Autumn,12.0,0,0,93,90,89
2027-09-11,Saturday,1,0,Autumn,12.3,1,0,89,93,93
2027-09-12,Sunday,1,0,Autumn,16.8,0,0,93,93,104
2027-09-13,Monday,0,0,Autumn,12.7,0,0,104,96,105
2027-09-14,Tuesday,0,0,Autumn,20.7,0,0,105,101,109
2027-09-15,Wednesday,0,0,Autumn,15.0,1,0,109,101,105
2027-09-16,Thursday,0,0,Autumn,10.6,1,0,105,93,103
2027-09-17,Friday,0,0,Autumn,12.4,0,0,103,89,99
2027-09-18,Saturday,1,0,Autumn,10.9,0,0,99,93,103
2027-09-19,Sunday,1,0,Autumn,15.5,0,0,103,104,112
2027-09-20,Monday,0,0,Autumn,8.0,1,0,112,105,98
2027-09-21,Tuesday,0,0,Autumn,8.7,0,0,98,109,100
2027-09-22,Wednesday,0,0,Autumn,10.8,1,0,100,105,89
2027-09-23,Thursday,0,0,Autumn,14.5,0,0,89,103,104
2027-09-24,Friday,0,0,Autumn,15.9,0,1,104,99,107
2027-09-25,Saturday,1,0,Autumn,16.2,0,0,107,103,117
2027-09-26,Sunday,1,0,Autumn,13.5,0,0,117,112,112
2027-09-27,Monday,0,0,Autumn,11.5,0,0,112,98,94
2027-09-28,Tuesday,0,0,Autumn,13.9,1,0,94,100,75
2027-09-29,Wednesday,0,0,Autumn,8.0,0,0,75,89,78
2027-09-30,Thursday,0,0,Autumn,5.7,0,0,78,104,77
2027-10-01,Friday,0,0,Autumn,12.4,1,0,77,107,82
2027-10-02,Saturday,1,0,Autumn,7.9,0,0,82,117,102
2027-10-03,Sunday,1,0,Autumn,10.5,1,0,102,112,90
2027-10-04,Monday,0,0,Autumn,10.9,1,0,90,94,92
2027-10-05,Tuesday,0,0,Autumn,11.1,1,0,92,75,98
2027-10-06,Wednesday,0,0,Autumn,13.0,0,0,98,78,85
2027-10-07,Thursday,0,0,Autumn,12.6,0,0,85,77,93
2027-10-08,Friday,0,0,Autumn,10.5,0,0,93,82,81
2027-10-09,Saturday,1,0,Autumn,8.4,0,0,81,102,97
2027-10-10,Sunday,1,0,Autumn,9.9,0,0,97,90,98
2027-10-11,Monday,0,0,Autumn,7.6,0,0,98,92,110
2027-10-12,Tuesday,0,0,Autumn,8.7,0,0,110,98,94
2027-10-13,Wednesday,0,0,Autumn,16.9,1,0,94,85,90
2027-10-14,Thursday,0,0,Autumn,9.5,1,0,90,93,85
2027-10-15,Friday,0,0,Autumn,10.1,0,0,85,81,85
2027-10-16,Saturday,1,0,Autumn,6.5,1,0,85,97,90
2027-10-17,Sunday,1,0,Autumn,11.5,1,1,90,98,98
2027-10-18,Monday,0,0,Autumn,10.6,0,0,98,110,90
2027-10-19,Tuesday,0,0,Autumn,10.5,1,0,90,94,86
2027-10-20,Wednesday,0,0,Autumn,8.7,1,0,86,90,75
2027-10-21,Thursday,0,0,Autumn,11.0,1,0,75,85,75
2027-10-22,Friday,0,0,Autumn,11.5,1,0,75,85,95
2027-10-23,Saturday,1,0,Autumn,8.4,0,0,95,90,96
2027-10-24,Sunday,1,0,Autumn,7.1,0,1,96,98,110
2027-10-25,Monday,0,0,Autumn,10.0,1,0,110,90,90
2027-10-26,Tuesday,0,0,Autumn,4.4,0,0,90,86,88
2027-10-27,Wednesday,0,0,Autumn,4.9,0,0,88,75,79
2027-10-28,Thursday,0,0,Autumn,6.7,1,0,79,75,57
2027-10-29,Friday,0,0,Autumn,1.5,1,0,57,95,71
2027-10-30,Saturday,1,0,Autumn,9.1,1,0,71,96,78
2027-10-31,Sunday,1,0,Autumn,3.6,0,0,78,110,88
2027-11-01,Monday,0,0,Autumn,4.9,0,0,88,90,87
2027-11-02,Tuesday,0,0,Autumn,5.6,0,0,87,88,95
2027-11-03,Wednesday,0,0,Autumn,6.2,1,0,95,79,71
2027-11-04,Thursday,0,0,Autumn,4.9,0,0,71,57,68
2027-11-05,Friday,0,0,Autumn,5.6,1,0,68,71,72
2027-11-06,Saturday,1,0,Autumn,5.5,0,0,72,78,83
2027-11-07,Sunday,1,0,Autumn,4.3,0,1,83,88,94
2027-11-08,Monday,0,0,Autumn,3.2,1,0,94,87,84
2027-11-09,Tuesday,0,0,Autumn,8.6,0,1,84,95,89
2027-11-10,Wednesday,0,0,Autumn,-1.0,0,0,89,71,75
2027-11-11,Thursday,0,0,Autumn,4.5,0,0,75,68,77
2027-11-12,Friday,0,0,Autumn,3.6,0,0,77,72,73
2027-11-13,Saturday,1,0,Autumn,6.2,1,1,73,83,85
2027-11-14,Sunday,1,0,Autumn,0.5,0,0,85,94,87
2027-11-15,Monday,0,0,Autumn,3.3,1,1,87,84,79
2027-11-16,Tuesday,0,0,Autumn,4.3,0,0,79,89,71
2027-11-17,Wednesday,0,0,Autumn,7.8,0,0,71,75,66
2027-11-18,Thursday,0,0,Autumn,5.5,1,0,66,77,69
2027-11-19,Friday,0,0,Autumn,0.8,1,0,69,73,80
2027-11-20,Saturday,1,0,Autumn,2.8,1,0,80,85,86
2027-11-21,Sunday,1,0,Autumn,6.9,1,0,86,87,79
2027-11-22,Monday,0,0,Autumn,0.5,0,0,79,79,84
2027-11-23,Tuesday,0,0,Autumn,3.8,0,0,84,71,72
2027-11-24,Wednesday,0,0,Autumn,4.0,0,0,72,66,81
2027-11-25,Thursday,0,0,Autumn,2.7,1,0,81,69,72
2027-11-26,Friday,0,0,Autumn,11.9,0,0,72,80,84
2027-11-27,Saturday,1,0,Autumn,2.5,0,0,84,86,86
2027-11-28,Sunday,1,0,Autumn,5.1,0,0,86,79,83
2027-11-29,Monday,0,0,Autumn,1.3,0,0,83,84,86
2027-11-30,Tuesday,0,0,Autumn,5.2,1,0,86,72,73
2027-12-01,Wednesday,0,0,Winter,6.1,0,0,73,81,80
2027-12-02,Thursday,0,0,Winter,1.7,1,1,80,72,79
2027-12-03,Friday,0,0,Winter,3.3,0,0,79,84,80
2027-12-04,Saturday,1,0,Winter,0.7,1,0,80,86,86
2027-12-05,Sunday,1,0,Winter,-0.1,0,0,86,83,82
2027-12-06,Monday,0,0,Winter,6.4,0,0,82,86,71
2027-12-07,Tuesday,0,0,Winter,1.6,0,0,71,73,62
2027-12-08,Wednesday,0,0,Winter,-4.0,0,1,62,80,76
2027-12-09,Thursday,0,0,Winter,8.5,1,1,76,79,66
2027-12-10,Friday,0,0,Winter,0.7,1,1,66,80,80
2027-12-11,Saturday,1,0,Winter,2.4,0,0,80,86,75
2027-12-12,Sunday,1,0,Winter,8.0,0,0,75,82,82
2027-12-13,Monday,0,0,Winter,2.6,1,0,82,71,77
2027-12-14,Tuesday,0,0,Winter,2.6,1,0,77,62,58
2027-12-15,Wednesday,0,0,Winter,-0.6,0,0,58,76,66
2027-12-16,Thursday,0,0,Winter,-1.9,0,0,66,66,73
2027-12-17,Friday,0,0,Winter,2.5,0,1,73,80,80
2027-12-18,Saturday,1,0,Winter,4.1,1,0,80,75,75
2027-12-19,Sunday,1,0,Winter,3.9,0,0,75,82,82
2027-12-20,Monday,0,0,Winter,1.6,1,0,82,77,78
2027-12-21,Tuesday,0,0,Winter,3.1,1,0,78,58,80
2027-12-22,Wednesday,0,0,Winter,-2.5,0,0,80,66,64
2027-12-23,Thursday,0,0,Winter,4.4,0,1,64,73,81
2027-12-24,Friday,0,1,Winter,3.5,0,0,81,80,83
2027-12-25,Saturday,1,1,Winter,9.0,1,0,83,75,81
2027-12-26,Sunday,1,1,Winter,3.1,0,0,81,82,86
2027-12-27,Monday,0,0,Winter,0.2,0,0,86,78,72
2027-12-28,Tuesday,0,0,Winter,2.9,0,0,72,80,71
2027-12-29,Wednesday,0,0,Winter,2.1,1,0,71,64,66
2027-12-30,Thursday,0,0,Winter,4.5,1,1,66,81,78
2027-12-31,Friday,0,1,Winter,3.3,0,0,78,83,94
2028-01-01,Saturday,1,1,Winter,-0.6,1,0,94,81,105
2028-01-02,Sunday,1,0,Winter,-1.6,0,0,105,86,92
2028-01-03,Monday,0,0,Winter,4.1,0,0,92,72,73
2028-01-04,Tuesday,0,0,Winter,7.5,0,0,73,71,69
2028-01-05,Wednesday,0,0,Winter,3.6,1,0,69,66,62
2028-01-06,Thursday,0,0,Winter,5.9,1,0,62,78,62
2028-01-07,Friday,0,0,Winter,6.5,0,0,62,94,67
2028-01-08,Saturday,1,0,Winter,4.3,0,0,67,105,76
2028-01-09,Sunday,1,0,Winter,1.2,0,0,76,92,86
2028-01-10,Monday,0,0,Winter,4.3,0,0,86,73,79
2028-01-11,Tuesday,0,0,Winter,7.3,0,0,79,69,75
2028-01-12,Wednesday,0,0,Winter,5.4,0,0,75,62,67
2028-01-13,Thursday,0,0,Winter,6.1,0,0,67,62,64
2028-01-14,Friday,0,0,Winter,2.5,0,0,64,67,59
2028-01-15,Saturday,1,0,Winter,3.4,0,0,59,76,69
2028-01-16,Sunday,1,0,Winter,3.7,0,0,69,86,72
2028-01-17,Monday,0,0,Winter,4.0,1,0,72,79,56
2028-01-18,Tuesday,0,0,Winter,7.7,0,0,56,75,65
2028-01-19,Wednesday,0,0,Winter,-2.7,1,0,65,67,54
2028-01-20,Thursday,0,0,Winter,4.5,0,1,54,64,70
2028-01-21,Friday,0,0,Winter,4.3,0,0,70,59,60
2028-01-22,Saturday,1,0,Winter,0.5,0,1,60,69,82
2028-01-23,Sunday,1,0,Winter,6.7,0,0,82,72,84
2028-01-24,Monday,0,0,Winter,2.6,1,0,84,56,61
2028-01-25,Tuesday,0,0,Winter,3.8,0,0,61,65,71
2028-01-26,Wednesday,0,0,Winter,10.5,0,0,71,54,66
2028-01-27,Thursday,0,0,Winter,8.1,0,0,66,70,71
2028-01-28,Friday,0,0,Winter,6.9,0,0,71,60,61
2028-01-29,Saturday,1,0,Winter,6.5,1,1,61,82,76
2028-01-30,Sunday,1,0,Winter,4.9,1,0,76,84,73
2028-01-31,Monday,0,0,Winter,11.5,0,0,73,61,74
2028-02-01,Tuesday,0,0,Winter,8.1,0,0,74,71,78
2028-02-02,Wednesday,0,0,Winter,3.5,0,0,78,66,66
2028-02-03,Thursday,0,0,Winter,1.7,0,0,66,71,69
2028-02-04,Friday,0,0,Winter,7.7,0,0,69,61,78
2028-02-05,Saturday,1,0,Winter,6.0,0,0,78,76,81
2028-02-06,Sunday,1,0,Winter,2.0,0,0,81,73,68
2028-02-07,Monday,0,0,Winter,7.7,0,0,68,74,73
2028-02-08,Tuesday,0,0,Winter,5.7,0,0,73,78,74
2028-02-09,Wednesday,0,0,Winter,8.2,1,0,74,66,70
2028-02-10,Thursday,0,0,Winter,8.1,1,0,70,69,75
2028-02-11,Friday,0,0,Winter,5.1,0,1,75,78,93
2028-02-12,Saturday,1,0,Winter,9.0,1,0,93,81,94
2028-02-13,Sunday,1,0,Winter,5.7,0,0,94,68,76
2028-02-14,Monday,0,0,Winter,6.0,0,0,76,73,60
2028-02-15,Tuesday,0,0,Winter,5.9,1,0,60,74,64
2028-02-16,Wednesday,0,0,Winter,11.0,0,0,64,70,69
2028-02-17,Thursday,0,0,Winter,6.9,1,0,69,75,70
2028-02-18,Friday,0,0,Winter,12.0,1,0,70,93,92
2028-02-19,Saturday,1,0,Winter,13.4,0,0,92,94,104
2028-02-20,Sunday,1,0,Winter,6.0,0,0,104,76,90
2028-02-21,Monday,0,0,Winter,-0.4,0,0,90,60,65
2028-02-22,Tuesday,0,0,Winter,11.7,1,0,65,64,68
2028-02-23,Wednesday,0,0,Winter,7.6,0,0,68,69,72
2028-02-24,Thursday,0,0,Winter,6.2,1,0,72,70,67
2028-02-25,Friday,0,0,Winter,7.2,0,0,67,92,60
2028-02-26,Saturday,1,0,Winter,7.9,1,0,60,104,74
2028-02-27,Sunday,1,0,Winter,13.2,0,0,74,90,91
2028-02-28,Monday,0,0,Winter,9.9,1,0,91,65,64
2028-02-29,Tuesday,0,0,Winter,13.5,1,0,64,68,69
2028-03-01,Wednesday,0,0,Spring,11.3,0,0,69,72,77
2028-03-02,Thursday,0,0,Spring,9.0,0,0,77,67,71
2028-03-03,Friday,0,0,Spring,8.9,0,0,71,60,82
2028-03-04,Saturday,1,0,Spring,12.0,0,0,82,74,89
2028-03-05,Sunday,1,0,Spring,12.9,1,0,89,91,90
2028-03-06,Monday,0,0,Spring,13.6,0,0,90,64,72
2028-03-07,Tuesday,0,0,Spring,10.0,1,1,72,69,86
2028-03-08,Wednesday,0,0,Spring,11.5,0,0,86,77,75
2028-03-09,Thursday,0,0,Spring,12.9,1,0,75,71,68
2028-03-10,Friday,0,0,Spring,10.1,1,1,68,82,86
2028-03-11,Saturday,1,0,Spring,8.1,0,0,86,89,87
2028-03-12,Sunday,1,0,Spring,9.2,1,0,87,90,103
2028-03-13,Monday,0,0,Spring,11.1,0,0,103,72,80
2028-03-14,Tuesday,0,0,Spring,14.0,1,0,80,86,85
2028-03-15,Wednesday,0,0,Spring,15.9,0,0,85,75,96
2028-03-16,Thursday,0,0,Spring,8.2,0,0,96,68,91
2028-03-17,Friday,0,0,Spring,10.7,0,1,91,86,95
2028-03-18,Saturday,1,0,Spring,11.6,1,0,95,87,98
2028-03-19,Sunday,1,0,Spring,15.2,1,0,98,103,109
2028-03-20,Monday,0,0,Spring,11.4,0,0,109,80,82
2028-03-21,Tuesday,0,0,Spring,11.9,1,0,82,85,87
2028-03-22,Wednesday,0,0,Spring,9.1,1,0,87,96,88
2028-03-23,Thursday,0,0,Spring,15.0,1,0,88,91,102
2028-03-24,Friday,0,0,Spring,13.2,0,0,102,95,104
2028-03-25,Saturday,1,0,Spring,11.9,0,0,104,98,107
2028-03-26,Sunday,1,0,Spring,13.3,0,0,107,109,113
2028-03-27,Monday,0,0,Spring,17.6,1,0,113,82,85
2028-03-28,Tuesday,0,0,Spring,11.4,0,0,85,87,79
2028-03-29,Wednesday,0,0,Spring,12.0,1,1,79,88,88
2028-03-30,Thursday,0,0,Spring,18.5,1,0,88,102,89
2028-03-31,Friday,0,0,Spring,15.1,0,0,89,104,94
2028-04-01,Saturday,1,0,Spring,17.1,1,0,94,107,117
2028-04-02,Sunday,1,0,Spring,16.4,0,0,117,113,127
2028-04-03,Monday,0,0,Spring,15.3,0,0,127,85,86
2028-04-04,Tuesday,0,0,Spring,14.5,0,1,86,79,92
2028-04-05,Wednesday,0,0,Spring,18.2,1,0,92,88,80
2028-04-06,Thursday,0,0,Spring,19.4,1,0,80,89,94
2028-04-07,Friday,0,0,Spring,19.3,1,0,94,94,98
2028-04-08,Saturday,1,0,Spring,12.7,0,0,98,117,119
2028-04-09,Sunday,1,0,Spring,20.3,0,0,119,127,115
2028-04-10,Monday,0,0,Spring,15.5,1,0,115,86,89
2028-04-11,Tuesday,0,0,Spring,14.4,1,0,89,92,84
2028-04-12,Wednesday,0,0,Spring,16.3,1,0,84,80,78
2028-04-13,Thursday,0,0,Spring,19.5,1,1,78,94,94
2028-04-14,Friday,0,0,Spring,18.8,1,0,94,98,106
2028-04-15,Saturday,1,0,Spring,16.6,0,0,106,119,118
2028-04-16,Sunday,1,0,Spring,20.0,1,0,118,115,112
2028-04-17,Monday,0,0,Spring,18.1,0,0,112,89,99
2028-04-18,Tuesday,0,0,Spring,16.1,1,0,99,84,78
2028-04-19,Wednesday,0,0,Spring,15.8,0,0,78,78,68
2028-04-20,Thursday,0,0,Spring,19.3,1,0,68,94,91
2028-04-21,Friday,0,0,Spring,18.0,0,0,91,106,96
2028-04-22,Saturday,1,0,Spring,14.3,0,0,96,118,119
2028-04-23,Sunday,1,0,Spring,21.1,0,0,119,112,115
2028-04-24,Monday,0,0,Spring,17.2,1,0,115,99,101
2028-04-25,Tuesday,0,0,Spring,23.6,1,0,101,78,97
2028-04-26,Wednesday,0,0,Spring,14.7,1,0,97,68,91
2028-04-27,Thursday,0,0,Spring,18.5,0,0,91,91,91
2028-04-28,Friday,0,0,Spring,17.1,0,0,91,96,99
2028-04-29,Saturday,1,0,Spring,16.4,1,0,99,119,108
2028-04-30,Sunday,1,0,Spring,18.0,1,0,108,115,111
2028-05-01,Monday,0,1,Spring,24.9,1,0,111,101,109
2028-05-02,Tuesday,0,0,Spring,20.2,0,0,109,97,97
2028-05-03,Wednesday,0,0,Spring,17.5,1,0,97,91,93
2028-05-04,Thursday,0,0,Spring,14.5,0,0,93,91,84
2028-05-05,Friday,0,0,Spring,14.9,1,0,84,99,92
2028-05-06,Saturday,1,0,Spring,18.6,0,0,92,108,107
2028-05-07,Sunday,1,0,Spring,18.4,0,0,107,111,104
2028-05-08,Monday,0,0,Spring,19.8,0,0,104,109,100
2028-05-09,Tuesday,0,0,Spring,13.8,1,0,100,97,88
2028-05-10,Wednesday,0,0,Spring,20.4,0,0,88,93,89
2028-05-11,Thursday,0,0,Spring,23.9,1,0,89,84,96
2028-05-12,Friday,0,0,Spring,25.8,0,0,96,92,106
2028-05-13,Saturday,1,0,Spring,15.3,1,0,106,107,114
2028-05-14,Sunday,1,0,Spring,18.7,0,0,114,104,127
2028-05-15,Monday,0,0,Spring,18.6,0,0,127,100,117
2028-05-16,Tuesday,0,0,Spring,21.7,1,0,117,88,90
2028-05-17,Wednesday,0,0,Spring,17.7,0,0,90,89,87
2028-05-18,Thursday,0,0,Spring,26.5,0,0,87,96,107
2028-05-19,Friday,0,0,Spring,21.7,0,0,107,106,107
2028-05-20,Saturday,1,0,Spring,21.3,1,0,107,114,110
2028-05-21,Sunday,1,0,Spring,26.5,0,0,110,127,122
2028-05-22,Monday,0,0,Spring,21.8,0,0,122,117,111
2028-05-23,Tuesday,0,0,Spring,23.1,0,0,111,90,114
2028-05-24,Wednesday,0,0,Spring,19.7,1,0,114,87,98
2028-05-25,Thursday,0,0,Spring,18.0,0,0,98,107,119
2028-05-26,Friday,0,0,Spring,20.3,0,0,119,107,111
2028-05-27,Saturday,1,0,Spring,28.8,0,0,111,110,115
2028-05-28,Sunday,1,0,Spring,24.2,0,0,115,122,114
2028-05-29,Monday,0,0,Spring,23.2,0,0,114,111,103
2028-05-30,Tuesday,0,0,Spring,19.5,1,0,103,114,106
2028-05-31,Wednesday,0,0,Spring,25.2,0,0,106,98,95
2028-06-01,Thursday,0,0,Summer,18.4,0,0,95,119,99
2028-06-02,Friday,0,0,Summer,17.9,0,0,99,111,112
2028-06-03,Saturday,1,0,Summer,20.9,0,0,112,115,105
2028-06-04,Sunday,1,0,Summer,28.5,0,0,105,114,107
2028-06-05,Monday,0,0,Summer,28.4,0,0,107,103,107
2028-06-06,Tuesday,0,0,Summer,21.4,0,0,107,106,109
2028-06-07,Wednesday,0,0,Summer,20.8,0,1,109,95,110
2028-06-08,Thursday,0,0,Summer,17.9,0,0,110,99,110
2028-06-09,Friday,0,0,Summer,23.1,0,0,110,112,110
2028-06-10,Saturday,1,0,Summer,23.4,0,0,110,105,128
2028-06-11,Sunday,1,0,Summer,25.3,1,0,128,107,127
2028-06-12,Monday,0,0,Summer,25.7,0,0,127,107,111
2028-06-13,Tuesday,0,0,Summer,22.3,0,0,111,109,108
2028-06-14,Wednesday,0,0,Summer,24.6,0,0,108,110,97
2028-06-15,Thursday,0,0,Summer,20.9,0,0,97,110,112
2028-06-16,Friday,0,0,Summer,24.6,1,0,112,110,105
2028-06-17,Saturday,1,0,Summer,21.5,0,0,105,128,117
2028-06-18,Sunday,1,0,Summer,24.4,1,0,117,127,119
2028-06-19,Monday,0,0,Summer,24.1,0,0,119,111,103
2028-06-20,Tuesday,0,0,Summer,23.2,0,0,103,108,100
2028-06-21,Wednesday,0,0,Summer,25.4,0,0,100,97,106
2028-06-22,Thursday,0,0,Summer,18.3,0,0,106,112,106
2028-06-23,Friday,0,0,Summer,19.8,0,0,106,105,117
2028-06-24,Saturday,1,0,Summer,22.2,1,1,117,117,133
2028-06-25,Sunday,1,0,Summer,18.6,0,1,133,119,128
2028-06-26,Monday,0,0,Summer,21.7,0,0,128,103,111
2028-06-27,Tuesday,0,0,Summer,21.8,0,0,111,100,103
2028-06-28,Wednesday,0,0,Summer,26.8,1,0,103,106,102
2028-06-29,Thursday,0,0,Summer,23.3,0,0,102,106,118
2028-06-30,Friday,0,0,Summer,25.9,0,0,118,117,124
2028-07-01,Saturday,1,0,Summer,23.7,0,0,124,133,121
2028-07-02,Sunday,1,0,Summer,21.2,1,1,121,128,125
2028-07-03,Monday,0,0,Summer,23.1,1,0,125,111,109
2028-07-04,Tuesday,0,0,Summer,24.9,0,0,109,103,111
2028-07-05,Wednesday,0,0,Summer,26.2,0,0,111,102,123
2028-07-06,Thursday,0,0,Summer,22.2,0,0,123,118,126
2028-07-07,Friday,0,0,Summer,17.6,0,0,126,124,123
2028-07-08,Saturday,1,0,Summer,17.3,0,0,123,121,120
2028-07-09,Sunday,1,0,Summer,21.5,0,0,120,125,134
2028-07-10,Monday,0,0,Summer,15.4,0,0,134,109,113
2028-07-11,Tuesday,0,0,Summer,27.7,0,1,113,111,111
2028-07-12,Wednesday,0,0,Summer,24.0,0,0,111,123,118
2028-07-13,Thursday,0,0,Summer,20.3,0,0,118,126,111
2028-07-14,Friday,0,0,Summer,18.8,1,0,111,123,119
2028-07-15,Saturday,1,0,Summer,25.1,1,0,119,120,121
2028-07-16,Sunday,1,0,Summer,18.6,0,0,121,134,124
2028-07-17,Monday,0,0,Summer,18.8,0,1,124,113,102
2028-07-18,Tuesday,0,0,Summer,19.5,1,0,102,111,109
2028-07-19,Wednesday,0,0,Summer,22.1,1,0,109,118,100
2028-07-20,Thursday,0,0,Summer,23.5,0,0,100,111,104
2028-07-21,Friday,0,0,Summer,25.1,0,0,104,119,117
2028-07-22,Saturday,1,0,Summer,24.6,1,1,117,121,129
2028-07-23,Sunday,1,0,Summer,21.4,0,0,129,124,144
2028-07-24,Monday,0,0,Summer,24.3,0,0,144,102,110
2028-07-25,Tuesday,0,0,Summer,19.2,0,0,110,109,105
2028-07-26,Wednesday,0,0,Summer,15.6,1,0,105,100,105
2028-07-27,Thursday,0,0,Summer,19.0,0,0,105,104,104
2028-07-28,Friday,0,0,Summer,18.4,0,0,104,117,113
2028-07-29,Saturday,1,0,Summer,18.9,0,0,113,129,142
2028-07-30,Sunday,1,0,Summer,17.8,0,0,142,144,138
2028-07-31,Monday,0,0,Summer,19.2,0,0,138,110,129
2028-08-01,Tuesday,0,0,Summer,22.3,0,0,129,105,121
2028-08-02,Wednesday,0,0,Summer,25.5,0,0,121,105,120
2028-08-03,Thursday,0,0,Summer,15.0,1,1,120,104,115
2028-08-04,Friday,0,0,Summer,16.2,0,0,115,113,104
2028-08-05,Saturday,1,0,Summer,17.6,0,0,104,142,131
2028-08-06,Sunday,1,0,Summer,22.1,0,0,131,138,137
2028-08-07,Monday,0,0,Summer,19.1,0,0,137,129,128
2028-08-08,Tuesday,0,0,Summer,17.4,0,0,128,121,117
2028-08-09,Wednesday,0,0,Summer,21.6,0,0,117,120,111
2028-08-10,Thursday,0,0,Summer,22.2,0,0,111,115,123
2028-08-11,Friday,0,0,Summer,19.1,0,0,123,104,120
2028-08-12,Saturday,1,0,Summer,16.6,0,0,120,131,114
2028-08-13,Sunday,1,0,Summer,19.7,0,0,114,137,123
2028-08-14,Monday,0,0,Summer,18.1,0,0,123,128,115
2028-08-15,Tuesday,0,0,Summer,17.9,0,0,115,117,93
2028-08-16,Wednesday,0,0,Summer,16.9,0,0,93,111,95
2028-08-17,Thursday,0,0,Summer,21.1,1,0,95,123,124
2028-08-18,Friday,0,0,Summer,18.9,0,0,124,120,106
2028-08-19,Saturday,1,0,Summer,21.1,1,0,106,114,106
2028-08-20,Sunday,1,0,Summer,21.9,1,0,106,123,97
2028-08-21,Monday,0,0,Summer,19.1,1,0,97,115,88
2028-08-22,Tuesday,0,0,Summer,16.1,1,0,88,93,76
2028-08-23,Wednesday,0,0,Summer,20.5,0,0,76,95,82
2028-08-24,Thursday,0,0,Summer,18.7,0,0,82,124,114
2028-08-25,Friday,0,0,Summer,24.9,0,0,114,106,123
2028-08-26,Saturday,1,0,Summer,17.9,0,0,123,106,120
2028-08-27,Sunday,1,0,Summer,18.9,0,0,120,97,127
2028-08-28,Monday,0,0,Summer,17.5,0,0,127,88,104
2028-08-29,Tuesday,0,0,Summer,16.2,0,1,104,76,95
2028-08-30,Wednesday,0,0,Summer,15.5,0,0,95,82,90
2028-08-31,Thursday,0,0,Summer,17.0,0,1,90,114,99
2028-09-01,Friday,0,0,Autumn,17.5,1,0,99,123,92
2028-09-02,Saturday,1,0,Autumn,19.3,1,0,92,120,110
2028-09-03,Sunday,1,0,Autumn,16.6,1,0,110,127,114
2028-09-04,Monday,0,0,Autumn,14.1,0,0,114,104,92
2028-09-05,Tuesday,0,0,Autumn,14.3,0,0,92,95,93
2028-09-06,Wednesday,0,0,Autumn,11.2,0,0,93,90,92
2028-09-07,Thursday,0,0,Autumn,20.0,0,0,92,99,93
2028-09-08,Friday,0,0,Autumn,13.2,1,0,93,92,85
2028-09-09,Saturday,1,0,Autumn,17.6,1,0,85,110,105
2028-09-10,Sunday,1,0,Autumn,15.3,1,0,105,114,108
2028-09-11,Monday,0,0,Autumn,15.2,0,0,108,92,108
2028-09-12,Tuesday,0,0,Autumn,13.8,0,0,108,93,100
2028-09-13,Wednesday,0,0,Autumn,11.6,0,0,100,92,80
2028-09-14,Thursday,0,0,Autumn,10.9,0,1,80,93,83
2028-09-15,Friday,0,0,Autumn,18.8,0,0,83,85,90
2028-09-16,Saturday,1,0,Autumn,13.8,0,1,90,105,115
2028-09-17,Sunday,1,0,Autumn,16.7,0,0,115,108,114
2028-09-18,Monday,0,0,Autumn,17.3,0,0,114,108,100
2028-09-19,Tuesday,0,0,Autumn,11.7,1,0,100,100,79
2028-09-20,Wednesday,0,0,Autumn,14.0,1,0,79,80,88
2028-09-21,Thursday,0,0,Autumn,12.7,0,1,88,83,105
2028-09-22,Friday,0,0,Autumn,8.9,1,0,105,90,85
2028-09-23,Saturday,1,0,Autumn,11.7,0,0,85,115,106
2028-09-24,Sunday,1,0,Autumn,13.8,0,0,106,114,110
2028-09-25,Monday,0,0,Autumn,10.4,1,1,110,100,106
2028-09-26,Tuesday,0,0,Autumn,10.8,0,0,106,79,101
2028-09-27,Wednesday,0,0,Autumn,11.0,1,0,101,88,99
2028-09-28,Thursday,0,0,Autumn,17.7,0,0,99,105,104
2028-09-29,Friday,0,0,Autumn,5.7,0,0,104,85,93
2028-09-30,Saturday,1,0,Autumn,12.6,0,0,93,106,101
2028-10-01,Sunday,1,0,Autumn,10.1,0,0,101,110,101
2028-10-02,Monday,0,0,Autumn,8.8,0,0,101,106,113
2028-10-03,Tuesday,0,0,Autumn,9.7,0,0,113,101,100
2028-10-04,Wednesday,0,0,Autumn,12.4,0,0,100,99,101
2028-10-05,Thursday,0,0,Autumn,12.4,0,0,101,104,102
2028-10-06,Friday,0,0,Autumn,10.6,0,0,102,93,91
2028-10-07,Saturday,1,0,Autumn,13.2,1,0,91,101,101
2028-10-08,Sunday,1,0,Autumn,13.5,1,0,101,101,94
2028-10-09,Monday,0,0,Autumn,12.0,1,0,94,113,84
2028-10-10,Tuesday,0,0,Autumn,7.8,1,0,84,100,86
2028-10-11,Wednesday,0,0,Autumn,10.7,0,0,86,101,80
2028-10-12,Thursday,0,0,Autumn,10.6,1,0,80,102,91
2028-10-13,Friday,0,0,Autumn,6.5,1,0,91,91,92
2028-10-14,Saturday,1,0,Autumn,4.1,1,0,92,101,103
2028-10-15,Sunday,1,0,Autumn,2.5,1,0,103,94,96
2028-10-16,Monday,0,0,Autumn,8.7,1,0,96,84,75
2028-10-17,Tuesday,0,0,Autumn,9.2,0,0,75,86,86
2028-10-18,Wednesday,0,0,Autumn,4.6,1,0,86,80,85
2028-10-19,Thursday,0,0,Autumn,11.1,0,0,85,91,94
2028-10-20,Friday,0,0,Autumn,8.3,0,0,94,92,99
2028-10-21,Saturday,1,0,Autumn,11.8,0,0,99,103,94
2028-10-22,Sunday,1,0,Autumn,8.7,0,0,94,96,101
2028-10-23,Monday,0,0,Autumn,4.2,0,0,101,75,74
2028-10-24,Tuesday,0,0,Autumn,8.7,0,0,74,86,73
2028-10-25,Wednesday,0,0,Autumn,9.2,0,0,73,85,72
2028-10-26,Thursday,0,0,Autumn,5.4,1,1,72,94,74
2028-10-27,Friday,0,0,Autumn,2.5,0,0,74,99,85
2028-10-28,Saturday,1,0,Autumn,7.0,0,0,85,94,93
2028-10-29,Sunday,1,0,Autumn,3.6,1,0,93,101,100
2028-10-30,Monday,0,0,Autumn,9.8,1,0,100,74,90
2028-10-31,Tuesday,0,0,Autumn,5.1,1,0,90,73,77
2028-11-01,Wednesday,0,0,Autumn,11.4,0,0,77,72,82
2028-11-02,Thursday,0,0,Autumn,-0.3,1,0,82,74,73
2028-11-03,Friday,0,0,Autumn,6.4,1,0,73,85,77
2028-11-04,Saturday,1,0,Autumn,10.1,0,0,77,93,92
2028-11-05,Sunday,1,0,Autumn,3.1,0,0,92,100,92
2028-11-06,Monday,0,0,Autumn,5.1,0,0,92,90,85
2028-11-07,Tuesday,0,0,Autumn,4.3,1,0,85,77,79
2028-11-08,Wednesday,0,0,Autumn,3.3,1,0,79,82,65
2028-11-09,Thursday,0,0,Autumn,6.0,1,0,65,73,65
2028-11-10,Friday,0,0,Autumn,1.3,1,1,65,77,83
2028-11-11,Saturday,1,0,Autumn,4.7,1,0,83,92,84
2028-11-12,Sunday,1,0,Autumn,6.5,0,0,84,92,85
2028-11-13,Monday,0,0,Autumn,4.2,0,0,85,85,86
2028-11-14,Tuesday,0,0,Autumn,1.8,0,0,86,79,72
2028-11-15,Wednesday,0,0,Autumn,7.7,0,0,72,65,74
2028-11-16,Thursday,0,0,Autumn,6.8,0,0,74,65,75
2028-11-17,Friday,0,0,Autumn,1.3,0,0,75,83,86
2028-11-18,Saturday,1,0,Autumn,0.5,1,0,86,84,84
2028-11-19,Sunday,1,0,Autumn,1.4,0,1,84,85,87
2028-11-20,Monday,0,0,Autumn,5.8,1,0,87,86,73
2028-11-21,Tuesday,0,0,Autumn,5.0,1,0,73,72,79
2028-11-22,Wednesday,0,0,Autumn,6.4,0,0,79,74,72
2028-11-23,Thursday,0,0,Autumn,3.0,0,0,72,75,70
2028-11-24,Friday,0,0,Autumn,1.1,0,1,70,86,82
2028-11-25,Saturday,1,0,Autumn,6.6,1,0,82,84,84
2028-11-26,Sunday,1,0,Autumn,2.1,1,0,84,87,79
2028-11-27,Monday,0,0,Autumn,4.3,0,0,79,73,77
2028-11-28,Tuesday,0,0,Autumn,-1.0,1,0,77,79,70
2028-11-29,Wednesday,0,0,Autumn,1.9,1,0,70,72,62
2028-11-30,Thursday,0,0,Autumn,6.6,0,0,62,70,75
2028-12-01,Friday,0,0,Winter,1.3,1,0,75,82,76
2028-12-02,Saturday,1,0,Winter,5.9,0,0,76,84,94
2028-12-03,Sunday,1,0,Winter,-3.6,0,0,94,79,86
2028-12-04,Monday,0,0,Winter,1.7,1,0,86,77,70
2028-12-05,Tuesday,0,0,Winter,2.8,0,0,70,70,65
2028-12-06,Wednesday,0,0,Winter,8.5,1,0,65,62,63
2028-12-07,Thursday,0,0,Winter,-0.3,1,0,63,75,66
2028-12-08,Friday,0,0,Winter,5.2,0,0,66,76,73
2028-12-09,Saturday,1,0,Winter,6.3,1,0,73,94,80
2028-12-10,Sunday,1,0,Winter,1.0,0,0,80,86,86
2028-12-11,Monday,0,0,Winter,2.0,0,0,86,70,75
2028-12-12,Tuesday,0,0,Winter,3.5,0,0,75,65,68
2028-12-13,Wednesday,0,0,Winter,-1.4,1,0,68,63,64
2028-12-14,Thursday,0,0,Winter,1.7,1,1,64,66,69
2028-12-15,Friday,0,0,Winter,6.9,0,0,69,73,75
2028-12-16,Saturday,1,0,Winter,4.6,0,0,75,80,87
2028-12-17,Sunday,1,0,Winter,2.5,1,0,87,86,87
2028-12-18,Monday,0,0,Winter,3.3,1,0,87,75,76
2028-12-19,Tuesday,0,0,Winter,4.7,0,0,76,68,64
2028-12-20,Wednesday,0,0,Winter,5.3,0,0,64,64,67
2028-12-21,Thursday,0,0,Winter,1.3,0,0,67,69,68
2028-12-22,Friday,0,0,Winter,7.6,0,1,68,75,85
2028-12-23,Saturday,1,0,Winter,7.0,0,0,85,87,102
2028-12-24,Sunday,1,1,Winter,5.1,1,0,102,87,94
2028-12-25,Monday,0,1,Winter,0.5,1,0,94,76,80
2028-12-26,Tuesday,0,1,Winter,0.0,0,0,80,64,70
2028-12-27,Wednesday,0,0,Winter,2.1,1,0,70,67,62
2028-12-28,Thursday,0,0,Winter,3.3,0,0,62,68,61
2028-12-29,Friday,0,0,Winter,-2.2,1,0,61,85,60
2028-12-30,Saturday,1,0,Winter,4.7,0,0,60,102,68
2028-12-31,Sunday,1,1,Winter,7.1,0,0,68,94,82
2029-01-01,Monday,0,1,Winter,5.0,0,0,82,80,76
2029-01-02,Tuesday,0,0,Winter,1.2,0,0,76,70,68
2029-01-03,Wednesday,0,0,Winter,0.9,1,0,68,62,57
2029-01-04,Thursday,0,0,Winter,4.2,0,0,57,61,69
2029-01-05,Friday,0,0,Winter,2.9,0,0,69,60,71
2029-01-06,Saturday,1,0,Winter,4.8,0,0,71,68,82
2029-01-07,Sunday,1,0,Winter,5.3,1,0,82,82,87
2029-01-08,Monday,0,0,Winter,6.8,1,0,87,76,83
2029-01-09,Tuesday,0,0,Winter,0.2,1,0,83,68,74
2029-01-10,Wednesday,0,0,Winter,4.3,1,0,74,57,57
2029-01-11,Thursday,0,0,Winter,2.6,1,0,57,69,66
2029-01-12,Friday,0,0,Winter,3.5,0,0,66,71,74
2029-01-13,Saturday,1,0,Winter,6.5,1,0,74,82,89
2029-01-14,Sunday,1,0,Winter,6.9,0,0,89,87,88
2029-01-15,Monday,0,0,Winter,8.2,1,0,88,83,84
2029-01-16,Tuesday,0,0,Winter,5.4,1,0,84,74,73
2029-01-17,Wednesday,0,0,Winter,3.8,0,0,73,57,67
2029-01-18,Thursday,0,0,Winter,3.5,0,0,67,66,72
2029-01-19,Friday,0,0,Winter,-0.9,0,0,72,74,71
2029-01-20,Saturday,1,0,Winter,8.4,1,0,71,89,85
2029-01-21,Sunday,1,0,Winter,3.5,0,0,85,88,75
2029-01-22,Monday,0,0,Winter,6.1,1,0,75,84,73
2029-01-23,Tuesday,0,0,Winter,6.7,0,0,73,73,62
2029-01-24,Wednesday,0,0,Winter,1.1,0,0,62,67,66
2029-01-25,Thursday,0,0,Winter,2.1,0,0,66,72,46
2029-01-26,Friday,0,0,Winter,9.6,1,0,46,71,49
2029-01-27,Saturday,1,0,Winter,6.0,0,0,49,85,73
2029-01-28,Sunday,1,0,Winter,3.5,1,0,73,75,73
2029-01-29,Monday,0,0,Winter,4.9,1,0,73,73,64
2029-01-30,Tuesday,0,0,Winter,8.7,1,0,64,62,66
2029-01-31,Wednesday,0,0,Winter,8.3,0,0,66,66,74
2029-02-01,Thursday,0,0,Winter,1.3,0,0,74,46,82
2029-02-02,Friday,0,0,Winter,10.7,0,0,82,49,76
2029-02-03,Saturday,1,0,Winter,8.8,0,0,76,73,90
2029-02-04,Sunday,1,0,Winter,5.6,1,0,90,73,75
2029-02-05,Monday,0,0,Winter,2.6,0,0,75,64,62
2029-02-06,Tuesday,0,0,Winter,9.4,1,0,62,66,56
2029-02-07,Wednesday,0,0,Winter,7.8,0,0,56,74,64
2029-02-08,Thursday,0,0,Winter,2.1,0,1,64,82,79
2029-02-09,Friday,0,0,Winter,6.0,1,0,79,76,84
2029-02-10,Saturday,1,0,Winter,16.2,0,0,84,90,96
2029-02-11,Sunday,1,0,Winter,7.0,0,0,96,75,97
2029-02-12,Monday,0,0,Winter,4.8,1,0,97,62,83
2029-02-13,Tuesday,0,0,Winter,4.2,0,0,83,56,69
2029-02-14,Wednesday,0,0,Winter,12.7,0,0,69,64,69
2029-02-15,Thursday,0,0,Winter,10.0,0,0,69,79,64
2029-02-16,Friday,0,0,Winter,11.8,0,0,64,84,74
2029-02-17,Saturday,1,0,Winter,8.5,0,1,74,96,90
2029-02-18,Sunday,1,0,Winter,11.7,1,0,90,97,85
2029-02-19,Monday,0,0,Winter,5.5,0,0,85,83,74
2029-02-20,Tuesday,0,0,Winter,8.7,0,1,74,69,82
2029-02-21,Wednesday,0,0,Winter,9.2,0,0,82,69,78
2029-02-22,Thursday,0,0,Winter,12.7,1,0,78,64,80
2029-02-23,Friday,0,0,Winter,9.6,0,0,80,74,84
2029-02-24,Saturday,1,0,Winter,7.0,0,0,84,90,86
2029-02-25,Sunday,1,0,Winter,9.2,0,0,86,85,93
2029-02-26,Monday,0,0,Winter,4.1,0,1,93,74,76
2029-02-27,Tuesday,0,0,Winter,2.3,0,0,76,82,79
2029-02-28,Wednesday,0,0,Winter,12.0,0,0,79,78,73
2029-03-01,Thursday,0,0,Spring,8.5,0,0,73,80,63
2029-03-02,Friday,0,0,Spring,9.0,0,0,63,84,83
2029-03-03,Saturday,1,0,Spring,12.4,1,0,83,86,88
2029-03-04,Sunday,1,0,Spring,14.3,0,1,88,93,111
2029-03-05,Monday,0,0,Spring,11.9,0,1,111,76,107
2029-03-06,Tuesday,0,0,Spring,16.2,0,0,107,79,87
2029-03-07,Wednesday,0,0,Spring,12.1,0,0,87,73,94
2029-03-08,Thursday,0,0,Spring,11.7,0,0,94,63,72
2029-03-09,Friday,0,0,Spring,11.7,0,0,72,83,87
2029-03-10,Saturday,1,0,Spring,7.3,0,0,87,88,104
2029-03-11,Sunday,1,0,Spring,14.2,0,0,104,111,100
2029-03-12,Monday,0,0,Spring,4.1,0,0,100,107,107
2029-03-13,Tuesday,0,0,Spring,9.9,0,0,107,87,95
2029-03-14,Wednesday,0,0,Spring,11.9,0,0,95,94,95
2029-03-15,Thursday,0,0,Spring,9.6,0,0,95,72,96
2029-03-16,Friday,0,0,Spring,10.8,0,1,96,87,106
2029-03-17,Saturday,1,0,Spring,17.8,0,1,106,104,110
2029-03-18,Sunday,1,0,Spring,15.8,0,0,110,100,85
2029-03-19,Monday,0,0,Spring,10.6,1,1,85,107,86
2029-03-20,Tuesday,0,0,Spring,11.4,0,0,86,95,81
2029-03-21,Wednesday,0,0,Spring,9.2,0,0,81,95,78
2029-03-22,Thursday,0,0,Spring,15.3,1,1,78,96,89
2029-03-23,Friday,0,0,Spring,12.6,0,0,89,106,78
2029-03-24,Saturday,1,0,Spring,7.6,0,0,78,110,88
2029-03-25,Sunday,1,0,Spring,14.0,1,0,88,85,94
2029-03-26,Monday,0,0,Spring,15.2,0,1,94,86,104
2029-03-27,Tuesday,0,0,Spring,16.9,0,0,104,81,89
2029-03-28,Wednesday,0,0,Spring,14.0,0,0,89,78,91
2029-03-29,Thursday,0,0,Spring,13.3,0,0,91,89,74
2029-03-30,Friday,0,0,Spring,20.5,0,0,74,78,89
2029-03-31,Saturday,1,0,Spring,14.7,1,0,89,88,103
2029-04-01,Sunday,1,0,Spring,17.0,0,0,103,94,107
2029-04-02,Monday,0,0,Spring,13.4,0,0,107,104,99
2029-04-03,Tuesday,0,0,Spring,17.3,1,0,99,89,73
2029-04-04,Wednesday,0,0,Spring,11.0,1,1,73,91,99
2029-04-05,Thursday,0,0,Spring,14.2,0,1,99,74,113
2029-04-06,Friday,0,0,Spring,12.1,0,0,113,89,109
2029-04-07,Saturday,1,0,Spring,14.1,1,1,109,103,124
2029-04-08,Sunday,1,0,Spring,19.8,1,0,124,107,115
2029-04-09,Monday,0,0,Spring,14.4,1,1,115,99,111
2029-04-10,Tuesday,0,0,Spring,18.5,1,0,111,73,98
2029-04-11,Wednesday,0,0,Spring,21.1,1,0,98,99,95
2029-04-12,Thursday,0,0,Spring,16.6,0,0,95,113,96
2029-04-13,Friday,0,0,Spring,19.8,0,0,96,109,111
2029-04-14,Saturday,1,0,Spring,18.6,0,0,111,124,133
2029-04-15,Sunday,1,0,Spring,17.5,1,0,133,115,129
2029-04-16,Monday,0,0,Spring,19.6,0,0,129,111,116
2029-04-17,Tuesday,0,0,Spring,23.0,0,0,116,98,108
2029-04-18,Wednesday,0,0,Spring,15.7,0,1,108,95,110
2029-04-19,Thursday,0,0,Spring,14.9,1,0,110,96,84
2029-04-20,Friday,0,0,Spring,14.9,0,0,84,111,98
2029-04-21,Saturday,1,0,Spring,21.1,1,0,98,133,112
2029-04-22,Sunday,1,0,Spring,21.6,0,0,112,129,111
2029-04-23,Monday,0,0,Spring,16.8,0,0,111,116,113
2029-04-24,Tuesday,0,0,Spring,12.1,0,0,113,108,105
2029-04-25,Wednesday,0,0,Spring,16.6,0,0,105,110,85
2029-04-26,Thursday,0,0,Spring,20.4,1,0,85,84,89
2029-04-27,Friday,0,0,Spring,18.7,0,0,89,98,107
2029-04-28,Saturday,1,0,Spring,19.6,1,1,107,112,115
2029-04-29,Sunday,1,0,Spring,17.6,1,0,115,111,104
2029-04-30,Monday,0,0,Spring,22.4,0,0,104,113,95
2029-05-01,Tuesday,0,1,Spring,20.5,0,0,95,105,105
2029-05-02,Wednesday,0,0,Spring,21.4,0,0,105,85,93
2029-05-03,Thursday,0,0,Spring,20.2,0,0,93,89,85
2029-05-04,Friday,0,0,Spring,21.4,0,0,85,107,112
2029-05-05,Saturday,1,0,Spring,21.4,0,0,112,115,120
2029-05-06,Sunday,1,0,Spring,17.3,1,0,120,104,107
2029-05-07,Monday,0,0,Spring,21.4,0,0,107,95,112
2029-05-08,Tuesday,0,0,Spring,22.7,1,0,112,105,105
2029-05-09,Wednesday,0,0,Spring,23.9,0,0,105,93,101
2029-05-10,Thursday,0,0,Spring,21.8,0,0,101,85,100
2029-05-11,Friday,0,0,Spring,17.8,1,0,100,112,100
2029-05-12,Saturday,1,0,Spring,18.4,0,0,100,120,112
2029-05-13,Sunday,1,0,Spring,19.6,1,0,112,107,113
2029-05-14,Monday,0,0,Spring,21.6,1,0,113,112,116
2029-05-15,Tuesday,0,0,Spring,20.7,1,0,116,105,100
2029-05-16,Wednesday,0,0,Spring,17.8,0,0,100,101,103
2029-05-17,Thursday,0,0,Spring,17.9,1,1,103,100,96
2029-05-18,Friday,0,0,Spring,15.1,0,0,96,100,104
2029-05-19,Saturday,1,0,Spring,12.1,0,0,104,112,123
2029-05-20,Sunday,1,0,Spring,21.2,0,0,123,113,120
2029-05-21,Monday,0,0,Spring,28.6,0,0,120,116,111
2029-05-22,Tuesday,0,0,Spring,27.1,0,0,111,100,103
2029-05-23,Wednesday,0,0,Spring,18.9,0,1,103,103,112
2029-05-24,Thursday,0,0,Spring,22.4,0,0,112,96,108
2029-05-25,Friday,0,0,Spring,17.6,1,0,108,104,102
2029-05-26,Saturday,1,0,Spring,18.1,1,0,102,123,116
2029-05-27,Sunday,1,0,Spring,18.5,1,0,116,120,108
2029-05-28,Monday,0,0,Spring,21.5,0,0,108,111,111
2029-05-29,Tuesday,0,0,Spring,21.7,1,0,111,103,100
2029-05-30,Wednesday,0,0,Spring,23.1,0,1,100,112,117
2029-05-31,Thursday,0,0,Spring,24.4,0,0,117,108,120
2029-06-01,Friday,0,0,Summer,21.4,0,0,120,102,103
2029-06-02,Saturday,1,0,Summer,22.6,0,0,103,116,117
2029-06-03,Sunday,1,0,Summer,19.3,0,0,117,108,106
2029-06-04,Monday,0,0,Summer,18.6,0,0,106,111,93
2029-06-05,Tuesday,0,0,Summer,18.2,1,0,93,100,92
2029-06-06,Wednesday,0,0,Summer,24.6,0,0,92,117,107
2029-06-07,Thursday,0,0,Summer,21.7,0,0,107,120,103
2029-06-08,Friday,0,0,Summer,17.2,0,0,103,103,110
2029-06-09,Saturday,1,0,Summer,22.6,0,0,110,117,115
2029-06-10,Sunday,1,0,Summer,19.1,1,0,115,106,113
2029-06-11,Monday,0,0,Summer,27.9,0,0,113,93,125
2029-06-12,Tuesday,0,0,Summer,21.2,0,0,125,92,108
2029-06-13,Wednesday,0,0,Summer,25.0,0,0,108,107,102
2029-06-14,Thursday,0,0,Summer,26.2,0,1,102,103,116
2029-06-15,Friday,0,0,Summer,20.1,0,0,116,110,115
2029-06-16,Saturday,1,0,Summer,23.2,0,0,115,115,120
2029-06-17,Sunday,1,0,Summer,24.6,0,0,120,113,122
2029-06-18,Monday,0,0,Summer,23.3,0,0,122,125,117
2029-06-19,Tuesday,0,0,Summer,24.1,1,0,117,108,101
2029-06-20,Wednesday,0,0,Summer,19.0,0,0,101,102,108
2029-06-21,Thursday,0,0,Summer,24.7,0,1,108,116,131
2029-06-22,Friday,0,0,Summer,21.5,0,1,131,115,131
2029-06-23,Saturday,1,0,Summer,24.0,0,1,131,120,142
2029-06-24,Sunday,1,0,Summer,25.7,0,0,142,122,120
2029-06-25,Monday,0,0,Summer,25.0,0,0,120,117,116
2029-06-26,Tuesday,0,0,Summer,24.0,0,0,116,101,123
2029-06-27,Wednesday,0,0,Summer,24.9,0,1,123,108,130
2029-06-28,Thursday,0,0,Summer,25.0,0,1,130,131,137
2029-06-29,Friday,0,0,Summer,27.4,0,0,137,131,135
2029-06-30,Saturday,1,0,Summer,22.8,0,0,135,142,137
2029-07-01,Sunday,1,0,Summer,23.3,0,1,137,120,141
2029-07-02,Monday,0,0,Summer,25.6,1,0,141,116,129
2029-07-03,Tuesday,0,0,Summer,21.3,0,1,129,123,125
2029-07-04,Wednesday,0,0,Summer,18.7,0,0,125,130,126
2029-07-05,Thursday,0,0,Summer,24.2,0,0,126,137,122
2029-07-06,Friday,0,0,Summer,22.0,0,0,122,135,124
2029-07-07,Saturday,1,0,Summer,19.0,1,0,124,137,120
2029-07-08,Sunday,1,0,Summer,24.0,0,0,120,141,131
2029-07-09,Monday,0,0,Summer,26.8,0,0,131,129,125
2029-07-10,Tuesday,0,0,Summer,17.5,0,0,125,125,121
2029-07-11,Wednesday,0,0,Summer,25.4,0,0,121,126,123
2029-07-12,Thursday,0,0,Summer,14.7,1,0,123,122,120
2029-07-13,Friday,0,0,Summer,21.0,1,0,120,124,134
2029-07-14,Saturday,1,0,Summer,27.7,0,0,134,120,140
2029-07-15,Sunday,1,0,Summer,21.1,0,0,140,131,121
2029-07-16,Monday,0,0,Summer,22.3,0,0,121,125,115
2029-07-17,Tuesday,0,0,Summer,24.3,0,0,115,121,115
2029-07-18,Wednesday,0,0,Summer,16.7,0,0,115,123,103
2029-07-19,Thursday,0,0,Summer,22.0,1,0,103,120,114
2029-07-20,Friday,0,0,Summer,21.9,0,1,114,134,143
2029-07-21,Saturday,1,0,Summer,27.2,0,0,143,140,138
2029-07-22,Sunday,1,0,Summer,17.8,0,0,138,121,138
2029-07-23,Monday,0,0,Summer,20.3,0,0,138,115,129
2029-07-24,Tuesday,0,0,Summer,18.6,1,0,129,115,116
2029-07-25,Wednesday,0,0,Summer,18.2,0,0,116,103,115
2029-07-26,Thursday,0,0,Summer,24.6,1,0,115,114,108
2029-07-27,Friday,0,0,Summer,21.2,0,0,108,143,131
2029-07-28,Saturday,1,0,Summer,19.3,0,0,131,138,144
2029-07-29,Sunday,1,0,Summer,19.3,0,0,144,138,141
2029-07-30,Monday,0,0,Summer,19.1,0,0,141,129,128
2029-07-31,Tuesday,0,0,Summer,19.2,0,0,128,116,112
2029-08-01,Wednesday,0,0,Summer,16.7,0,0,112,115,117
2029-08-02,Thursday,0,0,Summer,19.6,0,0,117,108,114
2029-08-03,Friday,0,0,Summer,19.2,0,0,114,131,120
2029-08-04,Saturday,1,0,Summer,17.9,0,0,120,144,138
2029-08-05,Sunday,1,0,Summer,20.5,0,0,138,141,134
2029-08-06,Monday,0,0,Summer,20.7,0,0,134,128,118
2029-08-07,Tuesday,0,0,Summer,18.1,0,0,118,112,119
2029-08-08,Wednesday,0,0,Summer,19.3,1,0,119,117,101
2029-08-09,Thursday,0,0,Summer,26.0,0,1,101,114,124
2029-08-10,Friday,0,0,Summer,25.8,0,0,124,120,117
2029-08-11,Saturday,1,0,Summer,16.1,0,0,117,138,114
2029-08-12,Sunday,1,0,Summer,16.4,0,0,114,134,126
2029-08-13,Monday,0,0,Summer,15.9,1,0,126,118,114
2029-08-14,Tuesday,0,0,Summer,22.1,0,0,114,119,109
2029-08-15,Wednesday,0,0,Summer,17.6,1,0,109,101,94
2029-08-16,Thursday,0,0,Summer,19.3,0,0,94,124,110
2029-08-17,Friday,0,0,Summer,24.5,0,0,110,117,115
2029-08-18,Saturday,1,0,Summer,18.3,0,1,115,114,134
2029-08-19,Sunday,1,0,Summer,20.3,0,0,134,126,126
2029-08-20,Monday,0,0,Summer,19.6,1,1,126,114,117
2029-08-21,Tuesday,0,0,Summer,16.1,0,0,117,109,117
2029-08-22,Wednesday,0,0,Summer,20.9,0,0,117,94,101
2029-08-23,Thursday,0,0,Summer,15.0,0,0,101,110,95
2029-08-24,Friday,0,0,Summer,21.4,0,0,95,115,103
2029-08-25,Saturday,1,0,Summer,15.5,1,1,103,134,125
2029-08-26,Sunday,1,0,Summer,15.7,0,0,125,126,137
2029-08-27,Monday,0,0,Summer,13.7,1,0,137,117,116
2029-08-28,Tuesday,0,0,Summer,14.0,0,0,116,117,104
2029-08-29,Wednesday,0,0,Summer,15.4,1,0,104,101,93
2029-08-30,Thursday,0,0,Summer,9.2,0,1,93,95,105
2029-08-31,Friday,0,0,Summer,15.6,1,0,105,103,93
2029-09-01,Saturday,1,0,Autumn,14.6,1,0,93,125,92
2029-09-02,Sunday,1,0,Autumn,18.4,0,0,92,137,111
2029-09-03,Monday,0,0,Autumn,17.1,0,0,111,116,111
2029-09-04,Tuesday,0,0,Autumn,13.5,1,0,111,104,104
2029-09-05,Wednesday,0,0,Autumn,14.1,1,0,104,93,95
2029-09-06,Thursday,0,0,Autumn,14.6,0,0,95,105,106
2029-09-07,Friday,0,0,Autumn,19.6,1,0,106,93,100
2029-09-08,Saturday,1,0,Autumn,12.5,0,0,100,92,99
2029-09-09,Sunday,1,0,Autumn,12.7,0,0,99,111,103
2029-09-10,Monday,0,0,Autumn,11.3,0,0,103,111,99
2029-09-11,Tuesday,0,0,Autumn,10.0,1,0,99,104,118
2029-09-12,Wednesday,0,0,Autumn,15.2,1,0,118,95,99
2029-09-13,Thursday,0,0,Autumn,14.7,1,0,99,106,98
2029-09-14,Friday,0,0,Autumn,17.8,0,1,98,100,121
2029-09-15,Saturday,1,0,Autumn,16.9,0,0,121,99,119
2029-09-16,Sunday,1,0,Autumn,20.8,0,0,119,103,102
2029-09-17,Monday,0,0,Autumn,13.2,0,0,102,99,106
2029-09-18,Tuesday,0,0,Autumn,12.5,0,0,106,118,104
2029-09-19,Wednesday,0,0,Autumn,9.2,1,0,104,99,72
2029-09-20,Thursday,0,0,Autumn,15.0,1,0,72,98,79
2029-09-21,Friday,0,0,Autumn,13.1,1,0,79,121,89
2029-09-22,Saturday,1,0,Autumn,14.5,0,1,89,119,110
2029-09-23,Sunday,1,0,Autumn,9.0,1,0,110,102,101
2029-09-24,Monday,0,0,Autumn,13.3,0,0,101,106,101
2029-09-25,Tuesday,0,0,Autumn,12.7,0,0,101,104,105
2029-09-26,Wednesday,0,0,Autumn,12.3,1,0,105,72,96
2029-09-27,Thursday,0,0,Autumn,9.7,1,0,96,79,97
2029-09-28,Friday,0,0,Autumn,15.1,0,0,97,89,96
2029-09-29,Saturday,1,0,Autumn,17.5,1,1,96,110,97
2029-09-30,Sunday,1,0,Autumn,7.9,0,0,97,101,80
2029-10-01,Monday,0,0,Autumn,13.2,0,0,80,101,90
2029-10-02,Tuesday,0,0,Autumn,2.3,0,1,90,105,94
2029-10-03,Wednesday,0,0,Autumn,12.7,0,0,94,96,102
2029-10-04,Thursday,0,0,Autumn,4.9,1,0,102,97,94
2029-10-05,Friday,0,0,Autumn,8.8,0,0,94,96,83
2029-10-06,Saturday,1,0,Autumn,6.3,1,0,83,97,85
2029-10-07,Sunday,1,0,Autumn,9.4,1,0,85,80,87
2029-10-08,Monday,0,0,Autumn,12.4,1,0,87,90,74
2029-10-09,Tuesday,0,0,Autumn,4.2,0,0,74,94,88
2029-10-10,Wednesday,0,0,Autumn,8.5,0,0,88,102,86
2029-10-11,Thursday,0,0,Autumn,7.9,0,0,86,94,85
2029-10-12,Friday,0,0,Autumn,14.0,0,0,85,83,78
2029-10-13,Saturday,1,0,Autumn,10.4,0,0,78,85,103
2029-10-14,Sunday,1,0,Autumn,5.4,0,0,103,87,94
2029-10-15,Monday,0,0,Autumn,7.4,1,0,94,74,80
2029-10-16,Tuesday,0,0,Autumn,13.3,0,0,80,88,77
2029-10-17,Wednesday,0,0,Autumn,10.6,0,0,77,86,78
2029-10-18,Thursday,0,0,Autumn,5.6,1,0,78,85,79
2029-10-19,Friday,0,0,Autumn,7.4,1,0,79,78,82
2029-10-20,Saturday,1,0,Autumn,7.3,1,0,82,103,95
2029-10-21,Sunday,1,0,Autumn,6.2,0,0,95,94,101
2029-10-22,Monday,0,0,Autumn,2.6,1,0,101,80,85
2029-10-23,Tuesday,0,0,Autumn,5.5,0,0,85,77,82
2029-10-24,Wednesday,0,0,Autumn,11.6,1,0,82,78,73
2029-10-25,Thursday,0,0,Autumn,6.1,0,0,73,79,75
2029-10-26,Friday,0,0,Autumn,6.8,1,0,75,82,70
2029-10-27,Saturday,1,0,Autumn,7.4,0,0,70,95,83
2029-10-28,Sunday,1,0,Autumn,13.5,1,0,83,101,94
2029-10-29,Monday,0,0,Autumn,6.8,1,0,94,85,83
2029-10-30,Tuesday,0,0,Autumn,9.9,1,0,83,82,82
2029-10-31,Wednesday,0,0,Autumn,4.7,0,0,82,73,87
2029-11-01,Thursday,0,0,Autumn,5.6,0,0,87,75,73
2029-11-02,Friday,0,0,Autumn,6.2,0,0,73,70,64
2029-11-03,Saturday,1,0,Autumn,3.8,1,1,64,83,82
2029-11-04,Sunday,1,0,Autumn,5.4,0,0,82,94,98
2029-11-05,Monday,0,0,Autumn,8.5,0,0,98,83,96
2029-11-06,Tuesday,0,0,Autumn,3.3,1,0,96,82,82
2029-11-07,Wednesday,0,0,Autumn,5.6,0,0,82,87,79
2029-11-08,Thursday,0,0,Autumn,7.6,1,0,79,73,77
2029-11-09,Friday,0,0,Autumn,2.9,0,0,77,64,84
2029-11-10,Saturday,1,0,Autumn,8.6,1,0,84,82,81
2029-11-11,Sunday,1,0,Autumn,5.4,0,0,81,98,85
2029-11-12,Monday,0,0,Autumn,4.6,1,1,85,96,87
2029-11-13,Tuesday,0,0,Autumn,-1.1,0,0,87,82,85
2029-11-14,Wednesday,0,0,Autumn,3.7,0,0,85,79,85
2029-11-15,Thursday,0,0,Autumn,5.9,0,0,85,77,68
2029-11-16,Friday,0,0,Autumn,9.9,1,0,68,84,83
2029-11-17,Saturday,1,0,Autumn,6.3,0,0,83,81,88
2029-11-18,Sunday,1,0,Autumn,7.9,0,0,88,85,94
2029-11-19,Monday,0,0,Autumn,0.8,0,0,94,87,80
2029-11-20,Tuesday,0,0,Autumn,3.9,1,0,80,85,78
2029-11-21,Wednesday,0,0,Autumn,7.9,0,0,78,85,80
2029-11-22,Thursday,0,0,Autumn,1.5,1,1,80,68,75
2029-11-23,Friday,0,0,Autumn,7.0,0,0,75,83,77
2029-11-24,Saturday,1,0,Autumn,6.2,0,0,77,88,86
2029-11-25,Sunday,1,0,Autumn,4.7,0,0,86,94,80
2029-11-26,Monday,0,0,Autumn,2.8,0,0,80,80,71
2029-11-27,Tuesday,0,0,Autumn,0.8,0,0,71,78,68
2029-11-28,Wednesday,0,0,Autumn,9.0,1,0,68,80,78
2029-11-29,Thursday,0,0,Autumn,5.5,0,0,78,75,82
2029-11-30,Friday,0,0,Autumn,4.6,1,0,82,77,93
2029-12-01,Saturday,1,0,Winter,2.3,0,0,93,86,79
2029-12-02,Sunday,1,0,Winter,3.6,0,0,79,80,78
2029-12-03,Monday,0,0,Winter,3.9,1,0,78,71,75
2029-12-04,Tuesday,0,0,Winter,4.6,1,0,75,68,68
2029-12-05,Wednesday,0,0,Winter,5.5,1,0,68,78,65
2029-12-06,Thursday,0,0,Winter,0.9,1,0,65,82,60
2029-12-07,Friday,0,0,Winter,-1.2,0,0,60,93,78
2029-12-08,Saturday,1,0,Winter,3.5,1,0,78,79,81
2029-12-09,Sunday,1,0,Winter,-2.1,0,0,81,78,76
2029-12-10,Monday,0,0,Winter,2.2,1,0,76,75,73
2029-12-11,Tuesday,0,0,Winter,1.6,1,0,73,68,79
2029-12-12,Wednesday,0,0,Winter,4.6,0,0,79,65,65
2029-12-13,Thursday,0,0,Winter,9.0,0,0,65,60,72
2029-12-14,Friday,0,0,Winter,-2.8,1,0,72,78,71
2029-12-15,Saturday,1,0,Winter,9.9,0,0,71,81,87
2029-12-16,Sunday,1,0,Winter,2.3,0,0,87,76,91
2029-12-17,Monday,0,0,Winter,4.1,1,0,91,73,83
2029-12-18,Tuesday,0,0,Winter,-1.2,0,0,83,79,70
2029-12-19,Wednesday,0,0,Winter,6.0,0,0,70,65,56
2029-12-20,Thursday,0,0,Winter,3.1,1,0,56,72,60
2029-12-21,Friday,0,0,Winter,2.8,1,1,60,71,72
2029-12-22,Saturday,1,0,Winter,-2.8,1,0,72,87,57
2029-12-23,Sunday,1,0,Winter,3.2,1,0,57,91,77
2029-12-24,Monday,0,1,Winter,5.6,0,0,77,83,76
2029-12-25,Tuesday,0,1,Winter,2.3,0,0,76,70,75
2029-12-26,Wednesday,0,1,Winter,6.6,0,0,75,56,70
2029-12-27,Thursday,0,0,Winter,6.5,0,0,70,60,67
2029-12-28,Friday,0,0,Winter,1.2,1,0,67,72,77
2029-12-29,Saturday,1,0,Winter,7.9,0,1,77,57,86
2029-12-30,Sunday,1,0,Winter,3.3,0,0,86,77,97
2029-12-31,Monday,0,1,Winter,3.3,1,0,97,76,87
2030-01-01,Tuesday,0,1,Winter,3.5,1,1,87,75,91
2030-01-02,Wednesday,0,0,Winter,3.5,1,0,91,70,73
2030-01-03,Thursday,0,0,Winter,-4.6,1,0,73,67,64
2030-01-04,Friday,0,0,Winter,2.8,1,0,64,77,76
2030-01-05,Saturday,1,0,Winter,-0.7,1,0,76,86,87
2030-01-06,Sunday,1,0,Winter,8.3,1,0,87,97,89
2030-01-07,Monday,0,0,Winter,8.3,1,0,89,87,82
2030-01-08,Tuesday,0,0,Winter,6.1,1,0,82,91,75
2030-01-09,Wednesday,0,0,Winter,2.9,0,0,75,73,72
2030-01-10,Thursday,0,0,Winter,0.6,0,0,72,64,69
2030-01-11,Friday,0,0,Winter,1.8,0,0,69,76,74
2030-01-12,Saturday,1,0,Winter,9.6,0,1,74,87,100
2030-01-13,Sunday,1,0,Winter,1.8,1,0,100,89,88
2030-01-14,Monday,0,0,Winter,-3.1,0,1,88,82,78
2030-01-15,Tuesday,0,0,Winter,7.1,1,0,78,75,68
2030-01-16,Wednesday,0,0,Winter,8.6,1,0,68,72,65
2030-01-17,Thursday,0,0,Winter,9.1,0,0,65,69,73
2030-01-18,Friday,0,0,Winter,7.4,1,1,73,74,77
2030-01-19,Saturday,1,0,Winter,7.9,1,0,77,100,95
2030-01-20,Sunday,1,0,Winter,4.6,1,0,95,88,85
2030-01-21,Monday,0,0,Winter,-1.7,0,0,85,78,84
2030-01-22,Tuesday,0,0,Winter,4.7,1,0,84,68,70
2030-01-23,Wednesday,0,0,Winter,6.6,0,0,70,65,72
2030-01-24,Thursday,0,0,Winter,4.4,1,0,72,73,76
2030-01-25,Friday,0,0,Winter,4.3,0,0,76,77,86
2030-01-26,Saturday,1,0,Winter,2.1,0,0,86,95,95
2030-01-27,Sunday,1,0,Winter,2.1,0,0,95,85,107
2030-01-28,Monday,0,0,Winter,10.7,1,0,107,84,86
2030-01-29,Tuesday,0,0,Winter,10.9,1,0,86,70,64
2030-01-30,Wednesday,0,0,Winter,5.4,1,0,64,72,63
2030-01-31,Thursday,0,0,Winter,6.4,1,0,63,76,72
2030-02-01,Friday,0,0,Winter,2.7,0,0,72,86,81
2030-02-02,Saturday,1,0,Winter,7.7,1,0,81,95,80
2030-02-03,Sunday,1,0,Winter,11.2,0,0,80,107,89
2030-02-04,Monday,0,0,Winter,1.4,1,0,89,86,69
2030-02-05,Tuesday,0,0,Winter,7.5,1,0,69,64,59
2030-02-06,Wednesday,0,0,Winter,7.9,0,0,59,63,62
2030-02-07,Thursday,0,0,Winter,8.0,0,0,62,72,72
2030-02-08,Friday,0,0,Winter,11.4,1,0,72,81,72
2030-02-09,Saturday,1,0,Winter,12.8,1,0,72,80,77
2030-02-10,Sunday,1,0,Winter,6.1,1,0,77,89,85
2030-02-11,Monday,0,0,Winter,8.9,1,0,85,69,65
2030-02-12,Tuesday,0,0,Winter,7.3,1,0,65,59,54
2030-02-13,Wednesday,0,0,Winter,5.3,0,0,54,62,75
2030-02-14,Thursday,0,0,Winter,8.1,0,0,75,72,71
2030-02-15,Friday,0,0,Winter,9.5,1,1,71,72,68
2030-02-16,Saturday,1,0,Winter,8.3,0,0,68,77,71
2030-02-17,Sunday,1,0,Winter,5.1,1,0,71,85,62
2030-02-18,Monday,0,0,Winter,6.5,0,0,62,65,74
2030-02-19,Tuesday,0,0,Winter,6.7,1,0,74,54,62
2030-02-20,Wednesday,0,0,Winter,5.7,0,0,62,75,59
2030-02-21,Thursday,0,0,Winter,9.3,1,0,59,71,69
2030-02-22,Friday,0,0,Winter,9.8,0,0,69,68,87
2030-02-23,Saturday,1,0,Winter,11.6,1,1,87,71,91
2030-02-24,Sunday,1,0,Winter,6.3,0,0,91,62,93
2030-02-25,Monday,0,0,Winter,7.3,1,0,93,74,73
2030-02-26,Tuesday,0,0,Winter,13.8,0,0,73,62,62
2030-02-27,Wednesday,0,0,Winter,8.8,0,0,62,59,76
2030-02-28,Thursday,0,0,Winter,9.6,1,0,76,69,67
2030-03-01,Friday,0,0,Spring,9.1,0,0,67,87,77
2030-03-02,Saturday,1,0,Spring,13.2,0,0,77,91,100
2030-03-03,Sunday,1,0,Spring,13.5,0,0,100,93,101
2030-03-04,Monday,0,0,Spring,13.5,0,0,101,73,87
2030-03-05,Tuesday,0,0,Spring,10.4,0,0,87,62,76
2030-03-06,Wednesday,0,0,Spring,7.8,0,0,76,76,72
2030-03-07,Thursday,0,0,Spring,16.4,0,0,72,67,80
2030-03-08,Friday,0,0,Spring,13.4,0,0,80,77,90
2030-03-09,Saturday,1,0,Spring,9.6,0,0,90,100,98
2030-03-10,Sunday,1,0,Spring,15.4,0,0,98,101,106
2030-03-11,Monday,0,0,Spring,9.7,0,0,106,87,95
2030-03-12,Tuesday,0,0,Spring,15.7,0,0,95,76,91
2030-03-13,Wednesday,0,0,Spring,16.1,0,0,91,72,84
2030-03-14,Thursday,0,0,Spring,9.0,1,1,84,80,86
2030-03-15,Friday,0,0,Spring,13.7,0,0,86,90,95
2030-03-16,Saturday,1,0,Spring,14.5,1,0,95,98,92
2030-03-17,Sunday,1,0,Spring,20.2,0,0,92,106,124
2030-03-18,Monday,0,0,Spring,10.3,0,1,124,95,93
2030-03-19,Tuesday,0,0,Spring,17.0,1,0,93,91,85
2030-03-20,Wednesday,0,0,Spring,12.9,0,0,85,84,89
2030-03-21,Thursday,0,0,Spring,9.3,1,1,89,86,98
2030-03-22,Friday,0,0,Spring,12.8,0,0,98,95,93
2030-03-23,Saturday,1,0,Spring,13.4,0,0,93,92,96
2030-03-24,Sunday,1,0,Spring,10.3,0,0,96,124,106
2030-03-25,Monday,0,0,Spring,14.6,1,0,106,93,83
2030-03-26,Tuesday,0,0,Spring,16.7,0,0,83,85,77
2030-03-27,Wednesday,0,0,Spring,14.7,0,0,77,89,90
2030-03-28,Thursday,0,0,Spring,12.6,1,0,90,98,96
2030-03-29,Friday,0,0,Spring,13.9,0,0,96,93,98
2030-03-30,Saturday,1,0,Spring,14.5,0,0,98,96,109
2030-03-31,Sunday,1,0,Spring,15.4,0,0,109,106,110
2030-04-01,Monday,0,0,Spring,18.2,0,0,110,83,91
2030-04-02,Tuesday,0,0,Spring,15.9,0,0,91,77,78
2030-04-03,Wednesday,0,0,Spring,11.0,0,0,78,90,88
2030-04-04,Thursday,0,0,Spring,13.7,1,1,88,96,92
2030-04-05,Friday,0,0,Spring,16.0,0,0,92,98,104
2030-04-06,Saturday,1,0,Spring,19.1,0,0,104,109,110
2030-04-07,Sunday,1,0,Spring,19.8,0,0,110,110,121
2030-04-08,Monday,0,0,Spring,21.4,0,1,121,91,106
2030-04-09,Tuesday,0,0,Spring,16.6,0,0,106,78,86
2030-04-10,Wednesday,0,0,Spring,18.7,0,1,86,88,99
2030-04-11,Thursday,0,0,Spring,12.2,1,0,99,92,90
2030-04-12,Friday,0,0,Spring,18.0,0,0,90,104,101
2030-04-13,Saturday,1,0,Spring,13.6,1,0,101,110,105
2030-04-14,Sunday,1,0,Spring,16.8,1,0,105,121,105
2030-04-15,Monday,0,0,Spring,26.3,0,0,105,106,102
2030-04-16,Tuesday,0,0,Spring,18.2,1,0,102,86,76
2030-04-17,Wednesday,0,0,Spring,14.9,1,0,76,99,94
2030-04-18,Thursday,0,0,Spring,18.9,0,0,94,90,91
2030-04-19,Friday,0,0,Spring,16.2,0,0,91,101,102
2030-04-20,Saturday,1,0,Spring,15.1,0,0,102,105,94
2030-04-21,Sunday,1,0,Spring,24.4,0,0,94,105,100
2030-04-22,Monday,0,0,Spring,21.4,1,0,100,102,97
2030-04-23,Tuesday,0,0,Spring,19.4,0,0,97,76,103
2030-04-24,Wednesday,0,0,Spring,17.3,0,0,103,94,101
2030-04-25,Thursday,0,0,Spring,17.7,0,0,101,91,103
2030-04-26,Friday,0,0,Spring,23.4,1,0,103,102,101
2030-04-27,Saturday,1,0,Spring,19.9,0,0,101,94,107
2030-04-28,Sunday,1,0,Spring,9.8,0,0,107,100,102
2030-04-29,Monday,0,0,Spring,26.5,0,0,102,97,103
2030-04-30,Tuesday,0,0,Spring,19.9,1,0,103,103,106
2030-05-01,Wednesday,0,1,Spring,20.5,0,0,106,101,106
2030-05-02,Thursday,0,0,Spring,22.9,0,0,106,103,107
2030-05-03,Friday,0,0,Spring,21.1,0,0,107,101,106
2030-05-04,Saturday,1,0,Spring,22.1,0,0,106,107,112
2030-05-05,Sunday,1,0,Spring,18.7,0,0,112,102,118
2030-05-06,Monday,0,0,Spring,16.4,1,0,118,103,105
2030-05-07,Tuesday,0,0,Spring,21.1,1,0,105,106,102
2030-05-08,Wednesday,0,0,Spring,24.6,0,0,102,106,103
2030-05-09,Thursday,0,0,Spring,18.5,1,0,103,107,95
2030-05-10,Friday,0,0,Spring,18.4,0,0,95,106,108
2030-05-11,Saturday,1,0,Spring,24.4,0,0,108,112,123
2030-05-12,Sunday,1,0,Spring,19.4,0,0,123,118,126
2030-05-13,Monday,0,0,Spring,19.7,0,0,126,105,110
2030-05-14,Tuesday,0,0,Spring,19.9,0,0,110,102,98
2030-05-15,Wednesday,0,0,Spring,20.9,0,0,98,103,104
2030-05-16,Thursday,0,0,Spring,16.5,0,0,104,95,108
2030-05-17,Friday,0,0,Spring,19.7,1,0,108,108,113
2030-05-18,Saturday,1,0,Spring,22.1,0,1,113,123,124
2030-05-19,Sunday,1,0,Spring,22.2,0,0,124,126,127
2030-05-20,Monday,0,0,Spring,25.1,0,0,127,110,101
2030-05-21,Tuesday,0,0,Spring,27.2,1,0,101,98,108
2030-05-22,Wednesday,0,0,Spring,26.3,0,0,108,104,108
2030-05-23,Thursday,0,0,Spring,24.6,0,0,108,108,111
2030-05-24,Friday,0,0,Spring,21.5,1,0,111,113,121
2030-05-25,Saturday,1,0,Spring,20.1,0,0,121,124,120
2030-05-26,Sunday,1,0,Spring,22.1,1,0,120,127,120
2030-05-27,Monday,0,0,Spring,23.9,0,0,120,101,102
2030-05-28,Tuesday,0,0,Spring,24.7,1,0,102,108,90
2030-05-29,Wednesday,0,0,Spring,24.1,0,0,90,108,101
2030-05-30,Thursday,0,0,Spring,22.0,1,0,101,111,105
2030-05-31,Friday,0,0,Spring,24.8,0,0,105,121,100
2030-06-01,Saturday,1,0,Summer,26.2,0,0,100,120,124
2030-06-02,Sunday,1,0,Summer,25.1,0,0,124,120,126
2030-06-03,Monday,0,0,Summer,22.5,0,0,126,102,118
2030-06-04,Tuesday,0,0,Summer,20.1,0,0,118,90,108
2030-06-05,Wednesday,0,0,Summer,20.1,0,0,108,101,113
2030-06-06,Thursday,0,0,Summer,20.7,0,0,113,105,120
2030-06-07,Friday,0,0,Summer,23.5,0,1,120,100,126
2030-06-08,Saturday,1,0,Summer,24.3,0,1,126,124,145
2030-06-09,Sunday,1,0,Summer,18.6,0,0,145,126,140
2030-06-10,Monday,0,0,Summer,21.3,0,0,140,118,115
2030-06-11,Tuesday,0,0,Summer,23.6,0,0,115,108,105
2030-06-12,Wednesday,0,0,Summer,20.2,0,0,105,113,101
2030-06-13,Thursday,0,0,Summer,24.2,0,0,101,120,117
2030-06-14,Friday,0,0,Summer,22.0,0,0,117,126,118
2030-06-15,Saturday,1,0,Summer,20.8,0,1,118,145,125
2030-06-16,Sunday,1,0,Summer,23.1,0,0,125,140,124
2030-06-17,Monday,0,0,Summer,24.2,0,0,124,115,114
2030-06-18,Tuesday,0,0,Summer,20.4,0,0,114,105,112
2030-06-19,Wednesday,0,0,Summer,22.3,0,0,112,101,118
2030-06-20,Thursday,0,0,Summer,24.4,0,0,118,117,125
2030-06-21,Friday,0,0,Summer,20.7,0,0,125,118,125
2030-06-22,Saturday,1,0,Summer,18.0,0,1,125,125,130
2030-06-23,Sunday,1,0,Summer,18.4,0,0,130,124,113
2030-06-24,Monday,0,0,Summer,21.7,0,0,113,114,107
2030-06-25,Tuesday,0,0,Summer,19.0,0,0,107,112,105
2030-06-26,Wednesday,0,0,Summer,21.9,1,0,105,118,107
2030-06-27,Thursday,0,0,Summer,27.9,0,0,107,125,124
2030-06-28,Friday,0,0,Summer,18.8,0,0,124,125,129
2030-06-29,Saturday,1,0,Summer,22.0,1,0,129,130,130
2030-06-30,Sunday,1,0,Summer,29.3,0,0,130,113,126
2030-07-01,Monday,0,0,Summer,24.1,0,1,126,107,112
2030-07-02,Tuesday,0,0,Summer,21.7,0,0,112,105,103
2030-07-03,Wednesday,0,0,Summer,22.3,0,0,103,107,99
2030-07-04,Thursday,0,0,Summer,24.0,0,0,99,124,130
2030-07-05,Friday,0,0,Summer,27.8,0,0,130,129,146
2030-07-06,Saturday,1,0,Summer,21.0,0,0,146,130,131
2030-07-07,Sunday,1,0,Summer,20.3,1,0,131,126,128
2030-07-08,Monday,0,0,Summer,18.4,0,0,128,112,106
2030-07-09,Tuesday,0,0,Summer,22.8,0,0,106,103,107
2030-07-10,Wednesday,0,0,Summer,18.2,0,0,107,99,101
2030-07-11,Thursday,0,0,Summer,21.0,0,0,101,130,112
2030-07-12,Friday,0,0,Summer,19.6,1,0,112,146,129
2030-07-13,Saturday,1,0,Summer,25.5,0,0,129,131,137
2030-07-14,Sunday,1,0,Summer,20.7,0,0,137,128,138
2030-07-15,Monday,0,0,Summer,23.3,0,0,138,106,123
2030-07-16,Tuesday,0,0,Summer,17.2,0,1,123,107,114
2030-07-17,Wednesday,0,0,Summer,22.4,1,1,114,101,105
2030-07-18,Thursday,0,0,Summer,18.3,0,0,105,112,107
2030-07-19,Friday,0,0,Summer,20.5,0,0,107,129,116
2030-07-20,Saturday,1,0,Summer,28.4,0,0,116,137,128
2030-07-21,Sunday,1,0,Summer,24.4,1,0,128,138,124
2030-07-22,Monday,0,0,Summer,21.2,0,0,124,123,118
2030-07-23,Tuesday,0,0,Summer,31.1,0,0,118,114,127
2030-07-24,Wednesday,0,0,Summer,18.6,1,0,127,105,97
2030-07-25,Thursday,0,0,Summer,24.8,0,1,97,107,106
2030-07-26,Friday,0,0,Summer,16.6,0,1,106,116,122
2030-07-27,Saturday,1,0,Summer,20.3,1,0,122,128,112
2030-07-28,Sunday,1,0,Summer,16.9,0,0,112,124,108
2030-07-29,Monday,0,0,Summer,21.6,0,1,108,118,131
2030-07-30,Tuesday,0,0,Summer,20.9,0,0,131,127,127
2030-07-31,Wednesday,0,0,Summer,19.7,1,0,127,97,129
2030-08-01,Thursday,0,0,Summer,23.8,0,1,129,106,116
2030-08-02,Friday,0,0,Summer,18.7,0,0,116,122,134
2030-08-03,Saturday,1,0,Summer,21.3,0,0,134,112,121
2030-08-04,Sunday,1,0,Summer,22.6,0,0,121,108,126
2030-08-05,Monday,0,0,Summer,15.6,0,0,126,131,103
2030-08-06,Tuesday,0,0,Summer,17.7,1,0,103,127,108
2030-08-07,Wednesday,0,0,Summer,20.0,0,0,108,129,116
2030-08-08,Thursday,0,0,Summer,21.6,1,0,116,116,110
2030-08-09,Friday,0,0,Summer,23.8,0,0,110,134,113
2030-08-10,Saturday,1,0,Summer,18.8,0,0,113,121,120
2030-08-11,Sunday,1,0,Summer,18.4,0,0,120,126,125
2030-08-12,Monday,0,0,Summer,16.5,0,0,125,103,102
2030-08-13,Tuesday,0,0,Summer,20.0,0,0,102,108,103
2030-08-14,Wednesday,0,0,Summer,18.0,0,1,103,116,114
2030-08-15,Thursday,0,0,Summer,17.9,0,0,114,110,115
2030-08-16,Friday,0,0,Summer,18.3,0,0,115,113,105
2030-08-17,Saturday,1,0,Summer,20.1,0,1,105,120,122
2030-08-18,Sunday,1,0,Summer,16.6,0,1,122,125,132
2030-08-19,Monday,0,0,Summer,15.9,1,0,132,102,107
2030-08-20,Tuesday,0,0,Summer,19.3,0,0,107,103,97
2030-08-21,Wednesday,0,0,Summer,8.8,0,0,97,114,106
2030-08-22,Thursday,0,0,Summer,15.9,0,0,106,115,116
2030-08-23,Friday,0,0,Summer,14.1,0,0,116,105,118
2030-08-24,Saturday,1,0,Summer,21.0,0,0,118,122,123
2030-08-25,Sunday,1,0,Summer,15.9,1,0,123,132,120
2030-08-26,Monday,0,0,Summer,15.4,1,1,120,107,122
2030-08-27,Tuesday,0,0,Summer,16.8,0,0,122,97,114
2030-08-28,Wednesday,0,0,Summer,15.0,0,0,114,106,117
2030-08-29,Thursday,0,0,Summer,15.4,0,0,117,116,115
2030-08-30,Friday,0,0,Summer,16.8,1,0,115,118,118
2030-08-31,Saturday,1,0,Summer,15.0,0,0,118,123,128
2030-09-01,Sunday,1,0,Autumn,14.9,0,0,128,120,130
2030-09-02,Monday,0,0,Autumn,13.0,1,0,130,122,94
2030-09-03,Tuesday,0,0,Autumn,12.4,0,0,94,114,96
2030-09-04,Wednesday,0,0,Autumn,15.8,0,0,96,117,106
2030-09-05,Thursday,0,0,Autumn,16.4,1,0,106,115,111
2030-09-06,Friday,0,0,Autumn,11.0,0,0,111,118,106
2030-09-07,Saturday,1,0,Autumn,17.4,0,0,106,128,119
2030-09-08,Sunday,1,0,Autumn,17.3,0,0,119,130,125
2030-09-09,Monday,0,0,Autumn,17.7,0,0,125,94,114
2030-09-10,Tuesday,0,0,Autumn,15.5,0,0,114,96,103
2030-09-11,Wednesday,0,0,Autumn,16.4,0,0,103,106,102
2030-09-12,Thursday,0,0,Autumn,20.9,0,0,102,111,103
2030-09-13,Friday,0,0,Autumn,13.2,0,0,103,106,111
2030-09-14,Saturday,1,0,Autumn,10.8,0,0,111,119,122
2030-09-15,Sunday,1,0,Autumn,9.2,0,0,122,125,124
2030-09-16,Monday,0,0,Autumn,18.9,0,0,124,114,116
2030-09-17,Tuesday,0,0,Autumn,18.8,0,0,116,103,107
2030-09-18,Wednesday,0,0,Autumn,10.5,0,0,107,102,94
2030-09-19,Thursday,0,0,Autumn,10.9,0,1,94,103,97
2030-09-20,Friday,0,0,Autumn,12.0,1,0,97,111,106
2030-09-21,Saturday,1,0,Autumn,16.4,0,0,106,122,123
2030-09-22,Sunday,1,0,Autumn,8.7,0,0,123,124,118
2030-09-23,Monday,0,0,Autumn,6.5,0,0,118,116,105
2030-09-24,Tuesday,0,0,Autumn,18.8,0,0,105,107,103
2030-09-25,Wednesday,0,0,Autumn,13.0,0,0,103,94,104
2030-09-26,Thursday,0,0,Autumn,13.3,1,0,104,97,101
2030-09-27,Friday,0,0,Autumn,11.1,1,0,101,106,96
2030-09-28,Saturday,1,0,Autumn,13.0,0,0,96,123,112
2030-09-29,Sunday,1,0,Autumn,6.9,0,0,112,118,98
2030-09-30,Monday,0,0,Autumn,8.7,1,0,98,105,85
2030-10-01,Tuesday,0,0,Autumn,11.4,0,0,85,103,76
2030-10-02,Wednesday,0,0,Autumn,4.1,0,1,76,104,84
2030-10-03,Thursday,0,0,Autumn,9.8,0,0,84,101,84
2030-10-04,Friday,0,0,Autumn,9.5,0,0,84,96,76
2030-10-05,Saturday,1,0,Autumn,9.5,1,0,76,112,100
2030-10-06,Sunday,1,0,Autumn,8.6,0,0,100,98,95
2030-10-07,Monday,0,0,Autumn,7.1,0,0,95,85,82
2030-10-08,Tuesday,0,0,Autumn,4.4,0,0,82,76,70
2030-10-09,Wednesday,0,0,Autumn,10.2,1,0,70,84,77
2030-10-10,Thursday,0,0,Autumn,8.7,0,1,77,84,98
2030-10-11,Friday,0,0,Autumn,5.3,0,0,98,76,93
2030-10-12,Saturday,1,0,Autumn,9.4,0,1,93,100,110
2030-10-13,Sunday,1,0,Autumn,8.2,1,0,110,95,85
2030-10-14,Monday,0,0,Autumn,7.5,0,0,85,82,79
2030-10-15,Tuesday,0,0,Autumn,2.3,0,0,79,70,77
2030-10-16,Wednesday,0,0,Autumn,10.7,1,0,77,77,83
2030-10-17,Thursday,0,0,Autumn,4.8,1,0,83,98,87
2030-10-18,Friday,0,0,Autumn,8.5,0,0,87,93,105
2030-10-19,Saturday,1,0,Autumn,5.7,1,0,105,110,98
2030-10-20,Sunday,1,0,Autumn,6.8,0,0,98,85,88
2030-10-21,Monday,0,0,Autumn,11.3,1,0,88,79,81
2030-10-22,Tuesday,0,0,Autumn,9.3,1,0,81,77,84
2030-10-23,Wednesday,0,0,Autumn,11.0,1,0,84,83,90
2030-10-24,Thursday,0,0,Autumn,8.4,0,0,90,87,73
2030-10-25,Friday,0,0,Autumn,8.5,1,0,73,105,85
2030-10-26,Saturday,1,0,Autumn,1.8,1,0,85,98,96
2030-10-27,Sunday,1,0,Autumn,6.1,0,0,96,88,99
2030-10-28,Monday,0,0,Autumn,6.2,1,0,99,81,85
2030-10-29,Tuesday,0,0,Autumn,10.4,0,0,85,84,82
2030-10-30,Wednesday,0,0,Autumn,5.1,0,0,82,90,60
2030-10-31,Thursday,0,0,Autumn,7.3,1,0,60,73,81
2030-11-01,Friday,0,0,Autumn,7.0,0,0,81,85,89
2030-11-02,Saturday,1,0,Autumn,9.7,1,0,89,96,87
2030-11-03,Sunday,1,0,Autumn,5.7,0,0,87,99,89
2030-11-04,Monday,0,0,Autumn,8.4,0,0,89,85,84
2030-11-05,Tuesday,0,0,Autumn,0.7,1,0,84,82,77
2030-11-06,Wednesday,0,0,Autumn,0.9,1,0,77,60,56
2030-11-07,Thursday,0,0,Autumn,-1.2,1,0,56,81,56
2030-11-08,Friday,0,0,Autumn,7.8,0,0,56,89,79
2030-11-09,Saturday,1,0,Autumn,7.4,0,0,79,87,85
2030-11-10,Sunday,1,0,Autumn,8.0,1,0,85,89,73
2030-11-11,Monday,0,0,Autumn,3.1,1,1,73,84,71
2030-11-12,Tuesday,0,0,Autumn,3.4,1,0,71,77,68
2030-11-13,Wednesday,0,0,Autumn,4.6,0,0,68,56,54
2030-11-14,Thursday,0,0,Autumn,9.2,0,1,54,56,82
2030-11-15,Friday,0,0,Autumn,9.8,0,0,82,79,93
2030-11-16,Saturday,1,0,Autumn,7.0,0,0,93,85,101
2030-11-17,Sunday,1,0,Autumn,5.6,0,1,101,73,99
2030-11-18,Monday,0,0,Autumn,8.5,0,0,99,71,74
2030-11-19,Tuesday,0,0,Autumn,3.6,0,0,74,68,64
2030-11-20,Wednesday,0,0,Autumn,3.1,0,0,64,54,72
2030-11-21,Thursday,0,0,Autumn,3.8,0,0,72,82,71
2030-11-22,Friday,0,0,Autumn,1.2,1,0,71,93,77
2030-11-23,Saturday,1,0,Autumn,3.5,0,0,77,101,88
2030-11-24,Sunday,1,0,Autumn,0.6,1,0,88,99,86
2030-11-25,Monday,0,0,Autumn,7.0,1,0,86,74,73
2030-11-26,Tuesday,0,0,Autumn,5.5,1,0,73,64,64
2030-11-27,Wednesday,0,0,Autumn,8.1,1,0,64,72,63
2030-11-28,Thursday,0,0,Autumn,-1.2,1,0,63,71,61
2030-11-29,Friday,0,0,Autumn,9.3,0,0,61,77,73
2030-11-30,Saturday,1,0,Autumn,-1.1,1,1,73,88,80
2030-12-01,Sunday,1,0,Winter,-0.1,1,0,80,86,68
2030-12-02,Monday,0,0,Winter,1.6,0,0,68,73,62
2030-12-03,Tuesday,0,0,Winter,7.3,1,1,62,64,61
2030-12-04,Wednesday,0,0,Winter,4.1,0,0,61,63,62
2030-12-05,Thursday,0,0,Winter,2.6,1,0,62,61,53
2030-12-06,Friday,0,0,Winter,0.9,0,0,53,73,52
2030-12-07,Saturday,1,0,Winter,-0.9,1,0,52,80,76
2030-12-08,Sunday,1,0,Winter,6.6,0,0,76,68,72
2030-12-09,Monday,0,0,Winter,5.6,0,0,72,62,50
2030-12-10,Tuesday,0,0,Winter,7.2,0,0,50,61,62
2030-12-11,Wednesday,0,0,Winter,4.3,1,0,62,62,56
2030-12-12,Thursday,0,0,Winter,-4.8,1,0,56,53,52
2030-12-13,Friday,0,0,Winter,-0.7,0,0,52,52,59
2030-12-14,Saturday,1,0,Winter,4.4,0,1,59,76,88
2030-12-15,Sunday,1,0,Winter,1.9,1,0,88,72,80
2030-12-16,Monday,0,0,Winter,1.3,1,0,80,50,50
2030-12-17,Tuesday,0,0,Winter,-0.3,0,0,50,62,45
2030-12-18,Wednesday,0,0,Winter,5.8,1,0,45,56,40
2030-12-19,Thursday,0,0,Winter,4.4,1,0,40,52,45
2030-12-20,Friday,0,0,Winter,4.5,0,0,45,59,61
2030-12-21,Saturday,1,0,Winter,1.1,0,0,61,88,70
2030-12-22,Sunday,1,0,Winter,3.5,0,1,70,80,78
2030-12-23,Monday,0,0,Winter,-1.0,1,0,78,50,53
2030-12-24,Tuesday,0,1,Winter,2.6,1,0,53,45,50
2030-12-25,Wednesday,0,1,Winter,-4.5,0,0,50,40,57
2030-12-26,Thursday,0,1,Winter,-1.7,1,0,57,45,55
2030-12-27,Friday,0,0,Winter,2.1,0,0,55,61,70
2030-12-28,Saturday,1,0,Winter,10.2,1,1,70,70,80
2030-12-29,Sunday,1,0,Winter,-2.3,1,0,80,78,74
2030-12-30,Monday,0,0,Winter,-0.6,1,0,74,53,56
2030-12-31,Tuesday,0,1,Winter,3.8,1,0,56,50,59
2031-01-01,Wednesday,0,1,Winter,8.5,0,0,59,57,71
2031-01-02,Thursday,0,0,Winter,3.9,0,0,71,55,66
2031-01-03,Friday,0,0,Winter,5.4,0,0,66,70,90
2031-01-04,Saturday,1,0,Winter,2.3,1,0,90,80,95
2031-01-05,Sunday,1,0,Winter,1.9,0,0,95,74,81
2031-01-06,Monday,0,0,Winter,3.7,0,0,81,56,76
2031-01-07,Tuesday,0,0,Winter,1.5,0,0,76,59,74
2031-01-08,Wednesday,0,0,Winter,5.7,0,0,74,71,62
2031-01-09,Thursday,0,0,Winter,-1.2,0,0,62,66,48
2031-01-10,Friday,0,0,Winter,6.3,0,0,48,90,71
2031-01-11,Saturday,1,0,Winter,3.8,0,0,71,95,83
2031-01-12,Sunday,1,0,Winter,3.1,0,0,83,81,65
2031-01-13,Monday,0,0,Winter,-1.1,0,0,65,76,64
2031-01-14,Tuesday,0,0,Winter,1.0,1,0,64,74,61
2031-01-15,Wednesday,0,0,Winter,7.6,1,0,61,62,56
2031-01-16,Thursday,0,0,Winter,3.5,1,0,56,48,65
2031-01-17,Friday,0,0,Winter,5.0,1,1,65,71,74
2031-01-18,Saturday,1,0,Winter,1.6,1,0,74,83,75
2031-01-19,Sunday,1,0,Winter,4.2,1,0,75,65,71
2031-01-20,Monday,0,0,Winter,0.3,0,0,71,64,54
2031-01-21,Tuesday,0,0,Winter,4.8,0,0,54,61,51
2031-01-22,Wednesday,0,0,Winter,5.7,0,0,51,56,37
2031-01-23,Thursday,0,0,Winter,5.7,1,0,37,65,54
2031-01-24,Friday,0,0,Winter,2.1,0,0,54,74,72
2031-01-25,Saturday,1,0,Winter,3.9,0,0,72,75,81
2031-01-26,Sunday,1,0,Winter,6.6,1,0,81,71,78
2031-01-27,Monday,0,0,Winter,4.5,0,0,78,54,65
2031-01-28,Tuesday,0,0,Winter,4.3,1,0,65,51,67
2031-01-29,Wednesday,0,0,Winter,11.0,1,0,67,37,56
2031-01-30,Thursday,0,0,Winter,2.6,0,0,56,54,65
2031-01-31,Friday,0,0,Winter,8.8,0,1,65,72,86
2031-02-01,Saturday,1,0,Winter,2.2,0,0,86,81,76
2031-02-02,Sunday,1,0,Winter,7.7,1,0,76,78,81
2031-02-03,Monday,0,0,Winter,8.0,1,0,81,65,60
2031-02-04,Tuesday,0,0,Winter,4.5,1,0,60,67,55
2031-02-05,Wednesday,0,0,Winter,2.5,0,0,55,56,55
2031-02-06,Thursday,0,0,Winter,0.3,0,1,55,65,77
2031-02-07,Friday,0,0,Winter,4.5,1,0,77,86,72
2031-02-08,Saturday,1,0,Winter,8.1,1,0,72,76,80
2031-02-09,Sunday,1,0,Winter,3.4,0,0,80,81,70
2031-02-10,Monday,0,0,Winter,7.1,0,0,70,60,63
2031-02-11,Tuesday,0,0,Winter,2.5,0,0,63,55,55
2031-02-12,Wednesday,0,0,Winter,6.4,0,0,55,55,67
2031-02-13,Thursday,0,0,Winter,3.8,1,0,67,77,62
2031-02-14,Friday,0,0,Winter,7.1,1,0,62,72,57
2031-02-15,Saturday,1,0,Winter,6.0,0,0,57,80,71
2031-02-16,Sunday,1,0,Winter,4.1,0,0,71,70,70
2031-02-17,Monday,0,0,Winter,5.8,0,0,70,63,66
2031-02-18,Tuesday,0,0,Winter,5.1,0,0,66,55,71
2031-02-19,Wednesday,0,0,Winter,4.1,0,0,71,67,65
2031-02-20,Thursday,0,0,Winter,11.5,0,0,65,62,71
2031-02-21,Friday,0,0,Winter,7.3,0,1,71,57,78
2031-02-22,Saturday,1,0,Winter,1.9,1,0,78,71,80
2031-02-23,Sunday,1,0,Winter,6.8,1,0,80,70,69
2031-02-24,Monday,0,0,Winter,11.6,1,0,69,66,64
2031-02-25,Tuesday,0,0,Winter,6.7,0,0,64,71,72
2031-02-26,Wednesday,0,0,Winter,13.6,0,0,72,65,66
2031-02-27,Thursday,0,0,Winter,6.7,0,0,66,71,69
2031-02-28,Friday,0,0,Winter,11.0,0,1,69,78,85
2031-03-01,Saturday,1,0,Spring,12.7,0,0,85,80,82
2031-03-02,Sunday,1,0,Spring,11.1,0,0,82,69,89
2031-03-03,Monday,0,0,Spring,5.8,1,0,89,64,69
2031-03-04,Tuesday,0,0,Spring,7.3,1,0,69,72,68
2031-03-05,Wednesday,0,0,Spring,13.8,1,0,68,66,74
2031-03-06,Thursday,0,0,Spring,8.0,0,0,74,69,81
2031-03-07,Friday,0,0,Spring,13.5,0,0,81,85,80
2031-03-08,Saturday,1,0,Spring,9.5,0,0,80,82,92
2031-03-09,Sunday,1,0,Spring,11.4,0,0,92,89,101
2031-03-10,Monday,0,0,Spring,7.0,0,0,101,69,79
2031-03-11,Tuesday,0,0,Spring,9.5,1,1,79,68,85
2031-03-12,Wednesday,0,0,Spring,8.8,1,0,85,74,80
2031-03-13,Thursday,0,0,Spring,12.3,0,0,80,81,87
2031-03-14,Friday,0,0,Spring,12.1,0,0,87,80,96
2031-03-15,Saturday,1,0,Spring,13.4,1,0,96,92,92
2031-03-16,Sunday,1,0,Spring,10.7,1,1,92,101,95
2031-03-17,Monday,0,0,Spring,9.5,0,0,95,79,93
2031-03-18,Tuesday,0,0,Spring,13.0,0,0,93,85,86
2031-03-19,Wednesday,0,0,Spring,9.6,0,0,86,80,73
2031-03-20,Thursday,0,0,Spring,16.1,0,0,73,87,83
2031-03-21,Friday,0,0,Spring,12.7,0,1,83,96,99
2031-03-22,Saturday,1,0,Spring,12.2,0,0,99,92,104
2031-03-23,Sunday,1,0,Spring,14.7,0,0,104,95,100
2031-03-24,Monday,0,0,Spring,13.3,0,0,100,93,105
2031-03-25,Tuesday,0,0,Spring,8.7,1,1,105,86,90
2031-03-26,Wednesday,0,0,Spring,10.7,0,0,90,73,70
2031-03-27,Thursday,0,0,Spring,17.2,0,1,70,83,80
2031-03-28,Friday,0,0,Spring,14.5,0,0,80,99,88
2031-03-29,Saturday,1,0,Spring,9.3,1,0,88,104,99
2031-03-30,Sunday,1,0,Spring,15.6,0,0,99,100,101
2031-03-31,Monday,0,0,Spring,13.0,0,0,101,105,99
2031-04-01,Tuesday,0,0,Spring,12.3,0,0,99,90,87
2031-04-02,Wednesday,0,0,Spring,11.6,0,0,87,70,85
2031-04-03,Thursday,0,0,Spring,18.2,1,0,85,80,74
2031-04-04,Friday,0,0,Spring,9.5,0,0,74,88,86
2031-04-05,Saturday,1,0,Spring,13.0,0,0,86,99,103
2031-04-06,Sunday,1,0,Spring,16.1,0,1,103,101,106
2031-04-07,Monday,0,0,Spring,20.6,0,0,106,99,112
2031-04-08,Tuesday,0,0,Spring,17.7,1,1,112,87,90
2031-04-09,Wednesday,0,0,Spring,13.7,1,0,90,85,90
2031-04-10,Thursday,0,0,Spring,21.0,1,0,90,74,93
2031-04-11,Friday,0,0,Spring,12.5,0,0,93,86,88
2031-04-12,Saturday,1,0,Spring,17.5,0,0,88,103,105
2031-04-13,Sunday,1,0,Spring,18.3,1,0,105,106,99
2031-04-14,Monday,0,0,Spring,14.4,0,0,99,112,100
2031-04-15,Tuesday,0,0,Spring,19.3,1,0,100,90,91
2031-04-16,Wednesday,0,0,Spring,15.8,0,0,91,90,91
2031-04-17,Thursday,0,0,Spring,19.6,0,0,91,93,91
2031-04-18,Friday,0,0,Spring,12.1,1,1,91,88,94
2031-04-19,Saturday,1,0,Spring,18.8,0,1,94,105,109
2031-04-20,Sunday,1,0,Spring,16.7,0,0,109,99,112
2031-04-21,Monday,0,0,Spring,21.5,0,0,112,100,115
2031-04-22,Tuesday,0,0,Spring,18.1,0,0,115,91,118
2031-04-23,Wednesday,0,0,Spring,22.1,0,0,118,91,113
2031-04-24,Thursday,0,0,Spring,20.0,0,0,113,91,105
2031-04-25,Friday,0,0,Spring,18.3,1,1,105,94,116
2031-04-26,Saturday,1,0,Spring,21.2,0,0,116,109,121
2031-04-27,Sunday,1,0,Spring,21.3,0,0,121,112,116
2031-04-28,Monday,0,0,Spring,20.5,0,0,116,115,123
2031-04-29,Tuesday,0,0,Spring,12.3,1,0,123,118,114
2031-04-30,Wednesday,0,0,Spring,16.4,0,0,114,113,103
2031-05-01,Thursday,0,1,Spring,23.6,0,0,103,105,119
2031-05-02,Friday,0,0,Spring,15.8,1,0,119,116,116
2031-05-03,Saturday,1,0,Spring,22.4,1,0,116,121,113
2031-05-04,Sunday,1,0,Spring,22.0,1,0,113,116,114
2031-05-05,Monday,0,0,Spring,17.8,1,0,114,123,106
2031-05-06,Tuesday,0,0,Spring,14.1,0,0,106,114,84
2031-05-07,Wednesday,0,0,Spring,18.5,1,0,84,103,80
2031-05-08,Thursday,0,0,Spring,26.6,0,0,80,119,109
2031-05-09,Friday,0,0,Spring,17.9,0,0,109,116,107
2031-05-10,Saturday,1,0,Spring,18.2,0,0,107,113,118
2031-05-11,Sunday,1,0,Spring,17.7,0,0,118,114,125
2031-05-12,Monday,0,0,Spring,24.4,0,0,125,106,98
2031-05-13,Tuesday,0,0,Spring,20.2,0,0,98,84,105
2031-05-14,Wednesday,0,0,Spring,19.1,0,0,105,80,95
2031-05-15,Thursday,0,0,Spring,25.4,1,1,95,109,112
2031-05-16,Friday,0,0,Spring,22.9,0,0,112,107,127
2031-05-17,Saturday,1,0,Spring,18.6,0,0,127,118,132
2031-05-18,Sunday,1,0,Spring,17.7,0,0,132,125,124
2031-05-19,Monday,0,0,Spring,25.0,0,0,124,98,106
2031-05-20,Tuesday,0,0,Spring,21.6,1,0,106,105,97
2031-05-21,Wednesday,0,0,Spring,17.0,0,0,97,95,92
2031-05-22,Thursday,0,0,Spring,16.4,0,0,92,112,109
2031-05-23,Friday,0,0,Spring,18.5,0,0,109,127,119
2031-05-24,Saturday,1,0,Spring,18.2,0,0,119,132,127
2031-05-25,Sunday,1,0,Spring,15.9,0,0,127,124,121
2031-05-26,Monday,0,0,Spring,18.8,1,0,121,106,110
2031-05-27,Tuesday,0,0,Spring,19.4,1,0,110,97,86
2031-05-28,Wednesday,0,0,Spring,20.8,0,0,86,92,105
2031-05-29,Thursday,0,0,Spring,27.4,0,0,105,109,108
2031-05-30,Friday,0,0,Spring,21.5,1,0,108,119,104
2031-05-31,Saturday,1,0,Spring,21.9,0,0,104,127,127
2031-06-01,Sunday,1,0,Summer,24.0,0,0,127,121,135
2031-06-02,Monday,0,0,Summer,21.8,0,0,135,110,119
2031-06-03,Tuesday,0,0,Summer,23.8,0,0,119,86,116
2031-06-04,Wednesday,0,0,Summer,23.5,0,0,116,105,119
2031-06-05,Thursday,0,0,Summer,23.0,0,0,119,108,119
2031-06-06,Friday,0,0,Summer,31.0,0,0,119,104,110
2031-06-07,Saturday,1,0,Summer,25.5,0,0,110,127,126
2031-06-08,Sunday,1,0,Summer,19.5,0,0,126,135,129
2031-06-09,Monday,0,0,Summer,23.9,0,0,129,119,118
2031-06-10,Tuesday,0,0,Summer,20.5,0,0,118,116,111
2031-06-11,Wednesday,0,0,Summer,24.2,0,1,111,119,127
2031-06-12,Thursday,0,0,Summer,18.8,1,1,127,119,117
2031-06-13,Friday,0,0,Summer,19.6,0,0,117,110,125
2031-06-14,Saturday,1,0,Summer,24.0,0,1,125,126,138
2031-06-15,Sunday,1,0,Summer,26.0,0,0,138,129,129
2031-06-16,Monday,0,0,Summer,24.5,0,1,129,118,125
2031-06-17,Tuesday,0,0,Summer,25.5,0,1,125,111,126
2031-06-18,Wednesday,0,0,Summer,24.1,0,0,126,127,133
2031-06-19,Thursday,0,0,Summer,23.5,0,0,133,117,130
2031-06-20,Friday,0,0,Summer,21.5,0,0,130,125,136
2031-06-21,Saturday,1,0,Summer,25.4,0,0,136,138,139
2031-06-22,Sunday,1,0,Summer,26.1,0,0,139,129,134
2031-06-23,Monday,0,0,Summer,22.8,0,0,134,125,136
2031-06-24,Tuesday,0,0,Summer,22.6,0,0,136,126,124
2031-06-25,Wednesday,0,0,Summer,27.7,1,0,124,133,118
2031-06-26,Thursday,0,0,Summer,22.9,0,0,118,130,117
2031-06-27,Friday,0,0,Summer,23.2,0,0,117,136,128
2031-06-28,Saturday,1,0,Summer,24.4,0,0,128,139,128
2031-06-29,Sunday,1,0,Summer,22.6,0,0,128,134,132
2031-06-30,Monday,0,0,Summer,20.4,0,0,132,136,126
2031-07-01,Tuesday,0,0,Summer,24.0,1,0,126,124,122
2031-07-02,Wednesday,0,0,Summer,22.7,1,0,122,118,103
2031-07-03,Thursday,0,0,Summer,28.3,0,0,103,117,100
2031-07-04,Friday,0,0,Summer,25.1,0,0,100,128,114
2031-07-05,Saturday,1,0,Summer,20.9,0,0,114,128,124
2031-07-06,Sunday,1,0,Summer,24.8,0,0,124,132,121
2031-07-07,Monday,0,0,Summer,23.5,0,0,121,126,108
2031-07-08,Tuesday,0,0,Summer,26.5,1,0,108,122,113
2031-07-09,Wednesday,0,0,Summer,20.9,0,0,113,103,107
2031-07-10,Thursday,0,0,Summer,23.0,0,0,107,100,114
2031-07-11,Friday,0,0,Summer,22.1,1,0,114,114,105
2031-07-12,Saturday,1,0,Summer,22.5,0,0,105,124,120
2031-07-13,Sunday,1,0,Summer,19.6,0,0,120,121,134
2031-07-14,Monday,0,0,Summer,23.9,1,0,134,108,114
2031-07-15,Tuesday,0,0,Summer,23.4,0,0,114,113,108
2031-07-16,Wednesday,0,0,Summer,25.9,0,0,108,107,116
2031-07-17,Thursday,0,0,Summer,21.9,0,0,116,114,125
2031-07-18,Friday,0,0,Summer,20.7,0,0,125,105,115
2031-07-19,Saturday,1,0,Summer,24.2,0,0,115,120,121
2031-07-20,Sunday,1,0,Summer,19.3,1,0,121,134,129
2031-07-21,Monday,0,0,Summer,24.9,0,0,129,114,121
2031-07-22,Tuesday,0,0,Summer,24.8,0,0,121,108,117
2031-07-23,Wednesday,0,0,Summer,25.2,1,0,117,116,115
2031-07-24,Thursday,0,0,Summer,22.5,1,0,115,125,115
2031-07-25,Friday,0,0,Summer,19.8,1,0,115,115,121
2031-07-26,Saturday,1,0,Summer,21.5,1,1,121,121,141
2031-07-27,Sunday,1,0,Summer,22.2,1,0,141,129,124
2031-07-28,Monday,0,0,Summer,19.3,1,0,124,121,119
2031-07-29,Tuesday,0,0,Summer,24.9,0,0,119,117,116
2031-07-30,Wednesday,0,0,Summer,22.5,0,0,116,115,105
2031-07-31,Thursday,0,0,Summer,18.0,0,1,105,115,111
2031-08-01,Friday,0,0,Summer,26.2,0,0,111,121,117
2031-08-02,Saturday,1,0,Summer,20.7,0,0,117,141,137
2031-08-03,Sunday,1,0,Summer,17.0,0,0,137,124,122
2031-08-04,Monday,0,0,Summer,17.7,0,1,122,119,109
2031-08-05,Tuesday,0,0,Summer,24.5,0,0,109,116,109
2031-08-06,Wednesday,0,0,Summer,25.4,0,0,109,105,106
2031-08-07,Thursday,0,0,Summer,22.8,0,0,106,111,119
2031-08-08,Friday,0,0,Summer,23.7,0,0,119,117,123
2031-08-09,Saturday,1,0,Summer,23.2,0,1,123,137,145
2031-08-10,Sunday,1,0,Summer,21.1,0,0,145,122,131
2031-08-11,Monday,0,0,Summer,20.3,0,0,131,109,108
2031-08-12,Tuesday,0,0,Summer,20.8,0,0,108,109,116
2031-08-13,Wednesday,0,0,Summer,21.2,1,0,116,106,104
2031-08-14,Thursday,0,0,Summer,16.7,0,1,104,119,122
2031-08-15,Friday,0,0,Summer,20.9,1,0,122,123,118
2031-08-16,Saturday,1,0,Summer,23.0,1,0,118,145,134
2031-08-17,Sunday,1,0,Summer,17.8,1,0,134,131,129
2031-08-18,Monday,0,0,Summer,17.4,1,0,129,108,112
2031-08-19,Tuesday,0,0,Summer,19.6,0,0,112,116,113
2031-08-20,Wednesday,0,0,Summer,16.1,0,0,113,104,105
2031-08-21,Thursday,0,0,Summer,13.9,0,0,105,122,98
2031-08-22,Friday,0,0,Summer,21.2,0,0,98,118,113
2031-08-23,Saturday,1,0,Summer,16.2,0,0,113,134,132
2031-08-24,Sunday,1,0,Summer,17.5,1,0,132,129,125
2031-08-25,Monday,0,0,Summer,15.4,0,0,125,112,110
2031-08-26,Tuesday,0,0,Summer,20.9,0,0,110,113,111
2031-08-27,Wednesday,0,0,Summer,19.5,1,0,111,105,112
2031-08-28,Thursday,0,0,Summer,16.1,0,0,112,98,105
2031-08-29,Friday,0,0,Summer,13.1,0,0,105,113,99
2031-08-30,Saturday,1,0,Summer,15.4,0,0,99,132,118
2031-08-31,Sunday,1,0,Summer,18.0,0,0,118,125,124
2031-09-01,Monday,0,0,Autumn,16.7,0,0,124,110,110
2031-09-02,Tuesday,0,0,Autumn,16.3,0,0,110,111,100
2031-09-03,Wednesday,0,0,Autumn,16.5,0,0,100,112,103
2031-09-04,Thursday,0,0,Autumn,17.9,0,0,103,105,101
2031-09-05,Friday,0,0,Autumn,15.4,1,0,101,99,95
2031-09-06,Saturday,1,0,Autumn,16.7,0,0,95,118,107
2031-09-07,Sunday,1,0,Autumn,12.2,0,1,107,124,119
2031-09-08,Monday,0,0,Autumn,22.6,0,0,119,110,111
2031-09-09,Tuesday,0,0,Autumn,14.0,1,0,111,100,93
2031-09-10,Wednesday,0,0,Autumn,15.3,1,0,93,103,92
2031-09-11,Thursday,0,0,Autumn,16.2,0,1,92,101,106
2031-09-12,Friday,0,0,Autumn,13.1,0,0,106,95,106
2031-09-13,Saturday,1,0,Autumn,14.2,0,1,106,107,120
2031-09-14,Sunday,1,0,Autumn,14.0,1,0,120,119,122
2031-09-15,Monday,0,0,Autumn,11.1,1,0,122,111,107
2031-09-16,Tuesday,0,0,Autumn,14.9,0,0,107,93,111
2031-09-17,Wednesday,0,0,Autumn,8.5,0,0,111,92,104
2031-09-18,Thursday,0,0,Autumn,18.5,0,0,104,106,111
2031-09-19,Friday,0,0,Autumn,15.5,1,0,111,106,96
2031-09-20,Saturday,1,0,Autumn,14.9,0,0,96,120,114
2031-09-21,Sunday,1,0,Autumn,7.6,0,0,114,122,117
2031-09-22,Monday,0,0,Autumn,10.2,1,0,117,107,98
2031-09-23,Tuesday,0,0,Autumn,16.6,0,0,98,111,84
2031-09-24,Wednesday,0,0,Autumn,24.7,1,0,84,104,75
2031-09-25,Thursday,0,0,Autumn,15.7,0,0,75,111,89
2031-09-26,Friday,0,0,Autumn,15.0,1,0,89,96,88
2031-09-27,Saturday,1,0,Autumn,13.3,1,1,88,114,97
2031-09-28,Sunday,1,0,Autumn,9.0,0,0,97,117,105
2031-09-29,Monday,0,0,Autumn,14.4,0,0,105,98,88
2031-09-30,Tuesday,0,0,Autumn,7.9,0,0,88,84,71
2031-10-01,Wednesday,0,0,Autumn,7.4,1,0,71,75,84
2031-10-02,Thursday,0,0,Autumn,7.1,0,0,84,89,88
2031-10-03,Friday,0,0,Autumn,13.6,1,0,88,88,86
2031-10-04,Saturday,1,0,Autumn,10.4,1,0,86,97,83
2031-10-05,Sunday,1,0,Autumn,10.7,1,0,83,105,84
2031-10-06,Monday,0,0,Autumn,10.2,0,0,84,88,77
2031-10-07,Tuesday,0,0,Autumn,6.7,0,0,77,71,70
2031-10-08,Wednesday,0,0,Autumn,7.9,0,0,70,84,73
2031-10-09,Thursday,0,0,Autumn,7.9,0,0,73,88,72
2031-10-10,Friday,0,0,Autumn,5.4,0,0,72,86,75
2031-10-11,Saturday,1,0,Autumn,7.9,0,0,75,83,74
2031-10-12,Sunday,1,0,Autumn,6.0,1,0,74,84,65
2031-10-13,Monday,0,0,Autumn,10.8,0,0,65,77,60
2031-10-14,Tuesday,0,0,Autumn,10.9,0,0,60,70,63
2031-10-15,Wednesday,0,0,Autumn,4.9,0,0,63,73,66
2031-10-16,Thursday,0,0,Autumn,7.7,1,0,66,72,72
2031-10-17,Friday,0,0,Autumn,14.0,1,0,72,75,81
2031-10-18,Saturday,1,0,Autumn,5.4,0,0,81,74,90
2031-10-19,Sunday,1,0,Autumn,9.4,0,0,90,65,83
2031-10-20,Monday,0,0,Autumn,8.3,0,0,83,60,77
2031-10-21,Tuesday,0,0,Autumn,11.1,1,0,77,63,55
2031-10-22,Wednesday,0,0,Autumn,8.6,0,0,55,66,68
2031-10-23,Thursday,0,0,Autumn,6.3,0,0,68,72,72
2031-10-24,Friday,0,0,Autumn,7.6,1,0,72,81,84
2031-10-25,Saturday,1,0,Autumn,7.5,0,0,84,90,73
2031-10-26,Sunday,1,0,Autumn,6.9,0,0,73,83,88
2031-10-27,Monday,0,0,Autumn,3.0,0,0,88,77,66
2031-10-28,Tuesday,0,0,Autumn,10.6,1,0,66,55,70
2031-10-29,Wednesday,0,0,Autumn,9.9,0,0,70,68,66
2031-10-30,Thursday,0,0,Autumn,3.5,1,0,66,72,70
2031-10-31,Friday,0,0,Autumn,5.6,1,0,70,84,75
2031-11-01,Saturday,1,0,Autumn,5.7,1,0,75,73,86
2031-11-02,Sunday,1,0,Autumn,2.7,0,0,86,88,88
2031-11-03,Monday,0,0,Autumn,0.5,0,0,88,66,84
2031-11-04,Tuesday,0,0,Autumn,4.0,1,0,84,70,67
2031-11-05,Wednesday,0,0,Autumn,4.8,1,1,67,66,65
2031-11-06,Thursday,0,0,Autumn,1.4,1,0,65,70,61
2031-11-07,Friday,0,0,Autumn,6.1,1,0,61,75,74
2031-11-08,Saturday,1,0,Autumn,9.0,1,0,74,86,88
2031-11-09,Sunday,1,0,Autumn,7.9,0,0,88,88,81
2031-11-10,Monday,0,0,Autumn,4.9,0,0,81,84,71
2031-11-11,Tuesday,0,0,Autumn,-0.4,0,0,71,67,68
2031-11-12,Wednesday,0,0,Autumn,7.2,0,0,68,65,78
2031-11-13,Thursday,0,0,Autumn,5.4,0,0,78,61,69
2031-11-14,Friday,0,0,Autumn,6.1,0,1,69,74,74
2031-11-15,Saturday,1,0,Autumn,10.6,0,0,74,88,95
2031-11-16,Sunday,1,0,Autumn,2.2,0,0,95,81,77
2031-11-17,Monday,0,0,Autumn,-4.1,1,0,77,71,68
2031-11-18,Tuesday,0,0,Autumn,1.3,1,0,68,68,48
2031-11-19,Wednesday,0,0,Autumn,5.8,0,0,48,78,62
2031-11-20,Thursday,0,0,Autumn,4.4,1,0,62,69,63
2031-11-21,Friday,0,0,Autumn,0.6,0,0,63,74,66
2031-11-22,Saturday,1,0,Autumn,-0.1,0,0,66,95,92
2031-11-23,Sunday,1,0,Autumn,3.0,0,0,92,77,86
2031-11-24,Monday,0,0,Autumn,0.2,0,0,86,68,71
2031-11-25,Tuesday,0,0,Autumn,5.5,0,0,71,48,62
2031-11-26,Wednesday,0,0,Autumn,2.6,1,0,62,62,55
2031-11-27,Thursday,0,0,Autumn,1.9,0,0,55,63,75
2031-11-28,Friday,0,0,Autumn,1.4,1,0,75,66,69
2031-11-29,Saturday,1,0,Autumn,4.4,0,0,69,92,97
2031-11-30,Sunday,1,0,Autumn,3.7,0,0,97,86,86
2031-12-01,Monday,0,0,Winter,4.1,1,0,86,71,70
2031-12-02,Tuesday,0,0,Winter,4.0,1,0,70,62,58
2031-12-03,Wednesday,0,0,Winter,3.2,0,0,58,55,53
2031-12-04,Thursday,0,0,Winter,0.3,1,0,53,75,58
2031-12-05,Friday,0,0,Winter,1.1,0,0,58,69,78
2031-12-06,Saturday,1,0,Winter,2.1,1,1,78,97,101
2031-12-07,Sunday,1,0,Winter,9.4,1,0,101,86,91
2031-12-08,Monday,0,0,Winter,-0.8,0,0,91,70,64
2031-12-09,Tuesday,0,0,Winter,1.9,0,0,64,58,62
2031-12-10,Wednesday,0,0,Winter,3.4,1,0,62,53,53
2031-12-11,Thursday,0,0,Winter,2.2,0,0,53,58,52
2031-12-12,Friday,0,0,Winter,6.3,1,0,52,78,69
2031-12-13,Saturday,1,0,Winter,2.1,0,1,69,101,83
2031-12-14,Sunday,1,0,Winter,2.3,0,0,83,91,85
2031-12-15,Monday,0,0,Winter,5.5,0,0,85,64,75
2031-12-16,Tuesday,0,0,Winter,8.5,1,0,75,62,70
2031-12-17,Wednesday,0,0,Winter,7.2,0,0,70,53,56
2031-12-18,Thursday,0,0,Winter,2.6,0,0,56,52,70
2031-12-19,Friday,0,0,Winter,2.9,0,0,70,69,74
2031-12-20,Saturday,1,0,Winter,3.1,1,0,74,83,78
2031-12-21,Sunday,1,0,Winter,3.4,0,0,78,85,72
2031-12-22,Monday,0,0,Winter,0.5,1,0,72,75,58
2031-12-23,Tuesday,0,0,Winter,5.8,0,0,58,70,60
2031-12-24,Wednesday,0,1,Winter,3.6,0,0,60,56,65
2031-12-25,Thursday,0,1,Winter,2.9,0,0,65,70,76
2031-12-26,Friday,0,1,Winter,-0.8,0,1,76,74,86
2031-12-27,Saturday,1,0,Winter,3.3,1,0,86,78,93
2031-12-28,Sunday,1,0,Winter,-2.6,1,0,93,72,76
2031-12-29,Monday,0,0,Winter,1.4,0,0,76,58,65
2031-12-30,Tuesday,0,0,Winter,1.5,0,0,65,60,69
2031-12-31,Wednesday,0,1,Winter,4.0,1,0,69,65,65
2032-01-01,Thursday,0,1,Winter,8.9,0,0,65,76,68
2032-01-02,Friday,0,0,Winter,5.0,0,0,68,86,74
2032-01-03,Saturday,1,0,Winter,7.6,1,0,74,93,90
2032-01-04,Sunday,1,0,Winter,5.3,0,0,90,76,85
2032-01-05,Monday,0,0,Winter,6.8,0,0,85,65,77
2032-01-06,Tuesday,0,0,Winter,9.0,1,0,77,69,60
2032-01-07,Wednesday,0,0,Winter,1.3,1,0,60,65,46
2032-01-08,Thursday,0,0,Winter,1.2,1,0,46,68,58
2032-01-09,Friday,0,0,Winter,5.6,0,0,58,74,72
2032-01-10,Saturday,1,0,Winter,3.7,0,0,72,90,77
2032-01-11,Sunday,1,0,Winter,4.4,1,0,77,85,70
2032-01-12,Monday,0,0,Winter,3.0,1,0,70,77,63
2032-01-13,Tuesday,0,0,Winter,2.1,1,0,63,60,57
2032-01-14,Wednesday,0,0,Winter,8.8,0,0,57,46,49
2032-01-15,Thursday,0,0,Winter,0.7,1,0,49,58,52
2032-01-16,Friday,0,0,Winter,6.1,0,0,52,72,56
2032-01-17,Saturday,1,0,Winter,5.7,1,1,56,77,73
2032-01-18,Sunday,1,0,Winter,-0.5,1,0,73,70,60
2032-01-19,Monday,0,0,Winter,1.8,0,0,60,63,58
2032-01-20,Tuesday,0,0,Winter,2.4,0,0,58,57,53
2032-01-21,Wednesday,0,0,Winter,6.2,1,0,53,49,62
2032-01-22,Thursday,0,0,Winter,3.5,1,0,62,52,60
2032-01-23,Friday,0,0,Winter,4.4,0,1,60,56,63
2032-01-24,Saturday,1,0,Winter,0.4,0,0,63,73,79
2032-01-25,Sunday,1,0,Winter,11.9,1,0,79,60,73
2032-01-26,Monday,0,0,Winter,5.2,0,1,73,58,77
2032-01-27,Tuesday,0,0,Winter,6.6,0,0,77,53,57
2032-01-28,Wednesday,0,0,Winter,3.6,0,0,57,62,64
2032-01-29,Thursday,0,0,Winter,3.4,0,1,64,60,86
2032-01-30,Friday,0,0,Winter,11.2,0,0,86,63,85
2032-01-31,Saturday,1,0,Winter,-0.2,1,1,85,79,84
2032-02-01,Sunday,1,0,Winter,6.5,1,0,84,73,86
2032-02-02,Monday,0,0,Winter,2.1,1,0,86,77,66
2032-02-03,Tuesday,0,0,Winter,4.7,0,0,66,57,65
2032-02-04,Wednesday,0,0,Winter,4.1,1,0,65,64,77
2032-02-05,Thursday,0,0,Winter,3.2,0,0,77,86,73
2032-02-06,Friday,0,0,Winter,6.4,1,1,73,85,87
2032-02-07,Saturday,1,0,Winter,-1.3,0,0,87,84,100
2032-02-08,Sunday,1,0,Winter,5.6,1,0,100,86,96
2032-02-09,Monday,0,0,Winter,6.4,0,0,96,66,82
2032-02-10,Tuesday,0,0,Winter,2.7,1,0,82,65,53
2032-02-11,Wednesday,0,0,Winter,11.5,1,0,53,77,56
2032-02-12,Thursday,0,0,Winter,5.3,0,0,56,73,71
2032-02-13,Friday,0,0,Winter,6.5,1,0,71,87,74
2032-02-14,Saturday,1,0,Winter,5.6,0,0,74,100,84
2032-02-15,Sunday,1,0,Winter,7.2,0,0,84,96,97
2032-02-16,Monday,0,0,Winter,11.5,1,0,97,82,86
2032-02-17,Tuesday,0,0,Winter,15.2,1,0,86,53,65
2032-02-18,Wednesday,0,0,Winter,10.2,0,0,65,56,70
2032-02-19,Thursday,0,0,Winter,11.3,0,0,70,71,67
2032-02-20,Friday,0,0,Winter,13.4,0,0,67,74,66
2032-02-21,Saturday,1,0,Winter,9.1,0,1,66,84,91
2032-02-22,Sunday,1,0,Winter,13.2,0,0,91,97,86
2032-02-23,Monday,0,0,Winter,11.1,0,0,86,86,72
2032-02-24,Tuesday,0,0,Winter,9.3,0,0,72,65,62
2032-02-25,Wednesday,0,0,Winter,10.0,1,0,62,70,65
2032-02-26,Thursday,0,0,Winter,3.7,1,0,65,67,69
2032-02-27,Friday,0,0,Winter,10.2,1,0,69,66,69
2032-02-28,Saturday,1,0,Winter,4.8,0,0,69,91,74
2032-02-29,Sunday,1,0,Winter,4.8,0,1,74,86,80
2032-03-01,Monday,0,0,Spring,10.4,0,0,80,72,65
2032-03-02,Tuesday,0,0,Spring,6.6,0,0,65,62,71
2032-03-03,Wednesday,0,0,Spring,10.1,0,0,71,65,66
2032-03-04,Thursday,0,0,Spring,10.7,0,0,66,69,75
2032-03-05,Friday,0,0,Spring,11.0,1,0,75,69,65
2032-03-06,Saturday,1,0,Spring,7.9,1,0,65,74,85
2032-03-07,Sunday,1,0,Spring,13.5,0,0,85,80,90
2032-03-08,Monday,0,0,Spring,10.7,0,0,90,65,68
2032-03-09,Tuesday,0,0,Spring,12.4,1,0,68,71,65
2032-03-10,Wednesday,0,0,Spring,7.7,1,0,65,66,67
2032-03-11,Thursday,0,0,Spring,10.9,0,1,67,75,77
2032-03-12,Friday,0,0,Spring,14.9,0,0,77,65,84
2032-03-13,Saturday,1,0,Spring,14.7,0,0,84,85,103
2032-03-14,Sunday,1,0,Spring,9.6,0,0,103,90,105
2032-03-15,Monday,0,0,Spring,10.5,1,0,105,68,83
2032-03-16,Tuesday,0,0,Spring,9.3,0,0,83,65,86
2032-03-17,Wednesday,0,0,Spring,10.5,0,0,86,67,81
2032-03-18,Thursday,0,0,Spring,8.5,0,1,81,77,88
2032-03-19,Friday,0,0,Spring,12.4,0,0,88,84,90
2032-03-20,Saturday,1,0,Spring,14.9,1,0,90,103,100
2032-03-21,Sunday,1,0,Spring,10.8,0,0,100,105,105
2032-03-22,Monday,0,0,Spring,13.1,1,0,105,83,82
2032-03-23,Tuesday,0,0,Spring,12.9,1,0,82,86,88
2032-03-24,Wednesday,0,0,Spring,16.9,0,0,88,81,96
2032-03-25,Thursday,0,0,Spring,12.0,0,1,96,88,118
2032-03-26,Friday,0,0,Spring,12.3,0,0,118,90,94
2032-03-27,Saturday,1,0,Spring,11.7,0,0,94,100,102
2032-03-28,Sunday,1,0,Spring,11.0,0,0,102,105,98
2032-03-29,Monday,0,0,Spring,16.1,0,0,98,82,94
2032-03-30,Tuesday,0,0,Spring,14.3,0,0,94,88,98
2032-03-31,Wednesday,0,0,Spring,15.0,1,0,98,96,92
2032-04-01,Thursday,0,0,Spring,18.9,1,0,92,118,97
2032-04-02,Friday,0,0,Spring,19.2,1,1,97,94,102
2032-04-03,Saturday,1,0,Spring,10.4,1,0,102,102,101
2032-04-04,Sunday,1,0,Spring,17.5,1,0,101,98,103
2032-04-05,Monday,0,0,Spring,16.4,0,0,103,94,98
2032-04-06,Tuesday,0,0,Spring,14.5,0,0,98,98,105
2032-04-07,Wednesday,0,0,Spring,17.0,1,0,105,92,94
2032-04-08,Thursday,0,0,Spring,11.0,1,0,94,97,97
2032-04-09,Friday,0,0,Spring,20.8,1,0,97,102,94
2032-04-10,Saturday,1,0,Spring,18.1,0,1,94,101,104
2032-04-11,Sunday,1,0,Spring,14.1,1,0,104,103,109
2032-04-12,Monday,0,0,Spring,15.1,0,0,109,98,102
2032-04-13,Tuesday,0,0,Spring,11.9,0,0,102,105,94
2032-04-14,Wednesday,0,0,Spring,16.2,0,0,94,94,87
2032-04-15,Thursday,0,0,Spring,15.9,0,0,87,97,90
2032-04-16,Friday,0,0,Spring,13.5,0,0,90,94,97
2032-04-17,Saturday,1,0,Spring,20.0,1,0,97,104,106
2032-04-18,Sunday,1,0,Spring,21.6,0,0,106,109,101
2032-04-19,Monday,0,0,Spring,17.9,1,0,101,102,85
2032-04-20,Tuesday,0,0,Spring,17.2,0,0,85,94,90
2032-04-21,Wednesday,0,0,Spring,19.5,0,0,90,87,95
2032-04-22,Thursday,0,0,Spring,18.3,0,0,95,90,91
2032-04-23,Friday,0,0,Spring,15.3,0,0,91,97,88
2032-04-24,Saturday,1,0,Spring,16.7,0,0,88,106,103
2032-04-25,Sunday,1,0,Spring,17.9,0,1,103,101,98
2032-04-26,Monday,0,0,Spring,19.7,0,0,98,85,90
2032-04-27,Tuesday,0,0,Spring,19.1,0,0,90,90,95
2032-04-28,Wednesday,0,0,Spring,19.8,0,0,95,95,94
2032-04-29,Thursday,0,0,Spring,14.8,0,0,94,91,83
2032-04-30,Friday,0,0,Spring,21.5,0,0,83,88,105
2032-05-01,Saturday,1,1,Spring,19.6,0,0,105,103,117
2032-05-02,Sunday,1,0,Spring,27.4,0,0,117,98,117
2032-05-03,Monday,0,0,Spring,18.7,1,0,117,90,105
2032-05-04,Tuesday,0,0,Spring,21.0,0,0,105,95,99
2032-05-05,Wednesday,0,0,Spring,28.6,0,0,99,94,99
2032-05-06,Thursday,0,0,Spring,20.8,1,0,99,83,102
2032-05-07,Friday,0,0,Spring,20.1,0,0,102,105,101
2032-05-08,Saturday,1,0,Spring,17.5,1,0,101,117,116
2032-05-09,Sunday,1,0,Spring,25.2,1,0,116,117,108
2032-05-10,Monday,0,0,Spring,17.2,1,0,108,105,93
2032-05-11,Tuesday,0,0,Spring,22.1,1,0,93,99,95
2032-05-12,Wednesday,0,0,Spring,19.5,0,0,95,99,107
2032-05-13,Thursday,0,0,Spring,20.4,0,0,107,102,107
2032-05-14,Friday,0,0,Spring,16.8,0,0,107,101,97
2032-05-15,Saturday,1,0,Spring,25.2,0,0,97,116,119
2032-05-16,Sunday,1,0,Spring,20.5,0,0,119,108,111
2032-05-17,Monday,0,0,Spring,17.8,0,0,111,93,104
2032-05-18,Tuesday,0,0,Spring,25.3,1,0,104,95,100
2032-05-19,Wednesday,0,0,Spring,20.1,0,0,100,107,91
2032-05-20,Thursday,0,0,Spring,22.7,0,0,91,107,103
2032-05-21,Friday,0,0,Spring,24.3,0,1,103,97,106
2032-05-22,Saturday,1,0,Spring,23.3,0,0,106,119,127
2032-05-23,Sunday,1,0,Spring,15.3,0,0,127,111,107
2032-05-24,Monday,0,0,Spring,24.1,0,0,107,104,102
2032-05-25,Tuesday,0,0,Spring,21.8,1,0,102,100,90
2032-05-26,Wednesday,0,0,Spring,21.2,0,0,90,91,103
2032-05-27,Thursday,0,0,Spring,21.9,0,0,103,103,94
2032-05-28,Friday,0,0,Spring,17.4,0,0,94,106,119
2032-05-29,Saturday,1,0,Spring,22.9,0,0,119,127,123
2032-05-30,Sunday,1,0,Spring,18.3,0,0,123,107,113
2032-05-31,Monday,0,0,Spring,21.6,0,0,113,102,110
2032-06-01,Tuesday,0,0,Summer,23.0,0,0,110,90,104
2032-06-02,Wednesday,0,0,Summer,25.8,0,0,104,103,101
2032-06-03,Thursday,0,0,Summer,20.2,1,0,101,94,94
2032-06-04,Friday,0,0,Summer,27.0,0,0,94,119,109
2032-06-05,Saturday,1,0,Summer,25.5,0,0,109,123,119
2032-06-06,Sunday,1,0,Summer,21.5,0,0,119,113,126
2032-06-07,Monday,0,0,Summer,19.5,1,0,126,110,111
2032-06-08,Tuesday,0,0,Summer,18.5,0,0,111,104,109
2032-06-09,Wednesday,0,0,Summer,23.7,0,0,109,101,105
2032-06-10,Thursday,0,0,Summer,20.7,0,0,105,94,109
2032-06-11,Friday,0,0,Summer,26.5,0,0,109,109,111
2032-06-12,Saturday,1,0,Summer,20.9,1,0,111,119,112
2032-06-13,Sunday,1,0,Summer,20.2,0,0,112,126,116
2032-06-14,Monday,0,0,Summer,23.7,0,0,116,111,122
2032-06-15,Tuesday,0,0,Summer,20.9,0,1,122,109,117
2032-06-16,Wednesday,0,0,Summer,23.0,0,0,117,105,109
2032-06-17,Thursday,0,0,Summer,26.0,1,0,109,109,112
2032-06-18,Friday,0,0,Summer,23.3,0,1,112,111,123
2032-06-19,Saturday,1,0,Summer,23.4,1,1,123,112,122
2032-06-20,Sunday,1,0,Summer,23.6,0,0,122,116,115
2032-06-21,Monday,0,0,Summer,17.9,1,0,115,122,114
2032-06-22,Tuesday,0,0,Summer,24.2,1,1,114,117,110
2032-06-23,Wednesday,0,0,Summer,23.5,0,0,110,109,117
2032-06-24,Thursday,0,0,Summer,25.6,1,0,117,112,111
2032-06-25,Friday,0,0,Summer,24.8,0,0,111,123,104
2032-06-26,Saturday,1,0,Summer,22.3,0,0,104,122,124
2032-06-27,Sunday,1,0,Summer,26.0,0,1,124,115,138
2032-06-28,Monday,0,0,Summer,22.0,0,0,138,114,126
2032-06-29,Tuesday,0,0,Summer,23.6,1,0,126,110,110
2032-06-30,Wednesday,0,0,Summer,21.9,0,0,110,117,109
2032-07-01,Thursday,0,0,Summer,24.2,0,0,109,111,110
2032-07-02,Friday,0,0,Summer,21.6,1,0,110,104,105
2032-07-03,Saturday,1,0,Summer,27.7,0,0,105,124,125
2032-07-04,Sunday,1,0,Summer,28.7,0,0,125,138,132
2032-07-05,Monday,0,0,Summer,25.3,0,0,132,126,120
2032-07-06,Tuesday,0,0,Summer,27.2,0,0,120,110,111
2032-07-07,Wednesday,0,0,Summer,17.9,1,0,111,109,106
2032-07-08,Thursday,0,0,Summer,18.2,0,0,106,110,118
2032-07-09,Friday,0,0,Summer,21.5,0,1,118,105,125
2032-07-10,Saturday,1,0,Summer,22.5,0,0,125,125,120
2032-07-11,Sunday,1,0,Summer,21.7,0,0,120,132,126
2032-07-12,Monday,0,0,Summer,17.3,0,0,126,120,119
2032-07-13,Tuesday,0,0,Summer,25.6,0,0,119,111,120
2032-07-14,Wednesday,0,0,Summer,28.6,0,0,120,106,120
2032-07-15,Thursday,0,0,Summer,25.9,0,0,120,118,122
2032-07-16,Friday,0,0,Summer,25.2,0,1,122,125,152
2032-07-17,Saturday,1,0,Summer,22.6,0,0,152,120,132
2032-07-18,Sunday,1,0,Summer,19.3,0,0,132,126,139
2032-07-19,Monday,0,0,Summer,21.9,0,0,139,119,127
2032-07-20,Tuesday,0,0,Summer,28.0,0,0,127,120,138
2032-07-21,Wednesday,0,0,Summer,20.5,0,0,138,120,115
2032-07-22,Thursday,0,0,Summer,20.1,0,1,115,122,135
2032-07-23,Friday,0,0,Summer,24.7,1,0,135,152,147
2032-07-24,Saturday,1,0,Summer,24.8,0,0,147,132,142
2032-07-25,Sunday,1,0,Summer,18.6,0,0,142,139,131
2032-07-26,Monday,0,0,Summer,20.3,0,0,131,127,136
2032-07-27,Tuesday,0,0,Summer,19.5,0,0,136,138,122
2032-07-28,Wednesday,0,0,Summer,21.1,0,0,122,115,124
2032-07-29,Thursday,0,0,Summer,24.1,0,0,124,135,137
2032-07-30,Friday,0,0,Summer,18.2,0,0,137,147,135
2032-07-31,Saturday,1,0,Summer,23.8,1,1,135,142,143
2032-08-01,Sunday,1,0,Summer,20.7,0,0,143,131,148
2032-08-02,Monday,0,0,Summer,27.3,1,0,148,136,129
2032-08-03,Tuesday,0,0,Summer,21.1,0,0,129,122,117
2032-08-04,Wednesday,0,0,Summer,19.8,0,0,117,124,97
2032-08-05,Thursday,0,0,Summer,21.7,0,1,97,137,129
2032-08-06,Friday,0,0,Summer,18.8,1,0,129,135,123
2032-08-07,Saturday,1,0,Summer,14.3,0,0,123,143,136
2032-08-08,Sunday,1,0,Summer,18.8,0,0,136,148,135
2032-08-09,Monday,0,0,Summer,18.7,0,0,135,129,132
2032-08-10,Tuesday,0,0,Summer,14.5,1,0,132,117,124
2032-08-11,Wednesday,0,0,Summer,18.9,0,0,124,97,104
2032-08-12,Thursday,0,0,Summer,12.8,0,0,104,129,108
2032-08-13,Friday,0,0,Summer,17.8,1,0,108,123,117
2032-08-14,Saturday,1,0,Summer,19.5,1,0,117,136,135
2032-08-15,Sunday,1,0,Summer,18.9,0,0,135,135,133
2032-08-16,Monday,0,0,Summer,17.2,0,0,133,132,124
2032-08-17,Tuesday,0,0,Summer,18.1,0,0,124,124,120
2032-08-18,Wednesday,0,0,Summer,15.8,1,0,120,104,101
2032-08-19,Thursday,0,0,Summer,18.1,0,0,101,108,103
2032-08-20,Friday,0,0,Summer,18.1,0,0,103,117,111
2032-08-21,Saturday,1,0,Summer,15.0,0,0,111,135,130
2032-08-22,Sunday,1,0,Summer,18.4,1,0,130,133,139
2032-08-23,Monday,0,0,Summer,18.2,0,0,139,124,117
2032-08-24,Tuesday,0,0,Summer,16.8,0,0,117,120,118
2032-08-25,Wednesday,0,0,Summer,24.4,0,0,118,101,114
2032-08-26,Thursday,0,0,Summer,16.5,1,0,114,103,103
2032-08-27,Friday,0,0,Summer,16.0,1,0,103,111,99
2032-08-28,Saturday,1,0,Summer,15.4,0,0,99,130,118
2032-08-29,Sunday,1,0,Summer,13.6,0,0,118,139,119
2032-08-30,Monday,0,0,Summer,18.4,0,0,119,117,115
2032-08-31,Tuesday,0,0,Summer,14.1,0,0,115,118,103
2032-09-01,Wednesday,0,0,Autumn,14.3,0,0,103,114,94
2032-09-02,Thursday,0,0,Autumn,14.2,0,0,94,103,104
2032-09-03,Friday,0,0,Autumn,12.7,0,1,104,99,111
2032-09-04,Saturday,1,0,Autumn,10.2,0,0,111,118,114
2032-09-05,Sunday,1,0,Autumn,13.9,0,0,114,119,109
2032-09-06,Monday,0,0,Autumn,17.8,1,0,109,115,106
2032-09-07,Tuesday,0,0,Autumn,15.6,1,0,106,103,95
2032-09-08,Wednesday,0,0,Autumn,19.5,0,0,95,94,100
2032-09-09,Thursday,0,0,Autumn,16.9,0,0,100,104,97
2032-09-10,Friday,0,0,Autumn,16.1,0,0,97,111,96
2032-09-11,Saturday,1,0,Autumn,20.0,1,0,96,114,101
2032-09-12,Sunday,1,0,Autumn,13.8,1,0,101,109,104
2032-09-13,Monday,0,0,Autumn,14.2,0,1,104,106,98
2032-09-14,Tuesday,0,0,Autumn,13.8,1,0,98,95,102
2032-09-15,Wednesday,0,0,Autumn,18.3,0,0,102,100,89
2032-09-16,Thursday,0,0,Autumn,13.5,1,0,89,97,88
2032-09-17,Friday,0,0,Autumn,11.3,1,0,88,96,98
2032-09-18,Saturday,1,0,Autumn,14.9,1,0,98,101,103
2032-09-19,Sunday,1,0,Autumn,10.5,0,0,103,104,100
2032-09-20,Monday,0,0,Autumn,14.4,0,0,100,98,102
2032-09-21,Tuesday,0,0,Autumn,13.8,0,0,102,102,90
2032-09-22,Wednesday,0,0,Autumn,11.9,0,0,90,89,86
2032-09-23,Thursday,0,0,Autumn,13.9,0,0,86,88,77
2032-09-24,Friday,0,0,Autumn,7.6,0,0,77,98,93
2032-09-25,Saturday,1,0,Autumn,12.4,0,0,93,103,106
2032-09-26,Sunday,1,0,Autumn,10.3,0,1,106,100,114
2032-09-27,Monday,0,0,Autumn,20.2,0,0,114,102,104
2032-09-28,Tuesday,0,0,Autumn,11.9,1,0,104,90,90
2032-09-29,Wednesday,0,0,Autumn,9.4,0,0,90,86,86
2032-09-30,Thursday,0,0,Autumn,6.9,1,0,86,77,81
2032-10-01,Friday,0,0,Autumn,14.8,1,0,81,93,88
2032-10-02,Saturday,1,0,Autumn,9.7,0,0,88,106,93
2032-10-03,Sunday,1,0,Autumn,8.2,0,0,93,114,84
2032-10-04,Monday,0,0,Autumn,11.4,1,0,84,104,98
2032-10-05,Tuesday,0,0,Autumn,12.2,0,0,98,90,86
2032-10-06,Wednesday,0,0,Autumn,12.0,0,0,86,86,84
2032-10-07,Thursday,0,0,Autumn,10.0,1,0,84,81,89
2032-10-08,Friday,0,0,Autumn,10.2,1,0,89,88,90
2032-10-09,Saturday,1,0,Autumn,10.3,0,0,90,93,87
2032-10-10,Sunday,1,0,Autumn,10.4,0,0,87,84,81
2032-10-11,Monday,0,0,Autumn,10.5,1,0,81,98,86
2032-10-12,Tuesday,0,0,Autumn,12.4,0,0,86,86,88
2032-10-13,Wednesday,0,0,Autumn,9.1,1,1,88,84,85
2032-10-14,Thursday,0,0,Autumn,6.3,0,0,85,89,85
2032-10-15,Friday,0,0,Autumn,8.2,0,0,85,90,89
2032-10-16,Saturday,1,0,Autumn,10.7,0,0,89,87,96
2032-10-17,Sunday,1,0,Autumn,3.0,1,0,96,81,89
2032-10-18,Monday,0,0,Autumn,2.8,0,0,89,86,77
2032-10-19,Tuesday,0,0,Autumn,10.8,1,0,77,88,82
2032-10-20,Wednesday,0,0,Autumn,12.4,1,0,82,85,84
2032-10-21,Thursday,0,0,Autumn,3.9,1,0,84,85,85
2032-10-22,Friday,0,0,Autumn,7.9,1,0,85,89,91
2032-10-23,Saturday,1,0,Autumn,6.2,0,0,91,96,101
2032-10-24,Sunday,1,0,Autumn,6.5,0,0,101,89,92
2032-10-25,Monday,0,0,Autumn,8.1,0,0,92,77,80
2032-10-26,Tuesday,0,0,Autumn,3.1,0,0,80,82,70
2032-10-27,Wednesday,0,0,Autumn,3.5,0,0,70,84,75
2032-10-28,Thursday,0,0,Autumn,5.8,1,1,75,85,78
2032-10-29,Friday,0,0,Autumn,6.2,1,0,78,91,85
2032-10-30,Saturday,1,0,Autumn,3.1,0,0,85,101,102
2032-10-31,Sunday,1,0,Autumn,8.7,0,0,102,92,98
2032-11-01,Monday,0,0,Autumn,5.0,1,0,98,80,76
2032-11-02,Tuesday,0,0,Autumn,4.8,1,0,76,70,72
2032-11-03,Wednesday,0,0,Autumn,6.8,1,0,72,75,77
2032-11-04,Thursday,0,0,Autumn,5.5,0,0,77,78,73
2032-11-05,Friday,0,0,Autumn,8.2,0,0,73,85,83
2032-11-06,Saturday,1,0,Autumn,2.8,1,0,83,102,92
2032-11-07,Sunday,1,0,Autumn,1.3,0,0,92,98,90
2032-11-08,Monday,0,0,Autumn,4.4,1,0,90,76,79
2032-11-09,Tuesday,0,0,Autumn,5.4,0,0,79,72,63
2032-11-10,Wednesday,0,0,Autumn,1.4,0,0,63,77,70
2032-11-11,Thursday,0,0,Autumn,0.9,1,1,70,73,88
2032-11-12,Friday,0,0,Autumn,5.5,1,0,88,83,88
2032-11-13,Saturday,1,0,Autumn,2.6,0,0,88,92,92
2032-11-14,Sunday,1,0,Autumn,0.4,1,0,92,90,77
2032-11-15,Monday,0,0,Autumn,7.6,1,0,77,79,69
2032-11-16,Tuesday,0,0,Autumn,2.7,1,0,69,63,65
2032-11-17,Wednesday,0,0,Autumn,7.9,1,0,65,70,67
2032-11-18,Thursday,0,0,Autumn,4.5,1,0,67,88,64
2032-11-19,Friday,0,0,Autumn,5.2,1,0,64,88,76
2032-11-20,Saturday,1,0,Autumn,3.6,0,1,76,92,89
2032-11-21,Sunday,1,0,Autumn,-3.8,1,0,89,77,75
2032-11-22,Monday,0,0,Autumn,0.6,1,0,75,69,71
2032-11-23,Tuesday,0,0,Autumn,3.6,1,0,71,65,63
2032-11-24,Wednesday,0,0,Autumn,5.0,0,0,63,67,62
2032-11-25,Thursday,0,0,Autumn,-1.5,0,0,62,64,57
2032-11-26,Friday,0,0,Autumn,3.6,1,0,57,76,62
2032-11-27,Saturday,1,0,Autumn,0.3,1,0,62,89,72
2032-11-28,Sunday,1,0,Autumn,4.3,0,0,72,75,84
2032-11-29,Monday,0,0,Autumn,3.5,1,0,84,71,71
2032-11-30,Tuesday,0,0,Autumn,5.8,0,0,71,63,76
2032-12-01,Wednesday,0,0,Winter,6.7,0,1,76,62,69
2032-12-02,Thursday,0,0,Winter,4.8,1,0,69,57,72
2032-12-03,Friday,0,0,Winter,6.0,1,0,72,62,68
2032-12-04,Saturday,1,0,Winter,2.3,1,0,68,72,71
2032-12-05,Sunday,1,0,Winter,11.8,1,0,71,84,76
2032-12-06,Monday,0,0,Winter,-0.4,1,0,76,71,80
2032-12-07,Tuesday,0,0,Winter,1.6,1,0,80,76,66
2032-12-08,Wednesday,0,0,Winter,5.9,1,0,66,69,78
2032-12-09,Thursday,0,0,Winter,5.4,0,0,78,72,81
2032-12-10,Friday,0,0,Winter,4.6,0,0,81,68,70
2032-12-11,Saturday,1,0,Winter,5.1,0,0,70,71,71
2032-12-12,Sunday,1,0,Winter,-3.2,0,0,71,76,74
2032-12-13,Monday,0,0,Winter,7.8,0,0,74,80,73
2032-12-14,Tuesday,0,0,Winter,2.4,0,0,73,66,64
2032-12-15,Wednesday,0,0,Winter,6.8,0,0,64,78,65
2032-12-16,Thursday,0,0,Winter,-3.1,1,0,65,81,76
2032-12-17,Friday,0,0,Winter,3.8,0,0,76,70,77
2032-12-18,Saturday,1,0,Winter,1.3,0,0,77,71,82
2032-12-19,Sunday,1,0,Winter,4.7,0,0,82,74,81
2032-12-20,Monday,0,0,Winter,4.0,0,0,81,73,72
2032-12-21,Tuesday,0,0,Winter,4.1,1,0,72,64,78
2032-12-22,Wednesday,0,0,Winter,-0.2,1,1,78,65,77
2032-12-23,Thursday,0,0,Winter,2.9,1,0,77,76,90
2032-12-24,Friday,0,1,Winter,2.5,1,0,90,77,92
2032-12-25,Saturday,1,1,Winter,4.5,1,0,92,82,88
2032-12-26,Sunday,1,1,Winter,6.0,1,0,88,81,97
2032-12-27,Monday,0,0,Winter,3.5,0,0,97,72,78
2032-12-28,Tuesday,0,0,Winter,-0.7,0,0,78,78,82
2032-12-29,Wednesday,0,0,Winter,3.5,1,0,82,77,67
2032-12-30,Thursday,0,0,Winter,11.0,1,0,67,90,63
2032-12-31,Friday,0,1,Winter,8.2,1,1,63,92,89
2033-01-01,Saturday,1,1,Winter,-5.0,0,0,89,88,103
2033-01-02,Sunday,1,0,Winter,3.5,1,0,103,97,88
2033-01-03,Monday,0,0,Winter,6.1,0,0,88,78,81
2033-01-04,Tuesday,0,0,Winter,2.8,1,0,81,82,67
2033-01-05,Wednesday,0,0,Winter,2.0,0,0,67,67,72
2033-01-06,Thursday,0,0,Winter,2.6,0,1,72,63,74
2033-01-07,Friday,0,0,Winter,5.1,0,0,74,89,83
2033-01-08,Saturday,1,0,Winter,0.1,0,0,83,103,88
2033-01-09,Sunday,1,0,Winter,7.2,0,0,88,88,83
2033-01-10,Monday,0,0,Winter,3.5,1,0,83,81,58
2033-01-11,Tuesday,0,0,Winter,0.9,0,0,58,67,50
2033-01-12,Wednesday,0,0,Winter,7.2,0,0,50,72,59
2033-01-13,Thursday,0,0,Winter,-0.8,0,0,59,74,68
2033-01-14,Friday,0,0,Winter,2.3,1,0,68,83,85
2033-01-15,Saturday,1,0,Winter,2.3,0,0,85,88,84
2033-01-16,Sunday,1,0,Winter,10.5,0,0,84,83,82
2033-01-17,Monday,0,0,Winter,2.1,1,0,82,58,55
2033-01-18,Tuesday,0,0,Winter,-2.2,0,0,55,50,58
2033-01-19,Wednesday,0,0,Winter,2.6,1,0,58,59,60
2033-01-20,Thursday,0,0,Winter,5.8,0,0,60,68,69
2033-01-21,Friday,0,0,Winter,6.9,1,1,69,85,85
2033-01-22,Saturday,1,0,Winter,11.4,1,1,85,84,92
2033-01-23,Sunday,1,0,Winter,8.9,0,0,92,82,99
2033-01-24,Monday,0,0,Winter,5.4,1,1,99,55,74
2033-01-25,Tuesday,0,0,Winter,2.2,0,0,74,58,61
2033-01-26,Wednesday,0,0,Winter,9.9,0,0,61,60,57
2033-01-27,Thursday,0,0,Winter,4.0,1,0,57,69,60
2033-01-28,Friday,0,0,Winter,3.2,1,0,60,85,64
2033-01-29,Saturday,1,0,Winter,4.1,0,0,64,92,76
2033-01-30,Sunday,1,0,Winter,1.7,1,0,76,99,72
2033-01-31,Monday,0,0,Winter,4.1,0,0,72,74,61
2033-02-01,Tuesday,0,0,Winter,5.0,0,0,61,61,50
2033-02-02,Wednesday,0,0,Winter,8.0,0,0,50,57,60
2033-02-03,Thursday,0,0,Winter,4.7,1,0,60,60,54
2033-02-04,Friday,0,0,Winter,2.2,1,0,54,64,71
2033-02-05,Saturday,1,0,Winter,1.3,0,0,71,76,84
2033-02-06,Sunday,1,0,Winter,6.9,1,0,84,72,79
2033-02-07,Monday,0,0,Winter,6.6,1,0,79,61,69
2033-02-08,Tuesday,0,0,Winter,4.9,0,0,69,50,67
2033-02-09,Wednesday,0,0,Winter,5.2,0,0,67,60,61
2033-02-10,Thursday,0,0,Winter,7.9,1,0,61,54,59
2033-02-11,Friday,0,0,Winter,11.1,0,1,59,71,87
2033-02-12,Saturday,1,0,Winter,4.7,0,0,87,84,97
2033-02-13,Sunday,1,0,Winter,7.5,0,0,97,79,84
2033-02-14,Monday,0,0,Winter,10.2,0,0,84,69,91
2033-02-15,Tuesday,0,0,Winter,5.2,0,0,91,67,67
2033-02-16,Wednesday,0,0,Winter,7.6,1,0,67,61,47
2033-02-17,Thursday,0,0,Winter,7.7,1,0,47,59,67
2033-02-18,Friday,0,0,Winter,4.0,1,0,67,87,78
2033-02-19,Saturday,1,0,Winter,8.6,1,0,78,97,88
2033-02-20,Sunday,1,0,Winter,8.3,0,0,88,84,93
2033-02-21,Monday,0,0,Winter,10.0,0,0,93,91,80
2033-02-22,Tuesday,0,0,Winter,5.0,0,0,80,67,59
2033-02-23,Wednesday,0,0,Winter,8.7,1,0,59,47,52
2033-02-24,Thursday,0,0,Winter,13.0,0,0,52,67,60
2033-02-25,Friday,0,0,Winter,15.2,0,0,60,78,69
2033-02-26,Saturday,1,0,Winter,13.0,1,0,69,88,78
2033-02-27,Sunday,1,0,Winter,5.8,0,0,78,93,80
2033-02-28,Monday,0,0,Winter,10.8,1,0,80,80,70
2033-03-01,Tuesday,0,0,Spring,8.2,0,0,70,59,71
2033-03-02,Wednesday,0,0,Spring,10.6,0,0,71,52,73
2033-03-03,Thursday,0,0,Spring,7.6,1,0,73,60,72
2033-03-04,Friday,0,0,Spring,5.0,0,0,72,69,59
2033-03-05,Saturday,1,0,Spring,9.2,0,0,59,78,72
2033-03-06,Sunday,1,0,Spring,12.6,0,0,72,80,77
2033-03-07,Monday,0,0,Spring,11.5,0,0,77,70,84
2033-03-08,Tuesday,0,0,Spring,12.0,0,0,84,71,74
2033-03-09,Wednesday,0,0,Spring,11.6,0,0,74,73,64
2033-03-10,Thursday,0,0,Spring,12.3,0,1,64,72,87
2033-03-11,Friday,0,0,Spring,12.9,0,0,87,59,85
2033-03-12,Saturday,1,0,Spring,10.6,0,0,85,72,107
2033-03-13,Sunday,1,0,Spring,11.9,0,0,107,77,89
2033-03-14,Monday,0,0,Spring,17.0,1,0,89,84,82
2033-03-15,Tuesday,0,0,Spring,12.4,0,0,82,74,73
2033-03-16,Wednesday,0,0,Spring,12.3,0,0,73,64,67
2033-03-17,Thursday,0,0,Spring,12.6,0,0,67,87,74
2033-03-18,Friday,0,0,Spring,11.8,0,0,74,85,77
2033-03-19,Saturday,1,0,Spring,11.3,0,0,77,107,98
2033-03-20,Sunday,1,0,Spring,13.5,1,0,98,89,96
2033-03-21,Monday,0,0,Spring,11.5,0,0,96,82,87
2033-03-22,Tuesday,0,0,Spring,12.7,1,0,87,73,88
2033-03-23,Wednesday,0,0,Spring,11.0,0,0,88,67,85
2033-03-24,Thursday,0,0,Spring,13.8,1,0,85,74,88
2033-03-25,Friday,0,0,Spring,15.4,1,0,88,77,89
2033-03-26,Saturday,1,0,Spring,13.2,1,0,89,98,99
2033-03-27,Sunday,1,0,Spring,8.0,0,0,99,96,105
2033-03-28,Monday,0,0,Spring,16.0,0,0,105,87,86
2033-03-29,Tuesday,0,0,Spring,14.7,0,0,86,88,82
2033-03-30,Wednesday,0,0,Spring,11.6,0,0,82,85,84
2033-03-31,Thursday,0,0,Spring,17.0,0,0,84,88,90
2033-04-01,Friday,0,0,Spring,10.7,1,0,90,89,80
2033-04-02,Saturday,1,0,Spring,18.2,0,0,80,99,104
2033-04-03,Sunday,1,0,Spring,15.0,0,0,104,105,116
2033-04-04,Monday,0,0,Spring,8.6,1,0,116,86,102
2033-04-05,Tuesday,0,0,Spring,16.1,0,0,102,82,88
2033-04-06,Wednesday,0,0,Spring,14.5,1,0,88,84,90
2033-04-07,Thursday,0,0,Spring,14.2,1,1,90,90,94
2033-04-08,Friday,0,0,Spring,13.8,0,0,94,80,94
2033-04-09,Saturday,1,0,Spring,15.8,0,0,94,104,113
2033-04-10,Sunday,1,0,Spring,14.9,1,0,113,116,119
2033-04-11,Monday,0,0,Spring,11.0,0,0,119,102,100
2033-04-12,Tuesday,0,0,Spring,20.5,1,0,100,88,89
2033-04-13,Wednesday,0,0,Spring,16.1,0,1,89,90,108
2033-04-14,Thursday,0,0,Spring,14.8,0,0,108,94,101
2033-04-15,Friday,0,0,Spring,13.8,0,0,101,94,80
2033-04-16,Saturday,1,0,Spring,19.6,0,0,80,113,106
2033-04-17,Sunday,1,0,Spring,13.6,0,1,106,119,112
2033-04-18,Monday,0,0,Spring,18.0,0,0,112,100,100
2033-04-19,Tuesday,0,0,Spring,16.0,0,0,100,89,98
2033-04-20,Wednesday,0,0,Spring,16.4,0,0,98,108,87
2033-04-21,Thursday,0,0,Spring,14.8,1,0,87,101,96
2033-04-22,Friday,0,0,Spring,16.4,0,0,96,80,85
2033-04-23,Saturday,1,0,Spring,18.4,1,0,85,106,94
2033-04-24,Sunday,1,0,Spring,19.2,0,0,94,112,108
2033-04-25,Monday,0,0,Spring,16.3,0,0,108,100,91
2033-04-26,Tuesday,0,0,Spring,18.5,0,0,91,98,85
2033-04-27,Wednesday,0,0,Spring,21.6,1,0,85,87,89
2033-04-28,Thursday,0,0,Spring,14.1,0,0,89,96,97
2033-04-29,Friday,0,0,Spring,19.2,1,0,97,85,94
2033-04-30,Saturday,1,0,Spring,16.5,1,1,94,94,111
2033-05-01,Sunday,1,1,Spring,16.3,1,0,111,108,142
2033-05-02,Monday,0,0,Spring,20.4,0,0,142,91,104
2033-05-03,Tuesday,0,0,Spring,18.1,0,0,104,85,80
2033-05-04,Wednesday,0,0,Spring,16.2,0,0,80,89,94
2033-05-05,Thursday,0,0,Spring,24.0,0,1,94,97,99
2033-05-06,Friday,0,0,Spring,22.9,0,0,99,94,106
2033-05-07,Saturday,1,0,Spring,14.4,0,0,106,111,116
2033-05-08,Sunday,1,0,Spring,15.9,0,0,116,142,122
2033-05-09,Monday,0,0,Spring,22.2,0,0,122,104,111
2033-05-10,Tuesday,0,0,Spring,19.7,0,0,111,80,110
2033-05-11,Wednesday,0,0,Spring,25.2,0,0,110,94,101
2033-05-12,Thursday,0,0,Spring,22.6,0,0,101,99,112
2033-05-13,Friday,0,0,Spring,21.8,0,0,112,106,103
2033-05-14,Saturday,1,0,Spring,17.9,0,0,103,116,116
2033-05-15,Sunday,1,0,Spring,22.6,0,1,116,122,131
2033-05-16,Monday,0,0,Spring,17.4,1,0,131,111,110
2033-05-17,Tuesday,0,0,Spring,25.2,0,0,110,110,115
2033-05-18,Wednesday,0,0,Spring,22.7,1,0,115,101,105
2033-05-19,Thursday,0,0,Spring,19.0,0,0,105,112,109
2033-05-20,Friday,0,0,Spring,24.0,0,0,109,103,106
2033-05-21,Saturday,1,0,Spring,28.4,0,0,106,116,112
2033-05-22,Sunday,1,0,Spring,21.1,1,0,112,131,109
2033-05-23,Monday,0,0,Spring,23.5,1,0,109,110,98
2033-05-24,Tuesday,0,0,Spring,20.6,1,0,98,115,90
2033-05-25,Wednesday,0,0,Spring,22.2,0,0,90,105,111
2033-05-26,Thursday,0,0,Spring,17.5,1,1,111,109,110
2033-05-27,Friday,0,0,Spring,22.1,0,0,110,106,112
2033-05-28,Saturday,1,0,Spring,22.3,0,0,112,112,110
2033-05-29,Sunday,1,0,Spring,27.7,1,0,110,109,127
2033-05-30,Monday,0,0,Spring,17.0,0,0,127,98,106
2033-05-31,Tuesday,0,0,Spring,21.6,1,0,106,90,92
2033-06-01,Wednesday,0,0,Summer,26.3,0,0,92,111,101
2033-06-02,Thursday,0,0,Summer,21.8,0,0,101,110,107
2033-06-03,Friday,0,0,Summer,22.0,0,0,107,112,112
2033-06-04,Saturday,1,0,Summer,20.1,0,1,112,110,117
2033-06-05,Sunday,1,0,Summer,19.9,0,0,117,127,128
2033-06-06,Monday,0,0,Summer,17.2,0,0,128,106,105
2033-06-07,Tuesday,0,0,Summer,20.9,0,0,105,92,107
2033-06-08,Wednesday,0,0,Summer,19.8,0,0,107,101,96
2033-06-09,Thursday,0,0,Summer,23.2,0,0,96,107,107
2033-06-10,Friday,0,0,Summer,20.5,0,0,107,112,106
2033-06-11,Saturday,1,0,Summer,21.4,0,0,106,117,114
2033-06-12,Sunday,1,0,Summer,21.5,1,0,114,128,122
2033-06-13,Monday,0,0,Summer,22.8,0,0,122,105,121
2033-06-14,Tuesday,0,0,Summer,21.4,0,0,121,107,126
2033-06-15,Wednesday,0,0,Summer,19.8,0,0,126,96,115
2033-06-16,Thursday,0,0,Summer,23.2,0,0,115,107,114
2033-06-17,Friday,0,0,Summer,26.2,0,1,114,106,118
2033-06-18,Saturday,1,0,Summer,23.4,0,0,118,114,111
2033-06-19,Sunday,1,0,Summer,21.2,0,0,111,122,123
2033-06-20,Monday,0,0,Summer,22.6,1,0,123,121,112
2033-06-21,Tuesday,0,0,Summer,16.8,1,0,112,126,109
2033-06-22,Wednesday,0,0,Summer,22.6,0,0,109,115,108
2033-06-23,Thursday,0,0,Summer,21.8,1,0,108,114,104
2033-06-24,Friday,0,0,Summer,20.2,0,0,104,118,118
2033-06-25,Saturday,1,0,Summer,20.7,0,0,118,111,134
2033-06-26,Sunday,1,0,Summer,21.7,0,0,134,123,121
2033-06-27,Monday,0,0,Summer,25.9,0,0,121,112,102
2033-06-28,Tuesday,0,0,Summer,26.2,0,0,102,109,105
2033-06-29,Wednesday,0,0,Summer,20.1,0,0,105,108,101
2033-06-30,Thursday,0,0,Summer,21.3,0,0,101,104,114
2033-07-01,Friday,0,0,Summer,21.4,0,0,114,118,122
2033-07-02,Saturday,1,0,Summer,25.2,0,0,122,134,145
2033-07-03,Sunday,1,0,Summer,23.2,1,0,145,121,139
2033-07-04,Monday,0,0,Summer,23.0,1,0,139,102,117
2033-07-05,Tuesday,0,0,Summer,24.3,0,0,117,105,113
2033-07-06,Wednesday,0,0,Summer,20.8,0,0,113,101,111
2033-07-07,Thursday,0,0,Summer,26.7,0,0,111,114,109
2033-07-08,Friday,0,0,Summer,22.5,0,1,109,122,129
2033-07-09,Saturday,1,0,Summer,19.9,0,0,129,145,146
2033-07-10,Sunday,1,0,Summer,21.7,0,0,146,139,135
2033-07-11,Monday,0,0,Summer,26.1,0,0,135,117,121
2033-07-12,Tuesday,0,0,Summer,21.0,1,0,121,113,116
2033-07-13,Wednesday,0,0,Summer,25.1,1,0,116,111,122
2033-07-14,Thursday,0,0,Summer,20.3,0,0,122,109,111
2033-07-15,Friday,0,0,Summer,19.8,1,1,111,129,126
2033-07-16,Saturday,1,0,Summer,24.0,0,0,126,146,137
2033-07-17,Sunday,1,0,Summer,19.3,1,0,137,135,128
2033-07-18,Monday,0,0,Summer,24.4,0,0,128,121,107
2033-07-19,Tuesday,0,0,Summer,22.9,0,0,107,116,104
2033-07-20,Wednesday,0,0,Summer,19.1,0,0,104,122,101
2033-07-21,Thursday,0,0,Summer,21.4,0,1,101,111,115
2033-07-22,Friday,0,0,Summer,19.9,1,0,115,126,114
2033-07-23,Saturday,1,0,Summer,22.5,1,0,114,137,117
2033-07-24,Sunday,1,0,Summer,27.0,0,0,117,128,124
2033-07-25,Monday,0,0,Summer,20.2,1,0,124,107,122
2033-07-26,Tuesday,0,0,Summer,22.8,0,0,122,104,108
2033-07-27,Wednesday,0,0,Summer,21.1,0,0,108,101,104
2033-07-28,Thursday,0,0,Summer,21.0,0,0,104,115,109
2033-07-29,Friday,0,0,Summer,20.4,1,1,109,114,114
2033-07-30,Saturday,1,0,Summer,18.2,0,0,114,117,110
2033-07-31,Sunday,1,0,Summer,21.7,0,0,110,124,132
2033-08-01,Monday,0,0,Summer,19.7,0,0,132,122,107
2033-08-02,Tuesday,0,0,Summer,17.7,1,0,107,108,90
2033-08-03,Wednesday,0,0,Summer,23.3,0,1,90,104,113
2033-08-04,Thursday,0,0,Summer,20.5,0,0,113,109,98
2033-08-05,Friday,0,0,Summer,19.4,0,0,98,114,115
2033-08-06,Saturday,1,0,Summer,24.0,0,0,115,110,128
2033-08-07,Sunday,1,0,Summer,14.3,0,0,128,132,121
2033-08-08,Monday,0,0,Summer,23.5,0,0,121,107,113
2033-08-09,Tuesday,0,0,Summer,16.9,0,0,113,90,102
2033-08-10,Wednesday,0,0,Summer,20.1,1,0,102,113,98
2033-08-11,Thursday,0,0,Summer,17.5,1,0,98,98,94
2033-08-12,Friday,0,0,Summer,16.4,0,1,94,115,113
2033-08-13,Saturday,1,0,Summer,23.0,0,0,113,128,122
2033-08-14,Sunday,1,0,Summer,24.5,0,0,122,121,129
2033-08-15,Monday,0,0,Summer,18.1,0,0,129,113,115
2033-08-16,Tuesday,0,0,Summer,19.6,0,0,115,102,111
2033-08-17,Wednesday,0,0,Summer,18.6,0,0,111,98,103
2033-08-18,Thursday,0,0,Summer,23.5,0,0,103,94,110
2033-08-19,Friday,0,0,Summer,11.8,0,0,110,113,118
2033-08-20,Saturday,1,0,Summer,19.2,0,0,118,122,111
2033-08-21,Sunday,1,0,Summer,15.7,1,0,111,129,118
2033-08-22,Monday,0,0,Summer,10.7,1,0,118,115,100
2033-08-23,Tuesday,0,0,Summer,16.5,0,1,100,111,107
2033-08-24,Wednesday,0,0,Summer,23.0,0,0,107,103,109
2033-08-25,Thursday,0,0,Summer,15.3,0,0,109,110,110
2033-08-26,Friday,0,0,Summer,19.5,1,0,110,118,111
2033-08-27,Saturday,1,0,Summer,20.5,0,0,111,111,123
2033-08-28,Sunday,1,0,Summer,16.8,0,0,123,118,123
2033-08-29,Monday,0,0,Summer,17.0,0,0,123,100,103
2033-08-30,Tuesday,0,0,Summer,11.3,0,0,103,107,108
2033-08-31,Wednesday,0,0,Summer,14.2,1,0,108,109,110
2033-09-01,Thursday,0,0,Autumn,18.9,1,0,110,110,104
2033-09-02,Friday,0,0,Autumn,16.2,0,0,104,111,103
2033-09-03,Saturday,1,0,Autumn,16.9,0,0,103,123,108
2033-09-04,Sunday,1,0,Autumn,16.1,0,0,108,123,124
2033-09-05,Monday,0,0,Autumn,22.1,0,0,124,103,108
2033-09-06,Tuesday,0,0,Autumn,14.0,1,0,108,108,99
2033-09-07,Wednesday,0,0,Autumn,20.0,0,0,99,110,104
2033-09-08,Thursday,0,0,Autumn,15.4,1,1,104,104,87
2033-09-09,Friday,0,0,Autumn,19.9,0,1,87,103,100
2033-09-10,Saturday,1,0,Autumn,11.0,1,0,100,108,118
2033-09-11,Sunday,1,0,Autumn,15.0,0,1,118,124,105
2033-09-12,Monday,0,0,Autumn,13.1,1,0,105,108,84
2033-09-13,Tuesday,0,0,Autumn,14.6,0,0,84,99,85
2033-09-14,Wednesday,0,0,Autumn,17.6,0,0,85,104,85
2033-09-15,Thursday,0,0,Autumn,14.9,1,1,85,87,87
2033-09-16,Friday,0,0,Autumn,17.3,0,0,87,100,88
2033-09-17,Saturday,1,0,Autumn,11.4,0,1,88,118,110
2033-09-18,Sunday,1,0,Autumn,10.8,1,0,110,105,105
2033-09-19,Monday,0,0,Autumn,13.2,1,0,105,84,91
2033-09-20,Tuesday,0,0,Autumn,12.8,0,0,91,85,80
2033-09-21,Wednesday,0,0,Autumn,12.2,1,0,80,85,86
2033-09-22,Thursday,0,0,Autumn,9.7,0,0,86,87,87
2033-09-23,Friday,0,0,Autumn,16.0,0,0,87,88,100
2033-09-24,Saturday,1,0,Autumn,11.2,0,0,100,110,108
2033-09-25,Sunday,1,0,Autumn,16.4,0,0,108,105,106
2033-09-26,Monday,0,0,Autumn,11.9,0,0,106,91,92
2033-09-27,Tuesday,0,0,Autumn,13.7,0,0,92,80,88
2033-09-28,Wednesday,0,0,Autumn,13.2,0,0,88,86,95
2033-09-29,Thursday,0,0,Autumn,8.9,0,1,95,87,99
2033-09-30,Friday,0,0,Autumn,12.3,0,0,99,100,101
2033-10-01,Saturday,1,0,Autumn,16.8,0,0,101,108,113
2033-10-02,Sunday,1,0,Autumn,11.6,0,0,113,106,96
2033-10-03,Monday,0,0,Autumn,13.4,0,0,96,92,80
2033-10-04,Tuesday,0,0,Autumn,12.6,0,0,80,88,84
2033-10-05,Wednesday,0,0,Autumn,11.3,0,0,84,95,80
2033-10-06,Thursday,0,0,Autumn,10.8,0,0,80,99,86
2033-10-07,Friday,0,0,Autumn,11.7,1,0,86,101,91
2033-10-08,Saturday,1,0,Autumn,12.2,1,0,91,113,117
2033-10-09,Sunday,1,0,Autumn,5.7,1,0,117,96,100
2033-10-10,Monday,0,0,Autumn,10.3,0,0,100,80,72
2033-10-11,Tuesday,0,0,Autumn,8.9,0,0,72,84,77
2033-10-12,Wednesday,0,0,Autumn,8.1,0,0,77,80,85
2033-10-13,Thursday,0,0,Autumn,13.0,1,0,85,86,88
2033-10-14,Friday,0,0,Autumn,6.7,0,1,88,91,101
2033-10-15,Saturday,1,0,Autumn,4.6,1,0,101,117,97
2033-10-16,Sunday,1,0,Autumn,11.0,0,0,97,100,96
2033-10-17,Monday,0,0,Autumn,4.2,1,0,96,72,71
2033-10-18,Tuesday,0,0,Autumn,2.5,0,0,71,77,65
2033-10-19,Wednesday,0,0,Autumn,10.9,0,0,65,85,73
2033-10-20,Thursday,0,0,Autumn,8.5,0,0,73,88,87
2033-10-21,Friday,0,0,Autumn,9.3,1,1,87,101,118
2033-10-22,Saturday,1,0,Autumn,6.4,1,0,118,97,106
2033-10-23,Sunday,1,0,Autumn,3.4,1,0,106,96,99
2033-10-24,Monday,0,0,Autumn,3.9,1,0,99,71,61
2033-10-25,Tuesday,0,0,Autumn,6.5,0,0,61,65,61
2033-10-26,Wednesday,0,0,Autumn,3.3,0,0,61,73,77
2033-10-27,Thursday,0,0,Autumn,7.9,1,0,77,87,79
2033-10-28,Friday,0,0,Autumn,5.5,0,0,79,118,92
2033-10-29,Saturday,1,0,Autumn,7.3,0,0,92,106,120
2033-10-30,Sunday,1,0,Autumn,7.1,0,0,120,99,116
2033-10-31,Monday,0,0,Autumn,7.6,0,0,116,61,93
2033-11-01,Tuesday,0,0,Autumn,7.8,0,0,93,61,78
2033-11-02,Wednesday,0,0,Autumn,5.2,1,0,78,77,75
2033-11-03,Thursday,0,0,Autumn,6.6,0,0,75,79,93
2033-11-04,Friday,0,0,Autumn,6.7,0,0,93,92,108
2033-11-05,Saturday,1,0,Autumn,-1.4,0,0,108,120,103
2033-11-06,Sunday,1,0,Autumn,7.7,1,0,103,116,90
2033-11-07,Monday,0,0,Autumn,6.1,1,0,90,93,81
2033-11-08,Tuesday,0,0,Autumn,7.2,1,0,81,78,79
2033-11-09,Wednesday,0,0,Autumn,1.5,0,0,79,75,87
2033-11-10,Thursday,0,0,Autumn,4.3,1,0,87,93,82
2033-11-11,Friday,0,0,Autumn,1.9,1,0,82,108,84
2033-11-12,Saturday,1,0,Autumn,7.3,0,0,84,103,103
2033-11-13,Sunday,1,0,Autumn,0.7,1,0,103,90,85
2033-11-14,Monday,0,0,Autumn,2.1,0,0,85,81,75
2033-11-15,Tuesday,0,0,Autumn,6.4,1,0,75,79,71
2033-11-16,Wednesday,0,0,Autumn,2.8,1,0,71,87,71
2033-11-17,Thursday,0,0,Autumn,1.8,0,0,71,82,84
2033-11-18,Friday,0,0,Autumn,7.2,0,0,84,84,90
2033-11-19,Saturday,1,0,Autumn,7.2,0,0,90,103,94
2033-11-20,Sunday,1,0,Autumn,6.5,1,0,94,85,86
2033-11-21,Monday,0,0,Autumn,6.8,1,0,86,75,94
2033-11-22,Tuesday,0,0,Autumn,3.4,0,0,94,71,69
2033-11-23,Wednesday,0,0,Autumn,3.4,1,0,69,71,53
2033-11-24,Thursday,0,0,Autumn,2.0,0,0,53,84,59
2033-11-25,Friday,0,0,Autumn,4.4,0,0,59,90,78
2033-11-26,Saturday,1,0,Autumn,2.3,0,0,78,94,96
2033-11-27,Sunday,1,0,Autumn,2.5,1,0,96,86,87
2033-11-28,Monday,0,0,Autumn,5.5,1,0,87,94,76
2033-11-29,Tuesday,0,0,Autumn,7.2,1,0,76,69,64
2033-11-30,Wednesday,0,0,Autumn,4.8,1,0,64,53,47
2033-12-01,Thursday,0,0,Winter,8.9,0,1,47,59,78
2033-12-02,Friday,0,0,Winter,1.4,0,0,78,78,76
2033-12-03,Saturday,1,0,Winter,-2.1,1,0,76,96,83
2033-12-04,Sunday,1,0,Winter,5.5,0,0,83,87,91
2033-12-05,Monday,0,0,Winter,1.0,0,0,91,76,86
2033-12-06,Tuesday,0,0,Winter,2.5,0,0,86,64,70
2033-12-07,Wednesday,0,0,Winter,-2.1,0,0,70,47,53
2033-12-08,Thursday,0,0,Winter,0.5,0,0,53,78,63
2033-12-09,Friday,0,0,Winter,-1.3,0,0,63,76,68
2033-12-10,Saturday,1,0,Winter,1.8,1,0,68,83,72
2033-12-11,Sunday,1,0,Winter,1.9,0,0,72,91,71
2033-12-12,Monday,0,0,Winter,3.4,1,0,71,86,70
2033-12-13,Tuesday,0,0,Winter,6.8,0,0,70,70,78
2033-12-14,Wednesday,0,0,Winter,5.1,1,0,78,53,77
2033-12-15,Thursday,0,0,Winter,-1.8,1,0,77,63,61
2033-12-16,Friday,0,0,Winter,4.8,0,0,61,68,81
2033-12-17,Saturday,1,0,Winter,3.3,0,0,81,72,74
2033-12-18,Sunday,1,0,Winter,2.7,0,0,74,71,76
2033-12-19,Monday,0,0,Winter,2.9,1,0,76,70,72
2033-12-20,Tuesday,0,0,Winter,3.6,0,0,72,78,74
2033-12-21,Wednesday,0,0,Winter,0.9,0,0,74,77,81
2033-12-22,Thursday,0,0,Winter,2.5,1,0,81,61,62
2033-12-23,Friday,0,0,Winter,6.6,1,0,62,81,69
2033-12-24,Saturday,1,1,Winter,0.9,0,0,69,74,81
2033-12-25,Sunday,1,1,Winter,-0.1,0,0,81,76,92
2033-12-26,Monday,0,1,Winter,2.9,1,0,92,72,77
2033-12-27,Tuesday,0,0,Winter,-0.3,0,0,77,74,71
2033-12-28,Wednesday,0,0,Winter,-2.1,1,0,71,81,64
2033-12-29,Thursday,0,0,Winter,2.1,0,0,64,62,67
2033-12-30,Friday,0,0,Winter,7.5,1,1,67,69,72
2033-12-31,Saturday,1,1,Winter,3.1,1,1,72,81,83
2034-01-01,Sunday,1,1,Winter,3.8,0,0,83,92,88
2034-01-02,Monday,0,0,Winter,-3.1,1,0,88,77,63
2034-01-03,Tuesday,0,0,Winter,4.6,1,0,63,71,60
2034-01-04,Wednesday,0,0,Winter,3.6,1,0,60,64,64
2034-01-05,Thursday,0,0,Winter,1.4,1,0,64,67,53
2034-01-06,Friday,0,0,Winter,4.0,1,0,53,72,60
2034-01-07,Saturday,1,0,Winter,4.0,0,0,60,83,91
2034-01-08,Sunday,1,0,Winter,0.4,1,0,91,88,71
2034-01-09,Monday,0,0,Winter,4.6,1,0,71,63,54
2034-01-10,Tuesday,0,0,Winter,7.3,0,0,54,60,61
2034-01-11,Wednesday,0,0,Winter,3.0,1,0,61,64,48
2034-01-12,Thursday,0,0,Winter,1.2,1,0,48,53,50
2034-01-13,Friday,0,0,Winter,3.3,1,0,50,60,69
2034-01-14,Saturday,1,0,Winter,6.5,1,0,69,91,76
2034-01-15,Sunday,1,0,Winter,0.3,1,1,76,71,73
2034-01-16,Monday,0,0,Winter,5.8,0,0,73,54,52
2034-01-17,Tuesday,0,0,Winter,2.1,0,0,52,61,50
2034-01-18,Wednesday,0,0,Winter,5.0,0,0,50,48,52
2034-01-19,Thursday,0,0,Winter,2.6,0,0,52,50,71
2034-01-20,Friday,0,0,Winter,2.7,1,0,71,69,68
2034-01-21,Saturday,1,0,Winter,9.1,1,0,68,76,76
2034-01-22,Sunday,1,0,Winter,0.4,0,0,76,73,75
2034-01-23,Monday,0,0,Winter,6.1,1,0,75,52,55
2034-01-24,Tuesday,0,0,Winter,10.0,1,0,55,50,38
2034-01-25,Wednesday,0,0,Winter,6.9,1,0,38,52,57
2034-01-26,Thursday,0,0,Winter,1.0,0,1,57,71,75
2034-01-27,Friday,0,0,Winter,1.2,0,1,75,68,89
2034-01-28,Saturday,1,0,Winter,2.9,1,0,89,76,85
2034-01-29,Sunday,1,0,Winter,5.8,1,0,85,75,87
2034-01-30,Monday,0,0,Winter,6.1,1,0,87,55,56
2034-01-31,Tuesday,0,0,Winter,1.7,1,0,56,38,48
2034-02-01,Wednesday,0,0,Winter,3.0,0,0,48,57,58
2034-02-02,Thursday,0,0,Winter,3.3,0,0,58,75,75
2034-02-03,Friday,0,0,Winter,5.3,1,0,75,89,81
2034-02-04,Saturday,1,0,Winter,12.0,0,0,81,85,92
2034-02-05,Sunday,1,0,Winter,3.3,1,0,92,87,86
2034-02-06,Monday,0,0,Winter,3.3,1,1,86,56,63
2034-02-07,Tuesday,0,0,Winter,3.0,1,0,63,48,50
2034-02-08,Wednesday,0,0,Winter,8.4,1,0,50,58,51
2034-02-09,Thursday,0,0,Winter,6.5,0,0,51,75,70
2034-02-10,Friday,0,0,Winter,4.1,0,0,70,81,80
2034-02-11,Saturday,1,0,Winter,5.8,1,0,80,92,96
2034-02-12,Sunday,1,0,Winter,4.7,1,0,96,86,90
2034-02-13,Monday,0,0,Winter,8.1,1,0,90,63,70
2034-02-14,Tuesday,0,0,Winter,15.4,0,0,70,50,75
2034-02-15,Wednesday,0,0,Winter,9.1,1,0,75,51,55
2034-02-16,Thursday,0,0,Winter,7.3,0,1,55,70,71
2034-02-17,Friday,0,0,Winter,5.8,0,0,71,80,70
2034-02-18,Saturday,1,0,Winter,3.9,1,0,70,96,73
2034-02-19,Sunday,1,0,Winter,10.3,0,0,73,90,76
2034-02-20,Monday,0,0,Winter,10.3,0,0,76,70,67
2034-02-21,Tuesday,0,0,Winter,7.0,0,0,67,75,70
2034-02-22,Wednesday,0,0,Winter,12.2,1,0,70,55,62
2034-02-23,Thursday,0,0,Winter,8.7,0,0,62,71,71
2034-02-24,Friday,0,0,Winter,11.2,0,0,71,70,78
2034-02-25,Saturday,1,0,Winter,9.9,0,0,78,73,67
2034-02-26,Sunday,1,0,Winter,8.6,1,0,67,76,74
2034-02-27,Monday,0,0,Winter,6.4,0,0,74,67,63
2034-02-28,Tuesday,0,0,Winter,9.0,1,0,63,70,51
2034-03-01,Wednesday,0,0,Spring,12.2,1,0,51,62,62
2034-03-02,Thursday,0,0,Spring,8.3,0,0,62,71,72
2034-03-03,Friday,0,0,Spring,11.3,0,0,72,78,83
2034-03-04,Saturday,1,0,Spring,6.9,0,0,83,67,91
2034-03-05,Sunday,1,0,Spring,12.6,0,0,91,74,86
2034-03-06,Monday,0,0,Spring,11.4,0,0,86,63,70
2034-03-07,Tuesday,0,0,Spring,7.0,1,0,70,51,62
2034-03-08,Wednesday,0,0,Spring,10.1,0,0,62,62,64
2034-03-09,Thursday,0,0,Spring,13.7,0,0,64,72,94
2034-03-10,Friday,0,0,Spring,7.3,0,0,94,83,91
2034-03-11,Saturday,1,0,Spring,8.1,0,0,91,91,96
2034-03-12,Sunday,1,0,Spring,11.2,0,0,96,86,89
2034-03-13,Monday,0,0,Spring,18.0,0,0,89,70,76
2034-03-14,Tuesday,0,0,Spring,9.8,1,0,76,62,58
2034-03-15,Wednesday,0,0,Spring,13.5,0,0,58,64,65
2034-03-16,Thursday,0,0,Spring,12.9,0,0,65,94,79
2034-03-17,Friday,0,0,Spring,10.5,1,0,79,91,92
2034-03-18,Saturday,1,0,Spring,13.0,0,0,92,96,98
2034-03-19,Sunday,1,0,Spring,11.3,1,0,98,89,91
2034-03-20,Monday,0,0,Spring,11.8,0,0,91,76,84
2034-03-21,Tuesday,0,0,Spring,8.0,0,0,84,58,73
2034-03-22,Wednesday,0,0,Spring,13.1,0,0,73,65,81
2034-03-23,Thursday,0,0,Spring,16.0,1,0,81,79,92
2034-03-24,Friday,0,0,Spring,13.7,1,0,92,92,92
2034-03-25,Saturday,1,0,Spring,17.0,0,0,92,98,95
2034-03-26,Sunday,1,0,Spring,15.6,0,0,95,91,97
2034-03-27,Monday,0,0,Spring,13.9,0,1,97,84,97
2034-03-28,Tuesday,0,0,Spring,12.3,0,0,97,73,76
2034-03-29,Wednesday,0,0,Spring,12.9,0,0,76,81,78
2034-03-30,Thursday,0,0,Spring,10.1,1,0,78,92,71
2034-03-31,Friday,0,0,Spring,13.9,0,0,71,92,89
2034-04-01,Saturday,1,0,Spring,15.3,0,0,89,95,92
2034-04-02,Sunday,1,0,Spring,20.2,1,0,92,97,95
2034-04-03,Monday,0,0,Spring,16.8,0,0,95,97,91
2034-04-04,Tuesday,0,0,Spring,12.8,1,1,91,76,79
2034-04-05,Wednesday,0,0,Spring,11.2,0,0,79,78,80
2034-04-06,Thursday,0,0,Spring,15.1,1,0,80,71,71
2034-04-07,Friday,0,0,Spring,18.3,0,0,71,89,97
2034-04-08,Saturday,1,0,Spring,15.4,0,0,97,92,111
2034-04-09,Sunday,1,0,Spring,17.8,0,0,111,95,115
2034-04-10,Monday,0,0,Spring,15.8,1,0,115,91,97
2034-04-11,Tuesday,0,0,Spring,18.7,0,0,97,79,93
2034-04-12,Wednesday,0,0,Spring,11.9,0,0,93,80,86
2034-04-13,Thursday,0,0,Spring,21.7,0,0,86,71,91
2034-04-14,Friday,0,0,Spring,13.7,0,0,91,97,108
2034-04-15,Saturday,1,0,Spring,19.6,1,0,108,111,104
2034-04-16,Sunday,1,0,Spring,16.5,1,0,104,115,109
2034-04-17,Monday,0,0,Spring,17.1,0,0,109,97,87
2034-04-18,Tuesday,0,0,Spring,16.9,0,0,87,93,86
2034-04-19,Wednesday,0,0,Spring,18.6,0,0,86,86,88
2034-04-20,Thursday,0,0,Spring,19.3,0,0,88,91,95
2034-04-21,Friday,0,0,Spring,21.3,0,0,95,108,109
2034-04-22,Saturday,1,0,Spring,22.5,0,0,109,104,123
2034-04-23,Sunday,1,0,Spring,19.4,0,0,123,109,107
2034-04-24,Monday,0,0,Spring,23.7,1,0,107,87,101
2034-04-25,Tuesday,0,0,Spring,18.9,0,0,101,86,107
2034-04-26,Wednesday,0,0,Spring,22.0,1,0,107,88,94
2034-04-27,Thursday,0,0,Spring,20.2,1,0,94,95,91
2034-04-28,Friday,0,0,Spring,17.4,1,0,91,109,100
2034-04-29,Saturday,1,0,Spring,19.8,1,1,100,123,118
2034-04-30,Sunday,1,0,Spring,20.9,0,0,118,107,114
2034-05-01,Monday,0,1,Spring,19.4,0,0,114,101,120
2034-05-02,Tuesday,0,0,Spring,20.9,1,0,120,107,123
2034-05-03,Wednesday,0,0,Spring,22.3,1,0,123,94,104
2034-05-04,Thursday,0,0,Spring,19.8,0,0,104,91,117
2034-05-05,Friday,0,0,Spring,11.2,0,0,117,100,106
2034-05-06,Saturday,1,0,Spring,25.1,1,0,106,118,120
2034-05-07,Sunday,1,0,Spring,19.3,0,0,120,114,110
2034-05-08,Monday,0,0,Spring,17.9,0,0,110,120,101
2034-05-09,Tuesday,0,0,Spring,17.1,0,0,101,123,102
2034-05-10,Wednesday,0,0,Spring,19.6,0,0,102,104,107
2034-05-11,Thursday,0,0,Spring,19.0,0,0,107,117,111
2034-05-12,Friday,0,0,Spring,18.6,0,0,111,106,99
2034-05-13,Saturday,1,0,Spring,18.9,1,0,99,120,100
2034-05-14,Sunday,1,0,Spring,22.6,0,0,100,110,97
2034-05-15,Monday,0,0,Spring,27.2,1,0,97,101,99
2034-05-16,Tuesday,0,0,Spring,23.7,0,0,99,102,101
2034-05-17,Wednesday,0,0,Spring,24.7,1,0,101,107,102
2034-05-18,Thursday,0,0,Spring,20.3,0,0,102,111,107
2034-05-19,Friday,0,0,Spring,21.8,0,0,107,99,103
2034-05-20,Saturday,1,0,Spring,22.9,0,0,103,100,112
2034-05-21,Sunday,1,0,Spring,19.7,0,0,112,97,120
2034-05-22,Monday,0,0,Spring,20.5,0,0,120,99,110
2034-05-23,Tuesday,0,0,Spring,24.4,0,0,110,101,97
2034-05-24,Wednesday,0,0,Spring,25.2,0,0,97,102,99
2034-05-25,Thursday,0,0,Spring,22.2,0,1,99,107,108
2034-05-26,Friday,0,0,Spring,18.5,1,0,108,103,111
2034-05-27,Saturday,1,0,Spring,21.3,0,0,111,112,110
2034-05-28,Sunday,1,0,Spring,17.9,0,0,110,120,116
2034-05-29,Monday,0,0,Spring,22.5,1,0,116,110,103
2034-05-30,Tuesday,0,0,Spring,23.1,0,0,103,97,95
2034-05-31,Wednesday,0,0,Spring,21.6,1,1,95,99,104
2034-06-01,Thursday,0,0,Summer,23.2,0,0,104,108,108
2034-06-02,Friday,0,0,Summer,23.8,0,0,108,111,120
2034-06-03,Saturday,1,0,Summer,23.3,1,0,120,110,117
2034-06-04,Sunday,1,0,Summer,19.0,0,0,117,116,111
2034-06-05,Monday,0,0,Summer,21.9,0,0,111,103,105
2034-06-06,Tuesday,0,0,Summer,23.9,0,0,105,95,105
2034-06-07,Wednesday,0,0,Summer,27.5,0,0,105,104,113
2034-06-08,Thursday,0,0,Summer,22.0,0,0,113,108,112
2034-06-09,Friday,0,0,Summer,24.5,0,0,112,120,126
2034-06-10,Saturday,1,0,Summer,25.5,0,1,126,117,128
2034-06-11,Sunday,1,0,Summer,22.3,0,0,128,111,131
2034-06-12,Monday,0,0,Summer,26.3,1,0,131,105,119
2034-06-13,Tuesday,0,0,Summer,26.5,1,0,119,105,107
2034-06-14,Wednesday,0,0,Summer,27.1,0,0,107,113,119
2034-06-15,Thursday,0,0,Summer,24.3,1,0,119,112,117
2034-06-16,Friday,0,0,Summer,30.1,1,0,117,126,132
2034-06-17,Saturday,1,0,Summer,21.1,0,0,132,128,128
2034-06-18,Sunday,1,0,Summer,29.4,0,0,128,131,128
2034-06-19,Monday,0,0,Summer,25.3,0,0,128,119,124
2034-06-20,Tuesday,0,0,Summer,27.0,0,0,124,107,117
2034-06-21,Wednesday,0,0,Summer,22.0,1,0,117,119,102
2034-06-22,Thursday,0,0,Summer,25.5,0,1,102,117,133
2034-06-23,Friday,0,0,Summer,27.3,0,0,133,132,146
2034-06-24,Saturday,1,0,Summer,19.7,1,0,146,128,137
2034-06-25,Sunday,1,0,Summer,22.5,0,0,137,128,128
2034-06-26,Monday,0,0,Summer,16.5,1,0,128,124,110
2034-06-27,Tuesday,0,0,Summer,22.4,1,0,110,117,111
2034-06-28,Wednesday,0,0,Summer,20.5,0,0,111,102,118
2034-06-29,Thursday,0,0,Summer,22.2,0,1,118,133,148
2034-06-30,Friday,0,0,Summer,31.6,0,1,148,146,152
2034-07-01,Saturday,1,0,Summer,28.0,0,1,152,137,153
2034-07-02,Sunday,1,0,Summer,18.5,1,0,153,128,134
2034-07-03,Monday,0,0,Summer,24.4,0,0,134,110,123
2034-07-04,Tuesday,0,0,Summer,25.1,0,0,123,111,110
2034-07-05,Wednesday,0,0,Summer,21.7,0,0,110,118,103
2034-07-06,Thursday,0,0,Summer,23.2,0,0,103,148,119
2034-07-07,Friday,0,0,Summer,23.4,0,0,119,152,133
2034-07-08,Saturday,1,0,Summer,18.5,0,1,133,153,159
2034-07-09,Sunday,1,0,Summer,19.4,0,0,159,134,136
2034-07-10,Monday,0,0,Summer,22.9,1,0,136,123,128
2034-07-11,Tuesday,0,0,Summer,22.7,0,0,128,110,117
2034-07-12,Wednesday,0,0,Summer,20.2,0,1,117,103,116
2034-07-13,Thursday,0,0,Summer,19.9,0,1,116,119,113
2034-07-14,Friday,0,0,Summer,21.9,0,0,113,133,125
2034-07-15,Saturday,1,0,Summer,24.8,0,0,125,159,142
2034-07-16,Sunday,1,0,Summer,21.8,0,1,142,136,160
2034-07-17,Monday,0,0,Summer,26.8,0,0,160,128,136
2034-07-18,Tuesday,0,0,Summer,19.8,0,0,136,117,133
2034-07-19,Wednesday,0,0,Summer,22.4,1,0,133,116,117
2034-07-20,Thursday,0,0,Summer,20.7,1,0,117,113,110
2034-07-21,Friday,0,0,Summer,23.4,0,0,110,125,108
2034-07-22,Saturday,1,0,Summer,19.2,0,0,108,142,134
2034-07-23,Sunday,1,0,Summer,27.2,0,0,134,160,143
2034-07-24,Monday,0,0,Summer,16.3,0,0,143,136,128
2034-07-25,Tuesday,0,0,Summer,26.4,0,0,128,133,123
2034-07-26,Wednesday,0,0,Summer,21.4,0,0,123,117,119
2034-07-27,Thursday,0,0,Summer,22.7,0,0,119,110,112
2034-07-28,Friday,0,0,Summer,25.0,0,0,112,108,120
2034-07-29,Saturday,1,0,Summer,23.4,0,0,120,134,124
2034-07-30,Sunday,1,0,Summer,18.6,0,0,124,143,129
2034-07-31,Monday,0,0,Summer,22.4,0,0,129,128,125
2034-08-01,Tuesday,0,0,Summer,26.1,0,0,125,123,131
2034-08-02,Wednesday,0,0,Summer,17.8,0,0,131,119,122
2034-08-03,Thursday,0,0,Summer,26.7,0,0,122,112,129
2034-08-04,Friday,0,0,Summer,21.3,1,0,129,120,123
2034-08-05,Saturday,1,0,Summer,18.8,0,0,123,124,121
2034-08-06,Sunday,1,0,Summer,17.3,0,0,121,129,138
2034-08-07,Monday,0,0,Summer,19.1,0,0,138,125,123
2034-08-08,Tuesday,0,0,Summer,13.8,0,0,123,131,124
2034-08-09,Wednesday,0,0,Summer,18.3,1,0,124,122,111
2034-08-10,Thursday,0,0,Summer,18.6,0,1,111,129,128
2034-08-11,Friday,0,0,Summer,16.1,1,1,128,123,131
2034-08-12,Saturday,1,0,Summer,21.4,0,0,131,121,131
2034-08-13,Sunday,1,0,Summer,18.4,0,1,131,138,153
2034-08-14,Monday,0,0,Summer,17.0,0,0,153,123,132
2034-08-15,Tuesday,0,0,Summer,17.8,0,0,132,124,118
2034-08-16,Wednesday,0,0,Summer,19.7,0,0,118,111,124
2034-08-17,Thursday,0,0,Summer,18.7,0,0,124,128,109
2034-08-18,Friday,0,0,Summer,16.2,0,0,109,131,108
2034-08-19,Saturday,1,0,Summer,18.6,0,0,108,131,128
2034-08-20,Sunday,1,0,Summer,17.9,0,0,128,153,135
2034-08-21,Monday,0,0,Summer,14.5,0,0,135,132,118
2034-08-22,Tuesday,0,0,Summer,16.9,1,0,118,118,112
2034-08-23,Wednesday,0,0,Summer,19.3,0,0,112,124,121
2034-08-24,Thursday,0,0,Summer,19.1,0,0,121,109,108
2034-08-25,Friday,0,0,Summer,16.6,0,0,108,108,111
2034-08-26,Saturday,1,0,Summer,19.1,0,1,111,128,131
2034-08-27,Sunday,1,0,Summer,14.0,0,0,131,135,131
2034-08-28,Monday,0,0,Summer,13.9,0,0,131,118,121
2034-08-29,Tuesday,0,0,Summer,15.9,0,0,121,112,98
2034-08-30,Wednesday,0,0,Summer,21.0,0,0,98,121,111
2034-08-31,Thursday,0,0,Summer,16.8,0,0,111,108,96
2034-09-01,Friday,0,0,Autumn,15.3,0,0,96,111,103
2034-09-02,Saturday,1,0,Autumn,20.6,0,0,103,131,110
2034-09-03,Sunday,1,0,Autumn,15.0,0,0,110,131,116
2034-09-04,Monday,0,0,Autumn,22.4,0,0,116,121,115
2034-09-05,Tuesday,0,0,Autumn,14.0,0,0,115,98,102
2034-09-06,Wednesday,0,0,Autumn,12.3,0,0,102,111,95
2034-09-07,Thursday,0,0,Autumn,14.7,0,0,95,96,86
2034-09-08,Friday,0,0,Autumn,14.2,0,0,86,103,95
2034-09-09,Saturday,1,0,Autumn,12.4,0,1,95,110,109
2034-09-10,Sunday,1,0,Autumn,22.5,0,0,109,116,116
2034-09-11,Monday,0,0,Autumn,15.4,0,0,116,115,103
2034-09-12,Tuesday,0,0,Autumn,15.7,0,0,103,102,107
2034-09-13,Wednesday,0,0,Autumn,12.8,0,0,107,95,98
2034-09-14,Thursday,0,0,Autumn,12.2,0,0,98,86,99
2034-09-15,Friday,0,0,Autumn,16.9,0,0,99,95,97
2034-09-16,Saturday,1,0,Autumn,8.6,1,0,97,109,105
2034-09-17,Sunday,1,0,Autumn,10.0,1,0,105,116,108
2034-09-18,Monday,0,0,Autumn,12.5,0,0,108,103,93
2034-09-19,Tuesday,0,0,Autumn,17.2,0,0,93,107,85
2034-09-20,Wednesday,0,0,Autumn,11.8,1,0,85,98,93
2034-09-21,Thursday,0,0,Autumn,14.0,0,0,93,99,92
2034-09-22,Friday,0,0,Autumn,12.7,0,0,92,97,91
2034-09-23,Saturday,1,0,Autumn,16.3,1,0,91,105,98
2034-09-24,Sunday,1,0,Autumn,7.5,0,0,98,108,93
2034-09-25,Monday,0,0,Autumn,14.3,0,0,93,93,93
2034-09-26,Tuesday,0,0,Autumn,11.3,0,0,93,85,86
2034-09-27,Wednesday,0,0,Autumn,14.5,0,0,86,93,88
2034-09-28,Thursday,0,0,Autumn,9.1,0,0,88,92,96
2034-09-29,Friday,0,0,Autumn,11.5,0,0,96,91,96
2034-09-30,Saturday,1,0,Autumn,10.9,1,0,96,98,109
2034-10-01,Sunday,1,0,Autumn,8.0,0,0,109,93,101
2034-10-02,Monday,0,0,Autumn,7.0,0,0,101,93,79
2034-10-03,Tuesday,0,0,Autumn,9.0,0,0,79,86,73
2034-10-04,Wednesday,0,0,Autumn,10.9,1,1,73,88,78
2034-10-05,Thursday,0,0,Autumn,8.1,0,0,78,96,85
2034-10-06,Friday,0,0,Autumn,9.2,0,0,85,96,102
2034-10-07,Saturday,1,0,Autumn,4.4,0,0,102,109,105
2034-10-08,Sunday,1,0,Autumn,8.8,0,0,105,101,100
2034-10-09,Monday,0,0,Autumn,12.8,0,0,100,79,85
2034-10-10,Tuesday,0,0,Autumn,11.7,0,0,85,73,83
2034-10-11,Wednesday,0,0,Autumn,9.1,1,0,83,78,80
2034-10-12,Thursday,0,0,Autumn,10.0,0,0,80,85,89
2034-10-13,Friday,0,0,Autumn,6.6,0,0,89,102,88
2034-10-14,Saturday,1,0,Autumn,13.8,1,0,88,105,113
2034-10-15,Sunday,1,0,Autumn,15.0,0,0,113,100,105
2034-10-16,Monday,0,0,Autumn,9.1,0,0,105,85,85
2034-10-17,Tuesday,0,0,Autumn,16.2,0,0,85,83,93
2034-10-18,Wednesday,0,0,Autumn,6.3,0,0,93,80,90
2034-10-19,Thursday,0,0,Autumn,4.4,0,0,90,89,82
2034-10-20,Friday,0,0,Autumn,5.9,1,0,82,88,87
2034-10-21,Saturday,1,0,Autumn,7.2,0,1,87,113,104
2034-10-22,Sunday,1,0,Autumn,14.7,0,0,104,105,108
2034-10-23,Monday,0,0,Autumn,6.7,0,0,108,85,92
2034-10-24,Tuesday,0,0,Autumn,4.8,0,0,92,93,103
2034-10-25,Wednesday,0,0,Autumn,4.6,1,0,103,90,97
2034-10-26,Thursday,0,0,Autumn,10.6,0,0,97,82,98
2034-10-27,Friday,0,0,Autumn,10.0,0,0,98,87,100
2034-10-28,Saturday,1,0,Autumn,5.4,0,1,100,104,101
2034-10-29,Sunday,1,0,Autumn,1.1,1,0,101,108,97
2034-10-30,Monday,0,0,Autumn,3.2,0,0,97,92,83
2034-10-31,Tuesday,0,0,Autumn,11.6,0,1,83,103,94
2034-11-01,Wednesday,0,0,Autumn,8.4,1,0,94,97,87
2034-11-02,Thursday,0,0,Autumn,6.4,0,0,87,98,77
2034-11-03,Friday,0,0,Autumn,11.7,0,0,77,100,88
2034-11-04,Saturday,1,0,Autumn,11.8,1,0,88,101,96
2034-11-05,Sunday,1,0,Autumn,5.7,1,0,96,97,98
2034-11-06,Monday,0,0,Autumn,5.7,1,0,98,83,76
2034-11-07,Tuesday,0,0,Autumn,3.9,1,0,76,94,69
2034-11-08,Wednesday,0,0,Autumn,4.6,0,0,69,87,68
2034-11-09,Thursday,0,0,Autumn,0.9,1,0,68,77,66
2034-11-10,Friday,0,0,Autumn,0.8,1,0,66,88,65
2034-11-11,Saturday,1,0,Autumn,-0.0,0,0,65,96,91
2034-11-12,Sunday,1,0,Autumn,8.3,1,0,91,98,97
2034-11-13,Monday,0,0,Autumn,0.3,1,0,97,76,96
2034-11-14,Tuesday,0,0,Autumn,10.7,1,0,96,69,76
2034-11-15,Wednesday,0,0,Autumn,2.6,0,0,76,68,77
2034-11-16,Thursday,0,0,Autumn,9.9,0,1,77,66,76
2034-11-17,Friday,0,0,Autumn,3.5,1,0,76,65,83
2034-11-18,Saturday,1,0,Autumn,-0.2,1,1,83,91,91
2034-11-19,Sunday,1,0,Autumn,8.2,0,0,91,97,93
2034-11-20,Monday,0,0,Autumn,8.5,0,1,93,96,104
2034-11-21,Tuesday,0,0,Autumn,1.5,1,0,104,76,90
2034-11-22,Wednesday,0,0,Autumn,3.1,0,0,90,77,74
2034-11-23,Thursday,0,0,Autumn,1.3,1,0,74,76,70
2034-11-24,Friday,0,0,Autumn,3.6,1,0,70,83,85
2034-11-25,Saturday,1,0,Autumn,4.2,0,0,85,91,89
2034-11-26,Sunday,1,0,Autumn,2.8,1,0,89,93,89
2034-11-27,Monday,0,0,Autumn,-1.7,0,1,89,104,95
2034-11-28,Tuesday,0,0,Autumn,2.0,0,0,95,90,95
2034-11-29,Wednesday,0,0,Autumn,5.8,0,0,95,74,88
2034-11-30,Thursday,0,0,Autumn,3.0,0,0,88,70,78
2034-12-01,Friday,0,0,Winter,2.5,1,0,78,85,63
2034-12-02,Saturday,1,0,Winter,0.7,1,0,63,89,79
2034-12-03,Sunday,1,0,Winter,1.6,1,0,79,89,80
2034-12-04,Monday,0,0,Winter,7.6,0,0,80,95,92
2034-12-05,Tuesday,0,0,Winter,-0.1,1,0,92,95,83
2034-12-06,Wednesday,0,0,Winter,5.4,0,0,83,88,76
2034-12-07,Thursday,0,0,Winter,3.4,0,0,76,78,66
2034-12-08,Friday,0,0,Winter,3.9,0,0,66,63,68
2034-12-09,Saturday,1,0,Winter,1.0,0,0,68,79,80
2034-12-10,Sunday,1,0,Winter,2.1,0,0,80,80,81
2034-12-11,Monday,0,0,Winter,3.1,1,0,81,92,65
2034-12-12,Tuesday,0,0,Winter,1.5,1,0,65,83,45
2034-12-13,Wednesday,0,0,Winter,4.1,0,0,45,76,52
2034-12-14,Thursday,0,0,Winter,4.4,0,0,52,66,44
2034-12-15,Friday,0,0,Winter,9.6,0,0,44,68,56
2034-12-16,Saturday,1,0,Winter,3.9,1,1,56,80,79
2034-12-17,Sunday,1,0,Winter,-2.7,1,1,79,81,92
2034-12-18,Monday,0,0,Winter,6.5,0,0,92,65,59
2034-12-19,Tuesday,0,0,Winter,2.4,0,0,59,45,47
2034-12-20,Wednesday,0,0,Winter,9.0,0,1,47,52,65
2034-12-21,Thursday,0,0,Winter,7.4,0,0,65,44,59
2034-12-22,Friday,0,0,Winter,1.5,0,0,59,56,64
2034-12-23,Saturday,1,0,Winter,5.2,0,0,64,79,80
2034-12-24,Sunday,1,1,Winter,1.2,1,0,80,92,83
2034-12-25,Monday,0,1,Winter,3.0,0,0,83,59,83
2034-12-26,Tuesday,0,1,Winter,5.1,1,0,83,47,87
2034-12-27,Wednesday,0,0,Winter,6.4,1,0,87,65,65
2034-12-28,Thursday,0,0,Winter,5.8,0,0,65,59,72
2034-12-29,Friday,0,0,Winter,3.3,0,0,72,64,87
2034-12-30,Saturday,1,0,Winter,10.6,0,0,87,80,100
2034-12-31,Sunday,1,1,Winter,2.1,1,0,100,83,88
2035-01-01,Monday,0,1,Winter,-1.6,0,0,88,83,79
2035-01-02,Tuesday,0,0,Winter,-1.0,1,0,79,87,58
2035-01-03,Wednesday,0,0,Winter,7.7,1,0,58,65,56
2035-01-04,Thursday,0,0,Winter,3.1,0,0,56,72,60
2035-01-05,Friday,0,0,Winter,3.9,0,0,60,87,76
2035-01-06,Saturday,1,0,Winter,1.8,0,0,76,100,79
2035-01-07,Sunday,1,0,Winter,2.1,0,0,79,88,82
2035-01-08,Monday,0,0,Winter,1.2,0,1,82,79,82
2035-01-09,Tuesday,0,0,Winter,5.0,1,0,82,58,63
2035-01-10,Wednesday,0,0,Winter,3.4,0,0,63,56,67
2035-01-11,Thursday,0,0,Winter,5.0,0,0,67,60,63
2035-01-12,Friday,0,0,Winter,4.8,1,0,63,76,71
2035-01-13,Saturday,1,0,Winter,2.6,1,0,71,79,67
2035-01-14,Sunday,1,0,Winter,-0.4,0,0,67,82,68
2035-01-15,Monday,0,0,Winter,-0.6,1,0,68,82,70
2035-01-16,Tuesday,0,0,Winter,13.2,1,0,70,63,54
2035-01-17,Wednesday,0,0,Winter,8.6,0,0,54,67,67
2035-01-18,Thursday,0,0,Winter,8.3,0,0,67,63,67
2035-01-19,Friday,0,0,Winter,2.3,1,0,67,71,54
2035-01-20,Saturday,1,0,Winter,4.4,1,0,54,67,63
2035-01-21,Sunday,1,0,Winter,2.1,0,0,63,68,74
2035-01-22,Monday,0,0,Winter,0.7,0,0,74,70,83
2035-01-23,Tuesday,0,0,Winter,2.9,1,0,83,54,78
2035-01-24,Wednesday,0,0,Winter,8.8,0,0,78,67,67
2035-01-25,Thursday,0,0,Winter,7.4,1,0,67,67,72
2035-01-26,Friday,0,0,Winter,2.1,0,0,72,54,66
2035-01-27,Saturday,1,0,Winter,4.1,1,0,66,63,66
2035-01-28,Sunday,1,0,Winter,7.4,1,0,66,74,78
2035-01-29,Monday,0,0,Winter,3.6,0,0,78,83,75
2035-01-30,Tuesday,0,0,Winter,5.7,1,0,75,78,71
2035-01-31,Wednesday,0,0,Winter,6.7,0,0,71,67,57
2035-02-01,Thursday,0,0,Winter,6.8,1,0,57,72,56
2035-02-02,Friday,0,0,Winter,6.5,1,1,56,66,65
2035-02-03,Saturday,1,0,Winter,3.9,1,0,65,66,74
2035-02-04,Sunday,1,0,Winter,4.4,0,0,74,78,83
2035-02-05,Monday,0,0,Winter,2.7,1,0,83,75,82
2035-02-06,Tuesday,0,0,Winter,1.6,1,0,82,71,62
2035-02-07,Wednesday,0,0,Winter,6.0,0,0,62,57,74
2035-02-08,Thursday,0,0,Winter,9.0,1,0,74,56,65
2035-02-09,Friday,0,0,Winter,2.5,0,0,65,65,69
2035-02-10,Saturday,1,0,Winter,7.6,1,0,69,74,75
2035-02-11,Sunday,1,0,Winter,9.3,1,0,75,83,80
2035-02-12,Monday,0,0,Winter,1.5,0,0,80,82,78
2035-02-13,Tuesday,0,0,Winter,6.4,0,0,78,62,77
2035-02-14,Wednesday,0,0,Winter,12.3,1,0,77,74,71
2035-02-15,Thursday,0,0,Winter,9.1,0,0,71,65,72
2035-02-16,Friday,0,0,Winter,2.0,0,0,72,69,66
2035-02-17,Saturday,1,0,Winter,9.7,0,0,66,75,84
2035-02-18,Sunday,1,0,Winter,5.7,0,0,84,80,85
2035-02-19,Monday,0,0,Winter,10.1,0,0,85,78,72
2035-02-20,Tuesday,0,0,Winter,6.1,0,1,72,77,70
2035-02-21,Wednesday,0,0,Winter,8.2,1,0,70,71,68
2035-02-22,Thursday,0,0,Winter,6.9,1,0,68,72,77
2035-02-23,Friday,0,0,Winter,8.7,1,0,77,66,85
2035-02-24,Saturday,1,0,Winter,7.1,0,0,85,84,80
2035-02-25,Sunday,1,0,Winter,8.3,1,0,80,85,87
2035-02-26,Monday,0,0,Winter,5.6,0,0,87,72,81
2035-02-27,Tuesday,0,0,Winter,10.8,1,0,81,70,81
2035-02-28,Wednesday,0,0,Winter,10.0,1,0,81,68,75
2035-03-01,Thursday,0,0,Spring,4.8,0,0,75,77,75
2035-03-02,Friday,0,0,Spring,12.8,1,0,75,85,88
2035-03-03,Saturday,1,0,Spring,9.4,1,0,88,80,72
2035-03-04,Sunday,1,0,Spring,10.6,0,0,72,87,78
2035-03-05,Monday,0,0,Spring,12.6,1,0,78,81,70
2035-03-06,Tuesday,0,0,Spring,11.4,1,0,70,81,68
2035-03-07,Wednesday,0,0,Spring,14.1,0,0,68,75,65
2035-03-08,Thursday,0,0,Spring,9.9,0,0,65,75,71
2035-03-09,Friday,0,0,Spring,14.1,1,0,71,88,79
2035-03-10,Saturday,1,0,Spring,11.5,1,0,79,72,82
2035-03-11,Sunday,1,0,Spring,12.8,0,0,82,78,90
2035-03-12,Monday,0,0,Spring,12.7,0,1,90,70,80
2035-03-13,Tuesday,0,0,Spring,15.4,0,0,80,68,76
2035-03-14,Wednesday,0,0,Spring,14.0,0,0,76,65,76
2035-03-15,Thursday,0,0,Spring,10.6,0,0,76,71,66
2035-03-16,Friday,0,0,Spring,10.2,0,0,66,79,79
2035-03-17,Saturday,1,0,Spring,12.2,1,0,79,82,89
2035-03-18,Sunday,1,0,Spring,10.2,0,0,89,90,98
2035-03-19,Monday,0,0,Spring,9.5,0,0,98,80,77
2035-03-20,Tuesday,0,0,Spring,6.4,0,0,77,76,75
2035-03-21,Wednesday,0,0,Spring,8.4,1,0,75,76,82
2035-03-22,Thursday,0,0,Spring,19.1,1,0,82,66,68
2035-03-23,Friday,0,0,Spring,11.4,1,0,68,79,77
2035-03-24,Saturday,1,0,Spring,19.2,0,0,77,89,84
2035-03-25,Sunday,1,0,Spring,14.9,0,0,84,98,92
2035-03-26,Monday,0,0,Spring,13.7,0,0,92,77,79
2035-03-27,Tuesday,0,0,Spring,9.5,0,0,79,75,80
2035-03-28,Wednesday,0,0,Spring,14.2,0,0,80,82,81
2035-03-29,Thursday,0,0,Spring,20.0,0,0,81,68,75
2035-03-30,Friday,0,0,Spring,19.2,0,0,75,77,97
2035-03-31,Saturday,1,0,Spring,15.5,0,1,97,84,109
2035-04-01,Sunday,1,0,Spring,11.4,0,0,109,92,110
2035-04-02,Monday,0,0,Spring,12.2,1,0,110,79,82
2035-04-03,Tuesday,0,0,Spring,12.7,0,0,82,80,79
2035-04-04,Wednesday,0,0,Spring,19.2,0,0,79,81,92
2035-04-05,Thursday,0,0,Spring,20.4,0,0,92,75,86
2035-04-06,Friday,0,0,Spring,16.3,0,0,86,97,96
2035-04-07,Saturday,1,0,Spring,15.0,1,0,96,109,103
2035-04-08,Sunday,1,0,Spring,20.7,0,0,103,110,93
2035-04-09,Monday,0,0,Spring,13.3,0,0,93,82,86
2035-04-10,Tuesday,0,0,Spring,16.5,1,0,86,79,79
2035-04-11,Wednesday,0,0,Spring,17.9,0,0,79,92,86
2035-04-12,Thursday,0,0,Spring,14.1,0,0,86,86,84
2035-04-13,Friday,0,0,Spring,14.9,0,0,84,96,85
2035-04-14,Saturday,1,0,Spring,14.9,0,0,85,103,95
2035-04-15,Sunday,1,0,Spring,21.4,0,0,95,93,98
2035-04-16,Monday,0,0,Spring,23.1,1,0,98,86,95
2035-04-17,Tuesday,0,0,Spring,17.8,0,0,95,79,86
2035-04-18,Wednesday,0,0,Spring,16.8,0,0,86,86,89
2035-04-19,Thursday,0,0,Spring,16.0,0,0,89,84,92
2035-04-20,Friday,0,0,Spring,17.9,0,0,92,85,92
2035-04-21,Saturday,1,0,Spring,16.4,0,0,92,95,109
2035-04-22,Sunday,1,0,Spring,17.9,1,0,109,98,102
2035-04-23,Monday,0,0,Spring,19.6,0,0,102,95,93
2035-04-24,Tuesday,0,0,Spring,17.3,1,0,93,86,95
2035-04-25,Wednesday,0,0,Spring,18.1,0,0,95,89,95
2035-04-26,Thursday,0,0,Spring,18.2,0,0,95,92,80
2035-04-27,Friday,0,0,Spring,18.0,0,0,80,92,74
2035-04-28,Saturday,1,0,Spring,17.8,0,0,74,109,109
2035-04-29,Sunday,1,0,Spring,21.5,0,0,109,102,111
2035-04-30,Monday,0,0,Spring,14.0,0,0,111,93,97
2035-05-01,Tuesday,0,1,Spring,24.2,1,0,97,95,85
2035-05-02,Wednesday,0,0,Spring,20.0,1,0,85,95,87
2035-05-03,Thursday,0,0,Spring,21.6,0,0,87,80,84
2035-05-04,Friday,0,0,Spring,22.0,0,0,84,74,89
2035-05-05,Saturday,1,0,Spring,17.9,0,0,89,109,100
2035-05-06,Sunday,1,0,Spring,17.4,0,0,100,111,105
2035-05-07,Monday,0,0,Spring,17.1,0,0,105,97,99
2035-05-08,Tuesday,0,0,Spring,19.6,1,0,99,85,93
2035-05-09,Wednesday,0,0,Spring,22.6,0,0,93,87,94
2035-05-10,Thursday,0,0,Spring,18.8,1,0,94,84,92
2035-05-11,Friday,0,0,Spring,22.5,1,0,92,89,83
2035-05-12,Saturday,1,0,Spring,13.7,0,0,83,100,97
2035-05-13,Sunday,1,0,Spring,19.7,1,0,97,105,103
2035-05-14,Monday,0,0,Spring,24.5,1,0,103,99,97
2035-05-15,Tuesday,0,0,Spring,20.6,0,0,97,93,106
2035-05-16,Wednesday,0,0,Spring,18.7,0,0,106,94,98
2035-05-17,Thursday,0,0,Spring,19.3,0,0,98,92,89
2035-05-18,Friday,0,0,Spring,12.3,0,0,89,83,92
2035-05-19,Saturday,1,0,Spring,18.5,1,1,92,97,104
2035-05-20,Sunday,1,0,Spring,24.8,0,0,104,103,98
2035-05-21,Monday,0,0,Spring,19.9,1,0,98,97,90
2035-05-22,Tuesday,0,0,Spring,20.4,0,0,90,106,106
2035-05-23,Wednesday,0,0,Spring,14.8,0,0,106,98,97
2035-05-24,Thursday,0,0,Spring,17.0,0,1,97,89,111
2035-05-25,Friday,0,0,Spring,25.6,1,0,111,92,112
2035-05-26,Saturday,1,0,Spring,23.9,0,0,112,104,133
2035-05-27,Sunday,1,0,Spring,18.2,0,0,133,98,122
2035-05-28,Monday,0,0,Spring,20.3,1,0,122,90,102
2035-05-29,Tuesday,0,0,Spring,22.2,0,0,102,106,103
2035-05-30,Wednesday,0,0,Spring,18.7,1,0,103,97,98
2035-05-31,Thursday,0,0,Spring,16.4,0,0,98,111,101
2035-06-01,Friday,0,0,Summer,22.0,1,0,101,112,105
2035-06-02,Saturday,1,0,Summer,24.2,0,1,105,133,135
2035-06-03,Sunday,1,0,Summer,24.3,0,0,135,122,127
2035-06-04,Monday,0,0,Summer,25.2,0,0,127,102,102
2035-06-05,Tuesday,0,0,Summer,18.0,0,0,102,103,93
2035-06-06,Wednesday,0,0,Summer,22.9,0,0,93,98,111
2035-06-07,Thursday,0,0,Summer,21.9,0,0,111,101,108
2035-06-08,Friday,0,0,Summer,22.5,0,1,108,105,126
2035-06-09,Saturday,1,0,Summer,22.2,0,0,126,135,128
2035-06-10,Sunday,1,0,Summer,20.9,1,1,128,127,138
2035-06-11,Monday,0,0,Summer,13.8,0,0,138,102,118
2035-06-12,Tuesday,0,0,Summer,26.4,0,0,118,93,124
2035-06-13,Wednesday,0,0,Summer,23.9,1,0,124,111,123
2035-06-14,Thursday,0,0,Summer,18.5,0,0,123,108,121
2035-06-15,Friday,0,0,Summer,24.4,1,0,121,126,118
2035-06-16,Saturday,1,0,Summer,21.6,0,0,118,128,119
2035-06-17,Sunday,1,0,Summer,21.7,0,0,119,138,126
2035-06-18,Monday,0,0,Summer,20.7,1,0,126,118,114
2035-06-19,Tuesday,0,0,Summer,24.6,0,0,114,124,113
2035-06-20,Wednesday,0,0,Summer,20.6,0,0,113,123,119
2035-06-21,Thursday,0,0,Summer,19.7,0,0,119,121,119
2035-06-22,Friday,0,0,Summer,26.4,0,0,119,118,123
2035-06-23,Saturday,1,0,Summer,22.5,0,0,123,119,138
2035-06-24,Sunday,1,0,Summer,22.5,0,0,138,126,133
2035-06-25,Monday,0,0,Summer,25.0,0,0,133,114,111
2035-06-26,Tuesday,0,0,Summer,20.9,0,0,111,113,117
2035-06-27,Wednesday,0,0,Summer,21.5,0,0,117,119,117
2035-06-28,Thursday,0,0,Summer,23.8,0,0,117,119,117
2035-06-29,Friday,0,0,Summer,18.3,0,0,117,123,113
2035-06-30,Saturday,1,0,Summer,23.5,0,1,113,138,145
2035-07-01,Sunday,1,0,Summer,20.6,0,0,145,133,149
2035-07-02,Monday,0,0,Summer,25.4,0,0,149,111,122
2035-07-03,Tuesday,0,0,Summer,24.4,1,0,122,117,116
2035-07-04,Wednesday,0,0,Summer,24.0,1,0,116,117,115
2035-07-05,Thursday,0,0,Summer,17.9,0,0,115,117,102
2035-07-06,Friday,0,0,Summer,22.3,0,0,102,113,112
2035-07-07,Saturday,1,0,Summer,19.1,0,0,112,145,116
2035-07-08,Sunday,1,0,Summer,22.4,0,0,116,149,129
2035-07-09,Monday,0,0,Summer,15.5,0,0,129,122,133
2035-07-10,Tuesday,0,0,Summer,17.8,0,0,133,116,109
2035-07-11,Wednesday,0,0,Summer,25.9,0,0,109,115,126
2035-07-12,Thursday,0,0,Summer,23.4,1,0,126,102,127
2035-07-13,Friday,0,0,Summer,21.2,1,0,127,112,119
2035-07-14,Saturday,1,0,Summer,19.5,0,0,119,116,127
2035-07-15,Sunday,1,0,Summer,18.9,0,0,127,129,125
2035-07-16,Monday,0,0,Summer,22.6,0,0,125,133,118
2035-07-17,Tuesday,0,0,Summer,20.9,0,1,118,109,121
2035-07-18,Wednesday,0,0,Summer,26.5,0,0,121,126,116
2035-07-19,Thursday,0,0,Summer,21.3,0,0,116,127,123
2035-07-20,Friday,0,0,Summer,21.9,0,0,123,119,124
2035-07-21,Saturday,1,0,Summer,17.5,0,0,124,127,120
2035-07-22,Sunday,1,0,Summer,20.5,0,0,120,125,128
2035-07-23,Monday,0,0,Summer,22.0,0,0,128,118,123
2035-07-24,Tuesday,0,0,Summer,20.2,0,0,123,121,125
2035-07-25,Wednesday,0,0,Summer,19.8,1,0,125,116,111
2035-07-26,Thursday,0,0,Summer,22.2,0,0,111,123,124
2035-07-27,Friday,0,0,Summer,25.6,1,0,124,124,139
2035-07-28,Saturday,1,0,Summer,21.4,0,0,139,120,134
2035-07-29,Sunday,1,0,Summer,24.3,0,0,134,128,133
2035-07-30,Monday,0,0,Summer,22.6,0,0,133,123,127
2035-07-31,Tuesday,0,0,Summer,23.9,0,1,127,125,114
2035-08-01,Wednesday,0,0,Summer,18.7,0,0,114,111,101
2035-08-02,Thursday,0,0,Summer,19.8,0,1,101,124,115
2035-08-03,Friday,0,0,Summer,19.7,0,0,115,139,122
2035-08-04,Saturday,1,0,Summer,21.8,0,0,122,134,132
2035-08-05,Sunday,1,0,Summer,22.4,0,0,132,133,134
2035-08-06,Monday,0,0,Summer,20.3,0,1,134,127,121
2035-08-07,Tuesday,0,0,Summer,22.4,0,0,121,114,123
2035-08-08,Wednesday,0,0,Summer,18.0,0,0,123,101,114
2035-08-09,Thursday,0,0,Summer,22.2,0,0,114,115,116
2035-08-10,Friday,0,0,Summer,22.5,0,0,116,122,125
2035-08-11,Saturday,1,0,Summer,21.3,0,1,125,132,135
2035-08-12,Sunday,1,0,Summer,19.6,0,0,135,134,131
2035-08-13,Monday,0,0,Summer,21.2,0,0,131,121,112
2035-08-14,Tuesday,0,0,Summer,16.2,0,0,112,123,96
2035-08-15,Wednesday,0,0,Summer,19.3,0,0,96,114,102
2035-08-16,Thursday,0,0,Summer,19.5,0,0,102,116,121
2035-08-17,Friday,0,0,Summer,14.5,0,0,121,125,117
2035-08-18,Saturday,1,0,Summer,19.7,0,1,117,135,125
2035-08-19,Sunday,1,0,Summer,14.4,0,0,125,131,129
2035-08-20,Monday,0,0,Summer,16.7,0,0,129,112,111
2035-08-21,Tuesday,0,0,Summer,18.0,0,0,111,96,107
2035-08-22,Wednesday,0,0,Summer,15.5,0,0,107,102,108
2035-08-23,Thursday,0,0,Summer,17.8,0,0,108,121,109
2035-08-24,Friday,0,0,Summer,17.6,0,0,109,117,117
2035-08-25,Saturday,1,0,Summer,14.8,0,1,117,125,130
2035-08-26,Sunday,1,0,Summer,18.8,0,0,130,129,115
2035-08-27,Monday,0,0,Summer,14.7,0,0,115,111,104
2035-08-28,Tuesday,0,0,Summer,23.7,0,0,104,107,100
2035-08-29,Wednesday,0,0,Summer,16.3,0,0,100,108,92
2035-08-30,Thursday,0,0,Summer,13.0,0,0,92,109,94
2035-08-31,Friday,0,0,Summer,13.4,0,0,94,117,111
2035-09-01,Saturday,1,0,Autumn,19.6,1,0,111,130,117
2035-09-02,Sunday,1,0,Autumn,14.8,0,1,117,115,108
2035-09-03,Monday,0,0,Autumn,11.7,0,0,108,104,90
2035-09-04,Tuesday,0,0,Autumn,18.2,0,0,90,100,92
2035-09-05,Wednesday,0,0,Autumn,14.2,1,0,92,92,87
2035-09-06,Thursday,0,0,Autumn,17.3,0,0,87,94,90
2035-09-07,Friday,0,0,Autumn,18.0,0,0,90,111,106
2035-09-08,Saturday,1,0,Autumn,15.8,0,1,106,117,123
2035-09-09,Sunday,1,0,Autumn,22.0,0,0,123,108,114
2035-09-10,Monday,0,0,Autumn,9.5,1,0,114,90,87
2035-09-11,Tuesday,0,0,Autumn,12.0,1,0,87,92,81
2035-09-12,Wednesday,0,0,Autumn,13.5,0,0,81,87,69
2035-09-13,Thursday,0,0,Autumn,20.9,0,0,69,90,86
2035-09-14,Friday,0,0,Autumn,19.4,0,0,86,106,90
2035-09-15,Saturday,1,0,Autumn,17.7,1,0,90,123,113
2035-09-16,Sunday,1,0,Autumn,11.2,0,0,113,114,98
2035-09-17,Monday,0,0,Autumn,11.4,0,0,98,87,91
2035-09-18,Tuesday,0,0,Autumn,10.8,0,0,91,81,70
2035-09-19,Wednesday,0,0,Autumn,10.8,0,0,70,69,68
2035-09-20,Thursday,0,0,Autumn,17.4,1,0,68,86,81
2035-09-21,Friday,0,0,Autumn,12.0,0,0,81,90,95
2035-09-22,Saturday,1,0,Autumn,12.3,1,0,95,113,108
2035-09-23,Sunday,1,0,Autumn,14.7,0,0,108,98,110
2035-09-24,Monday,0,0,Autumn,7.3,0,0,110,91,99
2035-09-25,Tuesday,0,0,Autumn,12.2,1,0,99,70,88
2035-09-26,Wednesday,0,0,Autumn,8.6,0,0,88,68,75
2035-09-27,Thursday,0,0,Autumn,10.9,1,0,75,81,74
2035-09-28,Friday,0,0,Autumn,9.8,0,0,74,95,91
2035-09-29,Saturday,1,0,Autumn,9.5,0,0,91,108,109
2035-09-30,Sunday,1,0,Autumn,11.9,0,0,109,110,106
2035-10-01,Monday,0,0,Autumn,11.7,1,0,106,99,88
2035-10-02,Tuesday,0,0,Autumn,10.2,1,1,88,88,85
2035-10-03,Wednesday,0,0,Autumn,11.8,0,0,85,75,75
2035-10-04,Thursday,0,0,Autumn,7.9,1,0,75,74,77
2035-10-05,Friday,0,0,Autumn,12.4,0,1,77,91,103
2035-10-06,Saturday,1,0,Autumn,9.6,1,0,103,109,107
2035-10-07,Sunday,1,0,Autumn,8.6,0,0,107,106,104
2035-10-08,Monday,0,0,Autumn,7.5,1,0,104,88,100
2035-10-09,Tuesday,0,0,Autumn,9.0,1,0,100,85,85
2035-10-10,Wednesday,0,0,Autumn,15.2,0,0,85,75,92
2035-10-11,Thursday,0,0,Autumn,9.2,1,0,92,77,75
2035-10-12,Friday,0,0,Autumn,5.8,1,0,75,103,85
2035-10-13,Saturday,1,0,Autumn,11.8,0,0,85,107,92
2035-10-14,Sunday,1,0,Autumn,7.5,1,0,92,104,86
2035-10-15,Monday,0,0,Autumn,9.6,0,0,86,100,80
2035-10-16,Tuesday,0,0,Autumn,6.8,1,0,80,85,76
2035-10-17,Wednesday,0,0,Autumn,12.3,1,1,76,92,83
2035-10-18,Thursday,0,0,Autumn,6.5,0,1,83,75,73
2035-10-19,Friday,0,0,Autumn,12.4,0,0,73,85,81
2035-10-20,Saturday,1,0,Autumn,4.9,0,0,81,92,86
2035-10-21,Sunday,1,0,Autumn,7.0,1,0,86,86,73
2035-10-22,Monday,0,0,Autumn,11.9,1,0,73,80,75
2035-10-23,Tuesday,0,0,Autumn,8.1,1,0,75,76,76
2035-10-24,Wednesday,0,0,Autumn,14.2,1,0,76,83,82
2035-10-25,Thursday,0,0,Autumn,6.5,0,0,82,73,91
2035-10-26,Friday,0,0,Autumn,7.9,0,0,91,81,81
2035-10-27,Saturday,1,0,Autumn,12.7,1,0,81,86,81
2035-10-28,Sunday,1,0,Autumn,2.3,0,0,81,73,80
2035-10-29,Monday,0,0,Autumn,1.8,0,0,80,75,72
2035-10-30,Tuesday,0,0,Autumn,4.2,0,0,72,76,72
2035-10-31,Wednesday,0,0,Autumn,8.9,0,0,72,82,82
2035-11-01,Thursday,0,0,Autumn,1.5,1,0,82,91,77
2035-11-02,Friday,0,0,Autumn,8.0,0,1,77,81,97
2035-11-03,Saturday,1,0,Autumn,7.7,0,0,97,81,90
2035-11-04,Sunday,1,0,Autumn,12.0,0,0,90,80,87
2035-11-05,Monday,0,0,Autumn,9.0,0,0,87,72,70
2035-11-06,Tuesday,0,0,Autumn,6.8,0,0,70,72,47
2035-11-07,Wednesday,0,0,Autumn,9.7,1,0,47,82,50
2035-11-08,Thursday,0,0,Autumn,7.1,0,0,50,77,73
2035-11-09,Friday,0,0,Autumn,4.0,1,0,73,97,88
2035-11-10,Saturday,1,0,Autumn,1.8,0,0,88,90,82
2035-11-11,Sunday,1,0,Autumn,3.5,0,0,82,87,92
2035-11-12,Monday,0,0,Autumn,4.9,1,0,92,70,58
2035-11-13,Tuesday,0,0,Autumn,5.5,0,0,58,47,50
2035-11-14,Wednesday,0,0,Autumn,-1.6,0,0,50,50,50
2035-11-15,Thursday,0,0,Autumn,4.1,0,1,50,73,79
2035-11-16,Friday,0,0,Autumn,4.7,1,0,79,88,93
2035-11-17,Saturday,1,0,Autumn,6.2,1,0,93,82,87
2035-11-18,Sunday,1,0,Autumn,9.4,0,0,87,92,91
2035-11-19,Monday,0,0,Autumn,4.9,1,0,91,58,78
2035-11-20,Tuesday,0,0,Autumn,1.6,0,0,78,50,81
2035-11-21,Wednesday,0,0,Autumn,-1.2,1,0,81,50,72
2035-11-22,Thursday,0,0,Autumn,6.2,1,0,72,79,65
2035-11-23,Friday,0,0,Autumn,1.4,0,0,65,93,84
2035-11-24,Saturday,1,0,Autumn,6.6,0,0,84,87,86
2035-11-25,Sunday,1,0,Autumn,8.1,1,0,86,91,97
2035-11-26,Monday,0,0,Autumn,-0.8,0,0,97,78,84
2035-11-27,Tuesday,0,0,Autumn,5.4,1,0,84,81,68
2035-11-28,Wednesday,0,0,Autumn,7.6,0,0,68,72,79
2035-11-29,Thursday,0,0,Autumn,6.7,1,0,79,65,76
2035-11-30,Friday,0,0,Autumn,-2.7,0,1,76,84,89
2035-12-01,Saturday,1,0,Winter,1.0,1,0,89,86,86
2035-12-02,Sunday,1,0,Winter,-0.4,0,0,86,97,83
2035-12-03,Monday,0,0,Winter,5.0,1,0,83,84,77
2035-12-04,Tuesday,0,0,Winter,4.6,1,0,77,68,82
2035-12-05,Wednesday,0,0,Winter,-4.8,1,0,82,79,82
2035-12-06,Thursday,0,0,Winter,2.4,1,0,82,76,72
2035-12-07,Friday,0,0,Winter,5.6,0,0,72,89,65
2035-12-08,Saturday,1,0,Winter,3.7,0,0,65,86,75
2035-12-09,Sunday,1,0,Winter,3.6,0,0,75,83,80
2035-12-10,Monday,0,0,Winter,2.1,0,0,80,77,74
2035-12-11,Tuesday,0,0,Winter,-0.1,0,0,74,82,77
2035-12-12,Wednesday,0,0,Winter,3.0,1,0,77,82,76
2035-12-13,Thursday,0,0,Winter,3.2,1,0,76,72,75
2035-12-14,Friday,0,0,Winter,4.9,0,0,75,65,70
2035-12-15,Saturday,1,0,Winter,5.1,0,0,70,75,75
2035-12-16,Sunday,1,0,Winter,3.3,0,0,75,80,71
2035-12-17,Monday,0,0,Winter,6.3,1,0,71,74,67
2035-12-18,Tuesday,0,0,Winter,1.9,1,0,67,77,70
2035-12-19,Wednesday,0,0,Winter,-1.3,0,0,70,76,75
2035-12-20,Thursday,0,0,Winter,4.4,0,0,75,75,57
2035-12-21,Friday,0,0,Winter,3.4,1,0,57,70,67
2035-12-22,Saturday,1,0,Winter,4.5,0,0,67,75,70
2035-12-23,Sunday,1,0,Winter,-0.8,1,1,70,71,80
2035-12-24,Monday,0,1,Winter,8.4,0,0,80,67,70
2035-12-25,Tuesday,0,1,Winter,5.2,1,0,70,70,75
2035-12-26,Wednesday,0,1,Winter,2.2,1,0,75,75,69
2035-12-27,Thursday,0,0,Winter,0.3,0,0,69,57,60
2035-12-28,Friday,0,0,Winter,6.3,0,0,60,67,74
2035-12-29,Saturday,1,0,Winter,-0.2,0,0,74,70,73
2035-12-30,Sunday,1,0,Winter,9.9,0,0,73,80,87
2035-12-31,Monday,0,1,Winter,1.3,0,0,87,70,84
2036-01-01,Tuesday,0,1,Winter,8.4,0,0,84,75,82
2036-01-02,Wednesday,0,0,Winter,2.7,1,0,82,69,66
2036-01-03,Thursday,0,0,Winter,8.0,0,0,66,60,76
2036-01-04,Friday,0,0,Winter,1.1,0,0,76,74,81
2036-01-05,Saturday,1,0,Winter,3.4,1,0,81,73,91
2036-01-06,Sunday,1,0,Winter,5.9,0,0,91,87,76
2036-01-07,Monday,0,0,Winter,5.5,0,0,76,84,71
2036-01-08,Tuesday,0,0,Winter,6.8,1,0,71,82,66
2036-01-09,Wednesday,0,0,Winter,2.1,1,0,66,66,65
2036-01-10,Thursday,0,0,Winter,3.9,0,0,65,76,63
2036-01-11,Friday,0,0,Winter,7.5,1,0,63,81,66
2036-01-12,Saturday,1,0,Winter,1.7,0,1,66,91,88
2036-01-13,Sunday,1,0,Winter,5.6,0,0,88,76,71
2036-01-14,Monday,0,0,Winter,3.3,0,0,71,71,52
2036-01-15,Tuesday,0,0,Winter,4.6,0,0,52,66,57
2036-01-16,Wednesday,0,0,Winter,4.3,0,0,57,65,80
2036-01-17,Thursday,0,0,Winter,1.8,0,0,80,63,73
2036-01-18,Friday,0,0,Winter,3.5,1,0,73,66,67
2036-01-19,Saturday,1,0,Winter,4.8,0,0,67,88,84
2036-01-20,Sunday,1,0,Winter,4.1,1,0,84,71,81
2036-01-21,Monday,0,0,Winter,9.2,0,0,81,52,67
2036-01-22,Tuesday,0,0,Winter,7.6,1,0,67,57,56
2036-01-23,Wednesday,0,0,Winter,5.6,0,0,56,80,54
2036-01-24,Thursday,0,0,Winter,2.5,0,0,54,73,70
2036-01-25,Friday,0,0,Winter,2.4,1,0,70,67,65
2036-01-26,Saturday,1,0,Winter,10.9,0,1,65,84,92
2036-01-27,Sunday,1,0,Winter,2.1,1,0,92,81,90
2036-01-28,Monday,0,0,Winter,5.5,1,0,90,67,69
2036-01-29,Tuesday,0,0,Winter,6.4,1,0,69,56,50
2036-01-30,Wednesday,0,0,Winter,4.5,1,0,50,54,50
2036-01-31,Thursday,0,0,Winter,2.5,1,0,50,70,56
2036-02-01,Friday,0,0,Winter,3.3,0,0,56,65,69
2036-02-02,Saturday,1,0,Winter,4.1,1,0,69,92,75
2036-02-03,Sunday,1,0,Winter,3.8,0,0,75,90,77
2036-02-04,Monday,0,0,Winter,10.0,0,0,77,69,69
2036-02-05,Tuesday,0,0,Winter,6.1,1,0,69,50,61
2036-02-06,Wednesday,0,0,Winter,4.7,0,0,61,50,65
2036-02-07,Thursday,0,0,Winter,6.7,1,0,65,56,78
2036-02-08,Friday,0,0,Winter,8.5,1,0,78,69,89
2036-02-09,Saturday,1,0,Winter,5.6,1,0,89,75,83
2036-02-10,Sunday,1,0,Winter,9.5,0,0,83,77,79
2036-02-11,Monday,0,0,Winter,3.1,0,0,79,69,65
2036-02-12,Tuesday,0,0,Winter,10.6,0,0,65,61,56
2036-02-13,Wednesday,0,0,Winter,7.2,0,0,56,65,63
2036-02-14,Thursday,0,0,Winter,7.2,1,0,63,78,61
2036-02-15,Friday,0,0,Winter,5.4,1,0,61,89,64
2036-02-16,Saturday,1,0,Winter,3.9,1,0,64,83,67
2036-02-17,Sunday,1,0,Winter,2.8,1,0,67,79,77
2036-02-18,Monday,0,0,Winter,5.6,1,0,77,65,65
2036-02-19,Tuesday,0,0,Winter,9.8,0,0,65,56,54
2036-02-20,Wednesday,0,0,Winter,5.3,0,0,54,63,66
2036-02-21,Thursday,0,0,Winter,3.7,1,1,66,61,79
2036-02-22,Friday,0,0,Winter,5.8,1,0,79,64,70
2036-02-23,Saturday,1,0,Winter,7.5,0,1,70,67,80
2036-02-24,Sunday,1,0,Winter,7.8,0,0,80,77,76
2036-02-25,Monday,0,0,Winter,8.6,0,0,76,65,71
2036-02-26,Tuesday,0,0,Winter,12.2,1,0,71,54,70
2036-02-27,Wednesday,0,0,Winter,13.1,0,0,70,66,72
2036-02-28,Thursday,0,0,Winter,15.5,1,0,72,79,66
2036-02-29,Friday,0,0,Winter,4.8,1,0,66,70,76
2036-03-01,Saturday,1,0,Spring,7.2,1,0,76,80,83
2036-03-02,Sunday,1,0,Spring,12.0,0,0,83,76,86
2036-03-03,Monday,0,0,Spring,8.8,1,0,86,71,78
2036-03-04,Tuesday,0,0,Spring,12.9,0,0,78,70,85
2036-03-05,Wednesday,0,0,Spring,11.1,0,0,85,72,73
2036-03-06,Thursday,0,0,Spring,15.4,0,0,73,66,69
2036-03-07,Friday,0,0,Spring,13.9,0,0,69,76,81
2036-03-08,Saturday,1,0,Spring,14.1,0,0,81,83,92
2036-03-09,Sunday,1,0,Spring,9.9,0,0,92,86,100
2036-03-10,Monday,0,0,Spring,11.0,0,0,100,78,96
2036-03-11,Tuesday,0,0,Spring,10.5,1,0,96,85,82
2036-03-12,Wednesday,0,0,Spring,7.1,0,0,82,73,81
2036-03-13,Thursday,0,0,Spring,16.2,0,0,81,69,86
2036-03-14,Friday,0,0,Spring,14.2,0,1,86,81,102
2036-03-15,Saturday,1,0,Spring,11.1,1,0,102,92,89
2036-03-16,Sunday,1,0,Spring,16.2,1,0,89,100,99
2036-03-17,Monday,0,0,Spring,10.6,1,0,99,96,83
2036-03-18,Tuesday,0,0,Spring,7.1,1,0,83,82,81
2036-03-19,Wednesday,0,0,Spring,15.9,0,0,81,81,76
2036-03-20,Thursday,0,0,Spring,9.2,0,0,76,86,83
2036-03-21,Friday,0,0,Spring,12.6,0,0,83,102,92
2036-03-22,Saturday,1,0,Spring,14.0,1,0,92,89,111
2036-03-23,Sunday,1,0,Spring,14.7,0,0,111,99,101
2036-03-24,Monday,0,0,Spring,16.2,0,0,101,83,85
2036-03-25,Tuesday,0,0,Spring,15.6,0,0,85,81,95
2036-03-26,Wednesday,0,0,Spring,15.7,1,0,95,76,92
2036-03-27,Thursday,0,0,Spring,11.8,0,0,92,83,92
2036-03-28,Friday,0,0,Spring,15.3,1,0,92,92,90
2036-03-29,Saturday,1,0,Spring,10.0,1,0,90,111,91
2036-03-30,Sunday,1,0,Spring,19.4,0,0,91,101,98
2036-03-31,Monday,0,0,Spring,10.7,1,0,98,85,81
2036-04-01,Tuesday,0,0,Spring,14.0,0,0,81,95,81
2036-04-02,Wednesday,0,0,Spring,11.3,0,0,81,92,81
2036-04-03,Thursday,0,0,Spring,13.2,0,0,81,92,84
2036-04-04,Friday,0,0,Spring,15.6,0,0,84,90,99
2036-04-05,Saturday,1,0,Spring,14.1,0,0,99,91,93
2036-04-06,Sunday,1,0,Spring,19.3,1,0,93,98,100
2036-04-07,Monday,0,0,Spring,16.7,1,1,100,81,97
2036-04-08,Tuesday,0,0,Spring,14.8,0,0,97,81,89
2036-04-09,Wednesday,0,0,Spring,16.0,0,0,89,81,92
2036-04-10,Thursday,0,0,Spring,20.2,0,1,92,84,104
2036-04-11,Friday,0,0,Spring,19.4,0,0,104,99,106
2036-04-12,Saturday,1,0,Spring,13.4,1,0,106,93,110
2036-04-13,Sunday,1,0,Spring,15.0,0,0,110,100,90
2036-04-14,Monday,0,0,Spring,18.6,1,0,90,97,103
2036-04-15,Tuesday,0,0,Spring,18.4,1,0,103,89,101
2036-04-16,Wednesday,0,0,Spring,14.3,0,0,101,92,107
2036-04-17,Thursday,0,0,Spring,19.9,0,0,107,104,100
2036-04-18,Friday,0,0,Spring,15.1,1,0,100,106,101
2036-04-19,Saturday,1,0,Spring,21.8,0,1,101,110,122
2036-04-20,Sunday,1,0,Spring,19.7,0,0,122,90,109
2036-04-21,Monday,0,0,Spring,14.8,1,0,109,103,98
2036-04-22,Tuesday,0,0,Spring,16.8,1,0,98,101,95
2036-04-23,Wednesday,0,0,Spring,16.9,1,0,95,107,86
2036-04-24,Thursday,0,0,Spring,19.1,1,0,86,100,97
2036-04-25,Friday,0,0,Spring,18.2,1,1,97,101,111
2036-04-26,Saturday,1,0,Spring,15.5,0,0,111,122,113
2036-04-27,Sunday,1,0,Spring,14.9,0,0,113,109,102
2036-04-28,Monday,0,0,Spring,20.9,1,0,102,98,96
2036-04-29,Tuesday,0,0,Spring,20.2,0,0,96,95,90
2036-04-30,Wednesday,0,0,Spring,19.8,1,0,90,86,90
2036-05-01,Thursday,0,1,Spring,20.4,0,0,90,97,97
2036-05-02,Friday,0,0,Spring,17.9,0,0,97,111,116
2036-05-03,Saturday,1,0,Spring,20.4,1,0,116,113,111
2036-05-04,Sunday,1,0,Spring,27.6,1,0,111,102,104
2036-05-05,Monday,0,0,Spring,23.6,0,0,104,96,100
2036-05-06,Tuesday,0,0,Spring,19.4,0,0,100,90,84
2036-05-07,Wednesday,0,0,Spring,18.8,0,0,84,90,83
2036-05-08,Thursday,0,0,Spring,11.9,0,1,83,97,86
2036-05-09,Friday,0,0,Spring,23.8,0,1,86,116,113
2036-05-10,Saturday,1,0,Spring,23.1,1,0,113,111,122
2036-05-11,Sunday,1,0,Spring,19.2,1,0,122,104,110
2036-05-12,Monday,0,0,Spring,16.6,0,0,110,100,109
2036-05-13,Tuesday,0,0,Spring,17.5,1,0,109,84,88
2036-05-14,Wednesday,0,0,Spring,22.4,0,0,88,83,87
2036-05-15,Thursday,0,0,Spring,20.9,0,0,87,86,99
2036-05-16,Friday,0,0,Spring,23.4,1,0,99,113,111
2036-05-17,Saturday,1,0,Spring,21.7,1,0,111,122,120
2036-05-18,Sunday,1,0,Spring,24.4,1,0,120,110,123
2036-05-19,Monday,0,0,Spring,22.7,0,0,123,109,111
2036-05-20,Tuesday,0,0,Spring,24.2,0,0,111,88,104
2036-05-21,Wednesday,0,0,Spring,15.5,0,0,104,87,91
2036-05-22,Thursday,0,0,Spring,18.1,1,0,91,99,107
2036-05-23,Friday,0,0,Spring,20.8,0,0,107,111,108
2036-05-24,Saturday,1,0,Spring,25.2,0,0,108,120,118
2036-05-25,Sunday,1,0,Spring,27.7,0,0,118,123,124
2036-05-26,Monday,0,0,Spring,21.6,0,0,124,111,117
2036-05-27,Tuesday,0,0,Spring,20.4,0,0,117,104,112
2036-05-28,Wednesday,0,0,Spring,16.4,1,0,112,91,79
2036-05-29,Thursday,0,0,Spring,24.9,0,0,79,107,109
2036-05-30,Friday,0,0,Spring,20.7,0,0,109,108,122
2036-05-31,Saturday,1,0,Spring,31.3,1,1,122,118,141
2036-06-01,Sunday,1,0,Summer,20.3,0,0,141,124,134
2036-06-02,Monday,0,0,Summer,28.9,0,0,134,117,132
2036-06-03,Tuesday,0,0,Summer,24.9,0,0,132,112,123
2036-06-04,Wednesday,0,0,Summer,19.6,0,0,123,79,108
2036-06-05,Thursday,0,0,Summer,23.4,1,0,108,109,113
2036-06-06,Friday,0,0,Summer,25.1,0,0,113,122,125
2036-06-07,Saturday,1,0,Summer,22.1,1,0,125,141,138
2036-06-08,Sunday,1,0,Summer,25.3,0,0,138,134,121
2036-06-09,Monday,0,0,Summer,25.3,0,0,121,132,120
2036-06-10,Tuesday,0,0,Summer,24.7,0,0,120,123,110
2036-06-11,Wednesday,0,0,Summer,22.8,0,0,110,108,116
2036-06-12,Thursday,0,0,Summer,19.4,0,0,116,113,108
2036-06-13,Friday,0,0,Summer,22.7,0,0,108,125,117
2036-06-14,Saturday,1,0,Summer,23.5,0,0,117,138,137
2036-06-15,Sunday,1,0,Summer,17.3,0,0,137,121,138
2036-06-16,Monday,0,0,Summer,23.5,0,0,138,120,130
2036-06-17,Tuesday,0,0,Summer,22.7,0,0,130,110,124
2036-06-18,Wednesday,0,0,Summer,19.1,0,0,124,116,108
2036-06-19,Thursday,0,0,Summer,22.0,0,0,108,108,104
2036-06-20,Friday,0,0,Summer,22.1,1,0,104,117,102
2036-06-21,Saturday,1,0,Summer,28.8,0,1,102,137,126
2036-06-22,Sunday,1,0,Summer,23.6,1,1,126,138,137
2036-06-23,Monday,0,0,Summer,26.1,0,0,137,130,134
2036-06-24,Tuesday,0,0,Summer,22.6,1,0,134,124,128
2036-06-25,Wednesday,0,0,Summer,17.3,0,0,128,108,103
2036-06-26,Thursday,0,0,Summer,25.0,0,0,103,104,108
2036-06-27,Friday,0,0,Summer,20.9,1,0,108,102,106
2036-06-28,Saturday,1,0,Summer,21.9,0,1,106,126,113
2036-06-29,Sunday,1,0,Summer,19.7,1,0,113,137,126
2036-06-30,Monday,0,0,Summer,23.0,1,0,126,134,125
2036-07-01,Tuesday,0,0,Summer,26.0,0,0,125,128,118
2036-07-02,Wednesday,0,0,Summer,25.6,0,0,118,103,111
2036-07-03,Thursday,0,0,Summer,27.5,0,1,111,108,123
2036-07-04,Friday,0,0,Summer,27.9,0,1,123,106,133
2036-07-05,Saturday,1,0,Summer,16.5,0,0,133,113,123
2036-07-06,Sunday,1,0,Summer,19.0,0,0,123,126,118
2036-07-07,Monday,0,0,Summer,17.1,0,0,118,125,106
2036-07-08,Tuesday,0,0,Summer,24.4,1,1,106,118,125
2036-07-09,Wednesday,0,0,Summer,20.4,0,0,125,111,125
2036-07-10,Thursday,0,0,Summer,20.9,0,0,125,123,114
2036-07-11,Friday,0,0,Summer,21.7,0,1,114,133,124
2036-07-12,Saturday,1,0,Summer,23.4,0,0,124,123,122
2036-07-13,Sunday,1,0,Summer,17.7,0,0,122,118,111
2036-07-14,Monday,0,0,Summer,18.3,0,0,111,106,119
2036-07-15,Tuesday,0,0,Summer,22.0,0,0,119,125,112
2036-07-16,Wednesday,0,0,Summer,25.6,0,0,112,125,122
2036-07-17,Thursday,0,0,Summer,21.8,0,0,122,114,116
2036-07-18,Friday,0,0,Summer,19.4,1,0,116,124,116
2036-07-19,Saturday,1,0,Summer,15.3,0,0,116,122,120
2036-07-20,Sunday,1,0,Summer,24.5,0,0,120,111,124
2036-07-21,Monday,0,0,Summer,19.3,0,1,124,119,122
2036-07-22,Tuesday,0,0,Summer,18.0,0,0,122,112,118
2036-07-23,Wednesday,0,0,Summer,16.2,0,0,118,122,123
2036-07-24,Thursday,0,0,Summer,17.0,0,0,123,116,113
2036-07-25,Friday,0,0,Summer,18.3,0,1,113,116,125
2036-07-26,Saturday,1,0,Summer,20.4,0,1,125,120,124
2036-07-27,Sunday,1,0,Summer,17.3,0,0,124,124,120
2036-07-28,Monday,0,0,Summer,21.4,1,1,120,122,120
2036-07-29,Tuesday,0,0,Summer,20.0,0,0,120,118,113
2036-07-30,Wednesday,0,0,Summer,27.3,0,1,113,123,124
2036-07-31,Thursday,0,0,Summer,15.4,0,0,124,113,120
2036-08-01,Friday,0,0,Summer,20.9,0,1,120,125,136
2036-08-02,Saturday,1,0,Summer,20.8,0,0,136,124,119
2036-08-03,Sunday,1,0,Summer,17.1,0,0,119,120,121
2036-08-04,Monday,0,0,Summer,20.4,0,0,121,120,113
2036-08-05,Tuesday,0,0,Summer,22.3,0,0,113,113,108
2036-08-06,Wednesday,0,0,Summer,20.1,0,0,108,124,122
2036-08-07,Thursday,0,0,Summer,23.8,0,0,122,120,109
2036-08-08,Friday,0,0,Summer,13.0,0,0,109,136,117
2036-08-09,Saturday,1,0,Summer,16.9,0,1,117,119,140
2036-08-10,Sunday,1,0,Summer,23.7,1,0,140,121,130
2036-08-11,Monday,0,0,Summer,21.9,0,0,130,113,111
2036-08-12,Tuesday,0,0,Summer,20.7,0,0,111,108,107
2036-08-13,Wednesday,0,0,Summer,22.6,0,1,107,122,132
2036-08-14,Thursday,0,0,Summer,13.0,0,0,132,109,126
2036-08-15,Friday,0,0,Summer,21.0,0,0,126,117,120
2036-08-16,Saturday,1,0,Summer,21.7,0,1,120,140,150
2036-08-17,Sunday,1,0,Summer,16.3,0,1,150,130,149
2036-08-18,Monday,0,0,Summer,26.1,0,0,149,111,110
2036-08-19,Tuesday,0,0,Summer,18.6,0,0,110,107,106
2036-08-20,Wednesday,0,0,Summer,11.3,0,1,106,132,130
2036-08-21,Thursday,0,0,Summer,18.9,0,0,130,126,123
2036-08-22,Friday,0,0,Summer,15.4,0,0,123,120,131
2036-08-23,Saturday,1,0,Summer,20.9,0,0,131,150,129
2036-08-24,Sunday,1,0,Summer,18.9,0,0,129,149,124
2036-08-25,Monday,0,0,Summer,15.3,0,0,124,110,119
2036-08-26,Tuesday,0,0,Summer,21.5,0,0,119,106,118
2036-08-27,Wednesday,0,0,Summer,19.6,0,0,118,130,118
2036-08-28,Thursday,0,0,Summer,14.2,0,0,118,123,122
2036-08-29,Friday,0,0,Summer,16.0,0,0,122,131,119
2036-08-30,Saturday,1,0,Summer,17.9,0,0,119,129,118
2036-08-31,Sunday,1,0,Summer,15.1,0,1,118,124,130
2036-09-01,Monday,0,0,Autumn,15.0,1,0,130,119,108
2036-09-02,Tuesday,0,0,Autumn,15.9,1,0,108,118,104
2036-09-03,Wednesday,0,0,Autumn,12.5,0,0,104,118,104
2036-09-04,Thursday,0,0,Autumn,8.8,1,0,104,122,98
2036-09-05,Friday,0,0,Autumn,16.0,0,0,98,119,119
2036-09-06,Saturday,1,0,Autumn,9.2,0,0,119,118,109
2036-09-07,Sunday,1,0,Autumn,12.0,0,1,109,130,122
2036-09-08,Monday,0,0,Autumn,9.5,1,0,122,108,100
2036-09-09,Tuesday,0,0,Autumn,9.7,1,0,100,104,93
2036-09-10,Wednesday,0,0,Autumn,15.8,1,1,93,104,99
2036-09-11,Thursday,0,0,Autumn,13.6,1,0,99,98,101
2036-09-12,Friday,0,0,Autumn,13.4,0,0,101,119,109
2036-09-13,Saturday,1,0,Autumn,10.0,1,1,109,109,109
2036-09-14,Sunday,1,0,Autumn,11.8,0,0,109,122,104
2036-09-15,Monday,0,0,Autumn,14.8,1,0,104,100,87
2036-09-16,Tuesday,0,0,Autumn,13.3,0,1,87,93,89
2036-09-17,Wednesday,0,0,Autumn,15.7,0,0,89,99,96
2036-09-18,Thursday,0,0,Autumn,16.0,0,0,96,101,97
2036-09-19,Friday,0,0,Autumn,12.2,0,1,97,109,112
2036-09-20,Saturday,1,0,Autumn,7.2,0,0,112,109,100
2036-09-21,Sunday,1,0,Autumn,10.3,1,0,100,104,96
2036-09-22,Monday,0,0,Autumn,12.1,1,0,96,87,88
2036-09-23,Tuesday,0,0,Autumn,9.9,0,0,88,89,92
2036-09-24,Wednesday,0,0,Autumn,8.9,0,0,92,96,79
2036-09-25,Thursday,0,0,Autumn,12.1,0,0,79,97,98
2036-09-26,Friday,0,0,Autumn,19.0,0,1,98,112,123
2036-09-27,Saturday,1,0,Autumn,10.1,0,0,123,100,120
2036-09-28,Sunday,1,0,Autumn,11.4,1,0,120,96,114
2036-09-29,Monday,0,0,Autumn,7.3,1,1,114,88,96
2036-09-30,Tuesday,0,0,Autumn,14.8,0,0,96,92,86
2036-10-01,Wednesday,0,0,Autumn,13.5,1,0,86,79,81
2036-10-02,Thursday,0,0,Autumn,13.1,0,0,81,98,91
2036-10-03,Friday,0,0,Autumn,14.6,1,0,91,123,96
2036-10-04,Saturday,1,0,Autumn,9.1,1,0,96,120,107
2036-10-05,Sunday,1,0,Autumn,9.3,0,0,107,114,116
2036-10-06,Monday,0,0,Autumn,15.2,0,0,116,96,107
2036-10-07,Tuesday,0,0,Autumn,11.8,1,0,107,86,90
2036-10-08,Wednesday,0,0,Autumn,3.1,0,0,90,81,64
2036-10-09,Thursday,0,0,Autumn,10.9,0,0,64,91,67
2036-10-10,Friday,0,0,Autumn,7.7,0,0,67,96,82
2036-10-11,Saturday,1,0,Autumn,11.9,0,0,82,107,102
2036-10-12,Sunday,1,0,Autumn,10.3,0,0,102,116,95
2036-10-13,Monday,0,0,Autumn,3.7,0,0,95,107,90
2036-10-14,Tuesday,0,0,Autumn,9.6,0,0,90,90,91
2036-10-15,Wednesday,0,0,Autumn,9.2,0,1,91,64,87
2036-10-16,Thursday,0,0,Autumn,9.6,1,0,87,67,74
2036-10-17,Friday,0,0,Autumn,10.0,0,0,74,82,72
2036-10-18,Saturday,1,0,Autumn,12.6,1,0,72,102,94
2036-10-19,Sunday,1,0,Autumn,9.3,0,0,94,95,91
2036-10-20,Monday,0,0,Autumn,7.9,0,0,91,90,96
2036-10-21,Tuesday,0,0,Autumn,11.2,0,0,96,91,91
2036-10-22,Wednesday,0,0,Autumn,14.3,1,1,91,87,95
2036-10-23,Thursday,0,0,Autumn,10.2,0,0,95,74,93
2036-10-24,Friday,0,0,Autumn,7.9,0,0,93,72,85
2036-10-25,Saturday,1,0,Autumn,8.4,1,0,85,94,94
2036-10-26,Sunday,1,0,Autumn,7.8,0,0,94,91,89
2036-10-27,Monday,0,0,Autumn,6.9,0,0,89,96,79
2036-10-28,Tuesday,0,0,Autumn,13.2,1,0,79,91,73
2036-10-29,Wednesday,0,0,Autumn,4.4,0,0,73,95,75
2036-10-30,Thursday,0,0,Autumn,9.9,1,0,75,93,94
2036-10-31,Friday,0,0,Autumn,6.0,1,0,94,85,81
2036-11-01,Saturday,1,0,Autumn,1.8,1,0,81,94,90
2036-11-02,Sunday,1,0,Autumn,5.5,0,0,90,89,89
2036-11-03,Monday,0,0,Autumn,4.3,0,0,89,79,71
2036-11-04,Tuesday,0,0,Autumn,7.6,1,0,71,73,74
2036-11-05,Wednesday,0,0,Autumn,6.0,0,0,74,75,70
2036-11-06,Thursday,0,0,Autumn,2.5,0,0,70,94,75
2036-11-07,Friday,0,0,Autumn,9.9,1,0,75,81,87
2036-11-08,Saturday,1,0,Autumn,8.6,1,0,87,90,89
2036-11-09,Sunday,1,0,Autumn,10.0,0,0,89,89,93
2036-11-10,Monday,0,0,Autumn,5.9,1,0,93,71,76
2036-11-11,Tuesday,0,0,Autumn,4.9,0,0,76,74,72
2036-11-12,Wednesday,0,0,Autumn,7.1,1,0,72,70,60
2036-11-13,Thursday,0,0,Autumn,3.1,0,0,60,75,75
2036-11-14,Friday,0,0,Autumn,5.1,0,0,75,87,84
2036-11-15,Saturday,1,0,Autumn,4.1,0,0,84,89,96
2036-11-16,Sunday,1,0,Autumn,0.2,0,0,96,93,93
2036-11-17,Monday,0,0,Autumn,4.9,0,1,93,76,95
2036-11-18,Tuesday,0,0,Autumn,3.1,1,0,95,72,78
2036-11-19,Wednesday,0,0,Autumn,3.6,0,0,78,60,80
2036-11-20,Thursday,0,0,Autumn,5.3,1,0,80,75,69
2036-11-21,Friday,0,0,Autumn,8.0,0,0,69,84,74
2036-11-22,Saturday,1,0,Autumn,1.5,0,0,74,96,99
2036-11-23,Sunday,1,0,Autumn,3.0,1,0,99,93,97
2036-11-24,Monday,0,0,Autumn,1.6,1,0,97,95,96
2036-11-25,Tuesday,0,0,Autumn,1.3,0,0,96,78,86
2036-11-26,Wednesday,0,0,Autumn,2.0,0,0,86,80,77
2036-11-27,Thursday,0,0,Autumn,3.1,0,0,77,69,88
2036-11-28,Friday,0,0,Autumn,5.4,1,0,88,74,69
2036-11-29,Saturday,1,0,Autumn,4.5,1,0,69,99,89
2036-11-30,Sunday,1,0,Autumn,0.4,1,0,89,97,69
2036-12-01,Monday,0,0,Winter,7.4,1,1,69,96,89
2036-12-02,Tuesday,0,0,Winter,6.3,1,0,89,86,71
2036-12-03,Wednesday,0,0,Winter,0.7,1,0,71,77,64
2036-12-04,Thursday,0,0,Winter,7.0,1,0,64,88,64
2036-12-05,Friday,0,0,Winter,4.3,0,0,64,69,74
2036-12-06,Saturday,1,0,Winter,2.8,0,0,74,89,82
2036-12-07,Sunday,1,0,Winter,4.3,1,0,82,69,85
2036-12-08,Monday,0,0,Winter,3.1,1,0,85,89,70
2036-12-09,Tuesday,0,0,Winter,4.8,1,0,70,71,56
2036-12-10,Wednesday,0,0,Winter,3.7,0,0,56,64,57
2036-12-11,Thursday,0,0,Winter,2.1,1,1,57,64,78
2036-12-12,Friday,0,0,Winter,-3.0,0,0,78,74,82
2036-12-13,Saturday,1,0,Winter,4.6,0,0,82,82,94
2036-12-14,Sunday,1,0,Winter,1.9,1,0,94,85,81
2036-12-15,Monday,0,0,Winter,5.4,0,0,81,70,62
2036-12-16,Tuesday,0,0,Winter,4.5,0,0,62,56,70
2036-12-17,Wednesday,0,0,Winter,2.0,1,0,70,57,51
2036-12-18,Thursday,0,0,Winter,6.1,1,1,51,78,69
2036-12-19,Friday,0,0,Winter,3.6,0,0,69,82,71
2036-12-20,Saturday,1,0,Winter,3.5,0,0,71,94,84
2036-12-21,Sunday,1,0,Winter,2.6,1,0,84,81,67
2036-12-22,Monday,0,0,Winter,8.1,1,0,67,62,67
2036-12-23,Tuesday,0,0,Winter,0.9,1,0,67,70,71
2036-12-24,Wednesday,0,1,Winter,2.1,0,0,71,51,76
2036-12-25,Thursday,0,1,Winter,-0.7,1,0,76,69,66
2036-12-26,Friday,0,1,Winter,5.3,1,0,66,71,78
2036-12-27,Saturday,1,0,Winter,1.3,0,0,78,84,82
2036-12-28,Sunday,1,0,Winter,1.7,1,0,82,67,74
2036-12-29,Monday,0,0,Winter,1.6,0,0,74,67,78
2036-12-30,Tuesday,0,0,Winter,3.4,1,0,78,71,64
2036-12-31,Wednesday,0,1,Winter,-0.5,0,0,64,76,76
2037-01-01,Thursday,0,1,Winter,-3.5,0,0,76,66,62
2037-01-02,Friday,0,0,Winter,4.6,0,0,62,78,72
2037-01-03,Saturday,1,0,Winter,-3.0,0,0,72,82,85
2037-01-04,Sunday,1,0,Winter,5.9,0,0,85,74,81
2037-01-05,Monday,0,0,Winter,8.1,0,0,81,78,79
2037-01-06,Tuesday,0,0,Winter,2.9,1,0,79,64,60
2037-01-07,Wednesday,0,0,Winter,7.4,0,1,60,76,71
2037-01-08,Thursday,0,0,Winter,3.5,0,0,71,62,67
2037-01-09,Friday,0,0,Winter,8.4,0,1,67,72,78
2037-01-10,Saturday,1,0,Winter,2.3,1,0,78,85,87
2037-01-11,Sunday,1,0,Winter,-3.4,0,0,87,81,89
2037-01-12,Monday,0,0,Winter,3.6,1,0,89,79,78
2037-01-13,Tuesday,0,0,Winter,9.0,0,0,78,60,52
2037-01-14,Wednesday,0,0,Winter,5.5,0,0,52,71,59
2037-01-15,Thursday,0,0,Winter,2.5,1,0,59,67,67
2037-01-16,Friday,0,0,Winter,5.1,1,0,67,78,70
2037-01-17,Saturday,1,0,Winter,7.1,1,0,70,87,78
2037-01-18,Sunday,1,0,Winter,4.0,0,0,78,89,89
2037-01-19,Monday,0,0,Winter,12.2,0,0,89,78,87
2037-01-20,Tuesday,0,0,Winter,2.9,0,0,87,52,73
2037-01-21,Wednesday,0,0,Winter,7.5,0,0,73,59,58
2037-01-22,Thursday,0,0,Winter,6.9,1,0,58,67,54
2037-01-23,Friday,0,0,Winter,2.6,0,0,54,70,68
2037-01-24,Saturday,1,0,Winter,3.5,0,0,68,78,63
2037-01-25,Sunday,1,0,Winter,7.9,0,0,63,89,89
2037-01-26,Monday,0,0,Winter,5.4,0,0,89,87,81
2037-01-27,Tuesday,0,0,Winter,6.1,0,0,81,73,69
2037-01-28,Wednesday,0,0,Winter,0.3,0,0,69,58,59
2037-01-29,Thursday,0,0,Winter,7.3,1,0,59,54,68
2037-01-30,Friday,0,0,Winter,6.3,0,0,68,68,64
2037-01-31,Saturday,1,0,Winter,5.3,0,0,64,63,59
2037-02-01,Sunday,1,0,Winter,6.7,0,0,59,89,68
2037-02-02,Monday,0,0,Winter,4.5,0,0,68,81,71
2037-02-03,Tuesday,0,0,Winter,4.1,0,0,71,69,79
2037-02-04,Wednesday,0,0,Winter,5.3,1,0,79,59,75
2037-02-05,Thursday,0,0,Winter,4.7,0,0,75,68,69
2037-02-06,Friday,0,0,Winter,12.8,0,0,69,64,77
2037-02-07,Saturday,1,0,Winter,9.1,1,0,77,59,78
2037-02-08,Sunday,1,0,Winter,3.6,0,0,78,68,78
2037-02-09,Monday,0,0,Winter,12.8,0,0,78,71,60
2037-02-10,Tuesday,0,0,Winter,5.5,1,0,60,79,60
2037-02-11,Wednesday,0,0,Winter,7.0,0,0,60,75,72
2037-02-12,Thursday,0,0,Winter,9.7,0,0,72,69,87
2037-02-13,Friday,0,0,Winter,1.3,1,0,87,77,81
2037-02-14,Saturday,1,0,Winter,6.6,1,0,81,78,90
2037-02-15,Sunday,1,0,Winter,5.8,0,0,90,78,92
2037-02-16,Monday,0,0,Winter,8.2,1,0,92,60,69
2037-02-17,Tuesday,0,0,Winter,8.9,0,1,69,60,64
2037-02-18,Wednesday,0,0,Winter,7.7,1,0,64,72,72
2037-02-19,Thursday,0,0,Winter,7.7,0,0,72,87,91
2037-02-20,Friday,0,0,Winter,11.4,0,0,91,81,86
2037-02-21,Saturday,1,0,Winter,9.3,1,0,86,90,97
2037-02-22,Sunday,1,0,Winter,8.6,0,0,97,92,95
2037-02-23,Monday,0,0,Winter,9.1,1,0,95,69,66
2037-02-24,Tuesday,0,0,Winter,14.3,0,0,66,64,68
2037-02-25,Wednesday,0,0,Winter,9.5,1,0,68,72,63
2037-02-26,Thursday,0,0,Winter,7.6,0,0,63,91,78
2037-02-27,Friday,0,0,Winter,3.6,0,0,78,86,84
2037-02-28,Saturday,1,0,Winter,5.2,0,0,84,97,87
2037-03-01,Sunday,1,0,Spring,8.2,0,0,87,95,84
2037-03-02,Monday,0,0,Spring,9.5,0,0,84,66,73
2037-03-03,Tuesday,0,0,Spring,8.3,0,0,73,68,83
2037-03-04,Wednesday,0,0,Spring,11.2,1,0,83,63,66
2037-03-05,Thursday,0,0,Spring,8.6,0,0,66,78,81
2037-03-06,Friday,0,0,Spring,7.7,0,0,81,84,90
2037-03-07,Saturday,1,0,Spring,12.5,0,0,90,87,93
2037-03-08,Sunday,1,0,Spring,14.9,0,0,93,84,89
2037-03-09,Monday,0,0,Spring,7.6,1,0,89,73,81
2037-03-10,Tuesday,0,0,Spring,11.9,0,0,81,83,82
2037-03-11,Wednesday,0,0,Spring,5.6,0,0,82,66,72
2037-03-12,Thursday,0,0,Spring,7.0,0,0,72,81,82
2037-03-13,Friday,0,0,Spring,9.9,0,0,82,90,101
2037-03-14,Saturday,1,0,Spring,15.2,0,0,101,93,113
2037-03-15,Sunday,1,0,Spring,9.6,0,0,113,89,104
2037-03-16,Monday,0,0,Spring,9.7,1,0,104,81,63
2037-03-17,Tuesday,0,0,Spring,12.4,0,0,63,82,72
2037-03-18,Wednesday,0,0,Spring,12.6,0,0,72,72,69
2037-03-19,Thursday,0,0,Spring,10.3,0,0,69,82,77
2037-03-20,Friday,0,0,Spring,18.8,0,0,77,101,92
2037-03-21,Saturday,1,0,Spring,12.2,1,0,92,113,100
2037-03-22,Sunday,1,0,Spring,13.5,1,0,100,104,108
2037-03-23,Monday,0,0,Spring,12.1,0,0,108,63,86
2037-03-24,Tuesday,0,0,Spring,14.8,0,0,86,72,80
2037-03-25,Wednesday,0,0,Spring,17.4,1,0,80,69,81
2037-03-26,Thursday,0,0,Spring,18.9,1,0,81,77,76
2037-03-27,Friday,0,0,Spring,11.7,1,0,76,92,82
2037-03-28,Saturday,1,0,Spring,17.5,0,0,82,100,90
2037-03-29,Sunday,1,0,Spring,16.0,0,0,90,108,106
2037-03-30,Monday,0,0,Spring,17.5,0,0,106,86,97
2037-03-31,Tuesday,0,0,Spring,14.4,0,0,97,80,104
2037-04-01,Wednesday,0,0,Spring,14.3,1,0,104,81,79
2037-04-02,Thursday,0,0,Spring,17.9,0,1,79,76,99
2037-04-03,Friday,0,0,Spring,18.1,0,0,99,82,86
2037-04-04,Saturday,1,0,Spring,20.1,0,1,86,90,100
2037-04-05,Sunday,1,0,Spring,16.1,0,0,100,106,90
2037-04-06,Monday,0,0,Spring,15.4,1,0,90,97,87
2037-04-07,Tuesday,0,0,Spring,8.5,0,0,87,104,91
2037-04-08,Wednesday,0,0,Spring,11.2,0,0,91,79,84
2037-04-09,Thursday,0,0,Spring,15.0,1,0,84,99,74
2037-04-10,Friday,0,0,Spring,13.1,0,1,74,86,90
2037-04-11,Saturday,1,0,Spring,19.0,0,0,90,100,104
2037-04-12,Sunday,1,0,Spring,12.8,0,0,104,90,95
2037-04-13,Monday,0,0,Spring,15.4,0,0,95,87,89
2037-04-14,Tuesday,0,0,Spring,15.6,0,0,89,91,97
2037-04-15,Wednesday,0,0,Spring,20.8,0,1,97,84,98
2037-04-16,Thursday,0,0,Spring,15.5,0,1,98,74,92
2037-04-17,Friday,0,0,Spring,18.8,0,0,92,90,97
2037-04-18,Saturday,1,0,Spring,18.2,1,0,97,104,117
2037-04-19,Sunday,1,0,Spring,20.5,0,0,117,95,115
2037-04-20,Monday,0,0,Spring,20.5,0,1,115,89,98
2037-04-21,Tuesday,0,0,Spring,18.0,0,0,98,97,106
2037-04-22,Wednesday,0,0,Spring,13.1,0,0,106,98,96
2037-04-23,Thursday,0,0,Spring,17.7,0,0,96,92,95
2037-04-24,Friday,0,0,Spring,18.5,0,0,95,97,92
2037-04-25,Saturday,1,0,Spring,19.5,0,0,92,117,110
2037-04-26,Sunday,1,0,Spring,16.6,0,0,110,115,99
2037-04-27,Monday,0,0,Spring,22.4,0,0,99,98,90
2037-04-28,Tuesday,0,0,Spring,19.1,1,0,90,106,96
2037-04-29,Wednesday,0,0,Spring,16.5,0,0,96,96,96
2037-04-30,Thursday,0,0,Spring,18.0,1,0,96,95,89
2037-05-01,Friday,0,1,Spring,25.3,0,0,89,92,104
2037-05-02,Saturday,1,0,Spring,21.6,0,0,104,110,119
2037-05-03,Sunday,1,0,Spring,22.9,0,0,119,99,117
2037-05-04,Monday,0,0,Spring,16.7,0,0,117,90,106
2037-05-05,Tuesday,0,0,Spring,17.9,1,0,106,96,88
2037-05-06,Wednesday,0,0,Spring,18.1,0,0,88,96,87
2037-05-07,Thursday,0,0,Spring,20.8,0,0,87,89,107
2037-05-08,Friday,0,0,Spring,19.8,0,0,107,104,106
2037-05-09,Saturday,1,0,Spring,19.0,0,0,106,119,113
2037-05-10,Sunday,1,0,Spring,19.5,1,0,113,117,113
2037-05-11,Monday,0,0,Spring,18.3,0,0,113,106,106
2037-05-12,Tuesday,0,0,Spring,20.3,0,0,106,88,91
2037-05-13,Wednesday,0,0,Spring,24.2,0,0,91,87,76
2037-05-14,Thursday,0,0,Spring,16.5,0,0,76,107,89
2037-05-15,Friday,0,0,Spring,22.2,0,0,89,106,102
2037-05-16,Saturday,1,0,Spring,25.4,0,0,102,113,103
2037-05-17,Sunday,1,0,Spring,20.8,0,0,103,113,112
2037-05-18,Monday,0,0,Spring,19.8,1,0,112,106,104
2037-05-19,Tuesday,0,0,Spring,24.3,0,0,104,91,107
2037-05-20,Wednesday,0,0,Spring,18.6,1,0,107,76,85
2037-05-21,Thursday,0,0,Spring,21.6,1,0,85,89,92
2037-05-22,Friday,0,0,Spring,18.6,0,0,92,102,105
2037-05-23,Saturday,1,0,Spring,16.2,1,1,105,103,124
2037-05-24,Sunday,1,0,Spring,21.5,0,0,124,112,126
2037-05-25,Monday,0,0,Spring,18.2,0,0,126,104,117
2037-05-26,Tuesday,0,0,Spring,22.0,1,1,117,107,115
2037-05-27,Wednesday,0,0,Spring,25.5,0,0,115,85,101
2037-05-28,Thursday,0,0,Spring,27.8,1,1,101,92,117
2037-05-29,Friday,0,0,Spring,22.6,1,0,117,105,103
2037-05-30,Saturday,1,0,Spring,25.4,1,0,103,124,126
2037-05-31,Sunday,1,0,Spring,23.6,0,0,126,126,131
2037-06-01,Monday,0,0,Summer,21.3,0,0,131,117,117
2037-06-02,Tuesday,0,0,Summer,16.7,0,0,117,115,100
2037-06-03,Wednesday,0,0,Summer,27.4,0,0,100,101,105
2037-06-04,Thursday,0,0,Summer,19.5,1,0,105,117,103
2037-06-05,Friday,0,0,Summer,26.8,0,0,103,103,101
2037-06-06,Saturday,1,0,Summer,24.3,0,0,101,126,116
2037-06-07,Sunday,1,0,Summer,19.8,1,0,116,131,126
2037-06-08,Monday,0,0,Summer,23.7,0,0,126,117,118
2037-06-09,Tuesday,0,0,Summer,29.2,0,0,118,100,111
2037-06-10,Wednesday,0,0,Summer,27.5,0,0,111,105,101
2037-06-11,Thursday,0,0,Summer,21.3,0,1,101,103,112
2037-06-12,Friday,0,0,Summer,20.8,0,0,112,101,124
2037-06-13,Saturday,1,0,Summer,23.2,0,0,124,116,127
2037-06-14,Sunday,1,0,Summer,22.4,1,0,127,126,122
2037-06-15,Monday,0,0,Summer,26.6,0,0,122,118,123
2037-06-16,Tuesday,0,0,Summer,25.2,0,0,123,111,125
2037-06-17,Wednesday,0,0,Summer,17.9,1,0,125,101,119
2037-06-18,Thursday,0,0,Summer,24.4,0,1,119,112,128
2037-06-19,Friday,0,0,Summer,22.5,0,0,128,124,116
2037-06-20,Saturday,1,0,Summer,23.1,0,0,116,127,134
2037-06-21,Sunday,1,0,Summer,23.7,1,0,134,122,124
2037-06-22,Monday,0,0,Summer,26.6,1,0,124,123,113
2037-06-23,Tuesday,0,0,Summer,25.9,0,0,113,125,109
2037-06-24,Wednesday,0,0,Summer,20.7,0,1,109,119,123
2037-06-25,Thursday,0,0,Summer,22.8,1,0,123,128,127
2037-06-26,Friday,0,0,Summer,21.6,1,0,127,116,116
2037-06-27,Saturday,1,0,Summer,17.9,0,0,116,134,131
2037-06-28,Sunday,1,0,Summer,22.6,0,0,131,124,137
2037-06-29,Monday,0,0,Summer,28.4,0,0,137,113,126
2037-06-30,Tuesday,0,0,Summer,17.7,0,0,126,109,114
2037-07-01,Wednesday,0,0,Summer,22.8,0,0,114,123,115
2037-07-02,Thursday,0,0,Summer,22.6,0,0,115,127,115
2037-07-03,Friday,0,0,Summer,23.6,0,0,115,116,125
2037-07-04,Saturday,1,0,Summer,19.8,1,0,125,131,135
2037-07-05,Sunday,1,0,Summer,18.4,0,0,135,137,134
2037-07-06,Monday,0,0,Summer,18.5,1,0,134,126,115
2037-07-07,Tuesday,0,0,Summer,26.6,0,0,115,114,118
2037-07-08,Wednesday,0,0,Summer,19.6,1,0,118,115,104
2037-07-09,Thursday,0,0,Summer,21.0,0,0,104,115,119
2037-07-10,Friday,0,0,Summer,28.7,0,0,119,125,134
2037-07-11,Saturday,1,0,Summer,20.2,0,0,134,135,139
2037-07-12,Sunday,1,0,Summer,23.3,0,0,139,134,133
2037-07-13,Monday,0,0,Summer,25.4,0,0,133,115,120
2037-07-14,Tuesday,0,0,Summer,25.2,0,0,120,118,105
2037-07-15,Wednesday,0,0,Summer,18.1,0,0,105,104,99
2037-07-16,Thursday,0,0,Summer,19.9,1,0,99,119,111
2037-07-17,Friday,0,0,Summer,22.9,0,1,111,134,125
2037-07-18,Saturday,1,0,Summer,27.7,0,0,125,139,153
2037-07-19,Sunday,1,0,Summer,19.5,0,0,153,133,137
2037-07-20,Monday,0,0,Summer,20.2,0,0,137,120,116
2037-07-21,Tuesday,0,0,Summer,22.9,0,1,116,105,121
2037-07-22,Wednesday,0,0,Summer,23.4,0,0,121,99,115
2037-07-23,Thursday,0,0,Summer,23.5,0,0,115,111,125
2037-07-24,Friday,0,0,Summer,18.8,0,0,125,125,123
2037-07-25,Saturday,1,0,Summer,19.7,0,1,123,153,137
2037-07-26,Sunday,1,0,Summer,21.8,0,0,137,137,131
2037-07-27,Monday,0,0,Summer,24.9,0,0,131,116,129
2037-07-28,Tuesday,0,0,Summer,20.3,0,0,129,121,131
2037-07-29,Wednesday,0,0,Summer,20.8,1,0,131,115,113
2037-07-30,Thursday,0,0,Summer,17.7,0,0,113,125,115
2037-07-31,Friday,0,0,Summer,26.2,1,0,115,123,129
2037-08-01,Saturday,1,0,Summer,21.0,0,0,129,137,140
2037-08-02,Sunday,1,0,Summer,23.7,1,0,140,131,128
2037-08-03,Monday,0,0,Summer,20.4,0,1,128,129,120
2037-08-04,Tuesday,0,0,Summer,20.4,0,0,120,131,114
2037-08-05,Wednesday,0,0,Summer,15.6,0,0,114,113,116
2037-08-06,Thursday,0,0,Summer,13.5,1,0,116,115,99
2037-08-07,Friday,0,0,Summer,23.6,0,0,99,129,117
2037-08-08,Saturday,1,0,Summer,19.9,0,0,117,140,127
2037-08-09,Sunday,1,0,Summer,20.2,0,0,127,128,122
2037-08-10,Monday,0,0,Summer,15.7,0,0,122,120,110
2037-08-11,Tuesday,0,0,Summer,16.6,0,0,110,114,114
2037-08-12,Wednesday,0,0,Summer,22.4,0,0,114,116,117
2037-08-13,Thursday,0,0,Summer,24.3,0,0,117,99,120
2037-08-14,Friday,0,0,Summer,17.0,0,0,120,117,113
2037-08-15,Saturday,1,0,Summer,20.8,0,1,113,127,120
2037-08-16,Sunday,1,0,Summer,19.2,0,0,120,122,123
2037-08-17,Monday,0,0,Summer,18.1,0,0,123,110,112
2037-08-18,Tuesday,0,0,Summer,23.9,0,0,112,114,108
2037-08-19,Wednesday,0,0,Summer,16.8,0,0,108,117,95
2037-08-20,Thursday,0,0,Summer,21.8,0,0,95,120,114
2037-08-21,Friday,0,0,Summer,19.0,0,0,114,113,95
2037-08-22,Saturday,1,0,Summer,17.7,1,0,95,120,114
2037-08-23,Sunday,1,0,Summer,21.7,0,0,114,123,125
2037-08-24,Monday,0,0,Summer,18.3,0,0,125,112,118
2037-08-25,Tuesday,0,0,Summer,17.0,1,0,118,108,106
2037-08-26,Wednesday,0,0,Summer,21.2,1,1,106,95,92
2037-08-27,Thursday,0,0,Summer,20.7,0,0,92,114,93
2037-08-28,Friday,0,0,Summer,20.4,0,0,93,95,96
2037-08-29,Saturday,1,0,Summer,5.0,0,0,96,114,119
2037-08-30,Sunday,1,0,Summer,17.8,0,0,119,125,128
2037-08-31,Monday,0,0,Summer,16.9,0,0,128,118,115
2037-09-01,Tuesday,0,0,Autumn,16.0,0,0,115,106,100
2037-09-02,Wednesday,0,0,Autumn,17.8,0,0,100,92,96
2037-09-03,Thursday,0,0,Autumn,16.6,0,0,96,93,101
2037-09-04,Friday,0,0,Autumn,17.7,0,0,101,96,104
2037-09-05,Saturday,1,0,Autumn,14.7,0,0,104,119,102
2037-09-06,Sunday,1,0,Autumn,19.8,0,0,102,128,123
2037-09-07,Monday,0,0,Autumn,17.5,0,0,123,115,113
2037-09-08,Tuesday,0,0,Autumn,16.6,0,0,113,100,98
2037-09-09,Wednesday,0,0,Autumn,16.3,1,0,98,96,94
2037-09-10,Thursday,0,0,Autumn,18.1,0,0,94,101,106
2037-09-11,Friday,0,0,Autumn,17.5,1,0,106,104,106
2037-09-12,Saturday,1,0,Autumn,14.0,1,0,106,102,108
2037-09-13,Sunday,1,0,Autumn,17.1,0,0,108,123,123
2037-09-14,Monday,0,0,Autumn,14.5,1,0,123,113,100
2037-09-15,Tuesday,0,0,Autumn,19.5,0,1,100,98,97
2037-09-16,Wednesday,0,0,Autumn,16.9,1,0,97,94,88
2037-09-17,Thursday,0,0,Autumn,11.6,0,0,88,106,99
2037-09-18,Friday,0,0,Autumn,20.3,1,0,99,106,108
2037-09-19,Saturday,1,0,Autumn,6.8,0,0,108,108,109
2037-09-20,Sunday,1,0,Autumn,14.8,1,0,109,123,103
2037-09-21,Monday,0,0,Autumn,10.7,0,0,103,100,106
2037-09-22,Tuesday,0,0,Autumn,18.2,1,0,106,97,87
2037-09-23,Wednesday,0,0,Autumn,13.2,1,0,87,88,80
2037-09-24,Thursday,0,0,Autumn,9.9,1,0,80,99,79
2037-09-25,Friday,0,0,Autumn,11.3,0,0,79,108,100
2037-09-26,Saturday,1,0,Autumn,9.8,0,0,100,109,104
2037-09-27,Sunday,1,0,Autumn,10.8,1,0,104,103,111
2037-09-28,Monday,0,0,Autumn,10.6,0,0,111,106,105
2037-09-29,Tuesday,0,0,Autumn,9.1,0,0,105,87,85
2037-09-30,Wednesday,0,0,Autumn,12.0,1,0,85,80,77
2037-10-01,Thursday,0,0,Autumn,12.2,1,0,77,79,74
2037-10-02,Friday,0,0,Autumn,7.9,0,0,74,100,96
2037-10-03,Saturday,1,0,Autumn,5.7,0,0,96,104,106
2037-10-04,Sunday,1,0,Autumn,11.5,1,0,106,111,92
2037-10-05,Monday,0,0,Autumn,12.0,0,0,92,105,95
2037-10-06,Tuesday,0,0,Autumn,12.4,1,0,95,85,84
2037-10-07,Wednesday,0,0,Autumn,11.7,1,0,84,77,69
2037-10-08,Thursday,0,0,Autumn,14.6,0,0,69,74,71
2037-10-09,Friday,0,0,Autumn,12.7,1,0,71,96,81
2037-10-10,Saturday,1,0,Autumn,17.6,1,0,81,106,81
2037-10-11,Sunday,1,0,Autumn,18.7,0,0,81,92,94
2037-10-12,Monday,0,0,Autumn,4.0,0,0,94,95,86
2037-10-13,Tuesday,0,0,Autumn,2.5,1,0,86,84,74
2037-10-14,Wednesday,0,0,Autumn,8.9,0,0,74,69,74
2037-10-15,Thursday,0,0,Autumn,10.3,1,0,74,71,72
2037-10-16,Friday,0,0,Autumn,8.4,0,0,72,81,73
2037-10-17,Saturday,1,0,Autumn,10.6,0,0,73,81,81
2037-10-18,Sunday,1,0,Autumn,7.5,1,0,81,94,80
2037-10-19,Monday,0,0,Autumn,6.1,0,0,80,86,82
2037-10-20,Tuesday,0,0,Autumn,6.4,0,0,82,74,69
2037-10-21,Wednesday,0,0,Autumn,7.3,0,0,69,74,68
2037-10-22,Thursday,0,0,Autumn,10.2,1,0,68,72,71
2037-10-23,Friday,0,0,Autumn,6.1,1,0,71,73,63
2037-10-24,Saturday,1,0,Autumn,6.6,0,0,63,81,76
2037-10-25,Sunday,1,0,Autumn,9.0,1,0,76,80,80
2037-10-26,Monday,0,0,Autumn,6.5,1,0,80,82,74
2037-10-27,Tuesday,0,0,Autumn,10.4,0,0,74,69,75
2037-10-28,Wednesday,0,0,Autumn,4.1,0,1,75,68,74
2037-10-29,Thursday,0,0,Autumn,3.3,1,0,74,71,63
2037-10-30,Friday,0,0,Autumn,7.5,0,0,63,63,68
2037-10-31,Saturday,1,0,Autumn,7.7,0,1,68,76,90
2037-11-01,Sunday,1,0,Autumn,3.7,0,0,90,80,85
2037-11-02,Monday,0,0,Autumn,10.2,0,0,85,74,70
2037-11-03,Tuesday,0,0,Autumn,11.9,0,0,70,75,89
2037-11-04,Wednesday,0,0,Autumn,4.1,0,0,89,74,74
2037-11-05,Thursday,0,0,Autumn,10.3,0,0,74,63,65
2037-11-06,Friday,0,0,Autumn,-1.4,1,0,65,68,61
2037-11-07,Saturday,1,0,Autumn,8.8,0,0,61,90,88
2037-11-08,Sunday,1,0,Autumn,2.9,0,0,88,85,91
2037-11-09,Monday,0,0,Autumn,8.3,0,0,91,70,91
2037-11-10,Tuesday,0,0,Autumn,2.4,0,0,91,89,76
2037-11-11,Wednesday,0,0,Autumn,5.0,1,0,76,74,69
2037-11-12,Thursday,0,0,Autumn,2.6,0,1,69,65,84
2037-11-13,Friday,0,0,Autumn,4.3,1,1,84,61,76
2037-11-14,Saturday,1,0,Autumn,10.3,0,0,76,88,97
2037-11-15,Sunday,1,0,Autumn,4.4,1,0,97,91,90
2037-11-16,Monday,0,0,Autumn,11.0,1,0,90,91,77
2037-11-17,Tuesday,0,0,Autumn,3.4,0,0,77,76,61
2037-11-18,Wednesday,0,0,Autumn,8.9,1,0,61,69,68
2037-11-19,Thursday,0,0,Autumn,-0.5,1,0,68,84,80
2037-11-20,Friday,0,0,Autumn,3.4,1,0,80,76,80
2037-11-21,Saturday,1,0,Autumn,2.6,1,0,80,97,89
2037-11-22,Sunday,1,0,Autumn,8.7,1,0,89,90,90
2037-11-23,Monday,0,0,Autumn,4.6,0,0,90,77,85
2037-11-24,Tuesday,0,0,Autumn,-2.3,0,0,85,61,79
2037-11-25,Wednesday,0,0,Autumn,-0.0,1,0,79,68,48
2037-11-26,Thursday,0,0,Autumn,0.8,1,0,48,80,58
2037-11-27,Friday,0,0,Autumn,6.6,0,0,58,80,69
2037-11-28,Saturday,1,0,Autumn,6.1,0,0,69,89,86
2037-11-29,Sunday,1,0,Autumn,2.7,0,0,86,90,85
2037-11-30,Monday,0,0,Autumn,1.9,0,0,85,85,81
2037-12-01,Tuesday,0,0,Winter,5.7,0,0,81,79,78
2037-12-02,Wednesday,0,0,Winter,0.1,0,0,78,48,51
2037-12-03,Thursday,0,0,Winter,4.8,1,0,51,58,40
2037-12-04,Friday,0,0,Winter,4.5,0,0,40,69,65
2037-12-05,Saturday,1,0,Winter,2.5,1,0,65,86,69
2037-12-06,Sunday,1,0,Winter,4.5,1,0,69,85,86
2037-12-07,Monday,0,0,Winter,3.6,1,0,86,81,79
2037-12-08,Tuesday,0,0,Winter,4.7,0,0,79,78,61
2037-12-09,Wednesday,0,0,Winter,-0.8,0,0,61,51,51
2037-12-10,Thursday,0,0,Winter,5.0,1,0,51,40,52
2037-12-11,Friday,0,0,Winter,6.2,1,0,52,65,58
2037-12-12,Saturday,1,0,Winter,4.1,0,1,58,69,78
2037-12-13,Sunday,1,0,Winter,4.9,0,0,78,86,74
2037-12-14,Monday,0,0,Winter,2.7,1,0,74,79,69
2037-12-15,Tuesday,0,0,Winter,5.7,0,0,69,61,65
2037-12-16,Wednesday,0,0,Winter,3.2,0,0,65,51,66
2037-12-17,Thursday,0,0,Winter,-0.4,1,0,66,52,58
2037-12-18,Friday,0,0,Winter,5.5,1,0,58,58,57
2037-12-19,Saturday,1,0,Winter,-1.9,0,0,57,78,72
2037-12-20,Sunday,1,0,Winter,3.8,1,0,72,74,75
2037-12-21,Monday,0,0,Winter,1.8,0,0,75,69,67
2037-12-22,Tuesday,0,0,Winter,1.7,1,0,67,65,69
2037-12-23,Wednesday,0,0,Winter,3.5,1,0,69,66,56
2037-12-24,Thursday,0,1,Winter,0.9,0,0,56,58,72
2037-12-25,Friday,0,1,Winter,4.6,1,0,72,57,65
2037-12-26,Saturday,1,1,Winter,3.2,1,0,65,72,82
2037-12-27,Sunday,1,0,Winter,1.2,0,0,82,75,65
2037-12-28,Monday,0,0,Winter,7.1,1,0,65,67,59
2037-12-29,Tuesday,0,0,Winter,3.7,1,0,59,69,65
2037-12-30,Wednesday,0,0,Winter,5.0,0,0,65,56,60
2037-12-31,Thursday,0,1,Winter,7.4,0,1,60,72,81
2038-01-01,Friday,0,1,Winter,7.4,0,0,81,65,86
2038-01-02,Saturday,1,0,Winter,5.0,1,1,86,82,76
2038-01-03,Sunday,1,0,Winter,2.4,0,0,76,65,76
2038-01-04,Monday,0,0,Winter,-0.9,0,0,76,59,57
2038-01-05,Tuesday,0,0,Winter,4.0,1,0,57,65,63
2038-01-06,Wednesday,0,0,Winter,6.7,0,0,63,60,63
2038-01-07,Thursday,0,0,Winter,4.6,0,0,63,81,72
2038-01-08,Friday,0,0,Winter,-5.0,0,0,72,86,66
2038-01-09,Saturday,1,0,Winter,6.2,0,0,66,76,83
2038-01-10,Sunday,1,0,Winter,6.5,1,0,83,76,79
2038-01-11,Monday,0,0,Winter,2.8,0,0,79,57,55
2038-01-12,Tuesday,0,0,Winter,6.8,0,0,55,63,56
2038-01-13,Wednesday,0,0,Winter,5.7,0,0,56,63,65
2038-01-14,Thursday,0,0,Winter,1.9,1,0,65,72,65
2038-01-15,Friday,0,0,Winter,7.8,0,0,65,66,76
2038-01-16,Saturday,1,0,Winter,0.3,0,0,76,83,79
2038-01-17,Sunday,1,0,Winter,4.0,1,0,79,79,85
2038-01-18,Monday,0,0,Winter,3.8,0,0,85,55,78
2038-01-19,Tuesday,0,0,Winter,1.9,1,1,78,56,58
2038-01-20,Wednesday,0,0,Winter,5.3,0,0,58,65,66
2038-01-21,Thursday,0,0,Winter,8.4,1,0,66,65,76
2038-01-22,Friday,0,0,Winter,8.3,0,0,76,76,82
2038-01-23,Saturday,1,0,Winter,6.9,1,0,82,79,82
2038-01-24,Sunday,1,0,Winter,-0.3,1,0,82,85,68
2038-01-25,Monday,0,0,Winter,0.9,1,0,68,78,60
2038-01-26,Tuesday,0,0,Winter,5.5,0,1,60,58,64
2038-01-27,Wednesday,0,0,Winter,5.0,1,0,64,66,67
2038-01-28,Thursday,0,0,Winter,3.7,0,0,67,76,77
2038-01-29,Friday,0,0,Winter,11.0,0,0,77,82,81
2038-01-30,Saturday,1,0,Winter,5.7,0,0,81,82,79
2038-01-31,Sunday,1,0,Winter,7.2,0,0,79,68,63
2038-02-01,Monday,0,0,Winter,8.6,1,0,63,60,63
2038-02-02,Tuesday,0,0,Winter,5.9,1,0,63,64,63
2038-02-03,Wednesday,0,0,Winter,13.7,1,0,63,67,50
2038-02-04,Thursday,0,0,Winter,3.2,1,0,50,77,63
2038-02-05,Friday,0,0,Winter,4.3,1,1,63,81,83
2038-02-06,Saturday,1,0,Winter,3.4,1,0,83,79,62
2038-02-07,Sunday,1,0,Winter,11.1,0,0,62,63,64
2038-02-08,Monday,0,0,Winter,8.9,0,0,64,63,81
2038-02-09,Tuesday,0,0,Winter,5.0,1,0,81,63,67
2038-02-10,Wednesday,0,0,Winter,4.2,1,0,67,50,74
2038-02-11,Thursday,0,0,Winter,11.1,1,0,74,63,71
2038-02-12,Friday,0,0,Winter,8.1,1,0,71,83,83
2038-02-13,Saturday,1,0,Winter,11.4,1,0,83,62,78
2038-02-14,Sunday,1,0,Winter,7.2,0,0,78,64,72
2038-02-15,Monday,0,0,Winter,9.0,0,1,72,81,68
2038-02-16,Tuesday,0,0,Winter,8.5,0,0,68,67,71
2038-02-17,Wednesday,0,0,Winter,5.9,1,0,71,74,61
2038-02-18,Thursday,0,0,Winter,7.5,0,0,61,71,61
2038-02-19,Friday,0,0,Winter,4.5,0,0,61,83,62
2038-02-20,Saturday,1,0,Winter,9.7,0,0,62,78,78
2038-02-21,Sunday,1,0,Winter,10.7,1,0,78,72,83
2038-02-22,Monday,0,0,Winter,11.5,0,1,83,68,80
2038-02-23,Tuesday,0,0,Winter,10.7,1,0,80,71,69
2038-02-24,Wednesday,0,0,Winter,8.4,0,0,69,61,78
2038-02-25,Thursday,0,0,Winter,13.6,0,0,78,61,64
2038-02-26,Friday,0,0,Winter,11.8,1,0,64,62,81
2038-02-27,Saturday,1,0,Winter,13.5,0,0,81,78,79
2038-02-28,Sunday,1,0,Winter,13.8,1,0,79,83,81
2038-03-01,Monday,0,0,Spring,9.3,0,1,81,80,89
2038-03-02,Tuesday,0,0,Spring,11.0,0,0,89,69,88
2038-03-03,Wednesday,0,0,Spring,12.3,1,0,88,78,70
2038-03-04,Thursday,0,0,Spring,6.7,1,0,70,64,70
2038-03-05,Friday,0,0,Spring,6.9,0,0,70,81,76
2038-03-06,Saturday,1,0,Spring,6.6,0,1,76,79,100
2038-03-07,Sunday,1,0,Spring,10.3,0,0,100,81,91
2038-03-08,Monday,0,0,Spring,9.8,0,0,91,89,72
2038-03-09,Tuesday,0,0,Spring,6.6,0,0,72,88,79
2038-03-10,Wednesday,0,0,Spring,11.6,0,0,79,70,78
2038-03-11,Thursday,0,0,Spring,11.0,1,0,78,70,89
2038-03-12,Friday,0,0,Spring,15.0,0,0,89,76,97
2038-03-13,Saturday,1,0,Spring,17.7,1,0,97,100,97
2038-03-14,Sunday,1,0,Spring,13.2,0,0,97,91,105
2038-03-15,Monday,0,0,Spring,9.9,0,0,105,72,88
2038-03-16,Tuesday,0,0,Spring,14.1,1,0,88,79,87
2038-03-17,Wednesday,0,0,Spring,12.3,0,1,87,78,87
2038-03-18,Thursday,0,0,Spring,11.8,0,0,87,89,87
2038-03-19,Friday,0,0,Spring,10.1,0,0,87,97,98
2038-03-20,Saturday,1,0,Spring,11.4,0,0,98,97,108
2038-03-21,Sunday,1,0,Spring,12.5,0,0,108,105,92
2038-03-22,Monday,0,0,Spring,15.6,0,0,92,88,93
2038-03-23,Tuesday,0,0,Spring,14.9,0,0,93,87,84
2038-03-24,Wednesday,0,0,Spring,19.0,0,0,84,87,90
2038-03-25,Thursday,0,0,Spring,15.7,0,1,90,87,88
2038-03-26,Friday,0,0,Spring,15.1,0,1,88,98,110
2038-03-27,Saturday,1,0,Spring,13.1,0,0,110,108,117
2038-03-28,Sunday,1,0,Spring,11.1,0,0,117,92,101
2038-03-29,Monday,0,0,Spring,12.7,0,0,101,93,96
2038-03-30,Tuesday,0,0,Spring,12.4,0,0,96,84,89
2038-03-31,Wednesday,0,0,Spring,7.0,1,0,89,90,87
2038-04-01,Thursday,0,0,Spring,11.9,1,1,87,88,84
2038-04-02,Friday,0,0,Spring,19.9,1,0,84,110,88
2038-04-03,Saturday,1,0,Spring,16.3,1,0,88,117,98
2038-04-04,Sunday,1,0,Spring,14.3,0,0,98,101,102
2038-04-05,Monday,0,0,Spring,16.7,0,0,102,96,107
2038-04-06,Tuesday,0,0,Spring,9.9,1,0,107,89,92
2038-04-07,Wednesday,0,0,Spring,16.7,1,0,92,87,94
2038-04-08,Thursday,0,0,Spring,19.9,0,0,94,84,89
2038-04-09,Friday,0,0,Spring,15.8,0,1,89,88,98
2038-04-10,Saturday,1,0,Spring,11.1,0,0,98,98,98
2038-04-11,Sunday,1,0,Spring,15.3,0,0,98,102,101
2038-04-12,Monday,0,0,Spring,20.5,0,0,101,107,105
2038-04-13,Tuesday,0,0,Spring,17.6,0,0,105,92,95
2038-04-14,Wednesday,0,0,Spring,12.8,0,0,95,94,91
2038-04-15,Thursday,0,0,Spring,24.3,1,0,91,89,97
2038-04-16,Friday,0,0,Spring,13.6,1,0,97,98,93
2038-04-17,Saturday,1,0,Spring,16.8,1,0,93,98,95
2038-04-18,Sunday,1,0,Spring,14.5,0,0,95,101,98
2038-04-19,Monday,0,0,Spring,14.7,0,0,98,105,109
2038-04-20,Tuesday,0,0,Spring,16.6,0,1,109,95,114
2038-04-21,Wednesday,0,0,Spring,20.0,0,0,114,91,117
2038-04-22,Thursday,0,0,Spring,22.1,1,0,117,97,97
2038-04-23,Friday,0,0,Spring,17.2,0,1,97,93,110
2038-04-24,Saturday,1,0,Spring,15.5,0,0,110,95,107
2038-04-25,Sunday,1,0,Spring,20.1,0,0,107,98,106
2038-04-26,Monday,0,0,Spring,20.3,0,0,106,109,92
2038-04-27,Tuesday,0,0,Spring,19.7,0,0,92,114,108
2038-04-28,Wednesday,0,0,Spring,19.9,0,0,108,117,97
2038-04-29,Thursday,0,0,Spring,18.9,0,1,97,97,113
2038-04-30,Friday,0,0,Spring,19.6,0,0,113,110,110
2038-05-01,Saturday,1,1,Spring,18.9,1,0,110,107,111
2038-05-02,Sunday,1,0,Spring,22.8,0,0,111,106,106
2038-05-03,Monday,0,0,Spring,26.4,1,0,106,92,98
2038-05-04,Tuesday,0,0,Spring,20.4,0,0,98,108,98
2038-05-05,Wednesday,0,0,Spring,20.0,0,0,98,97,98
2038-05-06,Thursday,0,0,Spring,20.9,0,0,98,113,91
2038-05-07,Friday,0,0,Spring,18.3,0,0,91,110,88
2038-05-08,Saturday,1,0,Spring,22.6,0,0,88,111,94
2038-05-09,Sunday,1,0,Spring,21.8,0,0,94,106,111
2038-05-10,Monday,0,0,Spring,19.3,1,1,111,98,116
2038-05-11,Tuesday,0,0,Spring,23.4,0,1,116,98,112
2038-05-12,Wednesday,0,0,Spring,20.9,0,0,112,98,110
2038-05-13,Thursday,0,0,Spring,18.0,1,1,110,91,110
2038-05-14,Friday,0,0,Spring,22.1,0,1,110,88,122
2038-05-15,Saturday,1,0,Spring,21.8,0,1,122,94,133
2038-05-16,Sunday,1,0,Spring,24.1,0,1,133,111,124
2038-05-17,Monday,0,0,Spring,23.8,0,0,124,116,116
2038-05-18,Tuesday,0,0,Spring,21.1,0,0,116,112,116
2038-05-19,Wednesday,0,0,Spring,20.1,1,0,116,110,113
2038-05-20,Thursday,0,0,Spring,21.6,0,0,113,110,117
2038-05-21,Friday,0,0,Spring,22.8,0,1,117,122,127
2038-05-22,Saturday,1,0,Spring,23.2,1,0,127,133,133
2038-05-23,Sunday,1,0,Spring,22.7,0,0,133,124,118
2038-05-24,Monday,0,0,Spring,21.6,0,0,118,116,101
2038-05-25,Tuesday,0,0,Spring,25.0,1,0,101,116,113
2038-05-26,Wednesday,0,0,Spring,20.0,0,0,113,113,117
2038-05-27,Thursday,0,0,Spring,29.6,1,0,117,117,126
2038-05-28,Friday,0,0,Spring,24.5,0,0,126,127,125
2038-05-29,Saturday,1,0,Spring,18.9,0,1,125,133,129
2038-05-30,Sunday,1,0,Spring,22.9,1,0,129,118,120
2038-05-31,Monday,0,0,Spring,24.7,0,0,120,101,122
2038-06-01,Tuesday,0,0,Summer,21.4,1,0,122,113,106
2038-06-02,Wednesday,0,0,Summer,18.0,0,0,106,117,107
2038-06-03,Thursday,0,0,Summer,19.4,0,0,107,126,123
2038-06-04,Friday,0,0,Summer,24.2,1,0,123,125,123
2038-06-05,Saturday,1,0,Summer,17.4,1,0,123,129,122
2038-06-06,Sunday,1,0,Summer,18.4,1,0,122,120,124
2038-06-07,Monday,0,0,Summer,24.3,0,0,124,122,115
2038-06-08,Tuesday,0,0,Summer,22.1,0,0,115,106,113
2038-06-09,Wednesday,0,0,Summer,20.7,0,0,113,107,93
2038-06-10,Thursday,0,0,Summer,21.4,0,1,93,123,103
2038-06-11,Friday,0,0,Summer,18.5,1,0,103,123,109
2038-06-12,Saturday,1,0,Summer,24.4,1,0,109,122,129
2038-06-13,Sunday,1,0,Summer,20.5,0,0,129,124,126
2038-06-14,Monday,0,0,Summer,21.3,0,0,126,115,116
2038-06-15,Tuesday,0,0,Summer,24.0,1,0,116,113,112
2038-06-16,Wednesday,0,0,Summer,22.2,0,0,112,93,103
2038-06-17,Thursday,0,0,Summer,20.9,0,1,103,103,103
2038-06-18,Friday,0,0,Summer,17.0,0,0,103,109,114
2038-06-19,Saturday,1,0,Summer,24.1,0,0,114,129,129
2038-06-20,Sunday,1,0,Summer,23.2,1,0,129,126,128
2038-06-21,Monday,0,0,Summer,21.4,0,0,128,116,110
2038-06-22,Tuesday,0,0,Summer,19.9,0,0,110,112,119
2038-06-23,Wednesday,0,0,Summer,23.0,1,0,119,103,106
2038-06-24,Thursday,0,0,Summer,24.4,1,0,106,103,116
2038-06-25,Friday,0,0,Summer,23.3,1,0,116,114,101
2038-06-26,Saturday,1,0,Summer,27.9,0,0,101,129,120
2038-06-27,Sunday,1,0,Summer,25.0,0,0,120,128,137
2038-06-28,Monday,0,0,Summer,22.6,1,0,137,110,116
2038-06-29,Tuesday,0,0,Summer,25.1,0,0,116,119,98
2038-06-30,Wednesday,0,0,Summer,23.0,0,0,98,106,97
2038-07-01,Thursday,0,0,Summer,23.0,0,0,97,116,110
2038-07-02,Friday,0,0,Summer,26.7,0,0,110,101,124
2038-07-03,Saturday,1,0,Summer,20.1,0,0,124,120,125
2038-07-04,Sunday,1,0,Summer,22.8,1,0,125,137,135
2038-07-05,Monday,0,0,Summer,26.3,0,0,135,116,125
2038-07-06,Tuesday,0,0,Summer,23.6,0,0,125,98,110
2038-07-07,Wednesday,0,0,Summer,21.5,1,0,110,97,108
2038-07-08,Thursday,0,0,Summer,17.4,1,0,108,110,113
2038-07-09,Friday,0,0,Summer,15.7,0,0,113,124,115
2038-07-10,Saturday,1,0,Summer,28.7,0,0,115,125,123
2038-07-11,Sunday,1,0,Summer,23.3,0,0,123,135,118
2038-07-12,Monday,0,0,Summer,20.6,0,0,118,125,118
2038-07-13,Tuesday,0,0,Summer,23.3,1,1,118,110,113
2038-07-14,Wednesday,0,0,Summer,19.3,1,0,113,108,110
2038-07-15,Thursday,0,0,Summer,21.1,0,0,110,113,115
2038-07-16,Friday,0,0,Summer,19.2,0,0,115,115,120
2038-07-17,Saturday,1,0,Summer,17.7,0,1,120,123,131
2038-07-18,Sunday,1,0,Summer,15.6,0,0,131,118,115
2038-07-19,Monday,0,0,Summer,17.0,0,0,115,118,114
2038-07-20,Tuesday,0,0,Summer,24.8,0,0,114,113,119
2038-07-21,Wednesday,0,0,Summer,18.7,0,0,119,110,129
2038-07-22,Thursday,0,0,Summer,23.2,0,0,129,115,119
2038-07-23,Friday,0,0,Summer,24.3,0,0,119,120,115
2038-07-24,Saturday,1,0,Summer,21.4,0,0,115,131,118
2038-07-25,Sunday,1,0,Summer,20.4,0,0,118,115,119
2038-07-26,Monday,0,0,Summer,21.6,0,0,119,114,119
2038-07-27,Tuesday,0,0,Summer,19.8,0,0,119,119,121
2038-07-28,Wednesday,0,0,Summer,24.6,0,0,121,129,132
2038-07-29,Thursday,0,0,Summer,26.5,1,0,132,119,126
2038-07-30,Friday,0,0,Summer,25.1,0,0,126,115,116
2038-07-31,Saturday,1,0,Summer,14.2,1,0,116,118,119
2038-08-01,Sunday,1,0,Summer,19.2,0,0,119,119,106
2038-08-02,Monday,0,0,Summer,20.4,0,0,106,119,105
2038-08-03,Tuesday,0,0,Summer,21.7,0,0,105,121,107
2038-08-04,Wednesday,0,0,Summer,15.0,0,0,107,132,115
2038-08-05,Thursday,0,0,Summer,14.8,0,1,115,126,126
2038-08-06,Friday,0,0,Summer,23.9,0,0,126,116,119
2038-08-07,Saturday,1,0,Summer,18.1,0,0,119,119,119
2038-08-08,Sunday,1,0,Summer,15.2,1,0,119,106,113
2038-08-09,Monday,0,0,Summer,16.3,0,1,113,105,116
2038-08-10,Tuesday,0,0,Summer,20.6,0,0,116,107,115
2038-08-11,Wednesday,0,0,Summer,16.8,0,0,115,115,108
2038-08-12,Thursday,0,0,Summer,19.9,0,0,108,126,115
2038-08-13,Friday,0,0,Summer,16.1,0,0,115,119,110
2038-08-14,Saturday,1,0,Summer,13.7,0,1,110,119,118
2038-08-15,Sunday,1,0,Summer,23.0,0,0,118,113,107
2038-08-16,Monday,0,0,Summer,19.8,0,1,107,116,110
2038-08-17,Tuesday,0,0,Summer,17.5,0,0,110,115,117
2038-08-18,Wednesday,0,0,Summer,16.8,1,1,117,108,125
2038-08-19,Thursday,0,0,Summer,22.6,0,0,125,115,125
2038-08-20,Friday,0,0,Summer,19.8,0,1,125,110,135
2038-08-21,Saturday,1,0,Summer,21.3,0,0,135,118,138
2038-08-22,Sunday,1,0,Summer,16.0,0,0,138,107,126
2038-08-23,Monday,0,0,Summer,17.7,0,0,126,110,96
2038-08-24,Tuesday,0,0,Summer,18.6,0,0,96,117,119
2038-08-25,Wednesday,0,0,Summer,15.6,0,0,119,125,114
2038-08-26,Thursday,0,0,Summer,16.8,0,0,114,125,114
2038-08-27,Friday,0,0,Summer,15.2,1,0,114,135,128
2038-08-28,Saturday,1,0,Summer,18.0,0,0,128,138,134
2038-08-29,Sunday,1,0,Summer,12.7,0,0,134,126,144
2038-08-30,Monday,0,0,Summer,18.2,0,0,144,96,112
2038-08-31,Tuesday,0,0,Summer,17.2,0,0,112,119,118
2038-09-01,Wednesday,0,0,Autumn,15.5,1,0,118,114,104
2038-09-02,Thursday,0,0,Autumn,17.3,0,1,104,114,114
2038-09-03,Friday,0,0,Autumn,14.7,0,1,114,128,117
2038-09-04,Saturday,1,0,Autumn,13.6,0,0,117,134,117
2038-09-05,Sunday,1,0,Autumn,17.1,0,0,117,144,132
2038-09-06,Monday,0,0,Autumn,17.1,0,0,132,112,117
2038-09-07,Tuesday,0,0,Autumn,13.6,0,0,117,118,110
2038-09-08,Wednesday,0,0,Autumn,13.2,0,0,110,104,90
2038-09-09,Thursday,0,0,Autumn,14.3,0,0,90,114,87
2038-09-10,Friday,0,0,Autumn,13.0,0,0,87,117,93
2038-09-11,Saturday,1,0,Autumn,19.1,0,0,93,117,106
2038-09-12,Sunday,1,0,Autumn,15.3,1,0,106,132,110
2038-09-13,Monday,0,0,Autumn,14.2,1,1,110,117,110
2038-09-14,Tuesday,0,0,Autumn,11.2,0,0,110,110,108
2038-09-15,Wednesday,0,0,Autumn,16.0,0,0,108,90,108
2038-09-16,Thursday,0,0,Autumn,11.8,1,0,108,87,95
2038-09-17,Friday,0,0,Autumn,11.5,0,0,95,93,90
2038-09-18,Saturday,1,0,Autumn,15.6,1,0,90,106,104
2038-09-19,Sunday,1,0,Autumn,14.3,1,0,104,110,104
2038-09-20,Monday,0,0,Autumn,5.4,0,0,104,110,98
2038-09-21,Tuesday,0,0,Autumn,12.3,1,0,98,108,101
2038-09-22,Wednesday,0,0,Autumn,13.0,0,0,101,108,96
2038-09-23,Thursday,0,0,Autumn,11.4,0,0,96,95,104
2038-09-24,Friday,0,0,Autumn,12.7,1,0,104,90,86
2038-09-25,Saturday,1,0,Autumn,6.6,1,0,86,104,98
2038-09-26,Sunday,1,0,Autumn,3.4,0,0,98,104,93
2038-09-27,Monday,0,0,Autumn,8.8,1,0,93,98,86
2038-09-28,Tuesday,0,0,Autumn,12.4,0,0,86,101,91
2038-09-29,Wednesday,0,0,Autumn,1.7,1,0,91,96,80
2038-09-30,Thursday,0,0,Autumn,8.7,1,0,80,104,80
2038-10-01,Friday,0,0,Autumn,5.3,1,0,80,86,75
2038-10-02,Saturday,1,0,Autumn,10.2,0,0,75,98,93
2038-10-03,Sunday,1,0,Autumn,16.6,0,0,93,93,102
2038-10-04,Monday,0,0,Autumn,9.9,1,0,102,86,99
2038-10-05,Tuesday,0,0,Autumn,10.1,0,0,99,91,89
2038-10-06,Wednesday,0,0,Autumn,12.7,1,0,89,80,71
2038-10-07,Thursday,0,0,Autumn,10.1,0,0,71,80,81
2038-10-08,Friday,0,0,Autumn,9.2,0,0,81,75,71
2038-10-09,Saturday,1,0,Autumn,12.5,0,0,71,93,100
2038-10-10,Sunday,1,0,Autumn,11.0,0,0,100,102,106
2038-10-11,Monday,0,0,Autumn,10.3,0,0,106,99,88
2038-10-12,Tuesday,0,0,Autumn,8.8,0,0,88,89,73
2038-10-13,Wednesday,0,0,Autumn,8.0,1,0,73,71,64
2038-10-14,Thursday,0,0,Autumn,11.7,0,1,64,81,87
2038-10-15,Friday,0,0,Autumn,7.8,0,0,87,71,79
2038-10-16,Saturday,1,0,Autumn,12.3,0,0,79,100,100
2038-10-17,Sunday,1,0,Autumn,5.3,1,0,100,106,103
2038-10-18,Monday,0,0,Autumn,12.6,0,0,103,88,87
2038-10-19,Tuesday,0,0,Autumn,9.6,1,0,87,73,83
2038-10-20,Wednesday,0,0,Autumn,5.1,0,0,83,64,83
2038-10-21,Thursday,0,0,Autumn,9.4,0,0,83,87,89
2038-10-22,Friday,0,0,Autumn,5.8,0,0,89,79,90
2038-10-23,Saturday,1,0,Autumn,7.7,0,1,90,100,101
2038-10-24,Sunday,1,0,Autumn,6.0,0,0,101,103,114
2038-10-25,Monday,0,0,Autumn,6.9,0,0,114,87,87
2038-10-26,Tuesday,0,0,Autumn,10.0,0,0,87,83,80
2038-10-27,Wednesday,0,0,Autumn,8.6,1,0,80,83,83
2038-10-28,Thursday,0,0,Autumn,3.5,0,0,83,89,80
2038-10-29,Friday,0,0,Autumn,3.5,1,0,80,90,79
2038-10-30,Saturday,1,0,Autumn,7.4,0,0,79,101,83
2038-10-31,Sunday,1,0,Autumn,7.5,1,0,83,114,88
2038-11-01,Monday,0,0,Autumn,4.3,1,0,88,87,94
2038-11-02,Tuesday,0,0,Autumn,11.0,0,0,94,80,83
2038-11-03,Wednesday,0,0,Autumn,8.5,0,0,83,83,90
2038-11-04,Thursday,0,0,Autumn,4.1,0,1,90,80,88
2038-11-05,Friday,0,0,Autumn,3.7,0,0,88,79,78
2038-11-06,Saturday,1,0,Autumn,5.0,0,0,78,83,81
2038-11-07,Sunday,1,0,Autumn,4.6,0,0,81,88,91
2038-11-08,Monday,0,0,Autumn,9.3,0,0,91,94,71
2038-11-09,Tuesday,0,0,Autumn,8.3,1,0,71,83,83
2038-11-10,Wednesday,0,0,Autumn,5.4,0,0,83,90,85
2038-11-11,Thursday,0,0,Autumn,7.2,0,1,85,88,90
2038-11-12,Friday,0,0,Autumn,7.5,0,0,90,78,82
2038-11-13,Saturday,1,0,Autumn,5.1,0,0,82,81,84
2038-11-14,Sunday,1,0,Autumn,6.1,1,0,84,91,93
2038-11-15,Monday,0,0,Autumn,6.5,1,0,93,71,65
2038-11-16,Tuesday,0,0,Autumn,6.1,1,0,65,83,67
2038-11-17,Wednesday,0,0,Autumn,2.2,0,0,67,85,80
2038-11-18,Thursday,0,0,Autumn,2.4,0,0,80,90,67
2038-11-19,Friday,0,0,Autumn,3.5,0,1,67,82,80
2038-11-20,Saturday,1,0,Autumn,2.2,1,1,80,84,80
2038-11-21,Sunday,1,0,Autumn,-0.2,1,0,80,93,72
2038-11-22,Monday,0,0,Autumn,6.2,1,0,72,65,66
2038-11-23,Tuesday,0,0,Autumn,5.1,1,0,66,67,68
2038-11-24,Wednesday,0,0,Autumn,-0.0,0,0,68,80,67
2038-11-25,Thursday,0,0,Autumn,3.2,1,0,67,67,56
2038-11-26,Friday,0,0,Autumn,3.3,1,0,56,80,62
2038-11-27,Saturday,1,0,Autumn,4.3,0,1,62,80,88
2038-11-28,Sunday,1,0,Autumn,0.5,0,0,88,72,82
2038-11-29,Monday,0,0,Autumn,-0.4,1,1,82,66,66
2038-11-30,Tuesday,0,0,Autumn,5.1,0,1,66,68,71
2038-12-01,Wednesday,0,0,Winter,-1.1,0,0,71,67,71
2038-12-02,Thursday,0,0,Winter,2.8,0,0,71,56,68
2038-12-03,Friday,0,0,Winter,2.4,1,0,68,62,59
2038-12-04,Saturday,1,0,Winter,3.0,1,0,59,88,75
2038-12-05,Sunday,1,0,Winter,4.1,1,0,75,82,72
2038-12-06,Monday,0,0,Winter,8.1,1,0,72,66,60
2038-12-07,Tuesday,0,0,Winter,-1.6,0,0,60,71,61
2038-12-08,Wednesday,0,0,Winter,5.8,1,0,61,71,54
2038-12-09,Thursday,0,0,Winter,-4.4,0,1,54,68,63
2038-12-10,Friday,0,0,Winter,7.3,0,0,63,59,76
2038-12-11,Saturday,1,0,Winter,-3.0,1,0,76,75,92
2038-12-12,Sunday,1,0,Winter,10.4,1,0,92,72,72
2038-12-13,Monday,0,0,Winter,1.9,1,0,72,60,54
2038-12-14,Tuesday,0,0,Winter,6.9,0,0,54,61,67
2038-12-15,Wednesday,0,0,Winter,6.3,0,0,67,54,55
2038-12-16,Thursday,0,0,Winter,1.7,1,0,55,63,57
2038-12-17,Friday,0,0,Winter,1.9,0,0,57,76,81
2038-12-18,Saturday,1,0,Winter,0.5,0,0,81,92,81
2038-12-19,Sunday,1,0,Winter,5.4,1,1,81,72,82
2038-12-20,Monday,0,0,Winter,1.7,0,1,82,54,65
2038-12-21,Tuesday,0,0,Winter,0.5,0,0,65,67,67
2038-12-22,Wednesday,0,0,Winter,4.6,0,0,67,55,50
2038-12-23,Thursday,0,0,Winter,0.3,0,1,50,57,59
2038-12-24,Friday,0,1,Winter,2.0,0,0,59,81,67
2038-12-25,Saturday,1,1,Winter,3.4,0,0,67,81,82
2038-12-26,Sunday,1,1,Winter,1.1,0,0,82,82,100
2038-12-27,Monday,0,0,Winter,1.6,0,0,100,65,80
2038-12-28,Tuesday,0,0,Winter,7.7,0,0,80,67,74
2038-12-29,Wednesday,0,0,Winter,2.5,1,0,74,50,63
2038-12-30,Thursday,0,0,Winter,2.1,0,1,63,59,71
2038-12-31,Friday,0,1,Winter,2.7,1,0,71,67,84
2039-01-01,Saturday,1,1,Winter,4.6,1,0,84,82,95
2039-01-02,Sunday,1,0,Winter,0.2,0,0,95,100,83
2039-01-03,Monday,0,0,Winter,4.6,0,0,83,80,82
2039-01-04,Tuesday,0,0,Winter,4.1,1,0,82,74,72
2039-01-05,Wednesday,0,0,Winter,-2.0,0,0,72,63,68
2039-01-06,Thursday,0,0,Winter,8.8,0,0,68,71,58
2039-01-07,Friday,0,0,Winter,7.9,0,0,58,84,73
2039-01-08,Saturday,1,0,Winter,1.1,1,0,73,95,80
2039-01-09,Sunday,1,0,Winter,0.2,1,0,80,83,72
2039-01-10,Monday,0,0,Winter,4.3,0,0,72,82,78
2039-01-11,Tuesday,0,0,Winter,-0.5,0,0,78,72,58
2039-01-12,Wednesday,0,0,Winter,7.9,1,0,58,68,82
2039-01-13,Thursday,0,0,Winter,2.5,0,0,82,58,64
2039-01-14,Friday,0,0,Winter,8.8,1,0,64,73,73
2039-01-15,Saturday,1,0,Winter,1.5,1,0,73,80,78
2039-01-16,Sunday,1,0,Winter,3.7,0,0,78,72,86
2039-01-17,Monday,0,0,Winter,8.0,0,1,86,78,96
2039-01-18,Tuesday,0,0,Winter,3.3,1,0,96,58,69
2039-01-19,Wednesday,0,0,Winter,5.1,0,0,69,82,73
2039-01-20,Thursday,0,0,Winter,7.7,0,0,73,64,69
2039-01-21,Friday,0,0,Winter,2.8,0,0,69,73,66
2039-01-22,Saturday,1,0,Winter,0.8,0,0,66,78,76
2039-01-23,Sunday,1,0,Winter,0.3,0,0,76,86,79
2039-01-24,Monday,0,0,Winter,6.5,1,0,79,96,75
2039-01-25,Tuesday,0,0,Winter,6.1,1,0,75,69,64
2039-01-26,Wednesday,0,0,Winter,8.2,0,0,64,73,71
2039-01-27,Thursday,0,0,Winter,4.3,0,0,71,69,76
2039-01-28,Friday,0,0,Winter,0.9,0,0,76,66,65
2039-01-29,Saturday,1,0,Winter,-1.7,1,0,65,76,75
2039-01-30,Sunday,1,0,Winter,14.0,0,0,75,79,94
2039-01-31,Monday,0,0,Winter,7.1,1,0,94,75,67
2039-02-01,Tuesday,0,0,Winter,6.1,1,0,67,64,63
2039-02-02,Wednesday,0,0,Winter,6.6,1,0,63,71,66
2039-02-03,Thursday,0,0,Winter,1.6,0,0,66,76,75
2039-02-04,Friday,0,0,Winter,3.6,1,0,75,65,77
2039-02-05,Saturday,1,0,Winter,11.4,0,1,77,75,101
2039-02-06,Sunday,1,0,Winter,8.2,1,0,101,94,94
2039-02-07,Monday,0,0,Winter,4.1,1,0,94,67,66
2039-02-08,Tuesday,0,0,Winter,2.8,1,1,66,63,65
2039-02-09,Wednesday,0,0,Winter,5.1,1,0,65,66,72
2039-02-10,Thursday,0,0,Winter,5.8,1,0,72,75,64
2039-02-11,Friday,0,0,Winter,13.1,0,0,64,77,80
2039-02-12,Saturday,1,0,Winter,6.5,0,0,80,101,97
2039-02-13,Sunday,1,0,Winter,3.6,1,1,97,94,101
2039-02-14,Monday,0,0,Winter,7.2,1,0,101,66,84
2039-02-15,Tuesday,0,0,Winter,8.3,1,0,84,65,70
2039-02-16,Wednesday,0,0,Winter,3.8,1,0,70,72,65
2039-02-17,Thursday,0,0,Winter,9.0,0,0,65,64,81
2039-02-18,Friday,0,0,Winter,11.5,1,1,81,80,102
2039-02-19,Saturday,1,0,Winter,8.5,1,0,102,97,108
2039-02-20,Sunday,1,0,Winter,5.8,0,0,108,101,104
2039-02-21,Monday,0,0,Winter,6.8,0,0,104,84,82
2039-02-22,Tuesday,0,0,Winter,3.5,0,0,82,70,73
2039-02-23,Wednesday,0,0,Winter,8.3,0,0,73,65,69
2039-02-24,Thursday,0,0,Winter,9.8,1,0,69,81,80
2039-02-25,Friday,0,0,Winter,6.3,1,0,80,102,87
2039-02-26,Saturday,1,0,Winter,15.0,1,0,87,108,101
2039-02-27,Sunday,1,0,Winter,11.7,0,0,101,104,100
2039-02-28,Monday,0,0,Winter,4.1,0,0,100,82,65
2039-03-01,Tuesday,0,0,Spring,4.3,0,0,65,73,78
2039-03-02,Wednesday,0,0,Spring,6.8,1,0,78,69,72
2039-03-03,Thursday,0,0,Spring,14.7,0,0,72,80,88
2039-03-04,Friday,0,0,Spring,12.8,0,1,88,87,98
2039-03-05,Saturday,1,0,Spring,15.2,1,0,98,101,114
2039-03-06,Sunday,1,0,Spring,10.5,0,0,114,100,104
2039-03-07,Monday,0,0,Spring,10.0,1,0,104,65,82
2039-03-08,Tuesday,0,0,Spring,7.0,1,0,82,78,76
2039-03-09,Wednesday,0,0,Spring,12.0,1,0,76,72,64
2039-03-10,Thursday,0,0,Spring,10.5,1,0,64,88,78
2039-03-11,Friday,0,0,Spring,10.6,1,0,78,98,93
2039-03-12,Saturday,1,0,Spring,16.3,0,0,93,114,110
2039-03-13,Sunday,1,0,Spring,11.2,0,0,110,104,123
2039-03-14,Monday,0,0,Spring,15.8,0,0,123,82,95
2039-03-15,Tuesday,0,0,Spring,7.2,0,1,95,76,80
2039-03-16,Wednesday,0,0,Spring,20.2,0,1,80,64,80
2039-03-17,Thursday,0,0,Spring,11.2,0,0,80,78,84
2039-03-18,Friday,0,0,Spring,14.6,0,0,84,93,101
2039-03-19,Saturday,1,0,Spring,15.3,1,1,101,110,115
2039-03-20,Sunday,1,0,Spring,11.3,0,0,115,123,111
2039-03-21,Monday,0,0,Spring,15.5,0,0,111,95,110
2039-03-22,Tuesday,0,0,Spring,15.8,1,0,110,80,92
2039-03-23,Wednesday,0,0,Spring,11.2,0,0,92,80,77
2039-03-24,Thursday,0,0,Spring,11.4,0,0,77,84,90
2039-03-25,Friday,0,0,Spring,13.8,0,0,90,101,102
2039-03-26,Saturday,1,0,Spring,13.5,1,0,102,115,109
2039-03-27,Sunday,1,0,Spring,18.2,0,0,109,111,123
2039-03-28,Monday,0,0,Spring,16.3,0,0,123,110,108
2039-03-29,Tuesday,0,0,Spring,14.2,0,0,108,92,99
2039-03-30,Wednesday,0,0,Spring,16.4,1,0,99,77,81
2039-03-31,Thursday,0,0,Spring,8.6,0,0,81,90,81
2039-04-01,Friday,0,0,Spring,13.0,0,0,81,102,90
2039-04-02,Saturday,1,0,Spring,15.9,0,0,90,109,109
2039-04-03,Sunday,1,0,Spring,18.6,0,0,109,123,110
2039-04-04,Monday,0,0,Spring,16.0,0,0,110,108,102
2039-04-05,Tuesday,0,0,Spring,19.9,0,0,102,99,98
2039-04-06,Wednesday,0,0,Spring,18.3,0,0,98,81,92
2039-04-07,Thursday,0,0,Spring,14.4,0,0,92,81,85
2039-04-08,Friday,0,0,Spring,15.6,1,0,85,90,88
2039-04-09,Saturday,1,0,Spring,17.4,0,0,88,109,96
2039-04-10,Sunday,1,0,Spring,15.0,0,1,96,110,111
2039-04-11,Monday,0,0,Spring,21.1,0,0,111,102,103
2039-04-12,Tuesday,0,0,Spring,13.4,0,0,103,98,97
2039-04-13,Wednesday,0,0,Spring,17.8,1,0,97,92,96
2039-04-14,Thursday,0,0,Spring,19.2,0,0,96,85,108
2039-04-15,Friday,0,0,Spring,16.2,1,0,108,88,88
2039-04-16,Saturday,1,0,Spring,15.7,0,0,88,96,97
2039-04-17,Sunday,1,0,Spring,17.3,0,0,97,111,99
2039-04-18,Monday,0,0,Spring,20.1,1,0,99,103,97
2039-04-19,Tuesday,0,0,Spring,16.3,1,0,97,97,97
2039-04-20,Wednesday,0,0,Spring,14.7,1,0,97,96,83
2039-04-21,Thursday,0,0,Spring,21.5,0,0,83,108,99
2039-04-22,Friday,0,0,Spring,19.4,0,0,99,88,107
2039-04-23,Saturday,1,0,Spring,21.4,0,0,107,97,114
2039-04-24,Sunday,1,0,Spring,20.8,0,0,114,99,109
2039-04-25,Monday,0,0,Spring,25.2,0,0,109,97,108
2039-04-26,Tuesday,0,0,Spring,22.1,0,0,108,97,101
2039-04-27,Wednesday,0,0,Spring,16.8,0,0,101,83,100
2039-04-28,Thursday,0,0,Spring,20.5,1,0,100,99,101
2039-04-29,Friday,0,0,Spring,17.5,1,0,101,107,101
2039-04-30,Saturday,1,0,Spring,18.0,0,0,101,114,103
2039-05-01,Sunday,1,1,Spring,15.2,0,0,103,109,113
2039-05-02,Monday,0,0,Spring,18.8,0,0,113,108,98
2039-05-03,Tuesday,0,0,Spring,21.4,0,0,98,101,91
2039-05-04,Wednesday,0,0,Spring,19.7,0,0,91,100,93
2039-05-05,Thursday,0,0,Spring,16.7,1,0,93,101,94
2039-05-06,Friday,0,0,Spring,15.5,0,0,94,101,92
2039-05-07,Saturday,1,0,Spring,26.6,0,0,92,103,107
2039-05-08,Sunday,1,0,Spring,21.3,0,0,107,113,111
2039-05-09,Monday,0,0,Spring,18.0,0,0,111,98,97
2039-05-10,Tuesday,0,0,Spring,22.0,1,0,97,91,91
2039-05-11,Wednesday,0,0,Spring,27.3,1,0,91,93,98
2039-05-12,Thursday,0,0,Spring,22.7,0,0,98,94,98
2039-05-13,Friday,0,0,Spring,12.5,0,0,98,92,102
2039-05-14,Saturday,1,0,Spring,29.0,1,0,102,107,111
2039-05-15,Sunday,1,0,Spring,15.6,0,0,111,111,118
2039-05-16,Monday,0,0,Spring,20.6,0,1,118,97,118
2039-05-17,Tuesday,0,0,Spring,17.9,0,0,118,91,102
2039-05-18,Wednesday,0,0,Spring,19.2,0,0,102,98,95
2039-05-19,Thursday,0,0,Spring,22.3,0,0,95,98,103
2039-05-20,Friday,0,0,Spring,15.4,0,0,103,102,101
2039-05-21,Saturday,1,0,Spring,21.4,1,0,101,111,98
2039-05-22,Sunday,1,0,Spring,25.2,0,0,98,118,117
2039-05-23,Monday,0,0,Spring,19.3,1,0,117,118,102
2039-05-24,Tuesday,0,0,Spring,17.7,1,1,102,102,89
2039-05-25,Wednesday,0,0,Spring,21.6,1,0,89,95,90
2039-05-26,Thursday,0,0,Spring,21.1,0,0,90,103,105
2039-05-27,Friday,0,0,Spring,20.4,0,0,105,101,103
2039-05-28,Saturday,1,0,Spring,18.6,1,0,103,98,103
2039-05-29,Sunday,1,0,Spring,23.8,1,0,103,117,113
2039-05-30,Monday,0,0,Spring,24.1,0,0,113,102,103
2039-05-31,Tuesday,0,0,Spring,19.2,1,0,103,89,93
2039-06-01,Wednesday,0,0,Summer,19.7,1,0,93,90,99
2039-06-02,Thursday,0,0,Summer,22.9,0,0,99,105,111
2039-06-03,Friday,0,0,Summer,19.7,0,0,111,103,114
2039-06-04,Saturday,1,0,Summer,23.1,0,0,114,103,107
2039-06-05,Sunday,1,0,Summer,27.1,0,1,107,113,129
2039-06-06,Monday,0,0,Summer,22.5,0,0,129,103,112
2039-06-07,Tuesday,0,0,Summer,19.1,0,0,112,93,107
2039-06-08,Wednesday,0,0,Summer,24.0,0,0,107,99,96
2039-06-09,Thursday,0,0,Summer,22.3,0,0,96,111,113
2039-06-10,Friday,0,0,Summer,22.4,0,0,113,114,112
2039-06-11,Saturday,1,0,Summer,24.3,0,0,112,107,123
2039-06-12,Sunday,1,0,Summer,25.0,0,0,123,129,134
2039-06-13,Monday,0,0,Summer,23.0,0,0,134,112,122
2039-06-14,Tuesday,0,0,Summer,22.8,0,0,122,107,117
2039-06-15,Wednesday,0,0,Summer,29.1,0,0,117,96,113
2039-06-16,Thursday,0,0,Summer,26.6,0,0,113,113,108
2039-06-17,Friday,0,0,Summer,25.5,0,0,108,112,125
2039-06-18,Saturday,1,0,Summer,23.4,0,0,125,123,137
2039-06-19,Sunday,1,0,Summer,20.0,0,0,137,134,131
2039-06-20,Monday,0,0,Summer,26.4,0,0,131,122,99
2039-06-21,Tuesday,0,0,Summer,23.4,0,0,99,117,114
2039-06-22,Wednesday,0,0,Summer,21.3,0,0,114,113,100
2039-06-23,Thursday,0,0,Summer,22.3,0,0,100,108,111
2039-06-24,Friday,0,0,Summer,20.1,0,0,111,125,114
2039-06-25,Saturday,1,0,Summer,26.1,0,0,114,137,133
2039-06-26,Sunday,1,0,Summer,25.0,0,0,133,131,126
2039-06-27,Monday,0,0,Summer,23.5,0,0,126,99,113
2039-06-28,Tuesday,0,0,Summer,22.8,0,0,113,114,100
2039-06-29,Wednesday,0,0,Summer,20.8,0,0,100,100,102
2039-06-30,Thursday,0,0,Summer,16.5,0,0,102,111,106
2039-07-01,Friday,0,0,Summer,18.6,0,1,106,114,125
2039-07-02,Saturday,1,0,Summer,20.6,0,0,125,133,128
2039-07-03,Sunday,1,0,Summer,20.1,0,0,128,126,129
2039-07-04,Monday,0,0,Summer,23.6,0,0,129,113,115
2039-07-05,Tuesday,0,0,Summer,25.1,0,1,115,100,120
2039-07-06,Wednesday,0,0,Summer,22.3,0,0,120,102,115
2039-07-07,Thursday,0,0,Summer,26.8,0,0,115,106,122
2039-07-08,Friday,0,0,Summer,20.2,0,0,122,125,116
2039-07-09,Saturday,1,0,Summer,22.1,1,0,116,128,123
2039-07-10,Sunday,1,0,Summer,22.3,0,0,123,129,129
2039-07-11,Monday,0,0,Summer,25.6,0,0,129,115,132
2039-07-12,Tuesday,0,0,Summer,22.6,0,0,132,120,136
2039-07-13,Wednesday,0,0,Summer,22.6,0,0,136,115,114
2039-07-14,Thursday,0,0,Summer,17.2,1,0,114,122,108
2039-07-15,Friday,0,0,Summer,19.4,0,0,108,116,97
2039-07-16,Saturday,1,0,Summer,25.3,0,0,97,123,133
2039-07-17,Sunday,1,0,Summer,15.7,0,0,133,129,131
2039-07-18,Monday,0,0,Summer,25.9,0,1,131,132,137
2039-07-19,Tuesday,0,0,Summer,23.3,1,0,137,136,124
2039-07-20,Wednesday,0,0,Summer,19.5,0,0,124,114,116
2039-07-21,Thursday,0,0,Summer,19.1,0,0,116,108,121
2039-07-22,Friday,0,0,Summer,27.2,0,1,121,97,119
2039-07-23,Saturday,1,0,Summer,25.7,0,0,119,133,123
2039-07-24,Sunday,1,0,Summer,21.0,0,0,123,131,125
2039-07-25,Monday,0,0,Summer,21.7,0,0,125,137,122
2039-07-26,Tuesday,0,0,Summer,19.2,0,0,122,124,121
2039-07-27,Wednesday,0,0,Summer,21.5,1,0,121,116,113
2039-07-28,Thursday,0,0,Summer,18.9,0,0,113,121,109
2039-07-29,Friday,0,0,Summer,20.6,0,0,109,119,114
2039-07-30,Saturday,1,0,Summer,26.2,0,0,114,123,127
2039-07-31,Sunday,1,0,Summer,20.4,0,0,127,125,131
2039-08-01,Monday,0,0,Summer,17.4,0,0,131,122,126
2039-08-02,Tuesday,0,0,Summer,16.3,0,0,126,121,115
2039-08-03,Wednesday,0,0,Summer,20.7,1,0,115,113,104
2039-08-04,Thursday,0,0,Summer,17.9,0,0,104,109,101
2039-08-05,Friday,0,0,Summer,20.8,0,1,101,114,127
2039-08-06,Saturday,1,0,Summer,15.1,0,0,127,127,125
2039-08-07,Sunday,1,0,Summer,21.9,0,0,125,131,123
2039-08-08,Monday,0,0,Summer,16.5,0,0,123,126,117
2039-08-09,Tuesday,0,0,Summer,19.7,0,0,117,115,124
2039-08-10,Wednesday,0,0,Summer,18.4,0,1,124,104,114
2039-08-11,Thursday,0,0,Summer,24.5,0,0,114,101,117
2039-08-12,Friday,0,0,Summer,19.7,0,0,117,127,119
2039-08-13,Saturday,1,0,Summer,24.9,1,0,119,125,126
2039-08-14,Sunday,1,0,Summer,20.6,1,0,126,123,128
2039-08-15,Monday,0,0,Summer,23.0,0,0,128,117,127
2039-08-16,Tuesday,0,0,Summer,18.0,0,0,127,124,115
2039-08-17,Wednesday,0,0,Summer,19.5,0,0,115,114,118
2039-08-18,Thursday,0,0,Summer,22.0,1,0,118,117,116
2039-08-19,Friday,0,0,Summer,20.9,0,0,116,119,122
2039-08-20,Saturday,1,0,Summer,19.6,0,0,122,126,136
2039-08-21,Sunday,1,0,Summer,16.9,0,1,136,128,133
2039-08-22,Monday,0,0,Summer,17.3,1,0,133,127,123
2039-08-23,Tuesday,0,0,Summer,21.0,1,0,123,115,114
2039-08-24,Wednesday,0,0,Summer,21.5,0,1,114,118,130
2039-08-25,Thursday,0,0,Summer,15.5,0,0,130,116,123
2039-08-26,Friday,0,0,Summer,14.9,0,0,123,122,120
2039-08-27,Saturday,1,0,Summer,14.2,0,0,120,136,133
2039-08-28,Sunday,1,0,Summer,19.3,0,0,133,133,127
2039-08-29,Monday,0,0,Summer,13.8,0,0,127,123,113
2039-08-30,Tuesday,0,0,Summer,18.9,0,0,113,114,105
2039-08-31,Wednesday,0,0,Summer,17.9,0,0,105,130,107
2039-09-01,Thursday,0,0,Autumn,14.5,0,0,107,123,89
2039-09-02,Friday,0,0,Autumn,20.7,1,0,89,120,98
2039-09-03,Saturday,1,0,Autumn,11.4,1,0,98,133,108
2039-09-04,Sunday,1,0,Autumn,20.6,0,0,108,127,121
2039-09-05,Monday,0,0,Autumn,16.4,1,0,121,113,98
2039-09-06,Tuesday,0,0,Autumn,9.1,1,0,98,105,87
2039-09-07,Wednesday,0,0,Autumn,19.9,0,0,87,107,93
2039-09-08,Thursday,0,0,Autumn,17.9,0,0,93,89,99
2039-09-09,Friday,0,0,Autumn,13.5,0,1,99,98,109
2039-09-10,Saturday,1,0,Autumn,11.8,1,0,109,108,109
2039-09-11,Sunday,1,0,Autumn,9.8,1,0,109,121,113
2039-09-12,Monday,0,0,Autumn,21.6,0,0,113,98,106
2039-09-13,Tuesday,0,0,Autumn,11.4,0,0,106,87,89
2039-09-14,Wednesday,0,0,Autumn,10.2,0,0,89,93,99
2039-09-15,Thursday,0,0,Autumn,14.6,0,0,99,99,84
2039-09-16,Friday,0,0,Autumn,8.7,1,0,84,109,97
2039-09-17,Saturday,1,0,Autumn,10.5,1,0,97,109,104
2039-09-18,Sunday,1,0,Autumn,16.3,0,0,104,113,117
2039-09-19,Monday,0,0,Autumn,14.5,0,0,117,106,102
2039-09-20,Tuesday,0,0,Autumn,11.8,0,0,102,89,88
2039-09-21,Wednesday,0,0,Autumn,12.8,0,0,88,99,82
2039-09-22,Thursday,0,0,Autumn,11.3,0,0,82,84,77
2039-09-23,Friday,0,0,Autumn,12.2,0,0,77,97,88
2039-09-24,Saturday,1,0,Autumn,10.0,1,0,88,104,90
2039-09-25,Sunday,1,0,Autumn,10.3,0,0,90,117,95
2039-09-26,Monday,0,0,Autumn,10.1,1,0,95,102,80
2039-09-27,Tuesday,0,0,Autumn,9.6,1,0,80,88,85
2039-09-28,Wednesday,0,0,Autumn,14.7,0,1,85,82,87
2039-09-29,Thursday,0,0,Autumn,13.7,1,0,87,77,85
2039-09-30,Friday,0,0,Autumn,8.4,0,0,85,88,88
2039-10-01,Saturday,1,0,Autumn,7.5,0,1,88,90,104
2039-10-02,Sunday,1,0,Autumn,10.4,0,0,104,95,98
2039-10-03,Monday,0,0,Autumn,17.2,0,0,98,80,94
2039-10-04,Tuesday,0,0,Autumn,7.5,1,0,94,85,86
2039-10-05,Wednesday,0,0,Autumn,9.9,1,0,86,87,90
2039-10-06,Thursday,0,0,Autumn,10.5,1,0,90,85,80
2039-10-07,Friday,0,0,Autumn,9.7,0,0,80,88,81
2039-10-08,Saturday,1,0,Autumn,8.5,1,0,81,104,89
2039-10-09,Sunday,1,0,Autumn,13.2,1,0,89,98,93
2039-10-10,Monday,0,0,Autumn,10.9,1,0,93,94,88
2039-10-11,Tuesday,0,0,Autumn,11.9,1,0,88,86,77
2039-10-12,Wednesday,0,0,Autumn,11.0,0,0,77,90,83
2039-10-13,Thursday,0,0,Autumn,11.8,0,0,83,80,83
2039-10-14,Friday,0,0,Autumn,13.7,0,0,83,81,86
2039-10-15,Saturday,1,0,Autumn,12.8,0,0,86,89,95
2039-10-16,Sunday,1,0,Autumn,15.6,1,0,95,93,105
2039-10-17,Monday,0,0,Autumn,12.1,1,1,105,88,102
2039-10-18,Tuesday,0,0,Autumn,6.3,1,1,102,77,98
2039-10-19,Wednesday,0,0,Autumn,10.7,0,0,98,83,92
2039-10-20,Thursday,0,0,Autumn,10.1,0,1,92,83,108
2039-10-21,Friday,0,0,Autumn,13.6,0,0,108,86,107
2039-10-22,Saturday,1,0,Autumn,4.8,1,0,107,95,89
2039-10-23,Sunday,1,0,Autumn,9.2,1,0,89,105,98
2039-10-24,Monday,0,0,Autumn,5.4,1,0,98,102,89
2039-10-25,Tuesday,0,0,Autumn,8.8,1,0,89,98,88
2039-10-26,Wednesday,0,0,Autumn,6.5,0,0,88,92,75
2039-10-27,Thursday,0,0,Autumn,8.4,0,0,75,108,77
2039-10-28,Friday,0,0,Autumn,2.6,1,0,77,107,84
2039-10-29,Saturday,1,0,Autumn,9.1,0,0,84,89,80
2039-10-30,Sunday,1,0,Autumn,7.2,0,0,80,98,94
2039-10-31,Monday,0,0,Autumn,6.9,0,0,94,89,86
2039-11-01,Tuesday,0,0,Autumn,12.2,0,0,86,88,98
2039-11-02,Wednesday,0,0,Autumn,5.1,1,0,98,75,84
2039-11-03,Thursday,0,0,Autumn,7.1,0,0,84,77,86
2039-11-04,Friday,0,0,Autumn,6.3,0,0,86,84,91
2039-11-05,Saturday,1,0,Autumn,6.4,1,0,91,80,89
2039-11-06,Sunday,1,0,Autumn,12.4,0,0,89,94,95
2039-11-07,Monday,0,0,Autumn,5.8,1,0,95,86,81
2039-11-08,Tuesday,0,0,Autumn,3.8,1,0,81,98,62
2039-11-09,Wednesday,0,0,Autumn,11.0,0,0,62,84,81
2039-11-10,Thursday,0,0,Autumn,4.3,0,0,81,86,89
2039-11-11,Friday,0,0,Autumn,0.3,0,0,89,91,94
2039-11-12,Saturday,1,0,Autumn,2.8,0,1,94,89,102
2039-11-13,Sunday,1,0,Autumn,1.2,0,0,102,95,94
2039-11-14,Monday,0,0,Autumn,-0.5,0,0,94,81,72
2039-11-15,Tuesday,0,0,Autumn,3.7,0,0,72,62,59
2039-11-16,Wednesday,0,0,Autumn,4.4,1,0,59,81,61
2039-11-17,Thursday,0,0,Autumn,8.1,0,0,61,89,76
2039-11-18,Friday,0,0,Autumn,6.4,0,0,76,94,88
2039-11-19,Saturday,1,0,Autumn,6.1,0,0,88,102,93
2039-11-20,Sunday,1,0,Autumn,1.6,1,0,93,94,79
2039-11-21,Monday,0,0,Autumn,6.9,0,0,79,72,69
2039-11-22,Tuesday,0,0,Autumn,8.3,0,0,69,59,66
2039-11-23,Wednesday,0,0,Autumn,5.2,1,0,66,61,52
2039-11-24,Thursday,0,0,Autumn,5.2,1,0,52,76,64
2039-11-25,Friday,0,0,Autumn,0.1,1,0,64,88,83
2039-11-26,Saturday,1,0,Autumn,7.0,1,0,83,93,83
2039-11-27,Sunday,1,0,Autumn,9.1,0,0,83,79,101
2039-11-28,Monday,0,0,Autumn,4.7,0,0,101,69,77
2039-11-29,Tuesday,0,0,Autumn,1.9,0,0,77,66,68
2039-11-30,Wednesday,0,0,Autumn,3.1,1,0,68,52,64
2039-12-01,Thursday,0,0,Winter,2.3,1,0,64,64,62
2039-12-02,Friday,0,0,Winter,2.4,1,0,62,83,57
2039-12-03,Saturday,1,0,Winter,5.4,0,1,57,83,85
2039-12-04,Sunday,1,0,Winter,4.2,1,0,85,101,86
2039-12-05,Monday,0,0,Winter,6.3,1,0,86,77,71
2039-12-06,Tuesday,0,0,Winter,4.4,0,0,71,68,68
2039-12-07,Wednesday,0,0,Winter,0.7,0,0,68,64,67
2039-12-08,Thursday,0,0,Winter,1.7,0,0,67,62,60
2039-12-09,Friday,0,0,Winter,1.5,0,0,60,57,68
2039-12-10,Saturday,1,0,Winter,2.6,1,0,68,85,72
2039-12-11,Sunday,1,0,Winter,8.5,0,0,72,86,92
2039-12-12,Monday,0,0,Winter,9.0,1,0,92,71,82
2039-12-13,Tuesday,0,0,Winter,5.6,0,0,82,68,66
2039-12-14,Wednesday,0,0,Winter,3.4,0,0,66,67,74
2039-12-15,Thursday,0,0,Winter,-1.0,1,0,74,60,67
2039-12-16,Friday,0,0,Winter,3.7,1,0,67,68,72
2039-12-17,Saturday,1,0,Winter,0.6,1,0,72,72,72
2039-12-18,Sunday,1,0,Winter,7.9,1,0,72,92,77
2039-12-19,Monday,0,0,Winter,-1.8,1,0,77,82,65
2039-12-20,Tuesday,0,0,Winter,4.2,0,0,65,66,57
2039-12-21,Wednesday,0,0,Winter,0.4,1,0,57,74,46
2039-12-22,Thursday,0,0,Winter,3.0,0,0,46,67,54
2039-12-23,Friday,0,0,Winter,5.0,1,0,54,72,59
2039-12-24,Saturday,1,1,Winter,6.1,1,0,59,72,68
2039-12-25,Sunday,1,1,Winter,2.9,0,1,68,77,92
2039-12-26,Monday,0,1,Winter,5.3,0,0,92,65,83
2039-12-27,Tuesday,0,0,Winter,1.1,1,0,83,57,61
2039-12-28,Wednesday,0,0,Winter,3.8,0,0,61,46,55
2039-12-29,Thursday,0,0,Winter,6.1,1,0,55,54,58
2039-12-30,Friday,0,0,Winter,4.1,1,1,58,59,64
2039-12-31,Saturday,1,1,Winter,1.6,0,0,64,68,61
2040-01-01,Sunday,1,1,Winter,2.4,1,0,61,92,86
2040-01-02,Monday,0,0,Winter,6.3,1,0,86,83,74
2040-01-03,Tuesday,0,0,Winter,0.0,0,0,74,61,67
2040-01-04,Wednesday,0,0,Winter,0.5,0,0,67,55,62
2040-01-05,Thursday,0,0,Winter,5.2,1,0,62,58,51
2040-01-06,Friday,0,0,Winter,2.1,1,0,51,64,54
2040-01-07,Saturday,1,0,Winter,-0.9,1,0,54,61,62
2040-01-08,Sunday,1,0,Winter,7.6,1,0,62,86,71
2040-01-09,Monday,0,0,Winter,0.3,1,0,71,74,55
2040-01-10,Tuesday,0,0,Winter,3.1,0,0,55,67,62
2040-01-11,Wednesday,0,0,Winter,1.9,0,0,62,62,65
2040-01-12,Thursday,0,0,Winter,2.9,1,0,65,51,56
2040-01-13,Friday,0,0,Winter,1.2,0,0,56,54,68
2040-01-14,Saturday,1,0,Winter,6.1,1,0,68,62,75
2040-01-15,Sunday,1,0,Winter,4.3,0,0,75,71,79
2040-01-16,Monday,0,0,Winter,7.0,0,0,79,55,64
2040-01-17,Tuesday,0,0,Winter,2.3,1,0,64,62,57
2040-01-18,Wednesday,0,0,Winter,10.6,0,0,57,65,70
2040-01-19,Thursday,0,0,Winter,-1.4,0,0,70,56,54
2040-01-20,Friday,0,0,Winter,-0.3,1,0,54,68,51
2040-01-21,Saturday,1,0,Winter,9.8,1,0,51,75,66
2040-01-22,Sunday,1,0,Winter,6.0,0,0,66,79,75
2040-01-23,Monday,0,0,Winter,5.7,0,0,75,64,67
2040-01-24,Tuesday,0,0,Winter,6.1,1,1,67,57,71
2040-01-25,Wednesday,0,0,Winter,6.6,0,0,71,70,71
2040-01-26,Thursday,0,0,Winter,5.9,0,0,71,54,67
2040-01-27,Friday,0,0,Winter,2.2,0,0,67,51,64
2040-01-28,Saturday,1,0,Winter,7.7,1,0,64,66,77
2040-01-29,Sunday,1,0,Winter,7.3,0,0,77,75,88
2040-01-30,Monday,0,0,Winter,9.7,1,0,88,67,70
2040-01-31,Tuesday,0,0,Winter,10.8,0,1,70,71,81
2040-02-01,Wednesday,0,0,Winter,6.6,1,0,81,71,70
2040-02-02,Thursday,0,0,Winter,2.1,0,1,70,67,68
2040-02-03,Friday,0,0,Winter,11.2,0,0,68,64,62
2040-02-04,Saturday,1,0,Winter,3.0,1,0,62,77,80
2040-02-05,Sunday,1,0,Winter,7.1,0,0,80,88,90
2040-02-06,Monday,0,0,Winter,5.5,1,0,90,70,75
2040-02-07,Tuesday,0,0,Winter,5.1,1,0,75,81,77
2040-02-08,Wednesday,0,0,Winter,8.8,0,0,77,70,68
2040-02-09,Thursday,0,0,Winter,7.4,1,0,68,68,73
2040-02-10,Friday,0,0,Winter,8.3,1,0,73,62,73
2040-02-11,Saturday,1,0,Winter,4.5,0,0,73,80,78
2040-02-12,Sunday,1,0,Winter,6.5,0,0,78,90,68
2040-02-13,Monday,0,0,Winter,4.9,1,0,68,75,54
2040-02-14,Tuesday,0,0,Winter,6.7,0,0,54,77,75
2040-02-15,Wednesday,0,0,Winter,7.1,1,0,75,68,80
2040-02-16,Thursday,0,0,Winter,13.2,0,0,80,73,70
2040-02-17,Friday,0,0,Winter,7.0,1,0,70,73,58
2040-02-18,Saturday,1,0,Winter,1.5,0,1,58,78,89
2040-02-19,Sunday,1,0,Winter,12.3,0,0,89,68,85
2040-02-20,Monday,0,0,Winter,9.6,1,0,85,54,62
2040-02-21,Tuesday,0,0,Winter,8.0,0,0,62,75,58
2040-02-22,Wednesday,0,0,Winter,7.2,0,0,58,80,58
2040-02-23,Thursday,0,0,Winter,5.8,1,0,58,70,72
2040-02-24,Friday,0,0,Winter,14.6,0,0,72,58,77
2040-02-25,Saturday,1,0,Winter,9.1,0,0,77,89,75
2040-02-26,Sunday,1,0,Winter,3.9,1,0,75,85,72
2040-02-27,Monday,0,0,Winter,10.3,1,0,72,62,75
2040-02-28,Tuesday,0,0,Winter,13.1,0,0,75,58,72
2040-02-29,Wednesday,0,0,Winter,10.1,1,0,72,58,55
2040-03-01,Thursday,0,0,Spring,7.1,0,0,55,72,64
2040-03-02,Friday,0,0,Spring,7.0,0,0,64,77,76
2040-03-03,Saturday,1,0,Spring,7.4,1,0,76,75,89
2040-03-04,Sunday,1,0,Spring,14.8,0,0,89,72,89
2040-03-05,Monday,0,0,Spring,10.2,1,0,89,75,88
2040-03-06,Tuesday,0,0,Spring,5.6,0,0,88,72,81
2040-03-07,Wednesday,0,0,Spring,11.9,0,0,81,55,59
2040-03-08,Thursday,0,0,Spring,11.4,0,0,59,64,73
2040-03-09,Friday,0,0,Spring,9.8,0,0,73,76,80
2040-03-10,Saturday,1,0,Spring,8.2,0,0,80,89,88
2040-03-11,Sunday,1,0,Spring,8.3,1,0,88,89,91
2040-03-12,Monday,0,0,Spring,14.9,1,0,91,88,83
2040-03-13,Tuesday,0,0,Spring,12.5,1,0,83,81,81
2040-03-14,Wednesday,0,0,Spring,13.4,0,0,81,59,73
2040-03-15,Thursday,0,0,Spring,12.9,0,0,73,73,75
2040-03-16,Friday,0,0,Spring,13.3,1,1,75,80,97
2040-03-17,Saturday,1,0,Spring,11.1,0,0,97,88,101
2040-03-18,Sunday,1,0,Spring,12.0,0,0,101,91,102
2040-03-19,Monday,0,0,Spring,16.3,0,0,102,83,88
2040-03-20,Tuesday,0,0,Spring,17.2,1,1,88,81,98
2040-03-21,Wednesday,0,0,Spring,9.5,1,0,98,73,85
2040-03-22,Thursday,0,0,Spring,12.7,0,1,85,75,90
2040-03-23,Friday,0,0,Spring,16.0,1,0,90,97,103
2040-03-24,Saturday,1,0,Spring,19.3,1,1,103,101,112
2040-03-25,Sunday,1,0,Spring,19.2,0,0,112,102,112
2040-03-26,Monday,0,0,Spring,11.6,0,0,112,88,88
2040-03-27,Tuesday,0,0,Spring,18.0,0,0,88,98,87
2040-03-28,Wednesday,0,0,Spring,14.5,0,0,87,85,93
2040-03-29,Thursday,0,0,Spring,17.7,0,0,93,90,95
2040-03-30,Friday,0,0,Spring,17.1,0,0,95,103,103
2040-03-31,Saturday,1,0,Spring,11.1,0,0,103,112,109
2040-04-01,Sunday,1,0,Spring,16.7,0,0,109,112,111
2040-04-02,Monday,0,0,Spring,18.2,0,0,111,88,95
2040-04-03,Tuesday,0,0,Spring,15.3,1,0,95,87,84
2040-04-04,Wednesday,0,0,Spring,14.8,0,0,84,93,86
2040-04-05,Thursday,0,0,Spring,11.0,1,0,86,95,85
2040-04-06,Friday,0,0,Spring,17.9,1,0,85,103,98
2040-04-07,Saturday,1,0,Spring,16.7,1,0,98,109,108
2040-04-08,Sunday,1,0,Spring,13.4,0,0,108,111,118
2040-04-09,Monday,0,0,Spring,15.4,1,0,118,95,104
2040-04-10,Tuesday,0,0,Spring,17.0,1,0,104,84,85
2040-04-11,Wednesday,0,0,Spring,15.0,1,0,85,86,79
2040-04-12,Thursday,0,0,Spring,16.9,0,0,79,85,93
2040-04-13,Friday,0,0,Spring,11.8,0,1,93,98,110
2040-04-14,Saturday,1,0,Spring,21.2,0,0,110,108,123
2040-04-15,Sunday,1,0,Spring,17.4,0,1,123,118,127
2040-04-16,Monday,0,0,Spring,14.2,1,0,127,104,103
2040-04-17,Tuesday,0,0,Spring,10.3,0,0,103,85,94
2040-04-18,Wednesday,0,0,Spring,20.9,1,0,94,79,79
2040-04-19,Thursday,0,0,Spring,19.6,0,0,79,93,89
2040-04-20,Friday,0,0,Spring,18.7,0,0,89,110,116
2040-04-21,Saturday,1,0,Spring,20.8,0,0,116,123,120
2040-04-22,Sunday,1,0,Spring,21.0,0,0,120,127,122
2040-04-23,Monday,0,0,Spring,19.1,0,0,122,103,106
2040-04-24,Tuesday,0,0,Spring,17.9,1,0,106,94,106
2040-04-25,Wednesday,0,0,Spring,17.6,0,0,106,79,87
2040-04-26,Thursday,0,0,Spring,20.2,0,0,87,89,98
2040-04-27,Friday,0,0,Spring,23.3,0,0,98,116,107
2040-04-28,Saturday,1,0,Spring,18.9,0,0,107,120,112
2040-04-29,Sunday,1,0,Spring,23.8,0,1,112,122,114
2040-04-30,Monday,0,0,Spring,20.6,1,0,114,106,115
2040-05-01,Tuesday,0,1,Spring,20.8,0,0,115,106,118
2040-05-02,Wednesday,0,0,Spring,27.0,0,0,118,87,98
2040-05-03,Thursday,0,0,Spring,24.8,1,0,98,98,90
2040-05-04,Friday,0,0,Spring,25.0,0,0,90,107,100
2040-05-05,Saturday,1,0,Spring,17.7,0,0,100,112,114
2040-05-06,Sunday,1,0,Spring,26.8,1,0,114,114,114
2040-05-07,Monday,0,0,Spring,20.1,0,0,114,115,102
2040-05-08,Tuesday,0,0,Spring,19.8,0,0,102,118,104
2040-05-09,Wednesday,0,0,Spring,14.1,1,0,104,98,104
2040-05-10,Thursday,0,0,Spring,21.7,0,0,104,90,106
2040-05-11,Friday,0,0,Spring,17.5,0,0,106,100,94
2040-05-12,Saturday,1,0,Spring,22.1,0,0,94,114,103
2040-05-13,Sunday,1,0,Spring,17.5,0,0,103,114,108
2040-05-14,Monday,0,0,Spring,26.5,0,1,108,102,113
2040-05-15,Tuesday,0,0,Spring,22.9,1,0,113,104,113
2040-05-16,Wednesday,0,0,Spring,28.1,1,0,113,104,107
2040-05-17,Thursday,0,0,Spring,18.3,1,0,107,106,107
2040-05-18,Friday,0,0,Spring,26.1,1,0,107,94,90
2040-05-19,Saturday,1,0,Spring,16.2,0,0,90,103,100
2040-05-20,Sunday,1,0,Spring,22.3,0,0,100,108,113
2040-05-21,Monday,0,0,Spring,19.9,0,0,113,113,120
2040-05-22,Tuesday,0,0,Spring,20.5,0,0,120,113,102
2040-05-23,Wednesday,0,0,Spring,20.4,0,0,102,107,102
2040-05-24,Thursday,0,0,Spring,19.2,0,0,102,107,92
2040-05-25,Friday,0,0,Spring,18.3,1,0,92,90,93
2040-05-26,Saturday,1,0,Spring,20.8,0,0,93,100,113
2040-05-27,Sunday,1,0,Spring,22.6,1,0,113,113,119
2040-05-28,Monday,0,0,Spring,25.8,0,0,119,120,114
2040-05-29,Tuesday,0,0,Spring,23.2,0,0,114,102,105
2040-05-30,Wednesday,0,0,Spring,25.9,0,1,105,102,131
2040-05-31,Thursday,0,0,Spring,18.0,0,0,131,92,111
2040-06-01,Friday,0,0,Summer,21.2,0,1,111,93,114
2040-06-02,Saturday,1,0,Summer,24.7,0,0,114,113,119
2040-06-03,Sunday,1,0,Summer,23.6,0,0,119,119,112
2040-06-04,Monday,0,0,Summer,20.1,0,0,112,114,112
2040-06-05,Tuesday,0,0,Summer,25.5,0,0,112,105,115
2040-06-06,Wednesday,0,0,Summer,21.1,0,0,115,131,122
2040-06-07,Thursday,0,0,Summer,20.4,0,1,122,111,130
2040-06-08,Friday,0,0,Summer,24.3,1,1,130,114,126
2040-06-09,Saturday,1,0,Summer,22.9,0,0,126,119,128
2040-06-10,Sunday,1,0,Summer,21.3,0,0,128,112,132
2040-06-11,Monday,0,0,Summer,21.2,0,0,132,112,115
2040-06-12,Tuesday,0,0,Summer,19.7,1,0,115,115,104
2040-06-13,Wednesday,0,0,Summer,21.8,0,0,104,122,118
2040-06-14,Thursday,0,0,Summer,26.3,0,0,118,130,118
2040-06-15,Friday,0,0,Summer,23.7,0,0,118,126,116
2040-06-16,Saturday,1,0,Summer,25.9,0,0,116,128,121
2040-06-17,Sunday,1,0,Summer,24.5,0,0,121,132,147
2040-06-18,Monday,0,0,Summer,21.2,1,0,147,115,129
2040-06-19,Tuesday,0,0,Summer,18.1,0,0,129,104,119
2040-06-20,Wednesday,0,0,Summer,20.2,0,0,119,118,109
2040-06-21,Thursday,0,0,Summer,21.0,0,0,109,118,117
2040-06-22,Friday,0,0,Summer,20.7,0,0,117,116,131
2040-06-23,Saturday,1,0,Summer,25.9,0,0,131,121,135
2040-06-24,Sunday,1,0,Summer,25.9,0,0,135,147,131
2040-06-25,Monday,0,0,Summer,29.6,0,0,131,129,130
2040-06-26,Tuesday,0,0,Summer,20.6,0,0,130,119,119
2040-06-27,Wednesday,0,0,Summer,27.7,0,0,119,109,117
2040-06-28,Thursday,0,0,Summer,27.7,0,0,117,117,113
2040-06-29,Friday,0,0,Summer,22.2,0,0,113,131,117
2040-06-30,Saturday,1,0,Summer,24.3,0,0,117,135,127
2040-07-01,Sunday,1,0,Summer,26.5,0,1,127,131,133
2040-07-02,Monday,0,0,Summer,22.6,0,0,133,130,124
2040-07-03,Tuesday,0,0,Summer,22.3,0,0,124,119,113
2040-07-04,Wednesday,0,0,Summer,20.8,1,0,113,117,121
2040-07-05,Thursday,0,0,Summer,15.6,0,0,121,113,119
2040-07-06,Friday,0,0,Summer,22.8,0,0,119,117,127
2040-07-07,Saturday,1,0,Summer,20.4,0,0,127,127,129
2040-07-08,Sunday,1,0,Summer,19.3,1,0,129,133,112
2040-07-09,Monday,0,0,Summer,23.7,1,0,112,124,116
2040-07-10,Tuesday,0,0,Summer,18.0,0,0,116,113,110
2040-07-11,Wednesday,0,0,Summer,24.7,1,0,110,121,114
2040-07-12,Thursday,0,0,Summer,23.7,0,0,114,119,117
2040-07-13,Friday,0,0,Summer,21.0,1,0,117,127,104
2040-07-14,Saturday,1,0,Summer,21.9,0,0,104,129,118
2040-07-15,Sunday,1,0,Summer,18.5,1,0,118,112,109
2040-07-16,Monday,0,0,Summer,24.2,1,0,109,116,108
2040-07-17,Tuesday,0,0,Summer,22.4,0,0,108,110,111
2040-07-18,Wednesday,0,0,Summer,22.6,0,1,111,114,135
2040-07-19,Thursday,0,0,Summer,23.2,0,0,135,117,129
2040-07-20,Friday,0,0,Summer,19.7,0,0,129,104,117
2040-07-21,Saturday,1,0,Summer,17.0,0,0,117,118,119
2040-07-22,Sunday,1,0,Summer,24.3,0,0,119,109,124
2040-07-23,Monday,0,0,Summer,23.4,0,0,124,108,120
2040-07-24,Tuesday,0,0,Summer,19.7,0,0,120,111,104
2040-07-25,Wednesday,0,0,Summer,22.4,0,0,104,135,113
2040-07-26,Thursday,0,0,Summer,24.8,1,1,113,129,123
2040-07-27,Friday,0,0,Summer,24.4,0,0,123,117,112
2040-07-28,Saturday,1,0,Summer,19.2,0,0,112,119,126
2040-07-29,Sunday,1,0,Summer,16.3,0,0,126,124,126
2040-07-30,Monday,0,0,Summer,16.7,0,0,126,120,114
2040-07-31,Tuesday,0,0,Summer,19.6,0,1,114,104,117
2040-08-01,Wednesday,0,0,Summer,24.8,0,0,117,113,120
2040-08-02,Thursday,0,0,Summer,18.1,0,0,120,123,132
2040-08-03,Friday,0,0,Summer,18.4,0,0,132,112,128
2040-08-04,Saturday,1,0,Summer,18.2,1,0,128,126,118
2040-08-05,Sunday,1,0,Summer,18.3,0,0,118,126,142
2040-08-06,Monday,0,0,Summer,19.8,0,0,142,114,115
2040-08-07,Tuesday,0,0,Summer,15.9,1,0,115,117,110
2040-08-08,Wednesday,0,0,Summer,22.8,1,0,110,120,109
2040-08-09,Thursday,0,0,Summer,19.0,0,0,109,132,116
2040-08-10,Friday,0,0,Summer,26.7,0,1,116,128,135
2040-08-11,Saturday,1,0,Summer,15.6,0,0,135,118,133
2040-08-12,Sunday,1,0,Summer,23.8,0,0,133,142,145
2040-08-13,Monday,0,0,Summer,23.1,0,0,145,115,121
2040-08-14,Tuesday,0,0,Summer,17.5,0,0,121,110,115
2040-08-15,Wednesday,0,0,Summer,17.4,0,0,115,109,114
2040-08-16,Thursday,0,0,Summer,15.7,0,0,114,116,129
2040-08-17,Friday,0,0,Summer,15.6,1,0,129,135,128
2040-08-18,Saturday,1,0,Summer,18.2,0,0,128,133,124
2040-08-19,Sunday,1,0,Summer,18.1,1,0,124,145,136
2040-08-20,Monday,0,0,Summer,13.1,0,0,136,121,116
2040-08-21,Tuesday,0,0,Summer,24.6,1,0,116,115,105
2040-08-22,Wednesday,0,0,Summer,16.8,0,0,105,114,116
2040-08-23,Thursday,0,0,Summer,17.6,0,0,116,129,119
2040-08-24,Friday,0,0,Summer,15.4,0,1,119,128,127
2040-08-25,Saturday,1,0,Summer,16.3,0,0,127,124,140
2040-08-26,Sunday,1,0,Summer,15.9,0,0,140,136,130
2040-08-27,Monday,0,0,Summer,16.8,0,1,130,116,120
2040-08-28,Tuesday,0,0,Summer,16.6,0,0,120,105,113
2040-08-29,Wednesday,0,0,Summer,18.9,1,0,113,116,93
2040-08-30,Thursday,0,0,Summer,17.0,0,1,93,119,114
2040-08-31,Friday,0,0,Summer,18.3,0,0,114,127,120
2040-09-01,Saturday,1,0,Autumn,16.0,1,0,120,140,117
2040-09-02,Sunday,1,0,Autumn,16.5,1,0,117,130,115
2040-09-03,Monday,0,0,Autumn,14.9,0,0,115,120,108
2040-09-04,Tuesday,0,0,Autumn,18.5,0,0,108,113,104
2040-09-05,Wednesday,0,0,Autumn,16.3,0,0,104,93,103
2040-09-06,Thursday,0,0,Autumn,14.7,0,0,103,114,106
2040-09-07,Friday,0,0,Autumn,14.4,0,0,106,120,108
2040-09-08,Saturday,1,0,Autumn,14.5,1,0,108,117,115
2040-09-09,Sunday,1,0,Autumn,14.7,0,0,115,115,115
2040-09-10,Monday,0,0,Autumn,14.3,0,0,115,108,124
2040-09-11,Tuesday,0,0,Autumn,12.6,0,0,124,104,113
2040-09-12,Wednesday,0,0,Autumn,16.4,1,0,113,103,97
2040-09-13,Thursday,0,0,Autumn,16.5,0,0,97,106,88
2040-09-14,Friday,0,0,Autumn,19.1,0,0,88,108,95
2040-09-15,Saturday,1,0,Autumn,11.8,0,0,95,115,91
2040-09-16,Sunday,1,0,Autumn,15.5,0,0,91,115,107
2040-09-17,Monday,0,0,Autumn,7.6,0,0,107,124,99
2040-09-18,Tuesday,0,0,Autumn,15.6,0,0,99,113,93
2040-09-19,Wednesday,0,0,Autumn,8.6,0,0,93,97,94
2040-09-20,Thursday,0,0,Autumn,9.8,0,0,94,88,88
2040-09-21,Friday,0,0,Autumn,13.6,0,0,88,95,97
2040-09-22,Saturday,1,0,Autumn,10.6,1,0,97,91,94
2040-09-23,Sunday,1,0,Autumn,10.0,0,1,94,107,107
2040-09-24,Monday,0,0,Autumn,10.6,1,0,107,99,101
2040-09-25,Tuesday,0,0,Autumn,14.1,0,0,101,93,100
2040-09-26,Wednesday,0,0,Autumn,8.9,0,0,100,94,102
2040-09-27,Thursday,0,0,Autumn,11.4,1,0,102,88,94
2040-09-28,Friday,0,0,Autumn,10.3,0,0,94,97,83
2040-09-29,Saturday,1,0,Autumn,13.7,0,0,83,94,90
2040-09-30,Sunday,1,0,Autumn,13.6,0,0,90,107,87
2040-10-01,Monday,0,0,Autumn,5.4,1,0,87,101,88
2040-10-02,Tuesday,0,0,Autumn,13.9,0,0,88,100,90
2040-10-03,Wednesday,0,0,Autumn,8.7,0,0,90,102,99
2040-10-04,Thursday,0,0,Autumn,11.1,0,0,99,94,102
2040-10-05,Friday,0,0,Autumn,7.4,0,0,102,83,93
2040-10-06,Saturday,1,0,Autumn,11.2,0,0,93,90,110
2040-10-07,Sunday,1,0,Autumn,17.5,1,0,110,87,107
2040-10-08,Monday,0,0,Autumn,10.1,1,0,107,88,89
2040-10-09,Tuesday,0,0,Autumn,8.2,1,0,89,90,85
2040-10-10,Wednesday,0,0,Autumn,8.7,0,0,85,99,97
2040-10-11,Thursday,0,0,Autumn,4.8,0,0,97,102,97
2040-10-12,Friday,0,0,Autumn,13.4,0,0,97,93,93
2040-10-13,Saturday,1,0,Autumn,9.9,0,0,93,110,94
2040-10-14,Sunday,1,0,Autumn,5.6,0,1,94,107,103
2040-10-15,Monday,0,0,Autumn,5.6,0,0,103,89,84
2040-10-16,Tuesday,0,0,Autumn,8.5,0,0,84,85,83
2040-10-17,Wednesday,0,0,Autumn,11.1,1,0,83,97,79
2040-10-18,Thursday,0,0,Autumn,4.7,1,0,79,97,78
2040-10-19,Friday,0,0,Autumn,11.3,1,1,78,93,101
2040-10-20,Saturday,1,0,Autumn,7.6,0,0,101,94,112
2040-10-21,Sunday,1,0,Autumn,4.9,1,0,112,103,95
2040-10-22,Monday,0,0,Autumn,6.2,0,0,95,84,81
2040-10-23,Tuesday,0,0,Autumn,12.7,0,0,81,83,79
2040-10-24,Wednesday,0,0,Autumn,3.1,0,0,79,79,78
2040-10-25,Thursday,0,0,Autumn,4.9,0,0,78,78,81
2040-10-26,Friday,0,0,Autumn,9.9,0,0,81,101,87
2040-10-27,Saturday,1,0,Autumn,7.5,1,0,87,112,100
2040-10-28,Sunday,1,0,Autumn,4.4,0,0,100,95,93
2040-10-29,Monday,0,0,Autumn,9.5,1,0,93,81,78
2040-10-30,Tuesday,0,0,Autumn,9.5,0,0,78,79,71
2040-10-31,Wednesday,0,0,Autumn,7.3,1,0,71,78,78
2040-11-01,Thursday,0,0,Autumn,4.4,1,0,78,81,82
2040-11-02,Friday,0,0,Autumn,4.7,0,0,82,87,88
2040-11-03,Saturday,1,0,Autumn,6.8,1,0,88,100,98
2040-11-04,Sunday,1,0,Autumn,1.9,1,0,98,93,98
2040-11-05,Monday,0,0,Autumn,9.7,0,0,98,78,90
2040-11-06,Tuesday,0,0,Autumn,10.7,1,0,90,71,83
2040-11-07,Wednesday,0,0,Autumn,4.8,1,0,83,78,72
2040-11-08,Thursday,0,0,Autumn,6.4,0,1,72,82,74
2040-11-09,Friday,0,0,Autumn,8.8,0,0,74,88,78
2040-11-10,Saturday,1,0,Autumn,11.0,0,0,78,98,108
2040-11-11,Sunday,1,0,Autumn,9.7,0,0,108,98,101
2040-11-12,Monday,0,0,Autumn,-0.3,1,0,101,90,93
2040-11-13,Tuesday,0,0,Autumn,3.9,1,0,93,83,83
2040-11-14,Wednesday,0,0,Autumn,6.3,1,0,83,72,74
2040-11-15,Thursday,0,0,Autumn,3.2,0,0,74,74,68
2040-11-16,Friday,0,0,Autumn,9.9,0,0,68,78,74
2040-11-17,Saturday,1,0,Autumn,9.4,0,1,74,108,100
2040-11-18,Sunday,1,0,Autumn,1.9,0,0,100,101,96
2040-11-19,Monday,0,0,Autumn,3.8,1,0,96,93,86
2040-11-20,Tuesday,0,0,Autumn,2.0,0,0,86,83,74
2040-11-21,Wednesday,0,0,Autumn,3.5,0,0,74,74,68
2040-11-22,Thursday,0,0,Autumn,3.4,0,0,68,68,76
2040-11-23,Friday,0,0,Autumn,6.8,1,0,76,74,90
2040-11-24,Saturday,1,0,Autumn,1.2,0,0,90,100,95
2040-11-25,Sunday,1,0,Autumn,-4.0,0,0,95,96,93
2040-11-26,Monday,0,0,Autumn,-1.0,0,0,93,86,79
2040-11-27,Tuesday,0,0,Autumn,0.6,0,0,79,74,72
2040-11-28,Wednesday,0,0,Autumn,1.7,1,0,72,68,64
2040-11-29,Thursday,0,0,Autumn,4.1,1,0,64,76,65
2040-11-30,Friday,0,0,Autumn,0.3,1,0,65,90,77
2040-12-01,Saturday,1,0,Winter,-0.2,0,1,77,95,97
2040-12-02,Sunday,1,0,Winter,0.6,1,0,97,93,86
2040-12-03,Monday,0,0,Winter,0.0,1,0,86,79,67
2040-12-04,Tuesday,0,0,Winter,1.7,1,0,67,72,59
2040-12-05,Wednesday,0,0,Winter,1.5,0,0,59,64,65
2040-12-06,Thursday,0,0,Winter,5.3,1,0,65,65,58
2040-12-07,Friday,0,0,Winter,0.2,1,1,58,77,65
2040-12-08,Saturday,1,0,Winter,2.1,0,0,65,97,83
2040-12-09,Sunday,1,0,Winter,1.5,0,0,83,86,82
2040-12-10,Monday,0,0,Winter,5.5,0,0,82,67,70
2040-12-11,Tuesday,0,0,Winter,2.6,1,0,70,59,66
2040-12-12,Wednesday,0,0,Winter,6.2,0,0,66,65,66
2040-12-13,Thursday,0,0,Winter,-0.4,1,0,66,58,55
2040-12-14,Friday,0,0,Winter,2.9,1,0,55,65,62
2040-12-15,Saturday,1,0,Winter,1.3,1,0,62,83,68
2040-12-16,Sunday,1,0,Winter,-0.7,0,0,68,82,80
2040-12-17,Monday,0,0,Winter,2.8,1,0,80,70,67
2040-12-18,Tuesday,0,0,Winter,8.2,0,0,67,66,59
2040-12-19,Wednesday,0,0,Winter,0.4,1,0,59,66,58
2040-12-20,Thursday,0,0,Winter,2.6,0,0,58,55,55
2040-12-21,Friday,0,0,Winter,-0.9,0,0,55,62,69
2040-12-22,Saturday,1,0,Winter,-1.4,0,0,69,68,73
2040-12-23,Sunday,1,0,Winter,0.7,1,0,73,80,78
2040-12-24,Monday,0,1,Winter,1.7,1,0,78,67,66
2040-12-25,Tuesday,0,1,Winter,1.8,0,0,66,59,66
2040-12-26,Wednesday,0,1,Winter,2.4,0,1,66,58,79
2040-12-27,Thursday,0,0,Winter,-1.8,1,0,79,55,63
2040-12-28,Friday,0,0,Winter,1.2,0,0,63,69,62
2040-12-29,Saturday,1,0,Winter,4.7,0,0,62,73,79
2040-12-30,Sunday,1,0,Winter,-0.9,1,1,79,78,84
2040-12-31,Monday,0,1,Winter,2.1,0,0,84,66,69
2041-01-01,Tuesday,0,1,Winter,4.1,0,0,69,66,69
2041-01-02,Wednesday,0,0,Winter,0.9,0,0,69,79,63
2041-01-03,Thursday,0,0,Winter,4.3,0,1,63,63,70
2041-01-04,Friday,0,0,Winter,-1.2,1,0,70,62,62
2041-01-05,Saturday,1,0,Winter,6.1,0,0,62,79,75
2041-01-06,Sunday,1,0,Winter,4.5,0,0,75,84,70
2041-01-07,Monday,0,0,Winter,3.7,0,0,70,69,63
2041-01-08,Tuesday,0,0,Winter,6.9,0,0,63,69,72
2041-01-09,Wednesday,0,0,Winter,2.6,0,0,72,63,79
2041-01-10,Thursday,0,0,Winter,1.8,0,0,79,70,65
2041-01-11,Friday,0,0,Winter,7.8,1,1,65,62,82
2041-01-12,Saturday,1,0,Winter,9.3,0,0,82,75,102
2041-01-13,Sunday,1,0,Winter,1.8,1,0,102,70,82
2041-01-14,Monday,0,0,Winter,3.6,1,0,82,63,70
2041-01-15,Tuesday,0,0,Winter,7.1,0,0,70,72,76
2041-01-16,Wednesday,0,0,Winter,3.8,1,0,76,79,67
2041-01-17,Thursday,0,0,Winter,5.9,1,1,67,65,79
2041-01-18,Friday,0,0,Winter,6.6,0,0,79,82,80
2041-01-19,Saturday,1,0,Winter,2.6,0,0,80,102,96
2041-01-20,Sunday,1,0,Winter,5.7,1,0,96,82,97
2041-01-21,Monday,0,0,Winter,4.5,0,0,97,70,87
2041-01-22,Tuesday,0,0,Winter,0.9,1,0,87,76,70
2041-01-23,Wednesday,0,0,Winter,1.7,1,0,70,67,67
2041-01-24,Thursday,0,0,Winter,2.8,0,0,67,79,68
2041-01-25,Friday,0,0,Winter,7.7,0,0,68,80,69
2041-01-26,Saturday,1,0,Winter,7.9,1,0,69,96,81
2041-01-27,Sunday,1,0,Winter,7.3,0,0,81,97,93
2041-01-28,Monday,0,0,Winter,6.5,0,1,93,87,88
2041-01-29,Tuesday,0,0,Winter,6.5,0,0,88,70,87
2041-01-30,Wednesday,0,0,Winter,6.3,1,0,87,67,73
2041-01-31,Thursday,0,0,Winter,6.8,0,0,73,68,65
2041-02-01,Friday,0,0,Winter,7.1,0,1,65,69,78
2041-02-02,Saturday,1,0,Winter,1.6,1,0,78,81,75
2041-02-03,Sunday,1,0,Winter,3.5,1,0,75,93,88
2041-02-04,Monday,0,0,Winter,2.9,0,0,88,88,82
2041-02-05,Tuesday,0,0,Winter,9.5,1,0,82,87,76
2041-02-06,Wednesday,0,0,Winter,11.2,0,0,76,73,80
2041-02-07,Thursday,0,0,Winter,-0.1,0,0,80,65,66
2041-02-08,Friday,0,0,Winter,11.2,0,0,66,78,69
2041-02-09,Saturday,1,0,Winter,6.9,0,1,69,75,78
2041-02-10,Sunday,1,0,Winter,9.8,1,0,78,88,69
2041-02-11,Monday,0,0,Winter,8.4,0,0,69,82,63
2041-02-12,Tuesday,0,0,Winter,11.4,1,0,63,76,70
2041-02-13,Wednesday,0,0,Winter,7.8,0,0,70,80,78
2041-02-14,Thursday,0,0,Winter,3.2,0,0,78,66,66
2041-02-15,Friday,0,0,Winter,7.2,1,0,66,69,55
2041-02-16,Saturday,1,0,Winter,9.2,1,0,55,78,69
2041-02-17,Sunday,1,0,Winter,7.1,0,0,69,69,78
2041-02-18,Monday,0,0,Winter,9.9,0,0,78,63,76
2041-02-19,Tuesday,0,0,Winter,7.9,0,0,76,70,73
2041-02-20,Wednesday,0,0,Winter,6.4,1,0,73,78,63
2041-02-21,Thursday,0,0,Winter,5.1,0,1,63,66,79
2041-02-22,Friday,0,0,Winter,7.3,0,0,79,55,77
2041-02-23,Saturday,1,0,Winter,9.3,1,0,77,69,84
2041-02-24,Sunday,1,0,Winter,3.0,1,0,84,78,72
2041-02-25,Monday,0,0,Winter,6.6,0,0,72,76,73
2041-02-26,Tuesday,0,0,Winter,3.2,1,0,73,73,72
2041-02-27,Wednesday,0,0,Winter,7.5,0,0,72,63,59
2041-02-28,Thursday,0,0,Winter,13.1,1,1,59,79,72
2041-03-01,Friday,0,0,Spring,6.1,0,0,72,77,69
2041-03-02,Saturday,1,0,Spring,11.9,1,0,69,84,78
2041-03-03,Sunday,1,0,Spring,18.5,1,0,78,72,83
2041-03-04,Monday,0,0,Spring,14.5,1,0,83,73,67
2041-03-05,Tuesday,0,0,Spring,10.7,0,0,67,72,80
2041-03-06,Wednesday,0,0,Spring,13.0,1,0,80,59,81
2041-03-07,Thursday,0,0,Spring,6.5,0,0,81,72,79
2041-03-08,Friday,0,0,Spring,6.1,0,1,79,69,83
2041-03-09,Saturday,1,0,Spring,11.0,0,0,83,78,90
2041-03-10,Sunday,1,0,Spring,12.3,1,0,90,83,100
2041-03-11,Monday,0,0,Spring,14.6,0,0,100,67,90
2041-03-12,Tuesday,0,0,Spring,9.8,0,0,90,80,72
2041-03-13,Wednesday,0,0,Spring,12.2,0,0,72,81,63
2041-03-14,Thursday,0,0,Spring,12.3,1,0,63,79,66
2041-03-15,Friday,0,0,Spring,11.6,0,0,66,83,81
2041-03-16,Saturday,1,0,Spring,11.9,0,0,81,90,82
2041-03-17,Sunday,1,0,Spring,9.7,0,0,82,100,91
2041-03-18,Monday,0,0,Spring,13.3,0,0,91,90,76
2041-03-19,Tuesday,0,0,Spring,13.2,0,0,76,72,77
2041-03-20,Wednesday,0,0,Spring,11.5,1,0,77,63,74
2041-03-21,Thursday,0,0,Spring,15.0,1,0,74,66,87
2041-03-22,Friday,0,0,Spring,16.3,0,0,87,81,91
2041-03-23,Saturday,1,0,Spring,15.4,0,0,91,82,95
2041-03-24,Sunday,1,0,Spring,10.4,0,0,95,91,106
2041-03-25,Monday,0,0,Spring,14.0,1,0,106,76,92
2041-03-26,Tuesday,0,0,Spring,11.1,1,0,92,77,82
2041-03-27,Wednesday,0,0,Spring,14.3,0,0,82,74,80
2041-03-28,Thursday,0,0,Spring,11.5,1,0,80,87,94
2041-03-29,Friday,0,0,Spring,18.2,0,0,94,91,93
2041-03-30,Saturday,1,0,Spring,16.9,1,1,93,95,96
2041-03-31,Sunday,1,0,Spring,18.2,1,0,96,106,100
2041-04-01,Monday,0,0,Spring,18.0,0,0,100,92,92
2041-04-02,Tuesday,0,0,Spring,14.2,1,0,92,82,93
2041-04-03,Wednesday,0,0,Spring,13.9,0,0,93,80,89
2041-04-04,Thursday,0,0,Spring,20.6,0,0,89,94,102
2041-04-05,Friday,0,0,Spring,15.1,1,0,102,93,80
2041-04-06,Saturday,1,0,Spring,11.7,0,0,80,96,92
2041-04-07,Sunday,1,0,Spring,18.9,0,0,92,100,111
2041-04-08,Monday,0,0,Spring,16.5,0,1,111,92,99
2041-04-09,Tuesday,0,0,Spring,20.7,0,0,99,93,95
2041-04-10,Wednesday,0,0,Spring,17.1,1,0,95,89,96
2041-04-11,Thursday,0,0,Spring,16.5,1,0,96,102,92
2041-04-12,Friday,0,0,Spring,21.3,1,1,92,80,106
2041-04-13,Saturday,1,0,Spring,12.2,1,0,106,92,98
2041-04-14,Sunday,1,0,Spring,15.3,1,0,98,111,102
2041-04-15,Monday,0,0,Spring,14.5,1,0,102,99,97
2041-04-16,Tuesday,0,0,Spring,10.7,0,0,97,95,84
2041-04-17,Wednesday,0,0,Spring,20.1,1,0,84,96,83
2041-04-18,Thursday,0,0,Spring,16.0,0,0,83,92,97
2041-04-19,Friday,0,0,Spring,20.5,0,0,97,106,100
2041-04-20,Saturday,1,0,Spring,19.1,0,1,100,98,116
2041-04-21,Sunday,1,0,Spring,19.9,0,0,116,102,120
2041-04-22,Monday,0,0,Spring,16.9,1,0,120,97,102
2041-04-23,Tuesday,0,0,Spring,16.1,0,0,102,84,95
2041-04-24,Wednesday,0,0,Spring,18.8,1,0,95,83,100
2041-04-25,Thursday,0,0,Spring,21.4,0,0,100,97,118
2041-04-26,Friday,0,0,Spring,18.7,1,0,118,100,110
2041-04-27,Saturday,1,0,Spring,16.8,0,0,110,116,113
2041-04-28,Sunday,1,0,Spring,15.5,1,0,113,120,117
2041-04-29,Monday,0,0,Spring,19.8,0,0,117,102,100
2041-04-30,Tuesday,0,0,Spring,17.7,1,0,100,95,102
2041-05-01,Wednesday,0,1,Spring,19.3,1,0,102,100,99
2041-05-02,Thursday,0,0,Spring,18.9,1,0,99,118,100
2041-05-03,Friday,0,0,Spring,18.4,1,1,100,110,104
2041-05-04,Saturday,1,0,Spring,20.7,0,0,104,113,108
2041-05-05,Sunday,1,0,Spring,21.7,0,0,108,117,122
2041-05-06,Monday,0,0,Spring,26.0,0,1,122,100,120
2041-05-07,Tuesday,0,0,Spring,22.5,0,0,120,102,109
2041-05-08,Wednesday,0,0,Spring,25.1,0,0,109,99,120
2041-05-09,Thursday,0,0,Spring,18.0,1,0,120,100,108
2041-05-10,Friday,0,0,Spring,15.8,1,1,108,104,112
2041-05-11,Saturday,1,0,Spring,20.6,1,0,112,108,105
2041-05-12,Sunday,1,0,Spring,23.4,1,0,105,122,106
2041-05-13,Monday,0,0,Spring,23.0,0,0,106,120,101
2041-05-14,Tuesday,0,0,Spring,24.6,0,0,101,109,99
2041-05-15,Wednesday,0,0,Spring,13.5,1,0,99,120,96
2041-05-16,Thursday,0,0,Spring,25.0,0,0,96,108,102
2041-05-17,Friday,0,0,Spring,22.3,0,0,102,112,115
2041-05-18,Saturday,1,0,Spring,16.8,1,0,115,105,112
2041-05-19,Sunday,1,0,Spring,23.7,0,0,112,106,126
2041-05-20,Monday,0,0,Spring,22.1,0,0,126,101,115
2041-05-21,Tuesday,0,0,Spring,22.8,0,0,115,99,101
2041-05-22,Wednesday,0,0,Spring,24.8,1,0,101,96,101
2041-05-23,Thursday,0,0,Spring,23.1,0,0,101,102,105
2041-05-24,Friday,0,0,Spring,17.5,0,0,105,115,120
2041-05-25,Saturday,1,0,Spring,21.6,0,0,120,112,127
2041-05-26,Sunday,1,0,Spring,17.2,1,1,127,126,128
2041-05-27,Monday,0,0,Spring,24.1,1,0,128,115,125
2041-05-28,Tuesday,0,0,Spring,26.4,0,0,125,101,117
2041-05-29,Wednesday,0,0,Spring,18.5,1,0,117,101,108
2041-05-30,Thursday,0,0,Spring,20.3,0,0,108,105,118
2041-05-31,Friday,0,0,Spring,19.7,0,1,118,120,132
2041-06-01,Saturday,1,0,Summer,21.1,0,0,132,127,134
2041-06-02,Sunday,1,0,Summer,23.7,0,0,134,128,131
2041-06-03,Monday,0,0,Summer,21.2,1,0,131,125,104
2041-06-04,Tuesday,0,0,Summer,24.6,1,0,104,117,93
2041-06-05,Wednesday,0,0,Summer,25.9,1,0,93,108,99
2041-06-06,Thursday,0,0,Summer,26.0,0,0,99,118,107
2041-06-07,Friday,0,0,Summer,19.4,0,0,107,132,119
2041-06-08,Saturday,1,0,Summer,26.9,0,0,119,134,139
2041-06-09,Sunday,1,0,Summer,27.2,0,0,139,131,131
2041-06-10,Monday,0,0,Summer,27.5,0,0,131,104,107
2041-06-11,Tuesday,0,0,Summer,22.4,1,0,107,93,91
2041-06-12,Wednesday,0,0,Summer,20.6,1,1,91,99,95
2041-06-13,Thursday,0,0,Summer,20.0,1,0,95,107,93
2041-06-14,Friday,0,0,Summer,19.6,0,0,93,119,109
2041-06-15,Saturday,1,0,Summer,23.0,1,0,109,139,134
2041-06-16,Sunday,1,0,Summer,25.5,1,0,134,131,135
2041-06-17,Monday,0,0,Summer,26.9,0,0,135,107,125
2041-06-18,Tuesday,0,0,Summer,21.5,0,0,125,91,112
2041-06-19,Wednesday,0,0,Summer,22.9,0,0,112,95,98
2041-06-20,Thursday,0,0,Summer,22.7,0,0,98,93,118
2041-06-21,Friday,0,0,Summer,21.1,0,0,118,109,116
2041-06-22,Saturday,1,0,Summer,25.2,1,0,116,134,132
2041-06-23,Sunday,1,0,Summer,24.1,1,0,132,135,114
2041-06-24,Monday,0,0,Summer,23.4,1,0,114,125,111
2041-06-25,Tuesday,0,0,Summer,24.0,0,0,111,112,110
2041-06-26,Wednesday,0,0,Summer,24.8,0,0,110,98,106
2041-06-27,Thursday,0,0,Summer,24.8,0,0,106,118,104
2041-06-28,Friday,0,0,Summer,20.4,0,0,104,116,115
2041-06-29,Saturday,1,0,Summer,25.6,0,0,115,132,137
2041-06-30,Sunday,1,0,Summer,23.6,1,0,137,114,141
2041-07-01,Monday,0,0,Summer,21.5,1,0,141,111,130
2041-07-02,Tuesday,0,0,Summer,23.5,1,0,130,110,124
2041-07-03,Wednesday,0,0,Summer,23.8,0,1,124,106,136
2041-07-04,Thursday,0,0,Summer,26.0,0,1,136,104,144
2041-07-05,Friday,0,0,Summer,19.5,0,0,144,115,124
2041-07-06,Saturday,1,0,Summer,26.6,0,1,124,137,144
2041-07-07,Sunday,1,0,Summer,22.7,1,0,144,141,128
2041-07-08,Monday,0,0,Summer,21.0,0,0,128,130,125
2041-07-09,Tuesday,0,0,Summer,20.9,0,0,125,124,117
2041-07-10,Wednesday,0,0,Summer,19.4,1,1,117,136,123
2041-07-11,Thursday,0,0,Summer,17.2,0,0,123,144,124
2041-07-12,Friday,0,0,Summer,24.3,0,0,124,124,109
2041-07-13,Saturday,1,0,Summer,28.2,1,0,109,144,114
2041-07-14,Sunday,1,0,Summer,17.3,0,0,114,128,126
2041-07-15,Monday,0,0,Summer,19.3,0,0,126,125,113
2041-07-16,Tuesday,0,0,Summer,24.3,0,0,113,117,120
2041-07-17,Wednesday,0,0,Summer,21.8,0,0,120,123,117
2041-07-18,Thursday,0,0,Summer,24.4,0,0,117,124,109
2041-07-19,Friday,0,0,Summer,21.5,0,0,109,109,104
2041-07-20,Saturday,1,0,Summer,20.0,0,0,104,114,112
2041-07-21,Sunday,1,0,Summer,21.0,0,0,112,126,114
2041-07-22,Monday,0,0,Summer,14.4,0,0,114,113,107
2041-07-23,Tuesday,0,0,Summer,18.0,0,0,107,120,110
2041-07-24,Wednesday,0,0,Summer,24.2,0,0,110,117,115
2041-07-25,Thursday,0,0,Summer,24.8,0,0,115,109,117
2041-07-26,Friday,0,0,Summer,25.4,1,0,117,104,121
2041-07-27,Saturday,1,0,Summer,22.4,0,0,121,112,131
2041-07-28,Sunday,1,0,Summer,14.2,0,0,131,114,116
2041-07-29,Monday,0,0,Summer,19.0,0,1,116,107,103
2041-07-30,Tuesday,0,0,Summer,24.7,0,0,103,110,102
2041-07-31,Wednesday,0,0,Summer,25.5,0,0,102,115,110
2041-08-01,Thursday,0,0,Summer,24.6,0,0,110,117,112
2041-08-02,Friday,0,0,Summer,19.7,0,0,112,121,122
2041-08-03,Saturday,1,0,Summer,16.4,0,0,122,131,118
2041-08-04,Sunday,1,0,Summer,20.1,0,0,118,116,131
2041-08-05,Monday,0,0,Summer,20.1,0,0,131,103,120
2041-08-06,Tuesday,0,0,Summer,24.6,0,0,120,102,110
2041-08-07,Wednesday,0,0,Summer,20.5,0,0,110,110,104
2041-08-08,Thursday,0,0,Summer,19.7,0,0,104,112,108
2041-08-09,Friday,0,0,Summer,19.8,0,0,108,122,124
2041-08-10,Saturday,1,0,Summer,20.6,1,1,124,118,128
2041-08-11,Sunday,1,0,Summer,21.2,0,0,128,131,125
2041-08-12,Monday,0,0,Summer,17.0,0,1,125,120,123
2041-08-13,Tuesday,0,0,Summer,15.9,0,0,123,110,103
2041-08-14,Wednesday,0,0,Summer,23.0,0,0,103,104,113
2041-08-15,Thursday,0,0,Summer,13.8,0,0,113,108,114
2041-08-16,Friday,0,0,Summer,23.5,1,0,114,124,124
2041-08-17,Saturday,1,0,Summer,12.7,0,0,124,128,136
2041-08-18,Sunday,1,0,Summer,16.6,0,0,136,125,123
2041-08-19,Monday,0,0,Summer,21.1,1,0,123,123,114
2041-08-20,Tuesday,0,0,Summer,18.0,0,0,114,103,106
2041-08-21,Wednesday,0,0,Summer,13.9,0,1,106,113,124
2041-08-22,Thursday,0,0,Summer,19.0,1,1,124,114,120
2041-08-23,Friday,0,0,Summer,17.8,0,0,120,124,109
2041-08-24,Saturday,1,0,Summer,16.8,0,0,109,136,120
2041-08-25,Sunday,1,0,Summer,15.4,1,0,120,123,124
2041-08-26,Monday,0,0,Summer,17.0,0,0,124,114,117
2041-08-27,Tuesday,0,0,Summer,15.2,1,0,117,106,104
2041-08-28,Wednesday,0,0,Summer,24.1,0,0,104,124,110
2041-08-29,Thursday,0,0,Summer,15.9,0,0,110,120,115
2041-08-30,Friday,0,0,Summer,15.4,0,0,115,109,118
2041-08-31,Saturday,1,0,Summer,14.7,1,0,118,120,120
2041-09-01,Sunday,1,0,Autumn,21.5,0,0,120,124,118
2041-09-02,Monday,0,0,Autumn,11.1,0,0,118,117,105
2041-09-03,Tuesday,0,0,Autumn,16.9,0,0,105,104,96
2041-09-04,Wednesday,0,0,Autumn,14.9,0,0,96,110,105
2041-09-05,Thursday,0,0,Autumn,11.2,0,0,105,115,103
2041-09-06,Friday,0,0,Autumn,12.9,1,0,103,118,97
2041-09-07,Saturday,1,0,Autumn,16.1,1,0,97,120,122
2041-09-08,Sunday,1,0,Autumn,12.4,0,0,122,118,111
2041-09-09,Monday,0,0,Autumn,15.6,0,0,111,105,95
2041-09-10,Tuesday,0,0,Autumn,19.8,0,0,95,96,86
2041-09-11,Wednesday,0,0,Autumn,15.0,0,0,86,105,87
2041-09-12,Thursday,0,0,Autumn,9.9,0,0,87,103,97
2041-09-13,Friday,0,0,Autumn,11.6,1,0,97,97,83
2041-09-14,Saturday,1,0,Autumn,13.1,0,0,83,122,104
2041-09-15,Sunday,1,0,Autumn,12.7,0,0,104,111,102
2041-09-16,Monday,0,0,Autumn,14.1,1,0,102,95,85
2041-09-17,Tuesday,0,0,Autumn,14.4,0,0,85,86,72
2041-09-18,Wednesday,0,0,Autumn,18.5,1,0,72,87,78
2041-09-19,Thursday,0,0,Autumn,13.1,1,0,78,97,72
2041-09-20,Friday,0,0,Autumn,9.5,0,0,72,83,80
2041-09-21,Saturday,1,0,Autumn,16.2,1,0,80,104,97
2041-09-22,Sunday,1,0,Autumn,16.4,0,0,97,102,86
2041-09-23,Monday,0,0,Autumn,13.1,0,0,86,85,88
2041-09-24,Tuesday,0,0,Autumn,11.5,1,0,88,72,64
2041-09-25,Wednesday,0,0,Autumn,13.9,1,0,64,78,83
2041-09-26,Thursday,0,0,Autumn,11.3,0,0,83,72,80
2041-09-27,Friday,0,0,Autumn,5.6,0,0,80,80,77
2041-09-28,Saturday,1,0,Autumn,13.3,1,0,77,97,91
2041-09-29,Sunday,1,0,Autumn,14.1,1,0,91,86,84
2041-09-30,Monday,0,0,Autumn,15.5,0,0,84,88,67
2041-10-01,Tuesday,0,0,Autumn,8.9,0,0,67,64,76
2041-10-02,Wednesday,0,0,Autumn,11.6,0,0,76,83,77
2041-10-03,Thursday,0,0,Autumn,11.5,1,1,77,80,86
2041-10-04,Friday,0,0,Autumn,10.8,0,0,86,77,86
2041-10-05,Saturday,1,0,Autumn,10.7,0,0,86,91,89
2041-10-06,Sunday,1,0,Autumn,10.3,0,0,89,84,83
2041-10-07,Monday,0,0,Autumn,10.7,1,0,83,67,77
2041-10-08,Tuesday,0,0,Autumn,12.1,1,0,77,76,77
2041-10-09,Wednesday,0,0,Autumn,13.4,0,0,77,77,79
2041-10-10,Thursday,0,0,Autumn,7.3,0,0,79,86,89
2041-10-11,Friday,0,0,Autumn,8.9,0,0,89,86,89
2041-10-12,Saturday,1,0,Autumn,8.0,1,0,89,89,99
2041-10-13,Sunday,1,0,Autumn,7.4,1,0,99,83,100
2041-10-14,Monday,0,0,Autumn,4.1,1,0,100,77,88
2041-10-15,Tuesday,0,0,Autumn,8.8,1,0,88,77,81
2041-10-16,Wednesday,0,0,Autumn,10.1,1,0,81,79,70
2041-10-17,Thursday,0,0,Autumn,8.0,0,0,70,89,82
2041-10-18,Friday,0,0,Autumn,8.3,0,0,82,89,84
2041-10-19,Saturday,1,0,Autumn,9.4,0,1,84,99,108
2041-10-20,Sunday,1,0,Autumn,12.2,0,0,108,100,116
2041-10-21,Monday,0,0,Autumn,6.6,1,0,116,88,91
2041-10-22,Tuesday,0,0,Autumn,4.2,0,0,91,81,74
2041-10-23,Wednesday,0,0,Autumn,7.3,0,0,74,70,78
2041-10-24,Thursday,0,0,Autumn,13.1,0,0,78,82,83
2041-10-25,Friday,0,0,Autumn,3.8,0,0,83,84,95
2041-10-26,Saturday,1,0,Autumn,9.1,0,0,95,108,103
2041-10-27,Sunday,1,0,Autumn,10.5,0,0,103,116,105
2041-10-28,Monday,0,0,Autumn,-0.2,0,0,105,91,88
2041-10-29,Tuesday,0,0,Autumn,8.0,0,0,88,74,82
2041-10-30,Wednesday,0,0,Autumn,8.4,0,0,82,78,66
2041-10-31,Thursday,0,0,Autumn,5.7,0,0,66,83,69
2041-11-01,Friday,0,0,Autumn,4.4,0,0,69,95,89
2041-11-02,Saturday,1,0,Autumn,4.4,1,0,89,103,89
2041-11-03,Sunday,1,0,Autumn,5.1,0,0,89,105,94
2041-11-04,Monday,0,0,Autumn,5.1,1,0,94,88,79
2041-11-05,Tuesday,0,0,Autumn,4.4,1,0,79,82,68
2041-11-06,Wednesday,0,0,Autumn,4.7,1,0,68,66,64
2041-11-07,Thursday,0,0,Autumn,9.2,0,0,64,69,64
2041-11-08,Friday,0,0,Autumn,1.8,0,1,64,89,74
2041-11-09,Saturday,1,0,Autumn,0.1,1,0,74,89,82
2041-11-10,Sunday,1,0,Autumn,8.9,0,0,82,94,101
2041-11-11,Monday,0,0,Autumn,4.6,1,0,101,79,86
2041-11-12,Tuesday,0,0,Autumn,3.9,0,0,86,68,81
2041-11-13,Wednesday,0,0,Autumn,4.6,1,0,81,64,78
2041-11-14,Thursday,0,0,Autumn,5.5,1,0,78,64,73
2041-11-15,Friday,0,0,Autumn,3.2,1,0,73,74,74
2041-11-16,Saturday,1,0,Autumn,6.2,1,1,74,82,83
2041-11-17,Sunday,1,0,Autumn,1.7,0,0,83,101,94
2041-11-18,Monday,0,0,Autumn,3.6,0,0,94,86,85
2041-11-19,Tuesday,0,0,Autumn,-2.3,1,0,85,81,68
2041-11-20,Wednesday,0,0,Autumn,7.8,1,0,68,78,67
2041-11-21,Thursday,0,0,Autumn,3.7,0,0,67,73,63
2041-11-22,Friday,0,0,Autumn,6.1,0,0,63,74,77
2041-11-23,Saturday,1,0,Autumn,5.5,1,0,77,83,93
2041-11-24,Sunday,1,0,Autumn,5.6,0,0,93,94,85
2041-11-25,Monday,0,0,Autumn,3.9,1,0,85,85,83
2041-11-26,Tuesday,0,0,Autumn,5.0,1,1,83,68,87
2041-11-27,Wednesday,0,0,Autumn,0.9,0,0,87,67,67
2041-11-28,Thursday,0,0,Autumn,0.2,1,0,67,63,49
2041-11-29,Friday,0,0,Autumn,3.3,0,0,49,77,67
2041-11-30,Saturday,1,0,Autumn,1.5,0,0,67,93,81
2041-12-01,Sunday,1,0,Winter,7.8,1,0,81,85,80
2041-12-02,Monday,0,0,Winter,4.6,0,0,80,83,82
2041-12-03,Tuesday,0,0,Winter,1.3,0,0,82,87,74
2041-12-04,Wednesday,0,0,Winter,2.6,1,0,74,67,82
2041-12-05,Thursday,0,0,Winter,3.7,0,1,82,49,67
2041-12-06,Friday,0,0,Winter,3.1,0,0,67,67,64
2041-12-07,Saturday,1,0,Winter,4.1,0,0,64,81,71
2041-12-08,Sunday,1,0,Winter,3.4,0,0,71,80,75
2041-12-09,Monday,0,0,Winter,-1.0,0,0,75,82,79
2041-12-10,Tuesday,0,0,Winter,-3.3,1,0,79,74,58
2041-12-11,Wednesday,0,0,Winter,2.0,0,0,58,82,59
2041-12-12,Thursday,0,0,Winter,4.8,0,0,59,67,60
2041-12-13,Friday,0,0,Winter,2.0,1,0,60,64,62
2041-12-14,Saturday,1,0,Winter,6.8,0,0,62,71,76
2041-12-15,Sunday,1,0,Winter,2.9,0,0,76,75,75
2041-12-16,Monday,0,0,Winter,7.1,1,0,75,79,60
2041-12-17,Tuesday,0,0,Winter,6.5,1,0,60,58,56
2041-12-18,Wednesday,0,0,Winter,6.2,0,0,56,59,70
2041-12-19,Thursday,0,0,Winter,-0.6,0,0,70,60,72
2041-12-20,Friday,0,0,Winter,3.1,1,0,72,62,65
2041-12-21,Saturday,1,0,Winter,6.7,1,0,65,76,75
2041-12-22,Sunday,1,0,Winter,3.8,0,0,75,75,81
2041-12-23,Monday,0,0,Winter,4.7,0,0,81,60,75
2041-12-24,Tuesday,0,1,Winter,-1.1,0,0,75,56,80
2041-12-25,Wednesday,0,1,Winter,8.8,1,0,80,70,79
2041-12-26,Thursday,0,1,Winter,0.7,1,0,79,72,68
2041-12-27,Friday,0,0,Winter,-2.9,0,0,68,65,57
2041-12-28,Saturday,1,0,Winter,2.0,0,1,57,75,83
2041-12-29,Sunday,1,0,Winter,-4.2,1,0,83,81,66
2041-12-30,Monday,0,0,Winter,-0.1,0,0,66,75,70
2041-12-31,Tuesday,0,1,Winter,10.9,1,0,70,80,71
2042-01-01,Wednesday,0,1,Winter,2.1,1,0,71,79,65
2042-01-02,Thursday,0,0,Winter,-1.0,1,0,65,68,66
2042-01-03,Friday,0,0,Winter,3.4,0,0,66,57,60
2042-01-04,Saturday,1,0,Winter,0.7,1,0,60,83,75
2042-01-05,Sunday,1,0,Winter,6.0,0,0,75,66,77
2042-01-06,Monday,0,0,Winter,0.8,1,0,77,70,51
2042-01-07,Tuesday,0,0,Winter,4.3,0,0,51,71,69
2042-01-08,Wednesday,0,0,Winter,0.1,1,0,69,65,70
2042-01-09,Thursday,0,0,Winter,11.4,0,0,70,66,79
2042-01-10,Friday,0,0,Winter,5.2,1,1,79,60,86
2042-01-11,Saturday,1,0,Winter,3.3,0,0,86,75,80
2042-01-12,Sunday,1,0,Winter,2.9,0,0,80,77,88
2042-01-13,Monday,0,0,Winter,2.2,1,0,88,51,70
2042-01-14,Tuesday,0,0,Winter,1.7,0,0,70,69,51
2042-01-15,Wednesday,0,0,Winter,1.6,0,0,51,70,52
2042-01-16,Thursday,0,0,Winter,9.1,0,1,52,79,69
2042-01-17,Friday,0,0,Winter,2.5,1,0,69,86,84
2042-01-18,Saturday,1,0,Winter,-2.1,1,0,84,80,73
2042-01-19,Sunday,1,0,Winter,0.8,1,1,73,88,79
2042-01-20,Monday,0,0,Winter,7.2,1,0,79,70,59
2042-01-21,Tuesday,0,0,Winter,3.7,1,0,59,51,50
2042-01-22,Wednesday,0,0,Winter,4.2,0,0,50,52,62
2042-01-23,Thursday,0,0,Winter,8.2,0,0,62,69,58
2042-01-24,Friday,0,0,Winter,2.5,1,0,58,84,71
2042-01-25,Saturday,1,0,Winter,6.8,1,0,71,73,70
2042-01-26,Sunday,1,0,Winter,3.0,0,0,70,79,89
2042-01-27,Monday,0,0,Winter,6.8,1,0,89,59,70
2042-01-28,Tuesday,0,0,Winter,4.0,0,0,70,50,61
2042-01-29,Wednesday,0,0,Winter,4.6,0,0,61,62,58
2042-01-30,Thursday,0,0,Winter,7.9,0,1,58,58,72
2042-01-31,Friday,0,0,Winter,7.8,1,0,72,71,62
2042-02-01,Saturday,1,0,Winter,5.2,0,0,62,70,74
2042-02-02,Sunday,1,0,Winter,4.4,0,0,74,89,77
2042-02-03,Monday,0,0,Winter,10.7,0,0,77,70,68
2042-02-04,Tuesday,0,0,Winter,7.8,1,0,68,61,77
2042-02-05,Wednesday,0,0,Winter,5.0,0,0,77,58,78
2042-02-06,Thursday,0,0,Winter,4.3,0,0,78,72,85
2042-02-07,Friday,0,0,Winter,9.5,1,1,85,62,90
2042-02-08,Saturday,1,0,Winter,6.9,1,0,90,74,88
2042-02-09,Sunday,1,0,Winter,6.2,0,0,88,77,95
2042-02-10,Monday,0,0,Winter,7.1,0,0,95,68,80
2042-02-11,Tuesday,0,0,Winter,7.9,1,0,80,77,76
2042-02-12,Wednesday,0,0,Winter,6.9,0,0,76,78,84
2042-02-13,Thursday,0,0,Winter,10.8,0,1,84,85,97
2042-02-14,Friday,0,0,Winter,11.1,0,0,97,90,97
2042-02-15,Saturday,1,0,Winter,9.1,1,0,97,88,99
2042-02-16,Sunday,1,0,Winter,11.7,1,0,99,95,95
2042-02-17,Monday,0,0,Winter,7.8,0,0,95,80,85
2042-02-18,Tuesday,0,0,Winter,10.0,0,0,85,76,82
2042-02-19,Wednesday,0,0,Winter,11.1,0,0,82,84,72
2042-02-20,Thursday,0,0,Winter,11.3,1,0,72,97,74
2042-02-21,Friday,0,0,Winter,11.1,1,0,74,97,87
2042-02-22,Saturday,1,0,Winter,10.4,0,0,87,99,96
2042-02-23,Sunday,1,0,Winter,14.5,1,0,96,95,93
2042-02-24,Monday,0,0,Winter,7.2,0,0,93,85,84
2042-02-25,Tuesday,0,0,Winter,8.5,0,0,84,82,65
2042-02-26,Wednesday,0,0,Winter,8.5,0,0,65,72,67
2042-02-27,Thursday,0,0,Winter,8.2,1,0,67,74,68
2042-02-28,Friday,0,0,Winter,3.5,1,0,68,87,75
2042-03-01,Saturday,1,0,Spring,13.8,0,0,75,96,99
2042-03-02,Sunday,1,0,Spring,6.7,0,0,99,93,94
2042-03-03,Monday,0,0,Spring,10.5,1,0,94,84,92
2042-03-04,Tuesday,0,0,Spring,5.9,0,1,92,65,80
2042-03-05,Wednesday,0,0,Spring,12.1,0,0,80,67,83
2042-03-06,Thursday,0,0,Spring,8.1,1,1,83,68,81
2042-03-07,Friday,0,0,Spring,7.2,1,0,81,75,88
2042-03-08,Saturday,1,0,Spring,11.4,0,1,88,99,108
2042-03-09,Sunday,1,0,Spring,8.8,0,0,108,94,94
2042-03-10,Monday,0,0,Spring,9.4,1,0,94,92,86
2042-03-11,Tuesday,0,0,Spring,11.8,0,0,86,80,86
2042-03-12,Wednesday,0,0,Spring,13.9,0,0,86,83,88
2042-03-13,Thursday,0,0,Spring,9.2,1,0,88,81,86
2042-03-14,Friday,0,0,Spring,8.8,0,1,86,88,96
2042-03-15,Saturday,1,0,Spring,12.0,0,0,96,108,101
2042-03-16,Sunday,1,0,Spring,13.8,1,0,101,94,86
2042-03-17,Monday,0,0,Spring,16.7,1,0,86,86,87
2042-03-18,Tuesday,0,0,Spring,9.3,1,0,87,86,85
2042-03-19,Wednesday,0,0,Spring,11.7,0,0,85,88,99
2042-03-20,Thursday,0,0,Spring,16.4,1,0,99,86,92
2042-03-21,Friday,0,0,Spring,18.9,0,0,92,96,101
2042-03-22,Saturday,1,0,Spring,10.2,0,0,101,101,106
2042-03-23,Sunday,1,0,Spring,11.1,0,0,106,86,106
2042-03-24,Monday,0,0,Spring,14.7,0,0,106,87,91
2042-03-25,Tuesday,0,0,Spring,12.0,0,0,91,85,88
2042-03-26,Wednesday,0,0,Spring,11.6,1,0,88,99,87
2042-03-27,Thursday,0,0,Spring,14.8,0,0,87,92,97
2042-03-28,Friday,0,0,Spring,18.8,0,0,97,101,119
2042-03-29,Saturday,1,0,Spring,10.4,1,1,119,106,121
2042-03-30,Sunday,1,0,Spring,19.0,0,0,121,106,106
2042-03-31,Monday,0,0,Spring,13.0,0,0,106,91,87
2042-04-01,Tuesday,0,0,Spring,15.9,1,0,87,88,92
2042-04-02,Wednesday,0,0,Spring,19.8,0,0,92,87,81
2042-04-03,Thursday,0,0,Spring,16.2,0,0,81,97,93
2042-04-04,Friday,0,0,Spring,14.5,0,0,93,119,99
2042-04-05,Saturday,1,0,Spring,17.7,1,0,99,121,128
2042-04-06,Sunday,1,0,Spring,15.2,0,0,128,106,109
2042-04-07,Monday,0,0,Spring,17.4,1,0,109,87,89
2042-04-08,Tuesday,0,0,Spring,15.4,1,0,89,92,92
2042-04-09,Wednesday,0,0,Spring,18.8,0,0,92,81,89
2042-04-10,Thursday,0,0,Spring,12.2,1,0,89,93,83
2042-04-11,Friday,0,0,Spring,13.5,0,0,83,99,87
2042-04-12,Saturday,1,0,Spring,12.5,1,0,87,128,99
2042-04-13,Sunday,1,0,Spring,16.7,1,0,99,109,96
2042-04-14,Monday,0,0,Spring,12.4,0,0,96,89,89
2042-04-15,Tuesday,0,0,Spring,15.1,0,0,89,92,103
2042-04-16,Wednesday,0,0,Spring,14.0,0,0,103,89,110
2042-04-17,Thursday,0,0,Spring,21.9,1,0,110,83,114
2042-04-18,Friday,0,0,Spring,14.7,0,0,114,87,104
2042-04-19,Saturday,1,0,Spring,13.9,1,1,104,99,117
2042-04-20,Sunday,1,0,Spring,18.7,1,0,117,96,109
2042-04-21,Monday,0,0,Spring,23.1,0,0,109,89,94
2042-04-22,Tuesday,0,0,Spring,17.9,1,0,94,103,80
2042-04-23,Wednesday,0,0,Spring,18.3,0,0,80,110,80
2042-04-24,Thursday,0,0,Spring,22.4,0,1,80,114,106
2042-04-25,Friday,0,0,Spring,21.3,0,0,106,104,99
2042-04-26,Saturday,1,0,Spring,20.1,0,0,99,117,107
2042-04-27,Sunday,1,0,Spring,17.2,0,0,107,109,112
2042-04-28,Monday,0,0,Spring,20.4,0,0,112,94,85
2042-04-29,Tuesday,0,0,Spring,15.1,1,0,85,80,91
2042-04-30,Wednesday,0,0,Spring,17.5,1,0,91,80,86
2042-05-01,Thursday,0,1,Spring,23.8,1,0,86,106,99
2042-05-02,Friday,0,0,Spring,23.5,0,0,99,99,101
2042-05-03,Saturday,1,0,Spring,21.1,1,1,101,107,119
2042-05-04,Sunday,1,0,Spring,14.1,1,0,119,112,104
2042-05-05,Monday,0,0,Spring,16.4,1,0,104,85,100
2042-05-06,Tuesday,0,0,Spring,18.1,0,0,100,91,101
2042-05-07,Wednesday,0,0,Spring,19.7,1,1,101,86,95
2042-05-08,Thursday,0,0,Spring,16.6,0,1,95,99,104
2042-05-09,Friday,0,0,Spring,19.7,0,0,104,101,115
2042-05-10,Saturday,1,0,Spring,25.9,0,0,115,119,126
2042-05-11,Sunday,1,0,Spring,21.9,1,0,126,104,114
2042-05-12,Monday,0,0,Spring,21.5,0,0,114,100,99
2042-05-13,Tuesday,0,0,Spring,17.9,0,0,99,101,97
2042-05-14,Wednesday,0,0,Spring,16.1,0,0,97,95,92
2042-05-15,Thursday,0,0,Spring,17.4,0,1,92,104,108
2042-05-16,Friday,0,0,Spring,16.2,0,0,108,115,109
2042-05-17,Saturday,1,0,Spring,21.5,1,0,109,126,110
2042-05-18,Sunday,1,0,Spring,22.6,1,0,110,114,119
2042-05-19,Monday,0,0,Spring,18.6,1,0,119,99,106
2042-05-20,Tuesday,0,0,Spring,22.0,1,1,106,97,99
2042-05-21,Wednesday,0,0,Spring,26.1,0,0,99,92,96
2042-05-22,Thursday,0,0,Spring,27.6,0,0,96,108,111
2042-05-23,Friday,0,0,Spring,24.1,0,0,111,109,108
2042-05-24,Saturday,1,0,Spring,21.4,1,0,108,110,111
2042-05-25,Sunday,1,0,Spring,24.2,0,0,111,119,115
2042-05-26,Monday,0,0,Spring,26.1,0,0,115,106,104
2042-05-27,Tuesday,0,0,Spring,16.1,1,0,104,99,88
2042-05-28,Wednesday,0,0,Spring,26.7,0,1,88,96,103
2042-05-29,Thursday,0,0,Spring,20.6,0,0,103,111,100
2042-05-30,Friday,0,0,Spring,20.7,1,0,100,108,100
2042-05-31,Saturday,1,0,Spring,21.3,0,0,100,111,118
2042-06-01,Sunday,1,0,Summer,23.4,1,0,118,115,113
2042-06-02,Monday,0,0,Summer,19.2,0,0,113,104,110
2042-06-03,Tuesday,0,0,Summer,21.7,0,0,110,88,109
2042-06-04,Wednesday,0,0,Summer,24.2,0,0,109,103,108
2042-06-05,Thursday,0,0,Summer,23.3,0,0,108,100,113
2042-06-06,Friday,0,0,Summer,23.8,0,0,113,100,108
2042-06-07,Saturday,1,0,Summer,21.8,0,0,108,118,125
2042-06-08,Sunday,1,0,Summer,24.9,0,0,125,113,129
2042-06-09,Monday,0,0,Summer,26.0,0,1,129,110,136
2042-06-10,Tuesday,0,0,Summer,25.8,0,0,136,109,130
2042-06-11,Wednesday,0,0,Summer,24.2,0,0,130,108,121
2042-06-12,Thursday,0,0,Summer,25.7,0,0,121,113,139
2042-06-13,Friday,0,0,Summer,25.5,0,0,139,108,135
2042-06-14,Saturday,1,0,Summer,31.0,0,0,135,125,147
2042-06-15,Sunday,1,0,Summer,26.6,1,0,147,129,133
2042-06-16,Monday,0,0,Summer,22.7,0,0,133,136,123
2042-06-17,Tuesday,0,0,Summer,20.2,1,0,123,130,117
2042-06-18,Wednesday,0,0,Summer,22.2,0,0,117,121,109
2042-06-19,Thursday,0,0,Summer,22.0,0,0,109,139,120
2042-06-20,Friday,0,0,Summer,24.5,0,0,120,135,127
2042-06-21,Saturday,1,0,Summer,20.9,0,0,127,147,144
2042-06-22,Sunday,1,0,Summer,26.6,0,0,144,133,147
2042-06-23,Monday,0,0,Summer,18.8,1,0,147,123,124
2042-06-24,Tuesday,0,0,Summer,18.1,0,0,124,117,113
2042-06-25,Wednesday,0,0,Summer,22.6,0,0,113,109,124
2042-06-26,Thursday,0,0,Summer,20.4,0,0,124,120,110
2042-06-27,Friday,0,0,Summer,19.2,0,0,110,127,108
2042-06-28,Saturday,1,0,Summer,21.0,0,0,108,144,130
2042-06-29,Sunday,1,0,Summer,20.6,0,0,130,147,134
2042-06-30,Monday,0,0,Summer,22.9,0,0,134,124,121
2042-07-01,Tuesday,0,0,Summer,21.0,0,0,121,113,102
2042-07-02,Wednesday,0,0,Summer,21.2,0,0,102,124,104
2042-07-03,Thursday,0,0,Summer,22.7,0,0,104,110,120
2042-07-04,Friday,0,0,Summer,25.8,0,0,120,108,130
2042-07-05,Saturday,1,0,Summer,27.1,0,0,130,130,141
2042-07-06,Sunday,1,0,Summer,23.1,0,0,141,134,131
2042-07-07,Monday,0,0,Summer,23.3,0,0,131,121,119
2042-07-08,Tuesday,0,0,Summer,22.0,0,0,119,102,108
2042-07-09,Wednesday,0,0,Summer,23.9,0,0,108,104,104
2042-07-10,Thursday,0,0,Summer,23.6,0,0,104,120,109
2042-07-11,Friday,0,0,Summer,26.4,0,0,109,130,121
2042-07-12,Saturday,1,0,Summer,16.6,0,0,121,141,120
2042-07-13,Sunday,1,0,Summer,21.5,0,0,120,131,134
2042-07-14,Monday,0,0,Summer,23.2,0,0,134,119,121
2042-07-15,Tuesday,0,0,Summer,22.0,0,0,121,108,110
2042-07-16,Wednesday,0,0,Summer,19.2,0,0,110,104,96
2042-07-17,Thursday,0,0,Summer,18.1,0,0,96,109,109
2042-07-18,Friday,0,0,Summer,24.3,0,0,109,121,111
2042-07-19,Saturday,1,0,Summer,19.5,0,0,111,120,124
2042-07-20,Sunday,1,0,Summer,16.5,1,0,124,134,117
2042-07-21,Monday,0,0,Summer,24.2,0,0,117,121,116
2042-07-22,Tuesday,0,0,Summer,22.9,0,0,116,110,103
2042-07-23,Wednesday,0,0,Summer,21.1,0,0,103,96,101
2042-07-24,Thursday,0,0,Summer,18.6,1,0,101,109,103
2042-07-25,Friday,0,0,Summer,20.9,0,0,103,111,113
2042-07-26,Saturday,1,0,Summer,24.8,0,0,113,124,131
2042-07-27,Sunday,1,0,Summer,16.2,0,0,131,117,128
2042-07-28,Monday,0,0,Summer,16.3,0,0,128,116,126
2042-07-29,Tuesday,0,0,Summer,19.0,1,0,126,103,100
2042-07-30,Wednesday,0,0,Summer,20.7,0,0,100,101,117
2042-07-31,Thursday,0,0,Summer,19.2,1,0,117,103,116
2042-08-01,Friday,0,0,Summer,22.5,1,0,116,113,112
2042-08-02,Saturday,1,0,Summer,23.7,0,0,112,131,133
2042-08-03,Sunday,1,0,Summer,21.1,1,0,133,128,140
2042-08-04,Monday,0,0,Summer,21.9,0,0,140,126,134
2042-08-05,Tuesday,0,0,Summer,20.9,0,0,134,100,110
2042-08-06,Wednesday,0,0,Summer,20.0,0,0,110,117,111
2042-08-07,Thursday,0,0,Summer,15.9,0,1,111,116,125
2042-08-08,Friday,0,0,Summer,16.6,0,0,125,112,120
2042-08-09,Saturday,1,0,Summer,15.5,0,0,120,133,130
2042-08-10,Sunday,1,0,Summer,19.0,0,0,130,140,135
2042-08-11,Monday,0,0,Summer,20.0,0,0,135,134,118
2042-08-12,Tuesday,0,0,Summer,14.8,0,0,118,110,118
2042-08-13,Wednesday,0,0,Summer,19.2,0,1,118,111,121
2042-08-14,Thursday,0,0,Summer,16.3,0,0,121,125,119
2042-08-15,Friday,0,0,Summer,15.5,0,0,119,120,113
2042-08-16,Saturday,1,0,Summer,16.7,0,1,113,130,129
2042-08-17,Sunday,1,0,Summer,15.1,1,0,129,135,131
2042-08-18,Monday,0,0,Summer,20.1,1,0,131,118,117
2042-08-19,Tuesday,0,0,Summer,17.7,0,0,117,118,117
2042-08-20,Wednesday,0,0,Summer,20.5,0,0,117,121,115
2042-08-21,Thursday,0,0,Summer,16.5,0,0,115,119,115
2042-08-22,Friday,0,0,Summer,16.5,0,0,115,113,104
2042-08-23,Saturday,1,0,Summer,23.2,0,0,104,129,125
2042-08-24,Sunday,1,0,Summer,12.6,1,0,125,131,119
2042-08-25,Monday,0,0,Summer,21.1,0,0,119,117,116
2042-08-26,Tuesday,0,0,Summer,22.1,0,0,116,117,99
2042-08-27,Wednesday,0,0,Summer,19.3,0,0,99,115,123
2042-08-28,Thursday,0,0,Summer,15.8,1,1,123,115,122
2042-08-29,Friday,0,0,Summer,20.9,1,0,122,104,118
2042-08-30,Saturday,1,0,Summer,15.5,0,0,118,125,126
2042-08-31,Sunday,1,0,Summer,14.2,0,0,126,119,120
2042-09-01,Monday,0,0,Autumn,15.0,1,0,120,116,108
2042-09-02,Tuesday,0,0,Autumn,14.3,1,0,108,99,103
2042-09-03,Wednesday,0,0,Autumn,13.0,0,0,103,123,105
2042-09-04,Thursday,0,0,Autumn,19.0,0,0,105,122,115
2042-09-05,Friday,0,0,Autumn,13.2,1,0,115,118,115
2042-09-06,Saturday,1,0,Autumn,15.2,0,0,115,126,124
2042-09-07,Sunday,1,0,Autumn,10.8,0,0,124,120,129
2042-09-08,Monday,0,0,Autumn,15.1,1,0,129,108,109
2042-09-09,Tuesday,0,0,Autumn,11.3,1,0,109,103,95
2042-09-10,Wednesday,0,0,Autumn,11.1,0,0,95,105,94
2042-09-11,Thursday,0,0,Autumn,14.2,0,0,94,115,103
2042-09-12,Friday,0,0,Autumn,17.5,0,0,103,115,99
2042-09-13,Saturday,1,0,Autumn,15.5,0,0,99,124,121
2042-09-14,Sunday,1,0,Autumn,15.5,0,0,121,129,118
2042-09-15,Monday,0,0,Autumn,13.4,0,0,118,109,104
2042-09-16,Tuesday,0,0,Autumn,12.6,0,0,104,95,86
2042-09-17,Wednesday,0,0,Autumn,15.8,0,0,86,94,90
2042-09-18,Thursday,0,0,Autumn,11.6,1,0,90,103,81
2042-09-19,Friday,0,0,Autumn,15.6,0,0,81,99,81
2042-09-20,Saturday,1,0,Autumn,16.6,0,1,81,121,106
2042-09-21,Sunday,1,0,Autumn,10.2,0,0,106,118,106
2042-09-22,Monday,0,0,Autumn,10.5,0,0,106,104,90
2042-09-23,Tuesday,0,0,Autumn,10.8,0,0,90,86,87
2042-09-24,Wednesday,0,0,Autumn,7.8,1,0,87,90,90
2042-09-25,Thursday,0,0,Autumn,10.7,1,0,90,81,85
2042-09-26,Friday,0,0,Autumn,15.8,0,0,85,81,74
2042-09-27,Saturday,1,0,Autumn,8.6,0,0,74,106,92
2042-09-28,Sunday,1,0,Autumn,15.5,0,0,92,106,104
2042-09-29,Monday,0,0,Autumn,10.1,0,0,104,90,89
2042-09-30,Tuesday,0,0,Autumn,17.6,0,0,89,87,90
2042-10-01,Wednesday,0,0,Autumn,9.0,0,0,90,90,88
2042-10-02,Thursday,0,0,Autumn,10.5,0,0,88,85,79
2042-10-03,Friday,0,0,Autumn,8.0,0,0,79,74,90
2042-10-04,Saturday,1,0,Autumn,8.5,1,0,90,92,90
2042-10-05,Sunday,1,0,Autumn,14.4,0,0,90,104,96
2042-10-06,Monday,0,0,Autumn,11.6,1,0,96,89,88
2042-10-07,Tuesday,0,0,Autumn,13.1,0,0,88,90,75
2042-10-08,Wednesday,0,0,Autumn,5.9,1,0,75,88,84
2042-10-09,Thursday,0,0,Autumn,11.7,0,0,84,79,77
2042-10-10,Friday,0,0,Autumn,6.7,1,1,77,90,102
2042-10-11,Saturday,1,0,Autumn,5.4,1,0,102,90,104
2042-10-12,Sunday,1,0,Autumn,10.0,0,0,104,96,93
2042-10-13,Monday,0,0,Autumn,9.8,0,0,93,88,88
2042-10-14,Tuesday,0,0,Autumn,9.1,1,1,88,75,78
2042-10-15,Wednesday,0,0,Autumn,10.9,0,1,78,84,80
2042-10-16,Thursday,0,0,Autumn,11.2,1,0,80,77,61
2042-10-17,Friday,0,0,Autumn,12.9,1,0,61,102,85
2042-10-18,Saturday,1,0,Autumn,4.7,0,1,85,104,99
2042-10-19,Sunday,1,0,Autumn,12.7,1,0,99,93,101
2042-10-20,Monday,0,0,Autumn,13.7,0,0,101,88,92
2042-10-21,Tuesday,0,0,Autumn,6.8,0,0,92,78,74
2042-10-22,Wednesday,0,0,Autumn,2.7,1,0,74,80,77
2042-10-23,Thursday,0,0,Autumn,3.4,1,0,77,61,73
2042-10-24,Friday,0,0,Autumn,6.0,0,0,73,85,78
2042-10-25,Saturday,1,0,Autumn,13.3,0,1,78,99,109
2042-10-26,Sunday,1,0,Autumn,7.2,0,0,109,101,101
2042-10-27,Monday,0,0,Autumn,5.2,1,0,101,92,80
2042-10-28,Tuesday,0,0,Autumn,4.8,1,0,80,74,70
2042-10-29,Wednesday,0,0,Autumn,2.8,0,0,70,77,69
2042-10-30,Thursday,0,0,Autumn,9.2,0,0,69,73,64
2042-10-31,Friday,0,0,Autumn,6.2,0,0,64,78,57
2042-11-01,Saturday,1,0,Autumn,12.6,0,0,57,109,99
2042-11-02,Sunday,1,0,Autumn,8.1,1,0,99,101,103
2042-11-03,Monday,0,0,Autumn,8.6,0,0,103,80,98
2042-11-04,Tuesday,0,0,Autumn,5.2,0,0,98,70,88
2042-11-05,Wednesday,0,0,Autumn,2.6,1,0,88,69,71
2042-11-06,Thursday,0,0,Autumn,3.1,0,0,71,64,69
2042-11-07,Friday,0,0,Autumn,1.5,1,0,69,57,62
2042-11-08,Saturday,1,0,Autumn,8.2,0,0,62,99,89
2042-11-09,Sunday,1,0,Autumn,4.2,0,0,89,103,96
2042-11-10,Monday,0,0,Autumn,8.1,1,0,96,98,83
2042-11-11,Tuesday,0,0,Autumn,5.6,1,0,83,88,80
2042-11-12,Wednesday,0,0,Autumn,4.2,1,0,80,71,80
2042-11-13,Thursday,0,0,Autumn,1.4,0,0,80,69,75
2042-11-14,Friday,0,0,Autumn,5.8,0,0,75,62,67
2042-11-15,Saturday,1,0,Autumn,4.1,1,0,67,89,82
2042-11-16,Sunday,1,0,Autumn,7.4,0,0,82,96,81
2042-11-17,Monday,0,0,Autumn,2.4,0,0,81,83,70
2042-11-18,Tuesday,0,0,Autumn,6.3,0,0,70,80,74
2042-11-19,Wednesday,0,0,Autumn,9.3,0,0,74,80,81
2042-11-20,Thursday,0,0,Autumn,5.1,0,0,81,75,79
2042-11-21,Friday,0,0,Autumn,6.6,1,1,79,67,76
2042-11-22,Saturday,1,0,Autumn,5.8,0,0,76,82,105
2042-11-23,Sunday,1,0,Autumn,9.7,0,0,105,81,93
2042-11-24,Monday,0,0,Autumn,5.1,1,0,93,70,78
2042-11-25,Tuesday,0,0,Autumn,6.0,1,0,78,74,67
2042-11-26,Wednesday,0,0,Autumn,3.7,1,0,67,81,62
2042-11-27,Thursday,0,0,Autumn,1.4,1,0,62,79,67
2042-11-28,Friday,0,0,Autumn,0.1,1,0,67,76,67
2042-11-29,Saturday,1,0,Autumn,7.4,0,0,67,105,89
2042-11-30,Sunday,1,0,Autumn,0.6,1,0,89,93,81
2042-12-01,Monday,0,0,Winter,5.8,0,1,81,78,83
2042-12-02,Tuesday,0,0,Winter,4.7,0,1,83,67,75
2042-12-03,Wednesday,0,0,Winter,6.2,0,0,75,62,77
2042-12-04,Thursday,0,0,Winter,1.8,0,0,77,67,74
2042-12-05,Friday,0,0,Winter,1.0,1,0,74,67,69
2042-12-06,Saturday,1,0,Winter,4.4,1,0,69,89,79
2042-12-07,Sunday,1,0,Winter,2.4,0,0,79,81,77
2042-12-08,Monday,0,0,Winter,-0.5,1,0,77,83,68
2042-12-09,Tuesday,0,0,Winter,9.0,1,0,68,75,77
2042-12-10,Wednesday,0,0,Winter,0.8,0,0,77,77,68
2042-12-11,Thursday,0,0,Winter,0.1,1,0,68,74,67
2042-12-12,Friday,0,0,Winter,2.4,0,0,67,69,65
2042-12-13,Saturday,1,0,Winter,6.8,0,0,65,79,61
2042-12-14,Sunday,1,0,Winter,-3.4,1,0,61,77,69
2042-12-15,Monday,0,0,Winter,6.5,1,0,69,68,70
2042-12-16,Tuesday,0,0,Winter,0.3,0,0,70,77,71
2042-12-17,Wednesday,0,0,Winter,3.8,0,0,71,68,84
2042-12-18,Thursday,0,0,Winter,1.0,1,0,84,67,69
2042-12-19,Friday,0,0,Winter,9.0,1,0,69,65,64
2042-12-20,Saturday,1,0,Winter,3.4,1,0,64,61,76
2042-12-21,Sunday,1,0,Winter,0.9,0,0,76,69,83
2042-12-22,Monday,0,0,Winter,2.1,1,0,83,70,76
2042-12-23,Tuesday,0,0,Winter,3.3,1,0,76,71,59
2042-12-24,Wednesday,0,1,Winter,3.6,0,0,59,84,68
2042-12-25,Thursday,0,1,Winter,4.4,0,0,68,69,64
2042-12-26,Friday,0,1,Winter,3.1,0,1,64,64,96
2042-12-27,Saturday,1,0,Winter,-1.1,1,0,96,76,78
2042-12-28,Sunday,1,0,Winter,2.1,0,0,78,83,72
2042-12-29,Monday,0,0,Winter,4.9,0,0,72,76,68
2042-12-30,Tuesday,0,0,Winter,1.1,1,0,68,59,59
2042-12-31,Wednesday,0,1,Winter,5.2,1,0,59,68,71
2043-01-01,Thursday,0,1,Winter,3.3,0,0,71,64,74
2043-01-02,Friday,0,0,Winter,2.6,1,0,74,96,74
2043-01-03,Saturday,1,0,Winter,6.9,1,0,74,78,76
2043-01-04,Sunday,1,0,Winter,-1.9,0,0,76,72,70
2043-01-05,Monday,0,0,Winter,1.4,1,0,70,68,71
2043-01-06,Tuesday,0,0,Winter,7.1,0,0,71,59,66
2043-01-07,Wednesday,0,0,Winter,9.0,1,0,66,71,70
2043-01-08,Thursday,0,0,Winter,10.4,0,0,70,74,73
2043-01-09,Friday,0,0,Winter,3.8,1,0,73,74,59
2043-01-10,Saturday,1,0,Winter,5.0,0,0,59,76,86
2043-01-11,Sunday,1,0,Winter,6.2,0,0,86,70,86
2043-01-12,Monday,0,0,Winter,7.6,1,0,86,71,75
2043-01-13,Tuesday,0,0,Winter,4.8,0,0,75,66,54
2043-01-14,Wednesday,0,0,Winter,6.7,1,0,54,70,58
2043-01-15,Thursday,0,0,Winter,5.4,0,0,58,73,77
2043-01-16,Friday,0,0,Winter,5.7,0,0,77,59,83
2043-01-17,Saturday,1,0,Winter,1.4,1,0,83,86,81
2043-01-18,Sunday,1,0,Winter,3.3,0,0,81,86,91
2043-01-19,Monday,0,0,Winter,2.8,1,1,91,75,92
2043-01-20,Tuesday,0,0,Winter,0.8,0,1,92,54,78
2043-01-21,Wednesday,0,0,Winter,-0.4,1,0,78,58,73
2043-01-22,Thursday,0,0,Winter,3.3,1,0,73,77,79
2043-01-23,Friday,0,0,Winter,3.9,0,0,79,83,87
2043-01-24,Saturday,1,0,Winter,5.1,0,1,87,81,102
2043-01-25,Sunday,1,0,Winter,6.6,0,0,102,91,89
2043-01-26,Monday,0,0,Winter,5.6,1,0,89,92,84
2043-01-27,Tuesday,0,0,Winter,4.3,0,0,84,78,75
2043-01-28,Wednesday,0,0,Winter,2.5,0,0,75,73,64
2043-01-29,Thursday,0,0,Winter,7.9,0,1,64,79,90
2043-01-30,Friday,0,0,Winter,5.1,1,0,90,87,83
2043-01-31,Saturday,1,0,Winter,4.2,0,0,83,102,93
2043-02-01,Sunday,1,0,Winter,5.1,0,0,93,89,91
2043-02-02,Monday,0,0,Winter,3.6,1,0,91,84,65
2043-02-03,Tuesday,0,0,Winter,4.3,1,0,65,75,61
2043-02-04,Wednesday,0,0,Winter,4.3,1,0,61,64,65
2043-02-05,Thursday,0,0,Winter,5.3,0,0,65,90,74
2043-02-06,Friday,0,0,Winter,8.2,0,0,74,83,78
2043-02-07,Saturday,1,0,Winter,7.6,0,0,78,93,91
2043-02-08,Sunday,1,0,Winter,11.2,0,0,91,91,100
2043-02-09,Monday,0,0,Winter,10.3,1,0,100,65,66
2043-02-10,Tuesday,0,0,Winter,12.7,0,0,66,61,66
2043-02-11,Wednesday,0,0,Winter,8.6,0,0,66,65,67
2043-02-12,Thursday,0,0,Winter,8.7,0,0,67,74,85
2043-02-13,Friday,0,0,Winter,5.7,1,0,85,78,88
2043-02-14,Saturday,1,0,Winter,9.8,0,0,88,91,84
2043-02-15,Sunday,1,0,Winter,5.5,1,0,84,100,95
2043-02-16,Monday,0,0,Winter,3.2,0,0,95,66,75
2043-02-17,Tuesday,0,0,Winter,12.3,1,0,75,66,57
2043-02-18,Wednesday,0,0,Winter,4.2,1,0,57,67,49
2043-02-19,Thursday,0,0,Winter,9.4,0,1,49,85,85
2043-02-20,Friday,0,0,Winter,5.6,1,0,85,88,86
2043-02-21,Saturday,1,0,Winter,11.7,1,1,86,84,89
2043-02-22,Sunday,1,0,Winter,12.3,1,0,89,95,101
2043-02-23,Monday,0,0,Winter,10.3,0,0,101,75,89
2043-02-24,Tuesday,0,0,Winter,12.6,0,0,89,57,74
2043-02-25,Wednesday,0,0,Winter,9.0,0,0,74,49,68
2043-02-26,Thursday,0,0,Winter,15.8,1,0,68,85,69
2043-02-27,Friday,0,0,Winter,11.5,0,0,69,86,94
2043-02-28,Saturday,1,0,Winter,6.8,0,0,94,89,86
2043-03-01,Sunday,1,0,Spring,9.8,1,0,86,101,82
2043-03-02,Monday,0,0,Spring,9.3,0,0,82,89,83
2043-03-03,Tuesday,0,0,Spring,9.2,0,0,83,74,99
2043-03-04,Wednesday,0,0,Spring,5.1,1,0,99,68,71
2043-03-05,Thursday,0,0,Spring,11.4,0,0,71,69,82
2043-03-06,Friday,0,0,Spring,6.3,0,0,82,94,89
2043-03-07,Saturday,1,0,Spring,3.0,0,0,89,86,95
2043-03-08,Sunday,1,0,Spring,9.8,0,1,95,82,109
2043-03-09,Monday,0,0,Spring,8.7,0,0,109,83,87
2043-03-10,Tuesday,0,0,Spring,8.5,1,0,87,99,83
2043-03-11,Wednesday,0,0,Spring,2.0,0,0,83,71,71
2043-03-12,Thursday,0,0,Spring,8.9,0,0,71,82,89
2043-03-13,Friday,0,0,Spring,11.1,1,0,89,89,98
2043-03-14,Saturday,1,0,Spring,9.9,1,0,98,95,91
2043-03-15,Sunday,1,0,Spring,13.1,0,0,91,109,103
2043-03-16,Monday,0,0,Spring,16.3,1,0,103,87,98
2043-03-17,Tuesday,0,0,Spring,13.9,0,0,98,83,79
2043-03-18,Wednesday,0,0,Spring,15.6,0,0,79,71,90
2043-03-19,Thursday,0,0,Spring,16.0,1,0,90,89,89
2043-03-20,Friday,0,0,Spring,9.8,0,0,89,98,91
2043-03-21,Saturday,1,0,Spring,14.3,0,0,91,91,109
2043-03-22,Sunday,1,0,Spring,16.2,1,0,109,103,113
2043-03-23,Monday,0,0,Spring,12.0,0,0,113,98,90
2043-03-24,Tuesday,0,0,Spring,11.1,0,0,90,79,89
2043-03-25,Wednesday,0,0,Spring,15.3,1,0,89,90,91
2043-03-26,Thursday,0,0,Spring,9.4,0,0,91,89,75
2043-03-27,Friday,0,0,Spring,10.8,0,0,75,91,91
2043-03-28,Saturday,1,0,Spring,12.2,0,0,91,109,101
2043-03-29,Sunday,1,0,Spring,15.7,0,0,101,113,115
2043-03-30,Monday,0,0,Spring,15.2,0,0,115,90,93
2043-03-31,Tuesday,0,0,Spring,17.8,1,0,93,89,89
2043-04-01,Wednesday,0,0,Spring,12.1,0,1,89,91,93
2043-04-02,Thursday,0,0,Spring,12.1,1,0,93,75,81
2043-04-03,Friday,0,0,Spring,16.8,0,0,81,91,77
2043-04-04,Saturday,1,0,Spring,13.0,0,0,77,101,103
2043-04-05,Sunday,1,0,Spring,13.7,1,0,103,115,113
2043-04-06,Monday,0,0,Spring,10.1,0,0,113,93,98
2043-04-07,Tuesday,0,0,Spring,16.8,0,0,98,89,96
2043-04-08,Wednesday,0,0,Spring,20.7,1,0,96,93,88
2043-04-09,Thursday,0,0,Spring,13.1,0,0,88,81,96
2043-04-10,Friday,0,0,Spring,19.4,0,0,96,77,98
2043-04-11,Saturday,1,0,Spring,16.4,0,0,98,103,107
2043-04-12,Sunday,1,0,Spring,11.4,0,0,107,113,119
2043-04-13,Monday,0,0,Spring,14.2,0,0,119,98,94
2043-04-14,Tuesday,0,0,Spring,14.1,0,0,94,96,79
2043-04-15,Wednesday,0,0,Spring,16.2,1,0,79,88,85
2043-04-16,Thursday,0,0,Spring,18.6,0,0,85,96,92
2043-04-17,Friday,0,0,Spring,23.0,0,0,92,98,94
2043-04-18,Saturday,1,0,Spring,13.3,0,0,94,107,106
2043-04-19,Sunday,1,0,Spring,16.3,1,1,106,119,118
2043-04-20,Monday,0,0,Spring,15.2,1,0,118,94,105
2043-04-21,Tuesday,0,0,Spring,14.3,0,1,105,79,92
2043-04-22,Wednesday,0,0,Spring,18.5,0,0,92,85,88
2043-04-23,Thursday,0,0,Spring,18.4,0,0,88,92,96
2043-04-24,Friday,0,0,Spring,13.1,1,1,96,94,110
2043-04-25,Saturday,1,0,Spring,18.7,1,0,110,106,117
2043-04-26,Sunday,1,0,Spring,15.2,1,0,117,118,109
2043-04-27,Monday,0,0,Spring,19.0,0,0,109,105,106
2043-04-28,Tuesday,0,0,Spring,22.9,1,0,106,92,93
2043-04-29,Wednesday,0,0,Spring,20.6,1,1,93,88,95
2043-04-30,Thursday,0,0,Spring,19.9,0,0,95,96,96
2043-05-01,Friday,0,1,Spring,17.9,0,0,96,110,106
2043-05-02,Saturday,1,0,Spring,19.8,0,0,106,117,121
2043-05-03,Sunday,1,0,Spring,21.4,0,0,121,109,124
2043-05-04,Monday,0,0,Spring,21.3,1,0,124,106,105
2043-05-05,Tuesday,0,0,Spring,19.7,0,0,105,93,100
2043-05-06,Wednesday,0,0,Spring,20.8,1,0,100,95,93
2043-05-07,Thursday,0,0,Spring,16.3,0,0,93,96,89
2043-05-08,Friday,0,0,Spring,18.1,0,0,89,106,93
2043-05-09,Saturday,1,0,Spring,22.6,0,0,93,121,124
2043-05-10,Sunday,1,0,Spring,23.1,0,0,124,124,119
2043-05-11,Monday,0,0,Spring,21.0,0,1,119,105,120
2043-05-12,Tuesday,0,0,Spring,25.2,0,0,120,100,113
2043-05-13,Wednesday,0,0,Spring,22.4,1,0,113,93,93
2043-05-14,Thursday,0,0,Spring,20.3,1,0,93,89,96
2043-05-15,Friday,0,0,Spring,17.5,0,0,96,93,102
2043-05-16,Saturday,1,0,Spring,25.5,0,0,102,124,118
2043-05-17,Sunday,1,0,Spring,23.6,1,0,118,119,114
2043-05-18,Monday,0,0,Spring,26.8,0,0,114,120,112
2043-05-19,Tuesday,0,0,Spring,28.0,0,0,112,113,114
2043-05-20,Wednesday,0,0,Spring,17.7,1,0,114,93,94
2043-05-21,Thursday,0,0,Spring,17.8,0,0,94,96,107
2043-05-22,Friday,0,0,Spring,13.2,0,0,107,102,110
2043-05-23,Saturday,1,0,Spring,24.6,0,0,110,118,103
2043-05-24,Sunday,1,0,Spring,23.9,1,0,103,114,107
2043-05-25,Monday,0,0,Spring,22.3,0,0,107,112,120
2043-05-26,Tuesday,0,0,Spring,18.4,0,0,120,114,113
2043-05-27,Wednesday,0,0,Spring,21.9,0,0,113,94,100
2043-05-28,Thursday,0,0,Spring,22.8,0,0,100,107,110
2043-05-29,Friday,0,0,Spring,24.6,0,0,110,110,99
2043-05-30,Saturday,1,0,Spring,23.2,1,0,99,103,109
2043-05-31,Sunday,1,0,Spring,24.4,1,0,109,107,106
2043-06-01,Monday,0,0,Summer,22.1,0,0,106,120,109
2043-06-02,Tuesday,0,0,Summer,26.1,0,0,109,113,102
2043-06-03,Wednesday,0,0,Summer,24.5,0,0,102,100,102
2043-06-04,Thursday,0,0,Summer,19.0,0,0,102,110,89
2043-06-05,Friday,0,0,Summer,26.8,0,0,89,99,100
2043-06-06,Saturday,1,0,Summer,26.4,0,0,100,109,117
2043-06-07,Sunday,1,0,Summer,24.1,0,0,117,106,126
2043-06-08,Monday,0,0,Summer,23.6,0,0,126,109,133
2043-06-09,Tuesday,0,0,Summer,27.8,0,0,133,102,114
2043-06-10,Wednesday,0,0,Summer,17.9,0,0,114,102,111
2043-06-11,Thursday,0,0,Summer,26.6,0,0,111,89,106
2043-06-12,Friday,0,0,Summer,21.5,0,0,106,100,108
2043-06-13,Saturday,1,0,Summer,26.2,1,0,108,117,119
2043-06-14,Sunday,1,0,Summer,23.3,1,0,119,126,120
2043-06-15,Monday,0,0,Summer,19.2,1,0,120,133,127
2043-06-16,Tuesday,0,0,Summer,21.5,1,0,127,114,112
2043-06-17,Wednesday,0,0,Summer,26.0,0,0,112,111,105
2043-06-18,Thursday,0,0,Summer,22.4,0,0,105,106,110
2043-06-19,Friday,0,0,Summer,21.1,0,0,110,108,106
2043-06-20,Saturday,1,0,Summer,21.1,1,0,106,119,113
2043-06-21,Sunday,1,0,Summer,24.9,0,0,113,120,128
2043-06-22,Monday,0,0,Summer,28.2,0,0,128,127,122
2043-06-23,Tuesday,0,0,Summer,16.6,1,0,122,112,113
2043-06-24,Wednesday,0,0,Summer,31.4,0,0,113,105,113
2043-06-25,Thursday,0,0,Summer,23.6,0,0,113,110,116
2043-06-26,Friday,0,0,Summer,24.7,0,0,116,106,113
2043-06-27,Saturday,1,0,Summer,21.6,0,0,113,113,126
2043-06-28,Sunday,1,0,Summer,22.9,0,1,126,128,126
2043-06-29,Monday,0,0,Summer,23.5,1,0,126,122,110
2043-06-30,Tuesday,0,0,Summer,19.7,0,0,110,113,109
2043-07-01,Wednesday,0,0,Summer,20.4,1,0,109,113,112
2043-07-02,Thursday,0,0,Summer,26.4,0,0,112,116,118
2043-07-03,Friday,0,0,Summer,18.1,0,0,118,113,121
2043-07-04,Saturday,1,0,Summer,24.0,0,1,121,126,128
2043-07-05,Sunday,1,0,Summer,21.6,0,0,128,126,126
2043-07-06,Monday,0,0,Summer,19.8,1,0,126,110,113
2043-07-07,Tuesday,0,0,Summer,28.5,0,0,113,109,113
2043-07-08,Wednesday,0,0,Summer,19.7,0,0,113,112,103
2043-07-09,Thursday,0,0,Summer,19.1,0,0,103,118,104
2043-07-10,Friday,0,0,Summer,21.9,1,0,104,121,111
2043-07-11,Saturday,1,0,Summer,20.1,0,0,111,128,129
2043-07-12,Sunday,1,0,Summer,22.3,0,0,129,126,143
2043-07-13,Monday,0,0,Summer,22.7,0,0,143,113,116
2043-07-14,Tuesday,0,0,Summer,22.9,0,0,116,113,113
2043-07-15,Wednesday,0,0,Summer,21.7,0,0,113,103,102
2043-07-16,Thursday,0,0,Summer,19.9,0,0,102,104,106
2043-07-17,Friday,0,0,Summer,23.9,0,0,106,111,112
2043-07-18,Saturday,1,0,Summer,21.6,0,1,112,129,135
2043-07-19,Sunday,1,0,Summer,20.3,0,0,135,143,121
2043-07-20,Monday,0,0,Summer,26.2,0,0,121,116,114
2043-07-21,Tuesday,0,0,Summer,21.3,0,0,114,113,112
2043-07-22,Wednesday,0,0,Summer,24.8,0,0,112,102,111
2043-07-23,Thursday,0,0,Summer,25.1,0,0,111,106,115
2043-07-24,Friday,0,0,Summer,25.2,0,0,115,112,120
2043-07-25,Saturday,1,0,Summer,23.3,0,1,120,135,147
2043-07-26,Sunday,1,0,Summer,21.2,0,0,147,121,144
2043-07-27,Monday,0,0,Summer,20.9,0,0,144,114,122
2043-07-28,Tuesday,0,0,Summer,20.2,0,0,122,112,111
2043-07-29,Wednesday,0,0,Summer,14.4,0,0,111,111,109
2043-07-30,Thursday,0,0,Summer,22.9,1,0,109,115,116
2043-07-31,Friday,0,0,Summer,21.4,0,0,116,120,120
2043-08-01,Saturday,1,0,Summer,23.0,0,0,120,147,126
2043-08-02,Sunday,1,0,Summer,20.1,1,0,126,144,135
2043-08-03,Monday,0,0,Summer,22.3,0,0,135,122,125
2043-08-04,Tuesday,0,0,Summer,16.1,0,0,125,111,126
2043-08-05,Wednesday,0,0,Summer,16.6,0,0,126,109,109
2043-08-06,Thursday,0,0,Summer,12.5,0,0,109,116,111
2043-08-07,Friday,0,0,Summer,19.4,0,0,111,120,120
2043-08-08,Saturday,1,0,Summer,17.4,0,0,120,126,124
2043-08-09,Sunday,1,0,Summer,16.9,1,1,124,135,124
2043-08-10,Monday,0,0,Summer,20.4,1,0,124,125,116
2043-08-11,Tuesday,0,0,Summer,18.0,0,0,116,126,111
2043-08-12,Wednesday,0,0,Summer,14.9,1,0,111,109,104
2043-08-13,Thursday,0,0,Summer,26.7,0,0,104,111,112
2043-08-14,Friday,0,0,Summer,18.8,1,0,112,120,107
2043-08-15,Saturday,1,0,Summer,15.5,0,0,107,124,115
2043-08-16,Sunday,1,0,Summer,16.6,0,0,115,124,116
2043-08-17,Monday,0,0,Summer,17.9,0,0,116,116,111
2043-08-18,Tuesday,0,0,Summer,17.8,0,0,111,111,111
2043-08-19,Wednesday,0,0,Summer,22.1,1,0,111,104,108
2043-08-20,Thursday,0,0,Summer,17.8,0,1,108,112,124
2043-08-21,Friday,0,0,Summer,23.4,0,0,124,107,122
2043-08-22,Saturday,1,0,Summer,16.4,1,0,122,115,134
2043-08-23,Sunday,1,0,Summer,18.9,0,0,134,116,129
2043-08-24,Monday,0,0,Summer,20.5,0,0,129,111,107
2043-08-25,Tuesday,0,0,Summer,20.9,1,0,107,111,101
2043-08-26,Wednesday,0,0,Summer,21.0,0,0,101,108,127
2043-08-27,Thursday,0,0,Summer,16.1,0,0,127,124,112
2043-08-28,Friday,0,0,Summer,16.8,0,0,112,122,120
2043-08-29,Saturday,1,0,Summer,9.2,0,0,120,134,140
2043-08-30,Sunday,1,0,Summer,15.9,0,0,140,129,123
2043-08-31,Monday,0,0,Summer,19.6,0,0,123,107,123
2043-09-01,Tuesday,0,0,Autumn,18.8,0,0,123,101,119
2043-09-02,Wednesday,0,0,Autumn,15.7,1,0,119,127,108
2043-09-03,Thursday,0,0,Autumn,20.9,1,0,108,112,92
2043-09-04,Friday,0,0,Autumn,14.5,0,0,92,120,108
2043-09-05,Saturday,1,0,Autumn,13.3,0,1,108,140,126
2043-09-06,Sunday,1,0,Autumn,13.9,0,0,126,123,118
2043-09-07,Monday,0,0,Autumn,11.8,1,0,118,123,109
2043-09-08,Tuesday,0,0,Autumn,16.9,0,0,109,119,106
2043-09-09,Wednesday,0,0,Autumn,15.7,1,0,106,108,88
2043-09-10,Thursday,0,0,Autumn,16.5,0,0,88,92,91
2043-09-11,Friday,0,0,Autumn,13.2,1,0,91,108,98
2043-09-12,Saturday,1,0,Autumn,14.1,0,0,98,126,115
2043-09-13,Sunday,1,0,Autumn,7.6,0,0,115,118,120
2043-09-14,Monday,0,0,Autumn,15.1,0,0,120,109,92
2043-09-15,Tuesday,0,0,Autumn,14.1,1,0,92,106,97
2043-09-16,Wednesday,0,0,Autumn,10.3,0,0,97,88,87
2043-09-17,Thursday,0,0,Autumn,13.1,1,0,87,91,88
2043-09-18,Friday,0,0,Autumn,12.5,0,0,88,98,101
2043-09-19,Saturday,1,0,Autumn,18.4,1,1,101,115,110
2043-09-20,Sunday,1,0,Autumn,9.8,1,1,110,120,112
2043-09-21,Monday,0,0,Autumn,13.8,0,0,112,92,101
2043-09-22,Tuesday,0,0,Autumn,9.3,0,0,101,97,89
2043-09-23,Wednesday,0,0,Autumn,10.7,0,0,89,87,88
2043-09-24,Thursday,0,0,Autumn,13.1,0,1,88,88,89
2043-09-25,Friday,0,0,Autumn,11.4,0,0,89,101,104
2043-09-26,Saturday,1,0,Autumn,11.9,0,0,104,110,114
2043-09-27,Sunday,1,0,Autumn,12.7,0,0,114,112,105
2043-09-28,Monday,0,0,Autumn,10.1,0,0,105,101,103
2043-09-29,Tuesday,0,0,Autumn,14.0,1,1,103,89,101
2043-09-30,Wednesday,0,0,Autumn,10.3,0,0,101,88,85
2043-10-01,Thursday,0,0,Autumn,10.8,0,0,85,89,92
2043-10-02,Friday,0,0,Autumn,12.0,0,0,92,104,103
2043-10-03,Saturday,1,0,Autumn,11.4,1,0,103,114,95
2043-10-04,Sunday,1,0,Autumn,12.5,1,0,95,105,80
2043-10-05,Monday,0,0,Autumn,11.3,0,0,80,103,82
2043-10-06,Tuesday,0,0,Autumn,11.6,1,0,82,101,78
2043-10-07,Wednesday,0,0,Autumn,9.1,0,0,78,85,84
2043-10-08,Thursday,0,0,Autumn,6.7,0,0,84,92,81
2043-10-09,Friday,0,0,Autumn,5.4,0,0,81,103,85
2043-10-10,Saturday,1,0,Autumn,4.6,1,0,85,95,102
2043-10-11,Sunday,1,0,Autumn,14.7,0,0,102,80,106
2043-10-12,Monday,0,0,Autumn,2.6,0,0,106,82,76
2043-10-13,Tuesday,0,0,Autumn,12.7,0,0,76,78,87
2043-10-14,Wednesday,0,0,Autumn,6.5,1,0,87,84,90
2043-10-15,Thursday,0,0,Autumn,12.3,1,1,90,81,91
2043-10-16,Friday,0,0,Autumn,2.0,0,0,91,85,85
2043-10-17,Saturday,1,0,Autumn,7.8,1,0,85,102,79
2043-10-18,Sunday,1,0,Autumn,12.7,1,0,79,106,81
2043-10-19,Monday,0,0,Autumn,10.3,1,0,81,76,73
2043-10-20,Tuesday,0,0,Autumn,7.0,0,0,73,87,73
2043-10-21,Wednesday,0,0,Autumn,2.0,0,0,73,90,74
2043-10-22,Thursday,0,0,Autumn,3.7,0,0,74,91,82
2043-10-23,Friday,0,0,Autumn,11.7,1,0,82,85,97
2043-10-24,Saturday,1,0,Autumn,6.4,0,0,97,79,90
2043-10-25,Sunday,1,0,Autumn,7.1,0,0,90,81,85
2043-10-26,Monday,0,0,Autumn,8.0,1,0,85,73,73
2043-10-27,Tuesday,0,0,Autumn,3.1,1,0,73,73,66
2043-10-28,Wednesday,0,0,Autumn,8.1,0,0,66,74,83
2043-10-29,Thursday,0,0,Autumn,5.5,0,0,83,82,81
2043-10-30,Friday,0,0,Autumn,7.5,0,0,81,97,95
2043-10-31,Saturday,1,0,Autumn,4.7,0,0,95,90,114
2043-11-01,Sunday,1,0,Autumn,1.6,0,0,114,85,111
2043-11-02,Monday,0,0,Autumn,4.9,0,0,111,73,86
2043-11-03,Tuesday,0,0,Autumn,8.0,0,0,86,66,73
2043-11-04,Wednesday,0,0,Autumn,7.1,1,0,73,83,66
2043-11-05,Thursday,0,0,Autumn,5.9,0,0,66,81,75
2043-11-06,Friday,0,0,Autumn,8.4,0,0,75,95,75
2043-11-07,Saturday,1,0,Autumn,5.0,0,1,75,114,117
2043-11-08,Sunday,1,0,Autumn,5.7,1,0,117,111,102
2043-11-09,Monday,0,0,Autumn,3.9,0,0,102,86,87
2043-11-10,Tuesday,0,0,Autumn,8.1,0,0,87,73,81
2043-11-11,Wednesday,0,0,Autumn,6.0,0,0,81,66,66
2043-11-12,Thursday,0,0,Autumn,3.4,0,0,66,75,79
2043-11-13,Friday,0,0,Autumn,0.5,0,0,79,75,82
2043-11-14,Saturday,1,0,Autumn,8.2,1,0,82,117,94
2043-11-15,Sunday,1,0,Autumn,2.5,0,0,94,102,97
2043-11-16,Monday,0,0,Autumn,4.9,0,0,97,87,85
2043-11-17,Tuesday,0,0,Autumn,11.6,0,0,85,81,82
2043-11-18,Wednesday,0,0,Autumn,6.9,1,0,82,66,68
2043-11-19,Thursday,0,0,Autumn,9.2,1,0,68,79,74
2043-11-20,Friday,0,0,Autumn,2.7,0,0,74,82,82
2043-11-21,Saturday,1,0,Autumn,7.4,1,0,82,94,83
2043-11-22,Sunday,1,0,Autumn,4.2,0,0,83,97,91
2043-11-23,Monday,0,0,Autumn,5.2,1,0,91,85,65
2043-11-24,Tuesday,0,0,Autumn,10.0,0,0,65,82,81
2043-11-25,Wednesday,0,0,Autumn,3.1,1,0,81,68,62
2043-11-26,Thursday,0,0,Autumn,3.9,0,0,62,74,58
2043-11-27,Friday,0,0,Autumn,1.1,0,0,58,82,68
2043-11-28,Saturday,1,0,Autumn,6.4,0,0,68,83,84
2043-11-29,Sunday,1,0,Autumn,2.0,0,0,84,91,85
2043-11-30,Monday,0,0,Autumn,6.7,0,0,85,65,80
2043-12-01,Tuesday,0,0,Winter,-1.4,1,0,80,81,68
2043-12-02,Wednesday,0,0,Winter,5.1,0,0,68,62,64
2043-12-03,Thursday,0,0,Winter,1.5,1,1,64,58,67
2043-12-04,Friday,0,0,Winter,5.6,0,0,67,68,84
2043-12-05,Saturday,1,0,Winter,3.3,1,0,84,84,81
2043-12-06,Sunday,1,0,Winter,1.7,0,0,81,85,100
2043-12-07,Monday,0,0,Winter,2.1,0,0,100,80,96
2043-12-08,Tuesday,0,0,Winter,0.7,0,0,96,68,69
2043-12-09,Wednesday,0,0,Winter,5.7,0,0,69,64,74
2043-12-10,Thursday,0,0,Winter,-0.0,1,0,74,67,62
2043-12-11,Friday,0,0,Winter,2.3,1,0,62,84,71
2043-12-12,Saturday,1,0,Winter,4.1,0,0,71,81,70
2043-12-13,Sunday,1,0,Winter,7.9,0,0,70,100,84
2043-12-14,Monday,0,0,Winter,3.0,0,0,84,96,99
2043-12-15,Tuesday,0,0,Winter,2.3,1,0,99,69,71
2043-12-16,Wednesday,0,0,Winter,3.8,0,0,71,74,76
2043-12-17,Thursday,0,0,Winter,-3.2,1,1,76,62,74
2043-12-18,Friday,0,0,Winter,-0.6,1,1,74,71,74
2043-12-19,Saturday,1,0,Winter,1.9,0,0,74,70,87
2043-12-20,Sunday,1,0,Winter,0.9,1,0,87,84,78
2043-12-21,Monday,0,0,Winter,-1.8,0,0,78,99,76
2043-12-22,Tuesday,0,0,Winter,5.6,1,0,76,71,70
2043-12-23,Wednesday,0,0,Winter,3.8,0,0,70,76,79
2043-12-24,Thursday,0,1,Winter,3.4,0,0,79,74,79
2043-12-25,Friday,0,1,Winter,1.0,0,1,79,74,107
2043-12-26,Saturday,1,1,Winter,3.3,1,0,107,87,89
2043-12-27,Sunday,1,0,Winter,4.6,0,0,89,78,81
2043-12-28,Monday,0,0,Winter,2.3,1,0,81,76,78
2043-12-29,Tuesday,0,0,Winter,4.5,0,0,78,70,68
2043-12-30,Wednesday,0,0,Winter,0.8,0,0,68,79,70
2043-12-31,Thursday,0,1,Winter,3.5,1,0,70,79,69
2044-01-01,Friday,0,1,Winter,6.7,0,0,69,107,81
2044-01-02,Saturday,1,0,Winter,7.0,0,0,81,89,85
2044-01-03,Sunday,1,0,Winter,7.3,0,0,85,81,91
2044-01-04,Monday,0,0,Winter,4.2,0,0,91,78,74
2044-01-05,Tuesday,0,0,Winter,3.5,0,0,74,68,68
2044-01-06,Wednesday,0,0,Winter,2.1,0,0,68,70,64
2044-01-07,Thursday,0,0,Winter,-1.9,1,0,64,69,67
2044-01-08,Friday,0,0,Winter,-0.5,1,0,67,81,59
2044-01-09,Saturday,1,0,Winter,3.1,0,0,59,85,76
2044-01-10,Sunday,1,0,Winter,3.3,1,0,76,91,77
2044-01-11,Monday,0,0,Winter,8.0,0,0,77,74,66
2044-01-12,Tuesday,0,0,Winter,7.7,0,0,66,68,76
2044-01-13,Wednesday,0,0,Winter,1.8,0,0,76,64,57
2044-01-14,Thursday,0,0,Winter,6.4,0,0,57,67,68
2044-01-15,Friday,0,0,Winter,2.6,0,0,68,59,72
2044-01-16,Saturday,1,0,Winter,6.1,0,1,72,76,86
2044-01-17,Sunday,1,0,Winter,6.6,0,0,86,77,98
2044-01-18,Monday,0,0,Winter,8.0,0,0,98,66,83
2044-01-19,Tuesday,0,0,Winter,2.9,0,1,83,76,77
2044-01-20,Wednesday,0,0,Winter,7.5,0,0,77,57,74
2044-01-21,Thursday,0,0,Winter,-1.1,0,0,74,68,67
2044-01-22,Friday,0,0,Winter,8.5,1,0,67,72,69
2044-01-23,Saturday,1,0,Winter,4.6,0,0,69,86,90
2044-01-24,Sunday,1,0,Winter,4.8,0,0,90,98,95
2044-01-25,Monday,0,0,Winter,-1.2,0,0,95,83,87
2044-01-26,Tuesday,0,0,Winter,3.8,0,0,87,77,60
2044-01-27,Wednesday,0,0,Winter,9.2,1,0,60,74,67
2044-01-28,Thursday,0,0,Winter,3.9,1,0,67,67,76
2044-01-29,Friday,0,0,Winter,7.5,0,1,76,69,77
2044-01-30,Saturday,1,0,Winter,5.5,0,0,77,90,88
2044-01-31,Sunday,1,0,Winter,8.7,0,0,88,95,90
2044-02-01,Monday,0,0,Winter,6.2,1,0,90,87,83
2044-02-02,Tuesday,0,0,Winter,3.0,1,0,83,60,63
2044-02-03,Wednesday,0,0,Winter,6.1,0,1,63,67,79
2044-02-04,Thursday,0,0,Winter,10.8,1,1,79,76,82
2044-02-05,Friday,0,0,Winter,7.6,0,1,82,77,109
2044-02-06,Saturday,1,0,Winter,5.9,1,0,109,88,100
2044-02-07,Sunday,1,0,Winter,13.2,0,0,100,90,114
2044-02-08,Monday,0,0,Winter,10.0,0,0,114,83,97
2044-02-09,Tuesday,0,0,Winter,9.1,0,0,97,63,78
2044-02-10,Wednesday,0,0,Winter,7.7,0,0,78,79,77
2044-02-11,Thursday,0,0,Winter,9.1,1,0,77,82,79
2044-02-12,Friday,0,0,Winter,9.3,0,0,79,109,75
2044-02-13,Saturday,1,0,Winter,0.6,0,0,75,100,94
2044-02-14,Sunday,1,0,Winter,8.5,0,0,94,114,101
2044-02-15,Monday,0,0,Winter,7.0,1,0,101,97,90
2044-02-16,Tuesday,0,0,Winter,6.1,1,0,90,78,81
2044-02-17,Wednesday,0,0,Winter,7.2,0,0,81,77,68
2044-02-18,Thursday,0,0,Winter,3.2,0,0,68,79,73
2044-02-19,Friday,0,0,Winter,2.7,0,0,73,75,76
2044-02-20,Saturday,1,0,Winter,12.0,0,0,76,94,82
2044-02-21,Sunday,1,0,Winter,9.8,1,0,82,101,98
2044-02-22,Monday,0,0,Winter,1.3,1,1,98,90,101
2044-02-23,Tuesday,0,0,Winter,6.9,1,0,101,81,80
2044-02-24,Wednesday,0,0,Winter,11.5,0,0,80,68,80
2044-02-25,Thursday,0,0,Winter,8.1,1,0,80,73,75
2044-02-26,Friday,0,0,Winter,12.9,1,0,75,76,76
2044-02-27,Saturday,1,0,Winter,12.5,1,0,76,82,81
2044-02-28,Sunday,1,0,Winter,5.4,1,0,81,98,76
2044-02-29,Monday,0,0,Winter,9.2,0,0,76,101,83
2044-03-01,Tuesday,0,0,Spring,8.4,1,0,83,80,73
2044-03-02,Wednesday,0,0,Spring,5.8,0,0,73,80,81
2044-03-03,Thursday,0,0,Spring,5.8,0,0,81,75,78
2044-03-04,Friday,0,0,Spring,7.9,0,0,78,76,75
2044-03-05,Saturday,1,0,Spring,8.5,0,0,75,81,83
2044-03-06,Sunday,1,0,Spring,11.5,1,0,83,76,87
2044-03-07,Monday,0,0,Spring,13.9,1,0,87,83,79
2044-03-08,Tuesday,0,0,Spring,12.5,1,0,79,73,69
2044-03-09,Wednesday,0,0,Spring,13.4,0,0,69,81,89
2044-03-10,Thursday,0,0,Spring,10.5,1,0,89,78,74
2044-03-11,Friday,0,0,Spring,13.3,0,0,74,75,93
2044-03-12,Saturday,1,0,Spring,11.2,0,0,93,83,105
2044-03-13,Sunday,1,0,Spring,10.5,0,0,105,87,106
2044-03-14,Monday,0,0,Spring,17.7,1,0,106,79,96
2044-03-15,Tuesday,0,0,Spring,5.1,1,0,96,69,74
2044-03-16,Wednesday,0,0,Spring,6.7,1,0,74,89,73
2044-03-17,Thursday,0,0,Spring,13.6,1,0,73,74,90
2044-03-18,Friday,0,0,Spring,11.9,0,0,90,93,103
2044-03-19,Saturday,1,0,Spring,8.5,1,0,103,105,107
2044-03-20,Sunday,1,0,Spring,9.8,0,0,107,106,102
2044-03-21,Monday,0,0,Spring,10.4,1,1,102,96,92
2044-03-22,Tuesday,0,0,Spring,16.0,1,0,92,74,75
2044-03-23,Wednesday,0,0,Spring,17.2,0,0,75,73,75
2044-03-24,Thursday,0,0,Spring,18.6,0,0,75,90,86
2044-03-25,Friday,0,0,Spring,9.1,0,0,86,103,96
2044-03-26,Saturday,1,0,Spring,9.9,1,0,96,107,110
2044-03-27,Sunday,1,0,Spring,9.9,0,0,110,102,121
2044-03-28,Monday,0,0,Spring,18.2,0,0,121,92,115
2044-03-29,Tuesday,0,0,Spring,15.8,1,0,115,75,85
2044-03-30,Wednesday,0,0,Spring,15.0,0,0,85,75,79
2044-03-31,Thursday,0,0,Spring,15.6,0,0,79,86,81
2044-04-01,Friday,0,0,Spring,14.9,1,0,81,96,98
2044-04-02,Saturday,1,0,Spring,11.9,0,0,98,110,113
2044-04-03,Sunday,1,0,Spring,16.9,0,0,113,121,113
2044-04-04,Monday,0,0,Spring,15.0,1,0,113,115,102
2044-04-05,Tuesday,0,0,Spring,12.1,0,0,102,85,94
2044-04-06,Wednesday,0,0,Spring,17.6,0,0,94,79,95
2044-04-07,Thursday,0,0,Spring,14.8,0,0,95,81,102
2044-04-08,Friday,0,0,Spring,16.9,1,0,102,98,103
2044-04-09,Saturday,1,0,Spring,16.0,0,0,103,113,111
2044-04-10,Sunday,1,0,Spring,19.2,1,0,111,113,114
2044-04-11,Monday,0,0,Spring,17.4,0,0,114,102,103
2044-04-12,Tuesday,0,0,Spring,14.2,0,0,103,94,100
2044-04-13,Wednesday,0,0,Spring,18.0,0,0,100,95,97
2044-04-14,Thursday,0,0,Spring,18.2,0,0,97,102,110
2044-04-15,Friday,0,0,Spring,18.9,1,0,110,103,116
2044-04-16,Saturday,1,0,Spring,20.6,0,1,116,111,126
2044-04-17,Sunday,1,0,Spring,15.8,0,0,126,114,134
2044-04-18,Monday,0,0,Spring,19.8,1,0,134,103,113
2044-04-19,Tuesday,0,0,Spring,12.8,0,0,113,100,105
2044-04-20,Wednesday,0,0,Spring,17.7,1,0,105,97,108
2044-04-21,Thursday,0,0,Spring,17.4,0,0,108,110,122
2044-04-22,Friday,0,0,Spring,22.7,0,0,122,116,129
2044-04-23,Saturday,1,0,Spring,18.1,0,0,129,126,131
2044-04-24,Sunday,1,0,Spring,20.5,0,0,131,134,127
2044-04-25,Monday,0,0,Spring,13.5,1,0,127,113,110
2044-04-26,Tuesday,0,0,Spring,17.9,0,1,110,105,116
2044-04-27,Wednesday,0,0,Spring,16.5,1,1,116,108,116
2044-04-28,Thursday,0,0,Spring,26.6,0,0,116,122,117
2044-04-29,Friday,0,0,Spring,17.4,0,0,117,129,115
2044-04-30,Saturday,1,0,Spring,19.7,0,0,115,131,126
2044-05-01,Sunday,1,1,Spring,20.0,1,0,126,127,123
2044-05-02,Monday,0,0,Spring,15.0,1,0,123,110,94
2044-05-03,Tuesday,0,0,Spring,18.3,0,0,94,116,94
2044-05-04,Wednesday,0,0,Spring,21.2,0,0,94,116,100
2044-05-05,Thursday,0,0,Spring,20.4,1,1,100,117,106
2044-05-06,Friday,0,0,Spring,13.3,0,0,106,115,111
2044-05-07,Saturday,1,0,Spring,18.6,0,0,111,126,112
2044-05-08,Sunday,1,0,Spring,23.5,1,0,112,123,108
2044-05-09,Monday,0,0,Spring,22.3,0,0,108,94,110
2044-05-10,Tuesday,0,0,Spring,24.3,1,0,110,94,107
2044-05-11,Wednesday,0,0,Spring,17.8,0,0,107,100,104
2044-05-12,Thursday,0,0,Spring,24.7,0,0,104,106,118
2044-05-13,Friday,0,0,Spring,20.9,0,1,118,111,119
2044-05-14,Saturday,1,0,Spring,25.9,0,0,119,112,128
2044-05-15,Sunday,1,0,Spring,21.2,1,0,128,108,116
2044-05-16,Monday,0,0,Spring,15.2,1,0,116,110,113
2044-05-17,Tuesday,0,0,Spring,24.0,1,0,113,107,107
2044-05-18,Wednesday,0,0,Spring,20.2,0,0,107,104,98
2044-05-19,Thursday,0,0,Spring,20.5,1,0,98,118,113
2044-05-20,Friday,0,0,Spring,17.3,1,0,113,119,109
2044-05-21,Saturday,1,0,Spring,26.6,0,0,109,128,115
2044-05-22,Sunday,1,0,Spring,20.3,0,0,115,116,127
2044-05-23,Monday,0,0,Spring,26.6,0,1,127,113,128
2044-05-24,Tuesday,0,0,Spring,20.7,0,0,128,107,108
2044-05-25,Wednesday,0,0,Spring,19.3,1,1,108,98,106
2044-05-26,Thursday,0,0,Spring,26.1,1,0,106,113,107
2044-05-27,Friday,0,0,Spring,22.0,0,1,107,109,113
2044-05-28,Saturday,1,0,Spring,22.1,0,0,113,115,114
2044-05-29,Sunday,1,0,Spring,18.5,0,0,114,127,118
2044-05-30,Monday,0,0,Spring,21.0,1,1,118,128,125
2044-05-31,Tuesday,0,0,Spring,23.7,0,0,125,108,120
2044-06-01,Wednesday,0,0,Summer,18.6,0,0,120,106,108
2044-06-02,Thursday,0,0,Summer,20.9,0,1,108,107,124
2044-06-03,Friday,0,0,Summer,21.3,1,0,124,113,129
2044-06-04,Saturday,1,0,Summer,22.9,0,0,129,114,123
2044-06-05,Sunday,1,0,Summer,27.1,0,0,123,118,131
2044-06-06,Monday,0,0,Summer,21.8,0,0,131,125,122
2044-06-07,Tuesday,0,0,Summer,20.7,1,0,122,120,112
2044-06-08,Wednesday,0,0,Summer,31.1,0,0,112,108,115
2044-06-09,Thursday,0,0,Summer,21.5,1,0,115,124,121
2044-06-10,Friday,0,0,Summer,22.3,1,0,121,129,113
2044-06-11,Saturday,1,0,Summer,21.8,0,1,113,123,131
2044-06-12,Sunday,1,0,Summer,22.1,0,0,131,131,128
2044-06-13,Monday,0,0,Summer,23.2,1,0,128,122,117
2044-06-14,Tuesday,0,0,Summer,25.7,0,0,117,112,113
2044-06-15,Wednesday,0,0,Summer,24.2,0,1,113,115,116
2044-06-16,Thursday,0,0,Summer,26.2,0,0,116,121,133
2044-06-17,Friday,0,0,Summer,26.1,0,0,133,113,110
2044-06-18,Saturday,1,0,Summer,23.6,0,0,110,131,129
2044-06-19,Sunday,1,0,Summer,24.1,0,0,129,128,134
2044-06-20,Monday,0,0,Summer,26.3,0,0,134,117,123
2044-06-21,Tuesday,0,0,Summer,19.7,0,0,123,113,117
2044-06-22,Wednesday,0,0,Summer,30.5,0,1,117,116,131
2044-06-23,Thursday,0,0,Summer,21.4,0,0,131,133,124
2044-06-24,Friday,0,0,Summer,21.9,1,0,124,110,116
2044-06-25,Saturday,1,0,Summer,19.3,1,0,116,129,120
2044-06-26,Sunday,1,0,Summer,19.4,0,0,120,134,129
2044-06-27,Monday,0,0,Summer,25.8,0,0,129,123,126
2044-06-28,Tuesday,0,0,Summer,29.7,0,0,126,117,114
2044-06-29,Wednesday,0,0,Summer,21.2,0,0,114,131,117
2044-06-30,Thursday,0,0,Summer,23.9,0,0,117,124,116
2044-07-01,Friday,0,0,Summer,23.5,0,0,116,116,114
2044-07-02,Saturday,1,0,Summer,25.8,0,1,114,120,129
2044-07-03,Sunday,1,0,Summer,29.4,0,0,129,129,125
2044-07-04,Monday,0,0,Summer,27.2,0,1,125,126,117
2044-07-05,Tuesday,0,0,Summer,21.9,0,0,117,114,114
2044-07-06,Wednesday,0,0,Summer,24.2,0,1,114,117,129
2044-07-07,Thursday,0,0,Summer,24.4,0,0,129,116,122
2044-07-08,Friday,0,0,Summer,22.4,0,0,122,114,128
2044-07-09,Saturday,1,0,Summer,19.1,0,0,128,129,137
2044-07-10,Sunday,1,0,Summer,20.0,0,0,137,125,125
2044-07-11,Monday,0,0,Summer,25.8,0,0,125,117,113
2044-07-12,Tuesday,0,0,Summer,26.0,0,0,113,114,103
2044-07-13,Wednesday,0,0,Summer,21.6,0,0,103,129,114
2044-07-14,Thursday,0,0,Summer,22.9,0,0,114,122,122
2044-07-15,Friday,0,0,Summer,25.6,0,0,122,128,127
2044-07-16,Saturday,1,0,Summer,16.9,0,0,127,137,127
2044-07-17,Sunday,1,0,Summer,20.5,0,1,127,125,134
2044-07-18,Monday,0,0,Summer,27.9,0,0,134,113,127
2044-07-19,Tuesday,0,0,Summer,22.6,0,0,127,103,119
2044-07-20,Wednesday,0,0,Summer,18.3,0,0,119,114,117
2044-07-21,Thursday,0,0,Summer,21.9,0,0,117,122,121
2044-07-22,Friday,0,0,Summer,24.5,0,1,121,127,141
2044-07-23,Saturday,1,0,Summer,13.7,1,0,141,127,124
2044-07-24,Sunday,1,0,Summer,21.8,0,0,124,134,124
2044-07-25,Monday,0,0,Summer,20.1,0,0,124,127,112
2044-07-26,Tuesday,0,0,Summer,16.1,0,0,112,119,107
2044-07-27,Wednesday,0,0,Summer,21.2,0,0,107,117,121
2044-07-28,Thursday,0,0,Summer,20.5,0,0,121,121,114
2044-07-29,Friday,0,0,Summer,20.7,0,0,114,141,120
2044-07-30,Saturday,1,0,Summer,19.6,0,0,120,124,114
2044-07-31,Sunday,1,0,Summer,17.5,0,0,114,124,124
2044-08-01,Monday,0,0,Summer,16.1,1,0,124,112,109
2044-08-02,Tuesday,0,0,Summer,18.2,1,0,109,107,113
2044-08-03,Wednesday,0,0,Summer,22.8,0,0,113,121,125
2044-08-04,Thursday,0,0,Summer,20.8,0,1,125,114,119
2044-08-05,Friday,0,0,Summer,19.7,0,0,119,120,120
2044-08-06,Saturday,1,0,Summer,16.7,1,1,120,114,135
2044-08-07,Sunday,1,0,Summer,18.6,0,0,135,124,124
2044-08-08,Monday,0,0,Summer,21.8,0,1,124,109,128
2044-08-09,Tuesday,0,0,Summer,20.9,1,0,128,113,97
2044-08-10,Wednesday,0,0,Summer,17.9,0,0,97,125,106
2044-08-11,Thursday,0,0,Summer,11.3,1,0,106,119,101
2044-08-12,Friday,0,0,Summer,17.0,1,1,101,120,123
2044-08-13,Saturday,1,0,Summer,17.4,1,0,123,135,124
2044-08-14,Sunday,1,0,Summer,16.0,0,0,124,124,129
2044-08-15,Monday,0,0,Summer,17.4,0,0,129,128,123
2044-08-16,Tuesday,0,0,Summer,20.9,0,0,123,97,105
2044-08-17,Wednesday,0,0,Summer,18.2,1,0,105,106,108
2044-08-18,Thursday,0,0,Summer,21.1,0,0,108,101,112
2044-08-19,Friday,0,0,Summer,13.5,1,0,112,123,102
2044-08-20,Saturday,1,0,Summer,17.0,1,0,102,124,117
2044-08-21,Sunday,1,0,Summer,11.9,0,0,117,129,116
2044-08-22,Monday,0,0,Summer,16.3,1,0,116,123,112
2044-08-23,Tuesday,0,0,Summer,14.3,0,0,112,105,107
2044-08-24,Wednesday,0,0,Summer,21.1,1,0,107,108,112
2044-08-25,Thursday,0,0,Summer,18.3,1,0,112,112,116
2044-08-26,Friday,0,0,Summer,20.0,0,0,116,102,109
2044-08-27,Saturday,1,0,Summer,15.5,0,0,109,117,114
2044-08-28,Sunday,1,0,Summer,13.6,0,0,114,116,114
2044-08-29,Monday,0,0,Summer,13.3,1,1,114,112,118
2044-08-30,Tuesday,0,0,Summer,17.1,0,1,118,107,114
2044-08-31,Wednesday,0,0,Summer,21.6,0,0,114,112,115
2044-09-01,Thursday,0,0,Autumn,17.2,0,0,115,116,117
2044-09-02,Friday,0,0,Autumn,14.7,0,0,117,109,112
2044-09-03,Saturday,1,0,Autumn,15.1,1,0,112,114,123
2044-09-04,Sunday,1,0,Autumn,15.4,0,0,123,114,113
2044-09-05,Monday,0,0,Autumn,21.4,0,1,113,118,119
2044-09-06,Tuesday,0,0,Autumn,18.9,1,0,119,114,109
2044-09-07,Wednesday,0,0,Autumn,15.8,0,0,109,115,106
2044-09-08,Thursday,0,0,Autumn,15.1,0,0,106,117,91
2044-09-09,Friday,0,0,Autumn,15.5,0,0,91,112,99
2044-09-10,Saturday,1,0,Autumn,16.0,1,1,99,123,104
2044-09-11,Sunday,1,0,Autumn,13.1,1,0,104,113,100
2044-09-12,Monday,0,0,Autumn,11.6,0,0,100,119,98
2044-09-13,Tuesday,0,0,Autumn,17.1,0,0,98,109,114
2044-09-14,Wednesday,0,0,Autumn,13.9,0,0,114,106,109
2044-09-15,Thursday,0,0,Autumn,16.5,0,0,109,91,94
2044-09-16,Friday,0,0,Autumn,18.4,0,0,94,99,101
2044-09-17,Saturday,1,0,Autumn,14.8,0,1,101,104,117
2044-09-18,Sunday,1,0,Autumn,14.2,0,1,117,100,117
2044-09-19,Monday,0,0,Autumn,22.5,1,1,117,98,109
2044-09-20,Tuesday,0,0,Autumn,13.4,1,0,109,114,96
2044-09-21,Wednesday,0,0,Autumn,9.3,0,0,96,109,97
2044-09-22,Thursday,0,0,Autumn,11.6,1,0,97,94,93
2044-09-23,Friday,0,0,Autumn,16.9,0,0,93,101,104
2044-09-24,Saturday,1,0,Autumn,8.2,1,0,104,117,111
2044-09-25,Sunday,1,0,Autumn,9.6,0,0,111,117,115
2044-09-26,Monday,0,0,Autumn,15.1,1,0,115,109,101
2044-09-27,Tuesday,0,0,Autumn,10.7,0,0,101,96,92
2044-09-28,Wednesday,0,0,Autumn,11.1,1,1,92,97,100
2044-09-29,Thursday,0,0,Autumn,14.4,1,0,100,93,87
2044-09-30,Friday,0,0,Autumn,8.9,0,0,87,104,77
2044-10-01,Saturday,1,0,Autumn,6.5,0,0,77,111,82
2044-10-02,Sunday,1,0,Autumn,6.6,1,0,82,115,78
2044-10-03,Monday,0,0,Autumn,12.3,0,0,78,101,87
2044-10-04,Tuesday,0,0,Autumn,11.2,0,0,87,92,87
2044-10-05,Wednesday,0,0,Autumn,8.1,1,0,87,100,90
2044-10-06,Thursday,0,0,Autumn,6.6,0,1,90,87,98
2044-10-07,Friday,0,0,Autumn,9.1,0,0,98,77,99
2044-10-08,Saturday,1,0,Autumn,13.1,0,0,99,82,107
2044-10-09,Sunday,1,0,Autumn,7.1,0,0,107,78,102
2044-10-10,Monday,0,0,Autumn,7.4,0,0,102,87,95
2044-10-11,Tuesday,0,0,Autumn,5.7,0,0,95,87,97
2044-10-12,Wednesday,0,0,Autumn,8.0,1,0,97,90,101
2044-10-13,Thursday,0,0,Autumn,9.9,0,0,101,98,97
2044-10-14,Friday,0,0,Autumn,15.1,1,0,97,99,107
2044-10-15,Saturday,1,0,Autumn,9.3,1,0,107,107,100
2044-10-16,Sunday,1,0,Autumn,8.3,1,0,100,102,93
2044-10-17,Monday,0,0,Autumn,10.9,0,0,93,95,100
2044-10-18,Tuesday,0,0,Autumn,10.2,0,0,100,97,93
2044-10-19,Wednesday,0,0,Autumn,6.3,0,0,93,101,78
2044-10-20,Thursday,0,0,Autumn,14.8,1,0,78,97,76
2044-10-21,Friday,0,0,Autumn,7.6,1,0,76,107,81
2044-10-22,Saturday,1,0,Autumn,8.3,0,0,81,100,85
2044-10-23,Sunday,1,0,Autumn,9.1,1,0,85,93,91
2044-10-24,Monday,0,0,Autumn,8.3,0,0,91,100,81
2044-10-25,Tuesday,0,0,Autumn,11.7,0,0,81,93,82
2044-10-26,Wednesday,0,0,Autumn,5.2,0,0,82,78,74
2044-10-27,Thursday,0,0,Autumn,9.2,0,0,74,76,68
2044-10-28,Friday,0,0,Autumn,7.2,1,0,68,81,66
2044-10-29,Saturday,1,0,Autumn,9.5,1,1,66,85,94
2044-10-30,Sunday,1,0,Autumn,5.8,0,0,94,91,95
2044-10-31,Monday,0,0,Autumn,5.3,0,0,95,81,60
2044-11-01,Tuesday,0,0,Autumn,8.4,1,0,60,82,62
2044-11-02,Wednesday,0,0,Autumn,7.2,1,0,62,74,72
2044-11-03,Thursday,0,0,Autumn,3.5,0,1,72,68,84
2044-11-04,Friday,0,0,Autumn,9.9,0,0,84,66,97
2044-11-05,Saturday,1,0,Autumn,7.9,1,0,97,94,94
2044-11-06,Sunday,1,0,Autumn,5.4,0,0,94,95,96
2044-11-07,Monday,0,0,Autumn,4.1,0,0,96,60,70
2044-11-08,Tuesday,0,0,Autumn,6.5,0,0,70,62,57
2044-11-09,Wednesday,0,0,Autumn,7.3,0,0,57,72,69
2044-11-10,Thursday,0,0,Autumn,0.4,0,0,69,84,71
2044-11-11,Friday,0,0,Autumn,6.2,0,0,71,97,102
2044-11-12,Saturday,1,0,Autumn,6.9,0,1,102,94,104
2044-11-13,Sunday,1,0,Autumn,-2.2,0,0,104,96,92
2044-11-14,Monday,0,0,Autumn,5.3,1,0,92,70,75
2044-11-15,Tuesday,0,0,Autumn,6.7,0,0,75,57,75
2044-11-16,Wednesday,0,0,Autumn,6.3,0,0,75,69,79
2044-11-17,Thursday,0,0,Autumn,6.9,1,1,79,71,70
2044-11-18,Friday,0,0,Autumn,3.4,1,0,70,102,89
2044-11-19,Saturday,1,0,Autumn,1.2,1,0,89,104,91
2044-11-20,Sunday,1,0,Autumn,-1.2,0,0,91,92,70
2044-11-21,Monday,0,0,Autumn,7.4,1,0,70,75,67
2044-11-22,Tuesday,0,0,Autumn,6.2,1,0,67,75,59
2044-11-23,Wednesday,0,0,Autumn,7.5,1,0,59,79,74
2044-11-24,Thursday,0,0,Autumn,1.7,0,1,74,70,83
2044-11-25,Friday,0,0,Autumn,6.2,0,0,83,89,94
2044-11-26,Saturday,1,0,Autumn,-0.7,0,1,94,91,109
2044-11-27,Sunday,1,0,Autumn,1.1,1,0,109,70,85
2044-11-28,Monday,0,0,Autumn,4.0,0,0,85,67,75
2044-11-29,Tuesday,0,0,Autumn,5.6,0,0,75,59,77
2044-11-30,Wednesday,0,0,Autumn,8.6,1,0,77,74,74
2044-12-01,Thursday,0,0,Winter,2.8,1,0,74,83,66
2044-12-02,Friday,0,0,Winter,0.8,1,0,66,94,83
2044-12-03,Saturday,1,0,Winter,0.6,1,0,83,109,89
2044-12-04,Sunday,1,0,Winter,1.3,0,0,89,85,80
2044-12-05,Monday,0,0,Winter,9.9,1,0,80,75,85
2044-12-06,Tuesday,0,0,Winter,5.5,0,0,85,77,63
2044-12-07,Wednesday,0,0,Winter,6.5,0,0,63,74,63
2044-12-08,Thursday,0,0,Winter,2.5,0,0,63,66,61
2044-12-09,Friday,0,0,Winter,3.1,1,0,61,83,75
2044-12-10,Saturday,1,0,Winter,5.2,0,1,75,89,90
2044-12-11,Sunday,1,0,Winter,1.6,0,0,90,80,80
2044-12-12,Monday,0,0,Winter,2.2,0,0,80,85,81
2044-12-13,Tuesday,0,0,Winter,1.0,1,0,81,63,71
2044-12-14,Wednesday,0,0,Winter,1.7,1,0,71,63,60
2044-12-15,Thursday,0,0,Winter,3.2,0,1,60,61,72
2044-12-16,Friday,0,0,Winter,0.5,0,0,72,75,66
2044-12-17,Saturday,1,0,Winter,3.9,1,0,66,90,76
2044-12-18,Sunday,1,0,Winter,3.9,0,0,76,80,79
2044-12-19,Monday,0,0,Winter,2.5,0,0,79,81,63
2044-12-20,Tuesday,0,0,Winter,0.5,1,0,63,71,48
2044-12-21,Wednesday,0,0,Winter,3.3,1,0,48,60,49
2044-12-22,Thursday,0,0,Winter,1.5,1,0,49,72,65
2044-12-23,Friday,0,0,Winter,3.2,0,0,65,66,73
2044-12-24,Saturday,1,1,Winter,6.3,1,0,73,76,79
2044-12-25,Sunday,1,1,Winter,-0.7,0,0,79,79,102
2044-12-26,Monday,0,1,Winter,9.6,1,0,102,63,76
2044-12-27,Tuesday,0,0,Winter,2.9,1,0,76,48,64
2044-12-28,Wednesday,0,0,Winter,4.4,0,0,64,49,56
2044-12-29,Thursday,0,0,Winter,0.9,0,0,56,65,70
2044-12-30,Friday,0,0,Winter,6.6,0,0,70,73,74
2044-12-31,Saturday,1,1,Winter,2.8,0,0,74,79,85
2045-01-01,Sunday,1,1,Winter,2.0,1,0,85,102,98
2045-01-02,Monday,0,0,Winter,1.5,1,0,98,76,75
2045-01-03,Tuesday,0,0,Winter,2.5,0,0,75,64,72
2045-01-04,Wednesday,0,0,Winter,4.6,1,0,72,56,61
2045-01-05,Thursday,0,0,Winter,3.9,1,0,61,70,45
2045-01-06,Friday,0,0,Winter,3.3,1,0,45,74,74
2045-01-07,Saturday,1,0,Winter,1.4,0,0,74,85,85
2045-01-08,Sunday,1,0,Winter,1.2,0,0,85,98,85
2045-01-09,Monday,0,0,Winter,2.2,1,0,85,75,80
2045-01-10,Tuesday,0,0,Winter,5.0,1,0,80,72,63
2045-01-11,Wednesday,0,0,Winter,5.7,0,1,63,61,64
2045-01-12,Thursday,0,0,Winter,6.2,0,0,64,45,52
2045-01-13,Friday,0,0,Winter,3.9,0,0,52,74,65
2045-01-14,Saturday,1,0,Winter,5.1,0,0,65,85,75
2045-01-15,Sunday,1,0,Winter,3.5,0,0,75,85,78
2045-01-16,Monday,0,0,Winter,-1.1,1,0,78,80,57
2045-01-17,Tuesday,0,0,Winter,3.5,0,0,57,63,54
2045-01-18,Wednesday,0,0,Winter,3.1,0,0,54,64,62
2045-01-19,Thursday,0,0,Winter,1.2,0,1,62,52,78
2045-01-20,Friday,0,0,Winter,2.7,0,0,78,65,75
2045-01-21,Saturday,1,0,Winter,4.9,0,0,75,75,77
2045-01-22,Sunday,1,0,Winter,1.2,0,0,77,78,82
2045-01-23,Monday,0,0,Winter,2.6,1,1,82,57,80
2045-01-24,Tuesday,0,0,Winter,9.4,0,0,80,54,77
2045-01-25,Wednesday,0,0,Winter,0.1,0,0,77,62,71
2045-01-26,Thursday,0,0,Winter,4.4,0,0,71,78,68
2045-01-27,Friday,0,0,Winter,1.6,1,0,68,75,69
2045-01-28,Saturday,1,0,Winter,2.9,0,0,69,77,80
2045-01-29,Sunday,1,0,Winter,4.7,1,0,80,82,61
2045-01-30,Monday,0,0,Winter,2.5,0,0,61,80,64
2045-01-31,Tuesday,0,0,Winter,7.3,0,0,64,77,80
2045-02-01,Wednesday,0,0,Winter,9.7,0,0,80,71,71
2045-02-02,Thursday,0,0,Winter,8.3,0,0,71,68,59
2045-02-03,Friday,0,0,Winter,9.0,1,1,59,69,70
2045-02-04,Saturday,1,0,Winter,1.9,1,0,70,80,71
2045-02-05,Sunday,1,0,Winter,5.4,0,0,71,61,80
2045-02-06,Monday,0,0,Winter,7.7,0,0,80,64,89
2045-02-07,Tuesday,0,0,Winter,9.0,1,1,89,80,86
2045-02-08,Wednesday,0,0,Winter,11.8,0,0,86,71,73
2045-02-09,Thursday,0,0,Winter,9.9,1,0,73,59,59
2045-02-10,Friday,0,0,Winter,9.5,0,0,59,70,78
2045-02-11,Saturday,1,0,Winter,14.8,0,0,78,71,90
2045-02-12,Sunday,1,0,Winter,7.3,1,0,90,80,92
2045-02-13,Monday,0,0,Winter,6.3,0,0,92,89,79
2045-02-14,Tuesday,0,0,Winter,7.9,1,0,79,86,86
2045-02-15,Wednesday,0,0,Winter,4.7,1,1,86,73,82
2045-02-16,Thursday,0,0,Winter,7.8,0,0,82,59,69
2045-02-17,Friday,0,0,Winter,2.6,0,0,69,78,60
2045-02-18,Saturday,1,0,Winter,6.3,0,0,60,90,75
2045-02-19,Sunday,1,0,Winter,7.7,0,0,75,92,80
2045-02-20,Monday,0,0,Winter,11.1,0,0,80,79,69
2045-02-21,Tuesday,0,0,Winter,11.7,0,0,69,86,78
2045-02-22,Wednesday,0,0,Winter,5.6,1,0,78,82,68
2045-02-23,Thursday,0,0,Winter,14.9,0,0,68,69,67
2045-02-24,Friday,0,0,Winter,9.3,0,0,67,60,65
2045-02-25,Saturday,1,0,Winter,9.7,0,0,65,75,69
2045-02-26,Sunday,1,0,Winter,4.3,1,0,69,80,69
2045-02-27,Monday,0,0,Winter,7.4,0,0,69,69,63
2045-02-28,Tuesday,0,0,Winter,12.6,1,0,63,78,65
2045-03-01,Wednesday,0,0,Spring,10.1,1,0,65,68,70
2045-03-02,Thursday,0,0,Spring,10.1,1,0,70,67,82
2045-03-03,Friday,0,0,Spring,10.6,0,0,82,65,90
2045-03-04,Saturday,1,0,Spring,5.8,1,0,90,69,75
2045-03-05,Sunday,1,0,Spring,10.0,0,0,75,69,87
2045-03-06,Monday,0,0,Spring,14.7,1,0,87,63,83
2045-03-07,Tuesday,0,0,Spring,13.9,0,0,83,65,84
2045-03-08,Wednesday,0,0,Spring,10.4,0,0,84,70,77
2045-03-09,Thursday,0,0,Spring,15.6,1,0,77,82,92
2045-03-10,Friday,0,0,Spring,7.3,0,0,92,90,86
2045-03-11,Saturday,1,0,Spring,8.4,0,1,86,75,105
2045-03-12,Sunday,1,0,Spring,17.0,0,0,105,87,110
2045-03-13,Monday,0,0,Spring,13.4,0,0,110,83,98
2045-03-14,Tuesday,0,0,Spring,10.9,1,0,98,84,74
2045-03-15,Wednesday,0,0,Spring,11.8,1,0,74,77,76
2045-03-16,Thursday,0,0,Spring,9.7,0,0,76,92,90
2045-03-17,Friday,0,0,Spring,13.1,0,0,90,86,94
2045-03-18,Saturday,1,0,Spring,13.1,0,0,94,105,104
2045-03-19,Sunday,1,0,Spring,12.7,0,0,104,110,104
2045-03-20,Monday,0,0,Spring,9.3,0,0,104,98,90
2045-03-21,Tuesday,0,0,Spring,13.8,1,0,90,74,80
2045-03-22,Wednesday,0,0,Spring,11.6,0,0,80,76,89
2045-03-23,Thursday,0,0,Spring,10.4,0,0,89,90,85
2045-03-24,Friday,0,0,Spring,17.3,0,0,85,94,98
2045-03-25,Saturday,1,0,Spring,20.2,0,0,98,104,90
2045-03-26,Sunday,1,0,Spring,19.7,1,0,90,104,95
2045-03-27,Monday,0,0,Spring,16.0,0,0,95,90,96
2045-03-28,Tuesday,0,0,Spring,13.4,1,0,96,80,92
2045-03-29,Wednesday,0,0,Spring,14.2,0,0,92,89,83
2045-03-30,Thursday,0,0,Spring,15.8,1,0,83,85,87
2045-03-31,Friday,0,0,Spring,13.5,0,0,87,98,101
2045-04-01,Saturday,1,0,Spring,18.8,0,1,101,90,107
2045-04-02,Sunday,1,0,Spring,8.9,0,0,107,95,90
2045-04-03,Monday,0,0,Spring,14.3,0,0,90,96,80
2045-04-04,Tuesday,0,0,Spring,17.8,0,1,80,92,83
2045-04-05,Wednesday,0,0,Spring,13.0,0,0,83,83,89
2045-04-06,Thursday,0,0,Spring,15.0,0,0,89,87,92
2045-04-07,Friday,0,0,Spring,17.7,1,0,92,101,94
2045-04-08,Saturday,1,0,Spring,20.6,1,0,94,107,98
2045-04-09,Sunday,1,0,Spring,12.3,1,0,98,90,102
2045-04-10,Monday,0,0,Spring,12.3,1,0,102,80,85
2045-04-11,Tuesday,0,0,Spring,13.7,1,1,85,83,91
2045-04-12,Wednesday,0,0,Spring,12.1,0,0,91,89,83
2045-04-13,Thursday,0,0,Spring,12.5,1,0,83,92,77
2045-04-14,Friday,0,0,Spring,14.1,0,0,77,94,97
2045-04-15,Saturday,1,0,Spring,20.9,0,0,97,98,107
2045-04-16,Sunday,1,0,Spring,16.4,0,0,107,102,108
2045-04-17,Monday,0,0,Spring,17.6,0,0,108,85,98
2045-04-18,Tuesday,0,0,Spring,14.8,0,0,98,91,100
2045-04-19,Wednesday,0,0,Spring,19.7,0,0,100,83,103
2045-04-20,Thursday,0,0,Spring,23.6,1,0,103,77,87
2045-04-21,Friday,0,0,Spring,15.4,1,0,87,97,91
2045-04-22,Saturday,1,0,Spring,23.4,0,1,91,107,108
2045-04-23,Sunday,1,0,Spring,19.5,0,0,108,108,112
2045-04-24,Monday,0,0,Spring,18.6,0,0,112,98,99
2045-04-25,Tuesday,0,0,Spring,19.9,0,1,99,100,103
2045-04-26,Wednesday,0,0,Spring,20.0,0,0,103,103,100
2045-04-27,Thursday,0,0,Spring,24.5,0,0,100,87,98
2045-04-28,Friday,0,0,Spring,20.6,1,0,98,91,116
2045-04-29,Saturday,1,0,Spring,20.8,0,0,116,108,105
2045-04-30,Sunday,1,0,Spring,18.1,0,0,105,112,109
2045-05-01,Monday,0,1,Spring,22.0,0,0,109,99,98
2045-05-02,Tuesday,0,0,Spring,16.7,0,0,98,103,98
2045-05-03,Wednesday,0,0,Spring,20.1,0,0,98,100,89
2045-05-04,Thursday,0,0,Spring,28.5,0,0,89,98,100
2045-05-05,Friday,0,0,Spring,12.5,1,0,100,116,97
2045-05-06,Saturday,1,0,Spring,20.8,0,1,97,105,124
2045-05-07,Sunday,1,0,Spring,21.0,0,0,124,109,108
2045-05-08,Monday,0,0,Spring,19.7,0,0,108,98,91
2045-05-09,Tuesday,0,0,Spring,19.9,1,0,91,98,83
2045-05-10,Wednesday,0,0,Spring,20.9,0,0,83,89,92
2045-05-11,Thursday,0,0,Spring,19.9,1,0,92,100,96
2045-05-12,Friday,0,0,Spring,21.5,1,1,96,97,105
2045-05-13,Saturday,1,0,Spring,19.4,1,0,105,124,118
2045-05-14,Sunday,1,0,Spring,27.1,1,0,118,108,99
2045-05-15,Monday,0,0,Spring,20.4,0,0,99,91,93
2045-05-16,Tuesday,0,0,Spring,22.9,0,0,93,83,92
2045-05-17,Wednesday,0,0,Spring,19.3,1,0,92,92,91
2045-05-18,Thursday,0,0,Spring,24.2,0,0,91,96,99
2045-05-19,Friday,0,0,Spring,23.7,1,0,99,105,106
2045-05-20,Saturday,1,0,Spring,22.8,1,0,106,118,117
2045-05-21,Sunday,1,0,Spring,18.6,0,0,117,99,125
2045-05-22,Monday,0,0,Spring,19.5,1,0,125,93,108
2045-05-23,Tuesday,0,0,Spring,26.9,0,0,108,92,92
2045-05-24,Wednesday,0,0,Spring,19.6,0,0,92,91,99
2045-05-25,Thursday,0,0,Spring,23.9,0,0,99,99,102
2045-05-26,Friday,0,0,Spring,19.2,0,0,102,106,103
2045-05-27,Saturday,1,0,Spring,25.2,1,0,103,117,103
2045-05-28,Sunday,1,0,Spring,20.1,1,0,103,125,108
2045-05-29,Monday,0,0,Spring,19.4,0,0,108,108,104
2045-05-30,Tuesday,0,0,Spring,20.2,1,0,104,92,100
2045-05-31,Wednesday,0,0,Spring,20.7,0,0,100,99,92
2045-06-01,Thursday,0,0,Summer,23.7,0,0,92,102,100
2045-06-02,Friday,0,0,Summer,22.7,1,0,100,103,102
2045-06-03,Saturday,1,0,Summer,19.3,1,0,102,103,105
2045-06-04,Sunday,1,0,Summer,22.5,0,0,105,108,102
2045-06-05,Monday,0,0,Summer,19.2,0,0,102,104,94
2045-06-06,Tuesday,0,0,Summer,24.6,0,0,94,100,98
2045-06-07,Wednesday,0,0,Summer,25.2,0,0,98,92,105
2045-06-08,Thursday,0,0,Summer,22.7,0,0,105,100,106
2045-06-09,Friday,0,0,Summer,23.6,0,0,106,102,103
2045-06-10,Saturday,1,0,Summer,28.1,0,0,103,105,115
2045-06-11,Sunday,1,0,Summer,22.4,0,0,115,102,107
2045-06-12,Monday,0,0,Summer,20.1,0,1,107,94,114
2045-06-13,Tuesday,0,0,Summer,24.7,0,1,114,98,127
2045-06-14,Wednesday,0,0,Summer,19.5,0,0,127,105,116
2045-06-15,Thursday,0,0,Summer,22.3,0,0,116,106,119
2045-06-16,Friday,0,0,Summer,21.2,0,0,119,103,112
2045-06-17,Saturday,1,0,Summer,20.9,0,1,112,115,130
2045-06-18,Sunday,1,0,Summer,22.2,0,0,130,107,123
2045-06-19,Monday,0,0,Summer,25.7,0,0,123,114,123
2045-06-20,Tuesday,0,0,Summer,26.3,0,0,123,127,117
2045-06-21,Wednesday,0,0,Summer,25.8,1,0,117,116,112
2045-06-22,Thursday,0,0,Summer,24.0,0,0,112,119,108
2045-06-23,Friday,0,0,Summer,22.2,0,0,108,112,119
2045-06-24,Saturday,1,0,Summer,15.9,0,1,119,130,128
2045-06-25,Sunday,1,0,Summer,24.1,0,0,128,123,125
2045-06-26,Monday,0,0,Summer,16.1,0,0,125,123,109
2045-06-27,Tuesday,0,0,Summer,17.2,0,0,109,117,107
2045-06-28,Wednesday,0,0,Summer,22.4,0,0,107,112,114
2045-06-29,Thursday,0,0,Summer,23.7,0,0,114,108,116
2045-06-30,Friday,0,0,Summer,21.5,0,0,116,119,128
2045-07-01,Saturday,1,0,Summer,27.4,1,1,128,128,133
2045-07-02,Sunday,1,0,Summer,24.2,0,0,133,125,131
2045-07-03,Monday,0,0,Summer,22.0,0,0,131,109,125
2045-07-04,Tuesday,0,0,Summer,26.9,0,0,125,107,110
2045-07-05,Wednesday,0,0,Summer,27.4,0,0,110,114,121
2045-07-06,Thursday,0,0,Summer,24.2,0,0,121,116,130
2045-07-07,Friday,0,0,Summer,20.3,0,0,130,128,120
2045-07-08,Saturday,1,0,Summer,20.9,0,1,120,133,153
2045-07-09,Sunday,1,0,Summer,18.1,0,0,153,131,137
2045-07-10,Monday,0,0,Summer,22.3,1,0,137,125,109
2045-07-11,Tuesday,0,0,Summer,19.2,1,0,109,110,96
2045-07-12,Wednesday,0,0,Summer,21.3,0,0,96,121,105
2045-07-13,Thursday,0,0,Summer,23.0,0,0,105,130,113
2045-07-14,Friday,0,0,Summer,16.2,0,0,113,120,111
2045-07-15,Saturday,1,0,Summer,18.3,0,1,111,153,128
2045-07-16,Sunday,1,0,Summer,20.5,1,1,128,137,125
2045-07-17,Monday,0,0,Summer,21.8,0,0,125,109,125
2045-07-18,Tuesday,0,0,Summer,20.4,1,0,125,96,110
2045-07-19,Wednesday,0,0,Summer,21.0,1,0,110,105,112
2045-07-20,Thursday,0,0,Summer,19.6,0,0,112,113,106
2045-07-21,Friday,0,0,Summer,17.3,0,0,106,111,108
2045-07-22,Saturday,1,0,Summer,19.9,0,0,108,128,114
2045-07-23,Sunday,1,0,Summer,20.8,0,0,114,125,117
2045-07-24,Monday,0,0,Summer,20.4,0,0,117,125,122
2045-07-25,Tuesday,0,0,Summer,21.6,0,0,122,110,111
2045-07-26,Wednesday,0,0,Summer,22.4,0,0,111,112,110
2045-07-27,Thursday,0,0,Summer,23.1,0,0,110,106,107
2045-07-28,Friday,0,0,Summer,19.1,1,0,107,108,114
2045-07-29,Saturday,1,0,Summer,16.1,0,1,114,114,122
2045-07-30,Sunday,1,0,Summer,24.6,0,0,122,117,133
2045-07-31,Monday,0,0,Summer,21.8,0,0,133,122,119
2045-08-01,Tuesday,0,0,Summer,17.7,0,0,119,111,128
2045-08-02,Wednesday,0,0,Summer,21.3,1,0,128,110,123
2045-08-03,Thursday,0,0,Summer,23.5,0,0,123,107,118
2045-08-04,Friday,0,0,Summer,25.4,0,0,118,114,122
2045-08-05,Saturday,1,0,Summer,20.8,0,0,122,122,137
2045-08-06,Sunday,1,0,Summer,23.1,1,1,137,133,141
2045-08-07,Monday,0,0,Summer,16.2,0,0,141,119,126
2045-08-08,Tuesday,0,0,Summer,19.6,1,0,126,128,132
2045-08-09,Wednesday,0,0,Summer,18.6,0,0,132,123,124
2045-08-10,Thursday,0,0,Summer,20.5,1,0,124,118,102
2045-08-11,Friday,0,0,Summer,24.1,0,0,102,122,117
2045-08-12,Saturday,1,0,Summer,19.9,1,1,117,137,141
2045-08-13,Sunday,1,0,Summer,16.2,0,0,141,141,138
2045-08-14,Monday,0,0,Summer,15.1,0,1,138,126,121
2045-08-15,Tuesday,0,0,Summer,23.7,0,0,121,132,120
2045-08-16,Wednesday,0,0,Summer,20.2,0,1,120,124,136
2045-08-17,Thursday,0,0,Summer,19.8,0,0,136,102,111
2045-08-18,Friday,0,0,Summer,17.3,0,0,111,117,103
2045-08-19,Saturday,1,0,Summer,19.0,1,0,103,141,114
2045-08-20,Sunday,1,0,Summer,15.1,0,0,114,138,130
2045-08-21,Monday,0,0,Summer,19.0,0,0,130,121,104
2045-08-22,Tuesday,0,0,Summer,14.2,0,0,104,120,107
2045-08-23,Wednesday,0,0,Summer,16.5,0,0,107,136,117
2045-08-24,Thursday,0,0,Summer,15.5,0,0,117,111,113
2045-08-25,Friday,0,0,Summer,7.5,0,0,113,103,98
2045-08-26,Saturday,1,0,Summer,16.1,0,1,98,114,120
2045-08-27,Sunday,1,0,Summer,14.3,1,0,120,130,111
2045-08-28,Monday,0,0,Summer,16.2,0,0,111,104,105
2045-08-29,Tuesday,0,0,Summer,16.6,0,0,105,107,97
2045-08-30,Wednesday,0,0,Summer,21.8,0,0,97,117,108
2045-08-31,Thursday,0,0,Summer,17.2,0,0,108,113,110
2045-09-01,Friday,0,0,Autumn,17.2,1,0,110,98,94
2045-09-02,Saturday,1,0,Autumn,17.5,1,0,94,120,110
2045-09-03,Sunday,1,0,Autumn,18.4,1,0,110,111,107
2045-09-04,Monday,0,0,Autumn,17.0,0,0,107,105,102
2045-09-05,Tuesday,0,0,Autumn,16.3,0,0,102,97,97
2045-09-06,Wednesday,0,0,Autumn,17.5,0,0,97,108,105
2045-09-07,Thursday,0,0,Autumn,7.9,0,0,105,110,105
2045-09-08,Friday,0,0,Autumn,21.3,0,0,105,94,107
2045-09-09,Saturday,1,0,Autumn,19.6,0,1,107,110,107
2045-09-10,Sunday,1,0,Autumn,15.3,0,0,107,107,104
2045-09-11,Monday,0,0,Autumn,10.2,0,0,104,102,76
2045-09-12,Tuesday,0,0,Autumn,17.9,0,0,76,97,75
2045-09-13,Wednesday,0,0,Autumn,12.1,0,0,75,105,93
2045-09-14,Thursday,0,0,Autumn,15.6,1,0,93,105,90
2045-09-15,Friday,0,0,Autumn,9.9,0,0,90,107,104
2045-09-16,Saturday,1,0,Autumn,20.3,1,0,104,107,102
2045-09-17,Sunday,1,0,Autumn,9.1,1,0,102,104,96
2045-09-18,Monday,0,0,Autumn,13.5,1,0,96,76,82
2045-09-19,Tuesday,0,0,Autumn,6.7,1,0,82,75,83
2045-09-20,Wednesday,0,0,Autumn,12.8,1,0,83,93,89
2045-09-21,Thursday,0,0,Autumn,11.5,0,0,89,90,85
2045-09-22,Friday,0,0,Autumn,16.0,0,0,85,104,92
2045-09-23,Saturday,1,0,Autumn,11.1,1,0,92,102,98
2045-09-24,Sunday,1,0,Autumn,15.7,1,0,98,96,113
2045-09-25,Monday,0,0,Autumn,9.0,0,0,113,82,92
2045-09-26,Tuesday,0,0,Autumn,11.1,1,0,92,83,76
2045-09-27,Wednesday,0,0,Autumn,10.9,1,0,76,89,71
2045-09-28,Thursday,0,0,Autumn,13.1,1,0,71,85,75
2045-09-29,Friday,0,0,Autumn,12.5,0,0,75,92,88
2045-09-30,Saturday,1,0,Autumn,13.4,0,0,88,98,91
2045-10-01,Sunday,1,0,Autumn,11.9,0,0,91,113,106
2045-10-02,Monday,0,0,Autumn,12.9,0,0,106,92,89
2045-10-03,Tuesday,0,0,Autumn,8.0,0,0,89,76,89
2045-10-04,Wednesday,0,0,Autumn,11.7,0,0,89,71,83
2045-10-05,Thursday,0,0,Autumn,15.2,1,0,83,75,78
2045-10-06,Friday,0,0,Autumn,5.2,0,0,78,88,63
2045-10-07,Saturday,1,0,Autumn,11.5,0,0,63,91,81
2045-10-08,Sunday,1,0,Autumn,11.9,0,0,81,106,93
2045-10-09,Monday,0,0,Autumn,14.1,1,0,93,89,84
2045-10-10,Tuesday,0,0,Autumn,11.7,1,1,84,89,92
2045-10-11,Wednesday,0,0,Autumn,9.7,1,0,92,83,79
2045-10-12,Thursday,0,0,Autumn,10.5,0,0,79,78,85
2045-10-13,Friday,0,0,Autumn,6.9,0,0,85,63,74
2045-10-14,Saturday,1,0,Autumn,7.8,0,0,74,81,92
2045-10-15,Sunday,1,0,Autumn,4.8,1,0,92,93,95
2045-10-16,Monday,0,0,Autumn,13.1,1,0,95,84,85
2045-10-17,Tuesday,0,0,Autumn,9.8,0,0,85,92,89
2045-10-18,Wednesday,0,0,Autumn,5.6,0,0,89,79,79
2045-10-19,Thursday,0,0,Autumn,9.0,0,0,79,85,81
2045-10-20,Friday,0,0,Autumn,11.5,0,0,81,74,82
2045-10-21,Saturday,1,0,Autumn,10.8,1,0,82,92,98
2045-10-22,Sunday,1,0,Autumn,4.9,0,0,98,95,96
2045-10-23,Monday,0,0,Autumn,-1.8,1,0,96,85,72
2045-10-24,Tuesday,0,0,Autumn,8.6,0,0,72,89,76
2045-10-25,Wednesday,0,0,Autumn,4.6,0,0,76,79,72
2045-10-26,Thursday,0,0,Autumn,9.0,0,0,72,81,79
2045-10-27,Friday,0,0,Autumn,9.9,1,0,79,82,80
2045-10-28,Saturday,1,0,Autumn,10.2,1,0,80,98,80
2045-10-29,Sunday,1,0,Autumn,12.0,1,0,80,96,79
2045-10-30,Monday,0,0,Autumn,10.3,0,0,79,72,72
2045-10-31,Tuesday,0,0,Autumn,11.7,0,0,72,76,84
2045-11-01,Wednesday,0,0,Autumn,10.5,1,0,84,72,63
2045-11-02,Thursday,0,0,Autumn,10.6,1,0,63,79,73
2045-11-03,Friday,0,0,Autumn,6.0,0,0,73,80,91
2045-11-04,Saturday,1,0,Autumn,2.1,0,0,91,80,97
2045-11-05,Sunday,1,0,Autumn,13.3,0,0,97,79,94
2045-11-06,Monday,0,0,Autumn,5.9,1,0,94,72,75
2045-11-07,Tuesday,0,0,Autumn,9.3,0,0,75,84,82
2045-11-08,Wednesday,0,0,Autumn,3.8,0,0,82,63,84
2045-11-09,Thursday,0,0,Autumn,8.3,0,0,84,73,86
2045-11-10,Friday,0,0,Autumn,-2.1,1,0,86,91,83
2045-11-11,Saturday,1,0,Autumn,3.9,0,0,83,97,100
2045-11-12,Sunday,1,0,Autumn,4.8,0,0,100,94,97
2045-11-13,Monday,0,0,Autumn,6.3,0,0,97,75,83
2045-11-14,Tuesday,0,0,Autumn,8.1,0,0,83,82,84
2045-11-15,Wednesday,0,0,Autumn,1.5,0,0,84,84,75
2045-11-16,Thursday,0,0,Autumn,6.6,0,0,75,86,101
2045-11-17,Friday,0,0,Autumn,8.2,0,1,101,83,103
2045-11-18,Saturday,1,0,Autumn,11.5,0,0,103,100,104
2045-11-19,Sunday,1,0,Autumn,6.5,0,0,104,97,105
2045-11-20,Monday,0,0,Autumn,2.9,0,0,105,83,94
2045-11-21,Tuesday,0,0,Autumn,0.4,1,0,94,84,74
2045-11-22,Wednesday,0,0,Autumn,9.6,1,0,74,75,60
2045-11-23,Thursday,0,0,Autumn,6.3,0,0,60,101,75
2045-11-24,Friday,0,0,Autumn,3.9,1,0,75,103,85
2045-11-25,Saturday,1,0,Autumn,-1.0,0,0,85,104,87
2045-11-26,Sunday,1,0,Autumn,1.0,1,0,87,105,88
2045-11-27,Monday,0,0,Autumn,5.7,0,0,88,94,82
2045-11-28,Tuesday,0,0,Autumn,4.8,0,0,82,74,64
2045-11-29,Wednesday,0,0,Autumn,-2.2,0,0,64,60,66
2045-11-30,Thursday,0,0,Autumn,5.5,0,0,66,75,79
2045-12-01,Friday,0,0,Winter,-1.2,0,0,79,85,80
2045-12-02,Saturday,1,0,Winter,7.5,0,0,80,87,90
2045-12-03,Sunday,1,0,Winter,4.0,1,1,90,88,87
2045-12-04,Monday,0,0,Winter,2.0,0,0,87,82,75
2045-12-05,Tuesday,0,0,Winter,6.3,0,0,75,64,73
2045-12-06,Wednesday,0,0,Winter,4.3,1,0,73,66,56
2045-12-07,Thursday,0,0,Winter,7.2,0,0,56,79,61
2045-12-08,Friday,0,0,Winter,3.5,0,0,61,80,62
2045-12-09,Saturday,1,0,Winter,3.6,0,0,62,90,90
2045-12-10,Sunday,1,0,Winter,2.3,0,0,90,87,85
2045-12-11,Monday,0,0,Winter,3.9,1,0,85,75,81
2045-12-12,Tuesday,0,0,Winter,8.2,0,0,81,73,74
2045-12-13,Wednesday,0,0,Winter,1.6,0,0,74,56,78
2045-12-14,Thursday,0,0,Winter,5.0,1,0,78,61,77
2045-12-15,Friday,0,0,Winter,0.4,1,0,77,62,64
2045-12-16,Saturday,1,0,Winter,-3.2,1,0,64,90,74
2045-12-17,Sunday,1,0,Winter,3.6,0,0,74,85,72
2045-12-18,Monday,0,0,Winter,4.1,0,0,72,81,75
2045-12-19,Tuesday,0,0,Winter,2.7,1,0,75,74,74
2045-12-20,Wednesday,0,0,Winter,-1.5,0,0,74,78,83
2045-12-21,Thursday,0,0,Winter,3.9,1,0,83,77,85
2045-12-22,Friday,0,0,Winter,3.8,1,0,85,64,78
2045-12-23,Saturday,1,0,Winter,0.3,1,0,78,74,79
2045-12-24,Sunday,1,1,Winter,-1.0,0,0,79,72,80
2045-12-25,Monday,0,1,Winter,2.3,1,0,80,75,87
2045-12-26,Tuesday,0,1,Winter,5.0,1,0,87,74,73
2045-12-27,Wednesday,0,0,Winter,4.3,1,1,73,83,70
2045-12-28,Thursday,0,0,Winter,0.5,1,0,70,85,62
2045-12-29,Friday,0,0,Winter,3.5,1,0,62,78,76
2045-12-30,Saturday,1,0,Winter,5.8,0,0,76,79,90
2045-12-31,Sunday,1,1,Winter,-0.3,1,0,90,80,89
2046-01-01,Monday,0,1,Winter,3.4,1,0,89,87,84
2046-01-02,Tuesday,0,0,Winter,7.3,1,0,84,73,64
2046-01-03,Wednesday,0,0,Winter,-0.5,1,0,64,70,62
2046-01-04,Thursday,0,0,Winter,6.8,1,0,62,62,71
2046-01-05,Friday,0,0,Winter,8.2,1,0,71,76,66
2046-01-06,Saturday,1,0,Winter,2.8,0,0,66,90,72
2046-01-07,Sunday,1,0,Winter,2.5,1,0,72,89,78
2046-01-08,Monday,0,0,Winter,6.6,0,0,78,84,80
2046-01-09,Tuesday,0,0,Winter,3.0,1,0,80,64,72
2046-01-10,Wednesday,0,0,Winter,-3.4,0,0,72,62,72
2046-01-11,Thursday,0,0,Winter,3.4,0,1,72,71,80
2046-01-12,Friday,0,0,Winter,5.2,0,0,80,66,65
2046-01-13,Saturday,1,0,Winter,6.1,1,0,65,72,76
2046-01-14,Sunday,1,0,Winter,1.3,1,0,76,78,82
2046-01-15,Monday,0,0,Winter,3.2,1,0,82,80,66
2046-01-16,Tuesday,0,0,Winter,7.0,0,0,66,72,66
2046-01-17,Wednesday,0,0,Winter,4.0,0,0,66,72,52
2046-01-18,Thursday,0,0,Winter,-0.3,1,0,52,80,58
2046-01-19,Friday,0,0,Winter,8.0,1,1,58,65,84
2046-01-20,Saturday,1,0,Winter,3.8,1,0,84,76,78
2046-01-21,Sunday,1,0,Winter,7.8,0,0,78,82,75
2046-01-22,Monday,0,0,Winter,0.4,0,0,75,66,79
2046-01-23,Tuesday,0,0,Winter,4.3,1,0,79,66,71
2046-01-24,Wednesday,0,0,Winter,6.3,0,0,71,52,68
2046-01-25,Thursday,0,0,Winter,4.6,1,1,68,58,72
2046-01-26,Friday,0,0,Winter,1.4,1,0,72,84,69
2046-01-27,Saturday,1,0,Winter,-2.1,1,0,69,78,71
2046-01-28,Sunday,1,0,Winter,9.8,0,0,71,75,90
2046-01-29,Monday,0,0,Winter,6.1,0,0,90,79,74
2046-01-30,Tuesday,0,0,Winter,8.9,1,0,74,71,78
2046-01-31,Wednesday,0,0,Winter,8.3,1,0,78,68,72
2046-02-01,Thursday,0,0,Winter,7.4,0,0,72,72,76
2046-02-02,Friday,0,0,Winter,4.8,0,0,76,69,64
2046-02-03,Saturday,1,0,Winter,7.4,1,0,64,71,76
2046-02-04,Sunday,1,0,Winter,10.3,0,0,76,90,84
2046-02-05,Monday,0,0,Winter,6.4,0,0,84,74,63
2046-02-06,Tuesday,0,0,Winter,12.0,1,0,63,78,67
2046-02-07,Wednesday,0,0,Winter,1.9,0,0,67,72,64
2046-02-08,Thursday,0,0,Winter,1.7,0,0,64,76,70
2046-02-09,Friday,0,0,Winter,9.6,0,0,70,64,68
2046-02-10,Saturday,1,0,Winter,4.3,0,0,68,76,71
2046-02-11,Sunday,1,0,Winter,13.0,0,0,71,84,83
2046-02-12,Monday,0,0,Winter,11.1,0,0,83,63,70
2046-02-13,Tuesday,0,0,Winter,12.0,0,0,70,67,67
2046-02-14,Wednesday,0,0,Winter,10.0,0,0,67,64,59
2046-02-15,Thursday,0,0,Winter,4.7,0,0,59,70,65
2046-02-16,Friday,0,0,Winter,2.6,1,0,65,68,71
2046-02-17,Saturday,1,0,Winter,12.3,1,1,71,71,87
2046-02-18,Sunday,1,0,Winter,3.4,1,0,87,83,79
2046-02-19,Monday,0,0,Winter,12.8,0,0,79,70,62
2046-02-20,Tuesday,0,0,Winter,10.2,0,0,62,67,59
2046-02-21,Wednesday,0,0,Winter,8.1,1,0,59,59,54
2046-02-22,Thursday,0,0,Winter,9.8,0,1,54,65,78
2046-02-23,Friday,0,0,Winter,10.1,1,0,78,71,82
2046-02-24,Saturday,1,0,Winter,8.2,1,0,82,87,88
2046-02-25,Sunday,1,0,Winter,13.3,0,0,88,79,86
2046-02-26,Monday,0,0,Winter,13.3,0,0,86,62,84
2046-02-27,Tuesday,0,0,Winter,9.8,1,0,84,59,74
2046-02-28,Wednesday,0,0,Winter,7.7,0,0,74,54,53
2046-03-01,Thursday,0,0,Spring,13.5,1,0,53,78,80
2046-03-02,Friday,0,0,Spring,3.7,1,0,80,82,79
2046-03-03,Saturday,1,0,Spring,11.3,0,1,79,88,106
2046-03-04,Sunday,1,0,Spring,12.3,0,0,106,86,104
2046-03-05,Monday,0,0,Spring,7.8,0,0,104,84,81
2046-03-06,Tuesday,0,0,Spring,13.4,0,0,81,74,77
2046-03-07,Wednesday,0,0,Spring,10.5,0,0,77,53,59
2046-03-08,Thursday,0,0,Spring,9.1,0,1,59,80,75
2046-03-09,Friday,0,0,Spring,13.8,1,0,75,79,83
2046-03-10,Saturday,1,0,Spring,7.9,1,0,83,106,94
2046-03-11,Sunday,1,0,Spring,13.9,0,0,94,104,96
2046-03-12,Monday,0,0,Spring,5.5,1,0,96,81,79
2046-03-13,Tuesday,0,0,Spring,12.5,1,0,79,77,77
2046-03-14,Wednesday,0,0,Spring,11.9,1,0,77,59,76
2046-03-15,Thursday,0,0,Spring,10.4,0,0,76,75,76
2046-03-16,Friday,0,0,Spring,13.3,0,0,76,83,85
2046-03-17,Saturday,1,0,Spring,12.1,0,0,85,94,88
2046-03-18,Sunday,1,0,Spring,15.6,0,0,88,96,88
2046-03-19,Monday,0,0,Spring,14.3,0,0,88,79,92
2046-03-20,Tuesday,0,0,Spring,14.2,0,0,92,77,97
2046-03-21,Wednesday,0,0,Spring,13.9,1,0,97,76,87
2046-03-22,Thursday,0,0,Spring,11.8,1,0,87,76,80
2046-03-23,Friday,0,0,Spring,12.4,0,0,80,85,85
2046-03-24,Saturday,1,0,Spring,14.3,0,1,85,88,112
2046-03-25,Sunday,1,0,Spring,13.2,0,0,112,88,77
2046-03-26,Monday,0,0,Spring,17.2,1,0,77,92,96
2046-03-27,Tuesday,0,0,Spring,14.3,0,0,96,97,94
2046-03-28,Wednesday,0,0,Spring,15.3,1,0,94,87,70
2046-03-29,Thursday,0,0,Spring,10.2,1,0,70,80,93
2046-03-30,Friday,0,0,Spring,17.4,0,0,93,85,79
2046-03-31,Saturday,1,0,Spring,13.0,1,1,79,112,88
2046-04-01,Sunday,1,0,Spring,11.8,0,0,88,77,83
2046-04-02,Monday,0,0,Spring,20.0,0,0,83,96,88
2046-04-03,Tuesday,0,0,Spring,17.3,1,0,88,94,96
2046-04-04,Wednesday,0,0,Spring,18.3,0,0,96,70,86
2046-04-05,Thursday,0,0,Spring,16.9,0,0,86,93,87
2046-04-06,Friday,0,0,Spring,15.4,0,0,87,79,89
2046-04-07,Saturday,1,0,Spring,15.0,0,0,89,88,96
2046-04-08,Sunday,1,0,Spring,18.4,0,0,96,83,108
2046-04-09,Monday,0,0,Spring,19.6,0,0,108,88,105
2046-04-10,Tuesday,0,0,Spring,16.2,0,0,105,96,94
2046-04-11,Wednesday,0,0,Spring,22.8,0,0,94,86,92
2046-04-12,Thursday,0,0,Spring,16.1,0,1,92,87,88
2046-04-13,Friday,0,0,Spring,12.7,0,0,88,89,97
2046-04-14,Saturday,1,0,Spring,11.8,0,0,97,96,102
2046-04-15,Sunday,1,0,Spring,12.1,1,0,102,108,104
2046-04-16,Monday,0,0,Spring,16.1,0,0,104,105,104
2046-04-17,Tuesday,0,0,Spring,16.8,0,0,104,94,108
2046-04-18,Wednesday,0,0,Spring,19.7,1,0,108,92,95
2046-04-19,Thursday,0,0,Spring,17.7,0,0,95,88,96
2046-04-20,Friday,0,0,Spring,20.5,0,0,96,97,113
2046-04-21,Saturday,1,0,Spring,18.2,0,0,113,102,113
2046-04-22,Sunday,1,0,Spring,18.3,0,0,113,104,111
2046-04-23,Monday,0,0,Spring,16.6,0,0,111,104,121
2046-04-24,Tuesday,0,0,Spring,22.8,1,0,121,108,108
2046-04-25,Wednesday,0,0,Spring,14.1,0,0,108,95,112
2046-04-26,Thursday,0,0,Spring,19.7,1,0,112,96,99
2046-04-27,Friday,0,0,Spring,18.4,1,0,99,113,101
2046-04-28,Saturday,1,0,Spring,21.4,0,0,101,113,99
2046-04-29,Sunday,1,0,Spring,19.2,1,0,99,111,108
2046-04-30,Monday,0,0,Spring,19.4,0,0,108,121,112
2046-05-01,Tuesday,0,1,Spring,18.7,1,0,112,108,109
2046-05-02,Wednesday,0,0,Spring,23.8,1,0,109,112,109
2046-05-03,Thursday,0,0,Spring,19.7,0,0,109,99,112
2046-05-04,Friday,0,0,Spring,25.8,0,0,112,101,102
2046-05-05,Saturday,1,0,Spring,20.8,0,0,102,99,110
2046-05-06,Sunday,1,0,Spring,20.2,1,1,110,108,128
2046-05-07,Monday,0,0,Spring,19.8,0,0,128,112,111
2046-05-08,Tuesday,0,0,Spring,22.0,1,0,111,109,94
2046-05-09,Wednesday,0,0,Spring,18.7,0,0,94,109,107
2046-05-10,Thursday,0,0,Spring,21.0,1,0,107,112,107
2046-05-11,Friday,0,0,Spring,20.7,0,0,107,102,108
2046-05-12,Saturday,1,0,Spring,21.8,0,0,108,110,113
2046-05-13,Sunday,1,0,Spring,22.0,0,0,113,128,126
2046-05-14,Monday,0,0,Spring,22.2,1,1,126,111,114
2046-05-15,Tuesday,0,0,Spring,21.4,1,0,114,94,111
2046-05-16,Wednesday,0,0,Spring,25.9,0,0,111,107,110
2046-05-17,Thursday,0,0,Spring,22.6,1,0,110,107,113
2046-05-18,Friday,0,0,Spring,29.2,0,1,113,108,130
2046-05-19,Saturday,1,0,Spring,21.6,0,1,130,113,125
2046-05-20,Sunday,1,0,Spring,24.5,0,0,125,126,129
2046-05-21,Monday,0,0,Spring,19.5,0,0,129,114,112
2046-05-22,Tuesday,0,0,Spring,26.0,0,0,112,111,114
2046-05-23,Wednesday,0,0,Spring,19.7,0,0,114,110,108
2046-05-24,Thursday,0,0,Spring,23.3,0,0,108,113,97
2046-05-25,Friday,0,0,Spring,21.2,0,0,97,130,118
2046-05-26,Saturday,1,0,Spring,23.4,0,0,118,125,109
2046-05-27,Sunday,1,0,Spring,21.4,0,0,109,129,119
2046-05-28,Monday,0,0,Spring,19.8,0,0,119,112,123
2046-05-29,Tuesday,0,0,Spring,21.5,0,0,123,114,123
2046-05-30,Wednesday,0,0,Spring,27.0,0,0,123,108,118
2046-05-31,Thursday,0,0,Spring,23.8,0,0,118,97,107
2046-06-01,Friday,0,0,Summer,18.6,0,1,107,118,121
2046-06-02,Saturday,1,0,Summer,25.8,0,0,121,109,132
2046-06-03,Sunday,1,0,Summer,19.9,0,0,132,119,121
2046-06-04,Monday,0,0,Summer,24.8,1,0,121,123,117
2046-06-05,Tuesday,0,0,Summer,24.3,0,0,117,123,111
2046-06-06,Wednesday,0,0,Summer,24.5,0,0,111,118,112
2046-06-07,Thursday,0,0,Summer,28.3,1,0,112,107,108
2046-06-08,Friday,0,0,Summer,20.3,0,0,108,121,119
2046-06-09,Saturday,1,0,Summer,24.6,0,0,119,132,134
2046-06-10,Sunday,1,0,Summer,26.6,0,0,134,121,146
2046-06-11,Monday,0,0,Summer,20.9,0,0,146,117,125
2046-06-12,Tuesday,0,0,Summer,20.7,1,0,125,111,114
2046-06-13,Wednesday,0,0,Summer,22.1,0,0,114,112,121
2046-06-14,Thursday,0,0,Summer,23.9,0,0,121,108,117
2046-06-15,Friday,0,0,Summer,18.7,0,0,117,119,120
2046-06-16,Saturday,1,0,Summer,24.6,0,1,120,134,143
2046-06-17,Sunday,1,0,Summer,18.8,0,0,143,146,134
2046-06-18,Monday,0,0,Summer,26.9,0,0,134,125,126
2046-06-19,Tuesday,0,0,Summer,24.5,1,0,126,114,109
2046-06-20,Wednesday,0,0,Summer,28.7,0,0,109,121,113
2046-06-21,Thursday,0,0,Summer,25.0,0,0,113,117,132
2046-06-22,Friday,0,0,Summer,22.1,0,0,132,120,127
2046-06-23,Saturday,1,0,Summer,20.6,0,0,127,143,137
2046-06-24,Sunday,1,0,Summer,23.7,0,1,137,134,124
2046-06-25,Monday,0,0,Summer,22.9,0,0,124,126,122
2046-06-26,Tuesday,0,0,Summer,26.5,0,0,122,109,130
2046-06-27,Wednesday,0,0,Summer,20.1,0,0,130,113,113
2046-06-28,Thursday,0,0,Summer,29.0,0,0,113,132,130
2046-06-29,Friday,0,0,Summer,26.7,0,0,130,127,126
2046-06-30,Saturday,1,0,Summer,22.3,0,0,126,137,122
2046-07-01,Sunday,1,0,Summer,28.2,0,1,122,124,132
2046-07-02,Monday,0,0,Summer,20.4,1,0,132,122,112
2046-07-03,Tuesday,0,0,Summer,23.4,0,0,112,130,117
2046-07-04,Wednesday,0,0,Summer,18.9,0,0,117,113,111
2046-07-05,Thursday,0,0,Summer,28.2,0,0,111,130,114
2046-07-06,Friday,0,0,Summer,17.7,0,0,114,126,123
2046-07-07,Saturday,1,0,Summer,18.3,0,0,123,122,135
2046-07-08,Sunday,1,0,Summer,20.6,0,0,135,132,137
2046-07-09,Monday,0,0,Summer,26.5,0,0,137,112,124
2046-07-10,Tuesday,0,0,Summer,25.3,0,0,124,117,118
2046-07-11,Wednesday,0,0,Summer,22.7,0,0,118,111,118
2046-07-12,Thursday,0,0,Summer,25.4,0,0,118,114,115
2046-07-13,Friday,0,0,Summer,21.9,1,0,115,123,123
2046-07-14,Saturday,1,0,Summer,23.4,1,1,123,135,127
2046-07-15,Sunday,1,0,Summer,27.1,0,0,127,137,121
2046-07-16,Monday,0,0,Summer,21.3,0,0,121,124,121
2046-07-17,Tuesday,0,0,Summer,19.7,0,0,121,118,108
2046-07-18,Wednesday,0,0,Summer,23.3,0,0,108,118,107
2046-07-19,Thursday,0,0,Summer,24.0,0,0,107,115,106
2046-07-20,Friday,0,0,Summer,22.1,0,0,106,123,121
2046-07-21,Saturday,1,0,Summer,24.6,1,0,121,127,121
2046-07-22,Sunday,1,0,Summer,20.9,0,0,121,121,133
2046-07-23,Monday,0,0,Summer,21.8,0,0,133,121,127
2046-07-24,Tuesday,0,0,Summer,22.5,0,0,127,108,118
2046-07-25,Wednesday,0,0,Summer,22.1,1,0,118,107,121
2046-07-26,Thursday,0,0,Summer,26.0,0,1,121,106,119
2046-07-27,Friday,0,0,Summer,22.2,0,0,119,121,123
2046-07-28,Saturday,1,0,Summer,20.1,0,0,123,121,111
2046-07-29,Sunday,1,0,Summer,22.4,0,0,111,133,119
2046-07-30,Monday,0,0,Summer,23.8,0,0,119,127,108
2046-07-31,Tuesday,0,0,Summer,23.0,1,0,108,118,114
2046-08-01,Wednesday,0,0,Summer,22.7,0,0,114,121,124
2046-08-02,Thursday,0,0,Summer,15.9,0,1,124,119,124
2046-08-03,Friday,0,0,Summer,12.8,0,0,124,123,137
2046-08-04,Saturday,1,0,Summer,24.0,0,0,137,111,126
2046-08-05,Sunday,1,0,Summer,21.4,1,0,126,119,113
2046-08-06,Monday,0,0,Summer,19.9,0,1,113,108,112
2046-08-07,Tuesday,0,0,Summer,21.9,1,1,112,114,118
2046-08-08,Wednesday,0,0,Summer,25.5,0,0,118,124,126
2046-08-09,Thursday,0,0,Summer,23.8,1,0,126,124,126
2046-08-10,Friday,0,0,Summer,22.3,0,1,126,137,135
2046-08-11,Saturday,1,0,Summer,16.6,1,0,135,126,137
2046-08-12,Sunday,1,0,Summer,16.9,0,1,137,113,130
2046-08-13,Monday,0,0,Summer,11.9,0,0,130,112,133
2046-08-14,Tuesday,0,0,Summer,20.8,0,0,133,118,129
2046-08-15,Wednesday,0,0,Summer,22.1,0,0,129,126,109
2046-08-16,Thursday,0,0,Summer,22.2,0,0,109,126,113
2046-08-17,Friday,0,0,Summer,20.5,0,0,113,135,117
2046-08-18,Saturday,1,0,Summer,17.9,1,1,117,137,147
2046-08-19,Sunday,1,0,Summer,16.5,0,0,147,130,129
2046-08-20,Monday,0,0,Summer,15.6,0,0,129,133,104
2046-08-21,Tuesday,0,0,Summer,17.4,0,0,104,129,117
2046-08-22,Wednesday,0,0,Summer,14.8,0,0,117,109,90
2046-08-23,Thursday,0,0,Summer,22.8,0,0,90,113,102
2046-08-24,Friday,0,0,Summer,13.5,1,0,102,117,112
2046-08-25,Saturday,1,0,Summer,16.7,0,0,112,147,125
2046-08-26,Sunday,1,0,Summer,11.3,0,0,125,129,133
2046-08-27,Monday,0,0,Summer,17.8,0,0,133,104,118
2046-08-28,Tuesday,0,0,Summer,16.8,0,0,118,117,106
2046-08-29,Wednesday,0,0,Summer,15.6,0,0,106,90,102
2046-08-30,Thursday,0,0,Summer,13.7,1,1,102,102,119
2046-08-31,Friday,0,0,Summer,16.3,0,1,119,112,126
2046-09-01,Saturday,1,0,Autumn,14.5,0,0,126,125,127
2046-09-02,Sunday,1,0,Autumn,15.6,0,0,127,133,127
2046-09-03,Monday,0,0,Autumn,21.7,0,0,127,118,109
2046-09-04,Tuesday,0,0,Autumn,16.2,0,0,109,106,90
2046-09-05,Wednesday,0,0,Autumn,17.1,1,1,90,102,101
2046-09-06,Thursday,0,0,Autumn,13.9,0,0,101,119,114
2046-09-07,Friday,0,0,Autumn,12.8,1,1,114,126,123
2046-09-08,Saturday,1,0,Autumn,14.9,0,0,123,127,114
2046-09-09,Sunday,1,0,Autumn,22.3,1,0,114,127,119
2046-09-10,Monday,0,0,Autumn,13.8,1,0,119,109,108
2046-09-11,Tuesday,0,0,Autumn,15.6,1,0,108,90,102
2046-09-12,Wednesday,0,0,Autumn,11.8,0,0,102,101,101
2046-09-13,Thursday,0,0,Autumn,5.9,0,0,101,114,101
2046-09-14,Friday,0,0,Autumn,11.6,0,0,101,123,102
2046-09-15,Saturday,1,0,Autumn,20.9,0,0,102,114,111
2046-09-16,Sunday,1,0,Autumn,15.4,0,0,111,119,119
2046-09-17,Monday,0,0,Autumn,18.4,1,0,119,108,98
2046-09-18,Tuesday,0,0,Autumn,12.2,0,0,98,102,88
2046-09-19,Wednesday,0,0,Autumn,6.0,0,0,88,101,93
2046-09-20,Thursday,0,0,Autumn,9.6,0,0,93,101,96
2046-09-21,Friday,0,0,Autumn,14.0,1,0,96,102,107
2046-09-22,Saturday,1,0,Autumn,13.3,0,0,107,111,117
2046-09-23,Sunday,1,0,Autumn,12.4,0,0,117,119,110
2046-09-24,Monday,0,0,Autumn,10.7,0,0,110,98,107
2046-09-25,Tuesday,0,0,Autumn,14.9,1,0,107,88,94
2046-09-26,Wednesday,0,0,Autumn,10.4,0,0,94,93,95
2046-09-27,Thursday,0,0,Autumn,12.7,1,0,95,96,89
2046-09-28,Friday,0,0,Autumn,12.2,0,0,89,107,101
2046-09-29,Saturday,1,0,Autumn,10.3,1,1,101,117,109
2046-09-30,Sunday,1,0,Autumn,8.6,1,0,109,110,88
2046-10-01,Monday,0,0,Autumn,9.8,1,0,88,107,98
2046-10-02,Tuesday,0,0,Autumn,16.5,0,0,98,94,88
2046-10-03,Wednesday,0,0,Autumn,14.1,0,0,88,95,86
2046-10-04,Thursday,0,0,Autumn,13.6,0,0,86,89,84
2046-10-05,Friday,0,0,Autumn,8.0,0,0,84,101,104
2046-10-06,Saturday,1,0,Autumn,5.9,0,0,104,109,109
2046-10-07,Sunday,1,0,Autumn,13.3,1,0,109,88,103
2046-10-08,Monday,0,0,Autumn,12.6,0,0,103,98,101
2046-10-09,Tuesday,0,0,Autumn,10.1,1,0,101,88,93
2046-10-10,Wednesday,0,0,Autumn,8.5,1,0,93,86,85
2046-10-11,Thursday,0,0,Autumn,5.0,1,0,85,84,81
2046-10-12,Friday,0,0,Autumn,11.8,1,0,81,104,100
2046-10-13,Saturday,1,0,Autumn,12.6,0,1,100,109,106
2046-10-14,Sunday,1,0,Autumn,6.9,0,0,106,103,96
2046-10-15,Monday,0,0,Autumn,6.5,0,0,96,101,94
2046-10-16,Tuesday,0,0,Autumn,12.3,1,0,94,93,89
2046-10-17,Wednesday,0,0,Autumn,6.5,0,0,89,85,81
2046-10-18,Thursday,0,0,Autumn,13.6,0,0,81,81,101
2046-10-19,Friday,0,0,Autumn,7.8,1,1,101,100,95
2046-10-20,Saturday,1,0,Autumn,6.8,0,0,95,106,102
2046-10-21,Sunday,1,0,Autumn,8.0,1,0,102,96,98
2046-10-22,Monday,0,0,Autumn,6.6,1,0,98,94,82
2046-10-23,Tuesday,0,0,Autumn,10.9,0,0,82,89,78
2046-10-24,Wednesday,0,0,Autumn,10.1,0,0,78,81,77
2046-10-25,Thursday,0,0,Autumn,10.5,0,0,77,101,98
2046-10-26,Friday,0,0,Autumn,7.7,0,0,98,95,93
2046-10-27,Saturday,1,0,Autumn,5.6,1,0,93,102,98
2046-10-28,Sunday,1,0,Autumn,6.8,0,0,98,98,93
2046-10-29,Monday,0,0,Autumn,5.5,1,0,93,82,84
2046-10-30,Tuesday,0,0,Autumn,11.0,1,0,84,78,85
2046-10-31,Wednesday,0,0,Autumn,9.5,1,0,85,77,76
2046-11-01,Thursday,0,0,Autumn,6.1,0,0,76,98,88
2046-11-02,Friday,0,0,Autumn,3.4,0,0,88,93,88
2046-11-03,Saturday,1,0,Autumn,10.7,0,0,88,98,98
2046-11-04,Sunday,1,0,Autumn,6.4,0,0,98,93,98
2046-11-05,Monday,0,0,Autumn,5.5,0,1,98,84,95
2046-11-06,Tuesday,0,0,Autumn,10.4,0,0,95,85,89
2046-11-07,Wednesday,0,0,Autumn,4.1,1,0,89,76,67
2046-11-08,Thursday,0,0,Autumn,4.5,0,0,67,88,67
2046-11-09,Friday,0,0,Autumn,4.7,0,0,67,88,67
2046-11-10,Saturday,1,0,Autumn,1.3,1,0,67,98,71
2046-11-11,Sunday,1,0,Autumn,6.1,0,0,71,98,88
2046-11-12,Monday,0,0,Autumn,2.8,0,0,88,95,80
2046-11-13,Tuesday,0,0,Autumn,3.2,0,0,80,89,74
2046-11-14,Wednesday,0,0,Autumn,2.7,0,0,74,67,83
2046-11-15,Thursday,0,0,Autumn,3.0,0,0,83,67,85
2046-11-16,Friday,0,0,Autumn,2.1,0,0,85,67,69
2046-11-17,Saturday,1,0,Autumn,5.3,0,0,69,71,73
2046-11-18,Sunday,1,0,Autumn,4.0,0,1,73,88,83
2046-11-19,Monday,0,0,Autumn,4.5,0,0,83,80,77
2046-11-20,Tuesday,0,0,Autumn,11.4,1,0,77,74,64
2046-11-21,Wednesday,0,0,Autumn,3.7,1,1,64,83,70
2046-11-22,Thursday,0,0,Autumn,5.9,0,0,70,85,80
2046-11-23,Friday,0,0,Autumn,6.2,1,0,80,69,76
2046-11-24,Saturday,1,0,Autumn,3.8,1,1,76,73,77
2046-11-25,Sunday,1,0,Autumn,4.7,0,0,77,83,83
2046-11-26,Monday,0,0,Autumn,3.9,0,0,83,77,76
2046-11-27,Tuesday,0,0,Autumn,4.4,0,0,76,64,71
2046-11-28,Wednesday,0,0,Autumn,1.9,0,0,71,70,60
2046-11-29,Thursday,0,0,Autumn,2.2,0,1,60,80,84
2046-11-30,Friday,0,0,Autumn,3.6,1,0,84,76,76
2046-12-01,Saturday,1,0,Winter,-2.4,1,0,76,77,67
2046-12-02,Sunday,1,0,Winter,8.0,0,0,67,83,78
2046-12-03,Monday,0,0,Winter,9.9,1,0,78,76,75
2046-12-04,Tuesday,0,0,Winter,3.9,1,0,75,71,71
2046-12-05,Wednesday,0,0,Winter,5.3,1,0,71,60,72
2046-12-06,Thursday,0,0,Winter,6.5,1,0,72,84,69
2046-12-07,Friday,0,0,Winter,-0.7,0,0,69,76,61
2046-12-08,Saturday,1,0,Winter,6.0,0,0,61,67,71
2046-12-09,Sunday,1,0,Winter,1.9,1,0,71,78,52
2046-12-10,Monday,0,0,Winter,10.0,0,0,52,75,56
2046-12-11,Tuesday,0,0,Winter,2.6,1,0,56,71,55
2046-12-12,Wednesday,0,0,Winter,5.8,1,0,55,72,56
2046-12-13,Thursday,0,0,Winter,2.5,1,0,56,69,63
2046-12-14,Friday,0,0,Winter,9.6,0,0,63,61,70
2046-12-15,Saturday,1,0,Winter,1.5,1,0,70,71,76
2046-12-16,Sunday,1,0,Winter,6.5,0,0,76,52,74
2046-12-17,Monday,0,0,Winter,4.9,1,0,74,56,51
2046-12-18,Tuesday,0,0,Winter,4.2,0,0,51,55,59
2046-12-19,Wednesday,0,0,Winter,3.7,1,0,59,56,52
2046-12-20,Thursday,0,0,Winter,1.0,1,0,52,63,57
2046-12-21,Friday,0,0,Winter,-4.8,0,0,57,70,67
2046-12-22,Saturday,1,0,Winter,6.2,0,0,67,76,73
2046-12-23,Sunday,1,0,Winter,1.5,0,0,73,74,70
2046-12-24,Monday,0,1,Winter,6.5,1,0,70,51,65
2046-12-25,Tuesday,0,1,Winter,4.1,1,0,65,59,61
2046-12-26,Wednesday,0,1,Winter,6.7,1,0,61,52,75
2046-12-27,Thursday,0,0,Winter,5.5,0,0,75,57,70
2046-12-28,Friday,0,0,Winter,-4.3,0,0,70,67,61
2046-12-29,Saturday,1,0,Winter,5.0,0,0,61,73,89
2046-12-30,Sunday,1,0,Winter,2.1,0,0,89,70,84
2046-12-31,Monday,0,1,Winter,6.7,1,0,84,65,75
2047-01-01,Tuesday,0,1,Winter,5.0,0,0,75,61,84
2047-01-02,Wednesday,0,0,Winter,5.1,0,0,84,75,79
2047-01-03,Thursday,0,0,Winter,2.5,1,0,79,70,70
2047-01-04,Friday,0,0,Winter,0.6,0,0,70,61,58
2047-01-05,Saturday,1,0,Winter,2.1,1,0,58,89,57
2047-01-06,Sunday,1,0,Winter,-2.0,0,0,57,84,78
2047-01-07,Monday,0,0,Winter,1.7,0,0,78,75,72
2047-01-08,Tuesday,0,0,Winter,-0.8,0,0,72,84,68
2047-01-09,Wednesday,0,0,Winter,-0.7,0,0,68,79,67
2047-01-10,Thursday,0,0,Winter,4.0,1,0,67,70,68
2047-01-11,Friday,0,0,Winter,5.3,1,0,68,58,71
2047-01-12,Saturday,1,0,Winter,3.7,0,1,71,57,76
2047-01-13,Sunday,1,0,Winter,2.4,1,0,76,78,76
2047-01-14,Monday,0,0,Winter,1.1,0,0,76,72,72
2047-01-15,Tuesday,0,0,Winter,3.1,1,0,72,68,60
2047-01-16,Wednesday,0,0,Winter,1.6,0,0,60,67,46
2047-01-17,Thursday,0,0,Winter,4.0,1,0,46,68,50
2047-01-18,Friday,0,0,Winter,-0.3,1,0,50,71,50
2047-01-19,Saturday,1,0,Winter,6.4,1,0,50,76,76
2047-01-20,Sunday,1,0,Winter,2.7,0,0,76,76,71
2047-01-21,Monday,0,0,Winter,5.6,0,0,71,72,61
2047-01-22,Tuesday,0,0,Winter,7.3,0,0,61,60,57
2047-01-23,Wednesday,0,0,Winter,5.7,1,0,57,46,59
2047-01-24,Thursday,0,0,Winter,7.2,1,0,59,50,64
2047-01-25,Friday,0,0,Winter,-1.3,1,0,64,50,54
2047-01-26,Saturday,1,0,Winter,3.5,0,0,54,76,68
2047-01-27,Sunday,1,0,Winter,8.4,0,0,68,71,74
2047-01-28,Monday,0,0,Winter,6.7,0,0,74,61,76
2047-01-29,Tuesday,0,0,Winter,10.9,1,0,76,57,52
2047-01-30,Wednesday,0,0,Winter,10.5,0,0,52,59,50
2047-01-31,Thursday,0,0,Winter,6.4,1,0,50,64,75
2047-02-01,Friday,0,0,Winter,4.9,0,0,75,54,79
2047-02-02,Saturday,1,0,Winter,2.9,1,0,79,68,66
2047-02-03,Sunday,1,0,Winter,4.5,0,1,66,74,103
2047-02-04,Monday,0,0,Winter,4.8,1,0,103,76,84
2047-02-05,Tuesday,0,0,Winter,4.4,1,0,84,52,66
2047-02-06,Wednesday,0,0,Winter,3.5,0,0,66,50,71
2047-02-07,Thursday,0,0,Winter,7.6,0,0,71,75,68
2047-02-08,Friday,0,0,Winter,11.6,1,0,68,79,71
2047-02-09,Saturday,1,0,Winter,9.4,1,0,71,66,76
2047-02-10,Sunday,1,0,Winter,5.8,0,0,76,103,90
2047-02-11,Monday,0,0,Winter,10.0,1,0,90,84,81
2047-02-12,Tuesday,0,0,Winter,8.1,0,0,81,66,74
2047-02-13,Wednesday,0,0,Winter,7.1,0,0,74,71,69
2047-02-14,Thursday,0,0,Winter,7.0,1,1,69,68,77
2047-02-15,Friday,0,0,Winter,6.9,1,0,77,71,76
2047-02-16,Saturday,1,0,Winter,9.6,0,0,76,76,84
2047-02-17,Sunday,1,0,Winter,8.2,0,0,84,90,85
2047-02-18,Monday,0,0,Winter,5.7,0,0,85,81,73
2047-02-19,Tuesday,0,0,Winter,5.7,1,1,73,74,64
2047-02-20,Wednesday,0,0,Winter,9.1,1,0,64,69,74
2047-02-21,Thursday,0,0,Winter,9.7,1,0,74,77,79
2047-02-22,Friday,0,0,Winter,7.6,0,0,79,76,87
2047-02-23,Saturday,1,0,Winter,5.3,0,0,87,84,81
2047-02-24,Sunday,1,0,Winter,12.6,0,0,81,85,83
2047-02-25,Monday,0,0,Winter,12.1,0,0,83,73,76
2047-02-26,Tuesday,0,0,Winter,3.2,0,0,76,64,70
2047-02-27,Wednesday,0,0,Winter,13.3,0,0,70,74,68
2047-02-28,Thursday,0,0,Winter,8.8,1,0,68,79,83
2047-03-01,Friday,0,0,Spring,10.2,0,0,83,87,95
2047-03-02,Saturday,1,0,Spring,13.2,1,0,95,81,96
2047-03-03,Sunday,1,0,Spring,14.9,0,0,96,83,98
2047-03-04,Monday,0,0,Spring,13.1,1,0,98,76,82
2047-03-05,Tuesday,0,0,Spring,11.0,0,0,82,70,73
2047-03-06,Wednesday,0,0,Spring,6.3,0,0,73,68,56
2047-03-07,Thursday,0,0,Spring,4.5,0,0,56,83,77
2047-03-08,Friday,0,0,Spring,13.4,1,0,77,95,87
2047-03-09,Saturday,1,0,Spring,15.0,0,0,87,96,108
2047-03-10,Sunday,1,0,Spring,8.7,1,1,108,98,112
2047-03-11,Monday,0,0,Spring,10.5,0,0,112,82,94
2047-03-12,Tuesday,0,0,Spring,9.8,0,0,94,73,85
2047-03-13,Wednesday,0,0,Spring,9.9,1,0,85,56,68
2047-03-14,Thursday,0,0,Spring,15.0,1,1,68,77,75
2047-03-15,Friday,0,0,Spring,12.6,0,0,75,87,80
2047-03-16,Saturday,1,0,Spring,11.5,0,0,80,108,91
2047-03-17,Sunday,1,0,Spring,20.3,0,0,91,112,103
2047-03-18,Monday,0,0,Spring,8.2,1,0,103,94,94
2047-03-19,Tuesday,0,0,Spring,14.3,1,0,94,85,91
2047-03-20,Wednesday,0,0,Spring,9.7,1,1,91,68,76
2047-03-21,Thursday,0,0,Spring,12.5,1,1,76,75,91
2047-03-22,Friday,0,0,Spring,13.6,1,0,91,80,90
2047-03-23,Saturday,1,0,Spring,15.9,1,0,90,91,101
2047-03-24,Sunday,1,0,Spring,12.7,0,1,101,103,114
2047-03-25,Monday,0,0,Spring,12.6,0,0,114,94,87
2047-03-26,Tuesday,0,0,Spring,13.0,0,0,87,91,89
2047-03-27,Wednesday,0,0,Spring,10.8,0,0,89,76,94
2047-03-28,Thursday,0,0,Spring,16.1,0,0,94,91,87
2047-03-29,Friday,0,0,Spring,15.2,1,1,87,90,92
2047-03-30,Saturday,1,0,Spring,15.8,1,1,92,101,94
2047-03-31,Sunday,1,0,Spring,14.5,1,0,94,114,98
2047-04-01,Monday,0,0,Spring,14.3,1,0,98,87,77
2047-04-02,Tuesday,0,0,Spring,18.6,1,0,77,89,75
2047-04-03,Wednesday,0,0,Spring,18.3,0,0,75,94,88
2047-04-04,Thursday,0,0,Spring,19.6,0,0,88,87,98
2047-04-05,Friday,0,0,Spring,16.7,1,0,98,92,83
2047-04-06,Saturday,1,0,Spring,19.8,0,0,83,94,96
2047-04-07,Sunday,1,0,Spring,14.6,1,0,96,98,96
2047-04-08,Monday,0,0,Spring,15.4,0,0,96,77,86
2047-04-09,Tuesday,0,0,Spring,19.8,0,1,86,75,98
2047-04-10,Wednesday,0,0,Spring,18.9,0,0,98,88,101
2047-04-11,Thursday,0,0,Spring,15.7,1,0,101,98,103
2047-04-12,Friday,0,0,Spring,13.6,1,0,103,83,97
2047-04-13,Saturday,1,0,Spring,16.2,0,0,97,96,103
2047-04-14,Sunday,1,0,Spring,15.0,0,0,103,96,100
2047-04-15,Monday,0,0,Spring,22.3,1,0,100,86,96
2047-04-16,Tuesday,0,0,Spring,19.6,0,0,96,98,90
2047-04-17,Wednesday,0,0,Spring,15.2,1,0,90,101,84
2047-04-18,Thursday,0,0,Spring,14.5,1,0,84,103,93
2047-04-19,Friday,0,0,Spring,15.4,1,0,93,97,101
2047-04-20,Saturday,1,0,Spring,16.3,0,0,101,103,108
2047-04-21,Sunday,1,0,Spring,17.6,1,0,108,100,109
2047-04-22,Monday,0,0,Spring,21.6,1,0,109,96,96
2047-04-23,Tuesday,0,0,Spring,15.5,0,0,96,90,91
2047-04-24,Wednesday,0,0,Spring,25.4,0,0,91,84,96
2047-04-25,Thursday,0,0,Spring,15.8,0,0,96,93,91
2047-04-26,Friday,0,0,Spring,14.6,1,0,91,101,100
2047-04-27,Saturday,1,0,Spring,24.0,0,0,100,108,111
2047-04-28,Sunday,1,0,Spring,23.0,0,0,111,109,113
2047-04-29,Monday,0,0,Spring,18.7,0,0,113,96,102
2047-04-30,Tuesday,0,0,Spring,20.5,1,1,102,91,107
2047-05-01,Wednesday,0,1,Spring,20.7,0,0,107,96,93
2047-05-02,Thursday,0,0,Spring,20.0,0,0,93,91,87
2047-05-03,Friday,0,0,Spring,15.9,0,0,87,100,104
2047-05-04,Saturday,1,0,Spring,12.4,1,0,104,111,110
2047-05-05,Sunday,1,0,Spring,17.5,0,0,110,113,109
2047-05-06,Monday,0,0,Spring,25.6,0,0,109,102,105
2047-05-07,Tuesday,0,0,Spring,25.8,0,0,105,107,110
2047-05-08,Wednesday,0,0,Spring,19.6,1,0,110,93,110
2047-05-09,Thursday,0,0,Spring,17.6,1,0,110,87,96
2047-05-10,Friday,0,0,Spring,21.4,1,0,96,104,110
2047-05-11,Saturday,1,0,Spring,22.0,0,1,110,110,128
2047-05-12,Sunday,1,0,Spring,22.6,0,0,128,109,115
2047-05-13,Monday,0,0,Spring,13.3,0,0,115,105,99
2047-05-14,Tuesday,0,0,Spring,30.5,0,0,99,110,114
2047-05-15,Wednesday,0,0,Spring,24.5,0,0,114,110,121
2047-05-16,Thursday,0,0,Spring,20.6,0,0,121,96,110
2047-05-17,Friday,0,0,Spring,19.2,1,0,110,110,116
2047-05-18,Saturday,1,0,Spring,24.4,1,1,116,128,132
2047-05-19,Sunday,1,0,Spring,23.0,0,0,132,115,125
2047-05-20,Monday,0,0,Spring,21.9,1,0,125,99,107
2047-05-21,Tuesday,0,0,Spring,23.0,1,0,107,114,94
2047-05-22,Wednesday,0,0,Spring,21.4,1,0,94,121,98
2047-05-23,Thursday,0,0,Spring,23.0,0,1,98,110,109
2047-05-24,Friday,0,0,Spring,24.1,0,0,109,116,122
2047-05-25,Saturday,1,0,Spring,23.0,0,0,122,132,130
2047-05-26,Sunday,1,0,Spring,22.9,0,0,130,125,125
2047-05-27,Monday,0,0,Spring,26.3,0,0,125,107,121
2047-05-28,Tuesday,0,0,Spring,17.4,0,0,121,94,95
2047-05-29,Wednesday,0,0,Spring,19.9,0,0,95,98,90
2047-05-30,Thursday,0,0,Spring,22.4,1,0,90,109,107
2047-05-31,Friday,0,0,Spring,20.2,0,0,107,122,118
2047-06-01,Saturday,1,0,Summer,21.3,0,0,118,130,117
2047-06-02,Sunday,1,0,Summer,26.4,0,0,117,125,126
2047-06-03,Monday,0,0,Summer,22.1,0,0,126,121,109
2047-06-04,Tuesday,0,0,Summer,17.1,0,0,109,95,99
2047-06-05,Wednesday,0,0,Summer,21.4,1,0,99,90,99
2047-06-06,Thursday,0,0,Summer,22.9,0,1,99,107,114
2047-06-07,Friday,0,0,Summer,22.9,0,1,114,118,126
2047-06-08,Saturday,1,0,Summer,24.4,0,0,126,117,123
2047-06-09,Sunday,1,0,Summer,24.2,0,0,123,126,135
2047-06-10,Monday,0,0,Summer,22.4,0,0,135,109,123
2047-06-11,Tuesday,0,0,Summer,19.3,1,0,123,99,102
2047-06-12,Wednesday,0,0,Summer,21.6,0,0,102,99,104
2047-06-13,Thursday,0,0,Summer,21.1,0,0,104,114,108
2047-06-14,Friday,0,0,Summer,22.1,1,0,108,126,111
2047-06-15,Saturday,1,0,Summer,25.0,0,0,111,123,125
2047-06-16,Sunday,1,0,Summer,24.2,0,0,125,135,142
2047-06-17,Monday,0,0,Summer,25.5,0,0,142,123,121
2047-06-18,Tuesday,0,0,Summer,21.8,0,0,121,102,116
2047-06-19,Wednesday,0,0,Summer,27.5,0,0,116,104,119
2047-06-20,Thursday,0,0,Summer,25.0,0,0,119,108,120
2047-06-21,Friday,0,0,Summer,23.3,0,0,120,111,127
2047-06-22,Saturday,1,0,Summer,24.8,1,0,127,125,128
2047-06-23,Sunday,1,0,Summer,21.0,0,0,128,142,136
2047-06-24,Monday,0,0,Summer,16.7,0,0,136,121,121
2047-06-25,Tuesday,0,0,Summer,21.1,0,0,121,116,106
2047-06-26,Wednesday,0,0,Summer,25.2,1,1,106,119,109
2047-06-27,Thursday,0,0,Summer,23.2,0,0,109,120,122
2047-06-28,Friday,0,0,Summer,22.5,0,0,122,127,122
2047-06-29,Saturday,1,0,Summer,20.3,0,0,122,128,126
2047-06-30,Sunday,1,0,Summer,17.0,0,0,126,136,133
2047-07-01,Monday,0,0,Summer,27.1,0,0,133,121,123
2047-07-02,Tuesday,0,0,Summer,22.2,0,1,123,106,126
2047-07-03,Wednesday,0,0,Summer,21.5,0,0,126,109,116
2047-07-04,Thursday,0,0,Summer,20.7,0,0,116,122,111
2047-07-05,Friday,0,0,Summer,26.4,0,0,111,122,128
2047-07-06,Saturday,1,0,Summer,25.3,0,0,128,126,127
2047-07-07,Sunday,1,0,Summer,19.7,1,0,127,133,134
2047-07-08,Monday,0,0,Summer,26.0,0,0,134,123,128
2047-07-09,Tuesday,0,0,Summer,22.1,1,0,128,126,115
2047-07-10,Wednesday,0,0,Summer,20.6,0,0,115,116,118
2047-07-11,Thursday,0,0,Summer,21.5,1,0,118,111,109
2047-07-12,Friday,0,0,Summer,20.0,0,1,109,128,121
2047-07-13,Saturday,1,0,Summer,18.3,0,0,121,127,128
2047-07-14,Sunday,1,0,Summer,24.5,0,0,128,134,137
2047-07-15,Monday,0,0,Summer,21.4,0,0,137,128,127
2047-07-16,Tuesday,0,0,Summer,23.9,1,0,127,115,110
2047-07-17,Wednesday,0,0,Summer,22.8,1,0,110,118,100
2047-07-18,Thursday,0,0,Summer,23.5,0,0,100,109,107
2047-07-19,Friday,0,0,Summer,15.7,1,0,107,121,103
2047-07-20,Saturday,1,0,Summer,19.1,0,0,103,128,119
2047-07-21,Sunday,1,0,Summer,23.3,0,0,119,137,127
2047-07-22,Monday,0,0,Summer,17.7,1,0,127,127,120
2047-07-23,Tuesday,0,0,Summer,22.6,0,0,120,110,118
2047-07-24,Wednesday,0,0,Summer,17.2,0,0,118,100,116
2047-07-25,Thursday,0,0,Summer,21.3,0,0,116,107,114
2047-07-26,Friday,0,0,Summer,26.0,0,0,114,103,114
2047-07-27,Saturday,1,0,Summer,23.4,0,0,114,119,127
2047-07-28,Sunday,1,0,Summer,15.4,0,0,127,127,128
2047-07-29,Monday,0,0,Summer,23.4,0,0,128,120,122
2047-07-30,Tuesday,0,0,Summer,26.2,0,1,122,118,139
2047-07-31,Wednesday,0,0,Summer,29.0,1,0,139,116,129
2047-08-01,Thursday,0,0,Summer,22.0,0,0,129,114,130
2047-08-02,Friday,0,0,Summer,16.3,0,0,130,114,115
2047-08-03,Saturday,1,0,Summer,21.6,0,0,115,127,119
2047-08-04,Sunday,1,0,Summer,25.0,1,0,119,128,117
2047-08-05,Monday,0,0,Summer,19.5,0,1,117,122,121
2047-08-06,Tuesday,0,0,Summer,23.1,0,0,121,139,122
2047-08-07,Wednesday,0,0,Summer,17.3,0,0,122,129,121
2047-08-08,Thursday,0,0,Summer,20.8,0,0,121,130,134
2047-08-09,Friday,0,0,Summer,12.1,0,0,134,115,122
2047-08-10,Saturday,1,0,Summer,16.6,0,0,122,119,128
2047-08-11,Sunday,1,0,Summer,19.3,0,1,128,117,132
2047-08-12,Monday,0,0,Summer,18.1,0,1,132,121,134
2047-08-13,Tuesday,0,0,Summer,15.1,0,0,134,122,125
2047-08-14,Wednesday,0,0,Summer,17.4,0,0,125,121,118
2047-08-15,Thursday,0,0,Summer,19.7,0,0,118,134,128
2047-08-16,Friday,0,0,Summer,18.4,0,1,128,122,137
2047-08-17,Saturday,1,0,Summer,18.6,0,0,137,128,140
2047-08-18,Sunday,1,0,Summer,20.5,1,0,140,132,132
2047-08-19,Monday,0,0,Summer,17.1,0,0,132,134,127
2047-08-20,Tuesday,0,0,Summer,22.1,0,1,127,125,127
2047-08-21,Wednesday,0,0,Summer,14.9,0,0,127,118,110
2047-08-22,Thursday,0,0,Summer,23.5,0,0,110,128,115
2047-08-23,Friday,0,0,Summer,20.9,0,0,115,137,129
2047-08-24,Saturday,1,0,Summer,16.4,0,0,129,140,137
2047-08-25,Sunday,1,0,Summer,16.4,0,0,137,132,127
2047-08-26,Monday,0,0,Summer,17.7,1,0,127,127,125
2047-08-27,Tuesday,0,0,Summer,18.7,0,0,125,127,112
2047-08-28,Wednesday,0,0,Summer,20.1,0,0,112,110,111
2047-08-29,Thursday,0,0,Summer,12.6,0,0,111,115,107
2047-08-30,Friday,0,0,Summer,17.8,0,0,107,129,118
2047-08-31,Saturday,1,0,Summer,10.0,1,1,118,137,120
2047-09-01,Sunday,1,0,Autumn,15.6,0,0,120,127,107
2047-09-02,Monday,0,0,Autumn,20.3,1,0,107,125,99
2047-09-03,Tuesday,0,0,Autumn,11.6,0,0,99,112,102
2047-09-04,Wednesday,0,0,Autumn,10.9,0,0,102,111,100
2047-09-05,Thursday,0,0,Autumn,16.2,0,1,100,107,99
2047-09-06,Friday,0,0,Autumn,19.5,0,0,99,118,115
2047-09-07,Saturday,1,0,Autumn,16.1,0,0,115,120,120
2047-09-08,Sunday,1,0,Autumn,9.3,0,0,120,107,116
2047-09-09,Monday,0,0,Autumn,9.8,1,0,116,99,93
2047-09-10,Tuesday,0,0,Autumn,14.9,1,0,93,102,77
2047-09-11,Wednesday,0,0,Autumn,10.9,0,0,77,100,95
2047-09-12,Thursday,0,0,Autumn,14.7,1,0,95,99,92
2047-09-13,Friday,0,0,Autumn,14.7,0,0,92,115,109
2047-09-14,Saturday,1,0,Autumn,12.5,1,0,109,120,108
2047-09-15,Sunday,1,0,Autumn,19.2,1,0,108,116,109
2047-09-16,Monday,0,0,Autumn,15.4,0,0,109,93,85
2047-09-17,Tuesday,0,0,Autumn,17.1,1,0,85,77,74
2047-09-18,Wednesday,0,0,Autumn,16.0,0,0,74,95,94
2047-09-19,Thursday,0,0,Autumn,12.7,0,1,94,92,106
2047-09-20,Friday,0,0,Autumn,12.4,1,0,106,109,110
2047-09-21,Saturday,1,0,Autumn,11.9,1,0,110,108,111
2047-09-22,Sunday,1,0,Autumn,14.6,0,0,111,109,111
2047-09-23,Monday,0,0,Autumn,10.5,0,0,111,85,100
2047-09-24,Tuesday,0,0,Autumn,17.4,0,0,100,74,96
2047-09-25,Wednesday,0,0,Autumn,9.8,0,1,96,94,100
2047-09-26,Thursday,0,0,Autumn,12.5,0,0,100,106,100
2047-09-27,Friday,0,0,Autumn,11.0,0,0,100,110,109
2047-09-28,Saturday,1,0,Autumn,10.2,1,0,109,111,100
2047-09-29,Sunday,1,0,Autumn,17.9,1,0,100,111,101
2047-09-30,Monday,0,0,Autumn,9.9,1,0,101,100,80
2047-10-01,Tuesday,0,0,Autumn,10.1,0,0,80,96,77
2047-10-02,Wednesday,0,0,Autumn,8.9,0,0,77,100,85
2047-10-03,Thursday,0,0,Autumn,10.8,0,0,85,100,96
2047-10-04,Friday,0,0,Autumn,10.2,0,0,96,109,113
2047-10-05,Saturday,1,0,Autumn,7.0,1,0,113,100,103
2047-10-06,Sunday,1,0,Autumn,8.9,0,0,103,101,98
2047-10-07,Monday,0,0,Autumn,11.9,1,0,98,80,83
2047-10-08,Tuesday,0,0,Autumn,13.0,0,0,83,77,82
2047-10-09,Wednesday,0,0,Autumn,9.8,0,0,82,85,95
2047-10-10,Thursday,0,0,Autumn,9.7,0,0,95,96,93
2047-10-11,Friday,0,0,Autumn,8.3,0,0,93,113,91
2047-10-12,Saturday,1,0,Autumn,7.7,0,0,91,103,101
2047-10-13,Sunday,1,0,Autumn,6.3,1,1,101,98,103
2047-10-14,Monday,0,0,Autumn,4.3,0,0,103,83,86
2047-10-15,Tuesday,0,0,Autumn,6.7,0,0,86,82,79
2047-10-16,Wednesday,0,0,Autumn,11.3,0,0,79,95,99
2047-10-17,Thursday,0,0,Autumn,7.2,0,0,99,93,89
2047-10-18,Friday,0,0,Autumn,7.3,1,0,89,91,77
2047-10-19,Saturday,1,0,Autumn,7.1,1,0,77,101,84
2047-10-20,Sunday,1,0,Autumn,11.7,0,0,84,103,91
2047-10-21,Monday,0,0,Autumn,5.1,1,1,91,86,78
2047-10-22,Tuesday,0,0,Autumn,8.5,0,0,78,79,76
2047-10-23,Wednesday,0,0,Autumn,7.4,1,0,76,99,90
2047-10-24,Thursday,0,0,Autumn,7.6,0,0,90,89,79
2047-10-25,Friday,0,0,Autumn,8.0,1,0,79,77,69
2047-10-26,Saturday,1,0,Autumn,7.3,1,1,69,84,93
2047-10-27,Sunday,1,0,Autumn,9.4,0,0,93,91,92
2047-10-28,Monday,0,0,Autumn,6.8,0,0,92,78,78
2047-10-29,Tuesday,0,0,Autumn,12.0,0,0,78,76,85
2047-10-30,Wednesday,0,0,Autumn,6.7,0,0,85,90,79
2047-10-31,Thursday,0,0,Autumn,1.4,0,0,79,79,66
2047-11-01,Friday,0,0,Autumn,8.3,0,0,66,69,80
2047-11-02,Saturday,1,0,Autumn,7.4,0,0,80,93,90
2047-11-03,Sunday,1,0,Autumn,6.2,0,0,90,92,91
2047-11-04,Monday,0,0,Autumn,5.2,1,0,91,78,63
2047-11-05,Tuesday,0,0,Autumn,-0.5,0,0,63,85,61
2047-11-06,Wednesday,0,0,Autumn,-0.1,0,0,61,79,65
2047-11-07,Thursday,0,0,Autumn,10.5,0,0,65,66,64
2047-11-08,Friday,0,0,Autumn,3.7,1,0,64,80,78
2047-11-09,Saturday,1,0,Autumn,8.3,0,0,78,90,89
2047-11-10,Sunday,1,0,Autumn,0.5,0,0,89,91,86
2047-11-11,Monday,0,0,Autumn,2.0,0,1,86,63,86
2047-11-12,Tuesday,0,0,Autumn,7.1,0,0,86,61,71
2047-11-13,Wednesday,0,0,Autumn,4.6,1,0,71,65,69
2047-11-14,Thursday,0,0,Autumn,6.5,0,0,69,64,71
2047-11-15,Friday,0,0,Autumn,4.7,0,0,71,78,84
2047-11-16,Saturday,1,0,Autumn,4.0,0,0,84,89,93
2047-11-17,Sunday,1,0,Autumn,2.5,0,0,93,86,94
2047-11-18,Monday,0,0,Autumn,0.9,0,0,94,86,78
2047-11-19,Tuesday,0,0,Autumn,8.6,0,0,78,71,71
2047-11-20,Wednesday,0,0,Autumn,9.0,1,0,71,69,68
2047-11-21,Thursday,0,0,Autumn,1.1,0,0,68,71,74
2047-11-22,Friday,0,0,Autumn,0.8,0,0,74,84,82
2047-11-23,Saturday,1,0,Autumn,3.0,1,0,82,93,92
2047-11-24,Sunday,1,0,Autumn,5.0,1,0,92,94,83
2047-11-25,Monday,0,0,Autumn,3.4,0,0,83,78,66
2047-11-26,Tuesday,0,0,Autumn,5.3,1,0,66,71,61
2047-11-27,Wednesday,0,0,Autumn,3.6,1,1,61,68,65
2047-11-28,Thursday,0,0,Autumn,3.4,1,0,65,74,61
2047-11-29,Friday,0,0,Autumn,10.9,0,0,61,82,76
2047-11-30,Saturday,1,0,Autumn,2.0,1,0,76,92,74
2047-12-01,Sunday,1,0,Winter,8.4,1,1,74,83,81
2047-12-02,Monday,0,0,Winter,7.8,1,0,81,66,62
2047-12-03,Tuesday,0,0,Winter,4.9,0,0,62,61,53
2047-12-04,Wednesday,0,0,Winter,-2.4,0,0,53,65,48
2047-12-05,Thursday,0,0,Winter,3.4,0,0,48,61,51
2047-12-06,Friday,0,0,Winter,1.7,1,0,51,76,66
2047-12-07,Saturday,1,0,Winter,3.3,1,0,66,74,71
2047-12-08,Sunday,1,0,Winter,0.0,0,0,71,81,76
2047-12-09,Monday,0,0,Winter,5.4,1,1,76,62,70
2047-12-10,Tuesday,0,0,Winter,6.1,0,0,70,53,68
2047-12-11,Wednesday,0,0,Winter,6.6,1,0,68,48,63
2047-12-12,Thursday,0,0,Winter,1.9,1,1,63,51,69
2047-12-13,Friday,0,0,Winter,-0.1,1,1,69,66,73
2047-12-14,Saturday,1,0,Winter,4.1,0,0,73,71,78
2047-12-15,Sunday,1,0,Winter,8.3,1,0,78,76,69
2047-12-16,Monday,0,0,Winter,3.2,0,0,69,70,60
2047-12-17,Tuesday,0,0,Winter,4.4,0,0,60,68,67
2047-12-18,Wednesday,0,0,Winter,2.3,1,0,67,63,57
2047-12-19,Thursday,0,0,Winter,1.5,0,0,57,69,61
2047-12-20,Friday,0,0,Winter,5.0,0,0,61,73,74
2047-12-21,Saturday,1,0,Winter,2.7,0,0,74,78,82
2047-12-22,Sunday,1,0,Winter,4.2,1,0,82,69,76
2047-12-23,Monday,0,0,Winter,4.5,1,1,76,60,69
2047-12-24,Tuesday,0,1,Winter,4.1,0,0,69,67,77
2047-12-25,Wednesday,0,1,Winter,4.7,1,0,77,57,66
2047-12-26,Thursday,0,1,Winter,0.5,1,0,66,61,69
2047-12-27,Friday,0,0,Winter,0.3,1,0,69,74,67
2047-12-28,Saturday,1,0,Winter,3.0,0,0,67,82,82
2047-12-29,Sunday,1,0,Winter,3.1,0,0,82,76,85
2047-12-30,Monday,0,0,Winter,1.6,1,0,85,69,69
2047-12-31,Tuesday,0,1,Winter,3.9,0,0,69,77,82
2048-01-01,Wednesday,0,1,Winter,5.9,1,0,82,66,81
2048-01-02,Thursday,0,0,Winter,6.8,0,0,81,69,74
2048-01-03,Friday,0,0,Winter,7.5,1,0,74,67,74
2048-01-04,Saturday,1,0,Winter,-0.6,1,0,74,82,79
2048-01-05,Sunday,1,0,Winter,-0.1,1,0,79,85,83
2048-01-06,Monday,0,0,Winter,2.6,1,0,83,69,58
2048-01-07,Tuesday,0,0,Winter,3.7,1,0,58,82,69
2048-01-08,Wednesday,0,0,Winter,2.8,1,0,69,81,56
2048-01-09,Thursday,0,0,Winter,1.9,1,0,56,74,64
2048-01-10,Friday,0,0,Winter,2.8,0,1,64,74,82
2048-01-11,Saturday,1,0,Winter,5.2,1,1,82,79,88
2048-01-12,Sunday,1,0,Winter,-0.2,1,0,88,83,84
2048-01-13,Monday,0,0,Winter,10.9,0,0,84,58,64
2048-01-14,Tuesday,0,0,Winter,4.0,0,0,64,69,59
2048-01-15,Wednesday,0,0,Winter,7.2,0,0,59,56,53
2048-01-16,Thursday,0,0,Winter,2.3,1,0,53,64,52
2048-01-17,Friday,0,0,Winter,5.9,1,0,52,82,73
2048-01-18,Saturday,1,0,Winter,4.5,0,0,73,88,92
2048-01-19,Sunday,1,0,Winter,6.9,0,0,92,84,88
2048-01-20,Monday,0,0,Winter,3.8,1,0,88,64,70
2048-01-21,Tuesday,0,0,Winter,9.2,0,0,70,59,80
2048-01-22,Wednesday,0,0,Winter,0.1,1,0,80,53,60
2048-01-23,Thursday,0,0,Winter,7.5,0,0,60,52,58
2048-01-24,Friday,0,0,Winter,5.1,0,0,58,73,75
2048-01-25,Saturday,1,0,Winter,1.8,0,1,75,92,88
2048-01-26,Sunday,1,0,Winter,10.8,0,0,88,88,83
2048-01-27,Monday,0,0,Winter,10.6,0,0,83,70,81
2048-01-28,Tuesday,0,0,Winter,-1.0,0,0,81,80,82
2048-01-29,Wednesday,0,0,Winter,5.8,1,0,82,60,65
2048-01-30,Thursday,0,0,Winter,7.5,1,0,65,58,63
2048-01-31,Friday,0,0,Winter,6.9,1,0,63,75,76
2048-02-01,Saturday,1,0,Winter,10.2,0,0,76,88,82
2048-02-02,Sunday,1,0,Winter,9.7,0,0,82,83,92
2048-02-03,Monday,0,0,Winter,6.7,0,0,92,81,90
2048-02-04,Tuesday,0,0,Winter,12.8,1,0,90,82,71
2048-02-05,Wednesday,0,0,Winter,8.9,0,0,71,65,60
2048-02-06,Thursday,0,0,Winter,5.2,1,0,60,63,50
2048-02-07,Friday,0,0,Winter,4.7,1,0,50,76,59
2048-02-08,Saturday,1,0,Winter,10.2,0,0,59,82,69
2048-02-09,Sunday,1,0,Winter,4.3,0,0,69,92,87
2048-02-10,Monday,0,0,Winter,5.6,1,0,87,90,70
2048-02-11,Tuesday,0,0,Winter,6.2,1,0,70,71,62
2048-02-12,Wednesday,0,0,Winter,8.1,0,0,62,60,66
2048-02-13,Thursday,0,0,Winter,6.6,1,1,66,50,63
2048-02-14,Friday,0,0,Winter,3.4,0,1,63,59,74
2048-02-15,Saturday,1,0,Winter,11.0,1,0,74,69,83
2048-02-16,Sunday,1,0,Winter,6.4,0,0,83,87,107
2048-02-17,Monday,0,0,Winter,13.8,1,0,107,70,86
2048-02-18,Tuesday,0,0,Winter,8.8,0,0,86,62,63
2048-02-19,Wednesday,0,0,Winter,11.9,1,1,63,66,77
2048-02-20,Thursday,0,0,Winter,10.1,1,0,77,63,73
2048-02-21,Friday,0,0,Winter,12.3,0,0,73,74,83
2048-02-22,Saturday,1,0,Winter,10.2,0,0,83,83,88
2048-02-23,Sunday,1,0,Winter,9.4,0,0,88,107,101
2048-02-24,Monday,0,0,Winter,12.1,1,0,101,86,83
2048-02-25,Tuesday,0,0,Winter,16.4,1,0,83,63,75
2048-02-26,Wednesday,0,0,Winter,8.3,0,0,75,77,76
2048-02-27,Thursday,0,0,Winter,11.7,0,0,76,73,78
2048-02-28,Friday,0,0,Winter,9.4,1,0,78,83,77
2048-02-29,Saturday,1,0,Winter,11.1,1,0,77,88,93
2048-03-01,Sunday,1,0,Spring,9.9,0,0,93,101,108
2048-03-02,Monday,0,0,Spring,3.5,1,0,108,83,100
2048-03-03,Tuesday,0,0,Spring,9.5,0,0,100,75,88
2048-03-04,Wednesday,0,0,Spring,13.3,0,0,88,76,86
2048-03-05,Thursday,0,0,Spring,8.2,1,0,86,78,83
2048-03-06,Friday,0,0,Spring,13.4,1,1,83,77,86
2048-03-07,Saturday,1,0,Spring,11.3,0,0,86,93,103
2048-03-08,Sunday,1,0,Spring,10.4,0,1,103,108,110
2048-03-09,Monday,0,0,Spring,13.8,0,0,110,100,104
2048-03-10,Tuesday,0,0,Spring,13.3,0,0,104,88,86
2048-03-11,Wednesday,0,0,Spring,12.7,1,0,86,86,87
2048-03-12,Thursday,0,0,Spring,14.7,0,0,87,83,98
2048-03-13,Friday,0,0,Spring,12.4,0,0,98,86,92
2048-03-14,Saturday,1,0,Spring,7.0,1,0,92,103,94
2048-03-15,Sunday,1,0,Spring,11.0,0,0,94,110,98
2048-03-16,Monday,0,0,Spring,6.9,0,0,98,104,89
2048-03-17,Tuesday,0,0,Spring,14.5,0,0,89,86,97
2048-03-18,Wednesday,0,0,Spring,15.3,0,0,97,87,94
2048-03-19,Thursday,0,0,Spring,15.7,0,0,94,98,90
2048-03-20,Friday,0,0,Spring,14.5,0,0,90,92,90
2048-03-21,Saturday,1,0,Spring,16.1,1,0,90,94,83
2048-03-22,Sunday,1,0,Spring,8.6,1,0,83,98,84
2048-03-23,Monday,0,0,Spring,13.2,0,0,84,89,76
2048-03-24,Tuesday,0,0,Spring,9.4,0,0,76,97,74
2048-03-25,Wednesday,0,0,Spring,12.8,0,0,74,94,81
2048-03-26,Thursday,0,0,Spring,18.9,0,0,81,90,83
2048-03-27,Friday,0,0,Spring,17.5,0,0,83,90,92
2048-03-28,Saturday,1,0,Spring,16.4,0,0,92,83,101
2048-03-29,Sunday,1,0,Spring,14.0,0,0,101,84,101
2048-03-30,Monday,0,0,Spring,11.7,1,0,101,76,86
2048-03-31,Tuesday,0,0,Spring,15.4,0,0,86,74,66
2048-04-01,Wednesday,0,0,Spring,18.4,0,0,66,81,75
2048-04-02,Thursday,0,0,Spring,16.4,1,0,75,83,90
2048-04-03,Friday,0,0,Spring,10.6,1,0,90,92,106
2048-04-04,Saturday,1,0,Spring,15.9,0,0,106,101,115
2048-04-05,Sunday,1,0,Spring,10.0,1,0,115,101,105
2048-04-06,Monday,0,0,Spring,18.3,1,0,105,86,86
2048-04-07,Tuesday,0,0,Spring,14.0,0,0,86,66,89
2048-04-08,Wednesday,0,0,Spring,12.5,0,0,89,75,83
2048-04-09,Thursday,0,0,Spring,18.8,1,0,83,90,86
2048-04-10,Friday,0,0,Spring,18.2,0,0,86,106,107
2048-04-11,Saturday,1,0,Spring,17.4,1,0,107,115,90
2048-04-12,Sunday,1,0,Spring,23.4,1,0,90,105,100
2048-04-13,Monday,0,0,Spring,18.9,0,0,100,86,83
2048-04-14,Tuesday,0,0,Spring,15.2,0,0,83,89,90
2048-04-15,Wednesday,0,0,Spring,18.9,1,0,90,83,98
2048-04-16,Thursday,0,0,Spring,16.6,0,0,98,86,99
2048-04-17,Friday,0,0,Spring,21.4,0,0,99,107,120
2048-04-18,Saturday,1,0,Spring,18.6,1,0,120,90,112
2048-04-19,Sunday,1,0,Spring,19.1,1,1,112,100,125
2048-04-20,Monday,0,0,Spring,13.8,0,0,125,83,90
2048-04-21,Tuesday,0,0,Spring,18.4,0,0,90,90,92
2048-04-22,Wednesday,0,0,Spring,18.2,1,1,92,98,90
2048-04-23,Thursday,0,0,Spring,15.4,1,0,90,99,95
2048-04-24,Friday,0,0,Spring,18.0,0,1,95,120,112
2048-04-25,Saturday,1,0,Spring,20.1,0,0,112,112,116
2048-04-26,Sunday,1,0,Spring,18.9,0,0,116,125,117
2048-04-27,Monday,0,0,Spring,14.8,0,0,117,90,108
2048-04-28,Tuesday,0,0,Spring,18.4,0,0,108,92,101
2048-04-29,Wednesday,0,0,Spring,17.9,0,0,101,90,98
2048-04-30,Thursday,0,0,Spring,20.1,0,0,98,95,100
2048-05-01,Friday,0,1,Spring,19.9,1,0,100,112,116
2048-05-02,Saturday,1,0,Spring,18.5,1,0,116,116,115
2048-05-03,Sunday,1,0,Spring,18.5,1,0,115,117,105
2048-05-04,Monday,0,0,Spring,20.2,0,0,105,108,109
2048-05-05,Tuesday,0,0,Spring,23.0,0,0,109,101,101
2048-05-06,Wednesday,0,0,Spring,21.1,0,0,101,98,102
2048-05-07,Thursday,0,0,Spring,24.6,0,0,102,100,110
2048-05-08,Friday,0,0,Spring,23.9,1,0,110,116,105
2048-05-09,Saturday,1,0,Spring,25.1,1,0,105,115,108
2048-05-10,Sunday,1,0,Spring,24.8,1,0,108,105,99
2048-05-11,Monday,0,0,Spring,25.5,0,0,99,109,100
2048-05-12,Tuesday,0,0,Spring,17.4,0,0,100,101,105
2048-05-13,Wednesday,0,0,Spring,23.0,0,0,105,102,104
2048-05-14,Thursday,0,0,Spring,24.8,0,0,104,110,118
2048-05-15,Friday,0,0,Spring,25.4,0,0,118,105,119
2048-05-16,Saturday,1,0,Spring,19.0,1,0,119,108,112
2048-05-17,Sunday,1,0,Spring,23.4,1,0,112,99,104
2048-05-18,Monday,0,0,Spring,21.7,0,0,104,100,111
2048-05-19,Tuesday,0,0,Spring,27.1,1,1,111,105,118
2048-05-20,Wednesday,0,0,Spring,17.5,1,0,118,104,103
2048-05-21,Thursday,0,0,Spring,19.4,0,0,103,118,109
2048-05-22,Friday,0,0,Spring,16.4,0,0,109,119,109
2048-05-23,Saturday,1,0,Spring,22.4,0,0,109,112,99
2048-05-24,Sunday,1,0,Spring,28.8,0,0,99,104,110
2048-05-25,Monday,0,0,Spring,21.9,0,0,110,111,97
2048-05-26,Tuesday,0,0,Spring,22.4,1,0,97,118,98
2048-05-27,Wednesday,0,0,Spring,23.9,0,0,98,103,93
2048-05-28,Thursday,0,0,Spring,21.9,0,1,93,109,108
2048-05-29,Friday,0,0,Spring,23.4,1,0,108,109,102
2048-05-30,Saturday,1,0,Spring,23.6,0,1,102,99,119
2048-05-31,Sunday,1,0,Spring,19.9,0,0,119,110,121
2048-06-01,Monday,0,0,Summer,22.2,0,0,121,97,111
2048-06-02,Tuesday,0,0,Summer,24.8,0,0,111,98,97
2048-06-03,Wednesday,0,0,Summer,25.4,0,0,97,93,89
2048-06-04,Thursday,0,0,Summer,26.6,0,0,89,108,95
2048-06-05,Friday,0,0,Summer,23.7,0,1,95,102,121
2048-06-06,Saturday,1,0,Summer,23.8,1,0,121,119,139
2048-06-07,Sunday,1,0,Summer,25.0,0,0,139,121,128
2048-06-08,Monday,0,0,Summer,21.0,0,0,128,111,109
2048-06-09,Tuesday,0,0,Summer,20.9,0,0,109,97,114
2048-06-10,Wednesday,0,0,Summer,22.5,0,0,114,89,103
2048-06-11,Thursday,0,0,Summer,19.1,1,0,103,95,100
2048-06-12,Friday,0,0,Summer,24.1,0,0,100,121,116
2048-06-13,Saturday,1,0,Summer,26.1,0,0,116,139,126
2048-06-14,Sunday,1,0,Summer,20.8,1,0,126,128,119
2048-06-15,Monday,0,0,Summer,24.3,0,0,119,109,112
2048-06-16,Tuesday,0,0,Summer,21.1,0,0,112,114,108
2048-06-17,Wednesday,0,0,Summer,19.9,0,0,108,103,94
2048-06-18,Thursday,0,0,Summer,29.2,1,1,94,100,103
2048-06-19,Friday,0,0,Summer,20.0,0,0,103,116,112
2048-06-20,Saturday,1,0,Summer,19.2,0,0,112,126,119
2048-06-21,Sunday,1,0,Summer,23.6,0,0,119,119,126
2048-06-22,Monday,0,0,Summer,23.8,0,0,126,112,111
2048-06-23,Tuesday,0,0,Summer,25.0,0,0,111,108,123
2048-06-24,Wednesday,0,0,Summer,29.0,1,0,123,94,112
2048-06-25,Thursday,0,0,Summer,20.6,0,0,112,103,111
2048-06-26,Friday,0,0,Summer,21.2,1,0,111,112,109
2048-06-27,Saturday,1,0,Summer,27.7,0,1,109,119,129
2048-06-28,Sunday,1,0,Summer,25.7,0,0,129,126,117
2048-06-29,Monday,0,0,Summer,25.3,0,0,117,111,113
2048-06-30,Tuesday,0,0,Summer,21.1,0,0,113,123,127
2048-07-01,Wednesday,0,0,Summer,26.2,0,0,127,112,126
2048-07-02,Thursday,0,0,Summer,25.2,0,0,126,111,110
2048-07-03,Friday,0,0,Summer,23.3,0,0,110,109,117
2048-07-04,Saturday,1,0,Summer,20.9,1,0,117,129,127
2048-07-05,Sunday,1,0,Summer,23.0,0,0,127,117,136
2048-07-06,Monday,0,0,Summer,27.5,0,0,136,113,117
2048-07-07,Tuesday,0,0,Summer,19.3,0,0,117,127,132
2048-07-08,Wednesday,0,0,Summer,20.1,0,0,132,126,124
2048-07-09,Thursday,0,0,Summer,20.5,0,1,124,110,120
2048-07-10,Friday,0,0,Summer,21.1,0,0,120,117,110
2048-07-11,Saturday,1,0,Summer,22.3,0,0,110,127,123
2048-07-12,Sunday,1,0,Summer,25.1,0,0,123,136,131
2048-07-13,Monday,0,0,Summer,23.6,0,0,131,117,112
2048-07-14,Tuesday,0,0,Summer,22.3,0,0,112,132,121
2048-07-15,Wednesday,0,0,Summer,22.9,1,0,121,124,120
2048-07-16,Thursday,0,0,Summer,23.8,0,0,120,120,120
2048-07-17,Friday,0,0,Summer,16.8,0,0,120,110,111
2048-07-18,Saturday,1,0,Summer,25.0,0,0,111,123,124
2048-07-19,Sunday,1,0,Summer,19.2,0,0,124,131,139
2048-07-20,Monday,0,0,Summer,20.3,0,0,139,112,114
2048-07-21,Tuesday,0,0,Summer,22.6,0,0,114,121,102
2048-07-22,Wednesday,0,0,Summer,21.2,0,1,102,120,114
2048-07-23,Thursday,0,0,Summer,22.8,1,0,114,120,108
2048-07-24,Friday,0,0,Summer,21.7,0,0,108,111,101
2048-07-25,Saturday,1,0,Summer,20.3,0,0,101,124,121
2048-07-26,Sunday,1,0,Summer,25.7,0,0,121,139,121
2048-07-27,Monday,0,0,Summer,23.1,1,0,121,114,101
2048-07-28,Tuesday,0,0,Summer,21.8,1,0,101,102,105
2048-07-29,Wednesday,0,0,Summer,22.8,0,0,105,114,119
2048-07-30,Thursday,0,0,Summer,18.5,0,0,119,108,132
2048-07-31,Friday,0,0,Summer,27.1,1,0,132,101,110
2048-08-01,Saturday,1,0,Summer,17.2,0,0,110,121,122
2048-08-02,Sunday,1,0,Summer,20.6,0,0,122,121,114
2048-08-03,Monday,0,0,Summer,19.3,0,0,114,101,107
2048-08-04,Tuesday,0,0,Summer,19.1,1,0,107,105,101
2048-08-05,Wednesday,0,0,Summer,18.6,0,0,101,119,92
2048-08-06,Thursday,0,0,Summer,17.5,0,0,92,132,112
2048-08-07,Friday,0,0,Summer,23.3,0,1,112,110,124
2048-08-08,Saturday,1,0,Summer,15.9,0,0,124,122,130
2048-08-09,Sunday,1,0,Summer,22.4,0,0,130,114,117
2048-08-10,Monday,0,0,Summer,21.2,0,0,117,107,125
2048-08-11,Tuesday,0,0,Summer,18.0,1,0,125,101,110
2048-08-12,Wednesday,0,0,Summer,20.6,0,1,110,92,114
2048-08-13,Thursday,0,0,Summer,18.4,0,0,114,112,123
2048-08-14,Friday,0,0,Summer,15.4,1,0,123,124,118
2048-08-15,Saturday,1,0,Summer,15.3,0,0,118,130,119
2048-08-16,Sunday,1,0,Summer,20.4,0,0,119,117,128
2048-08-17,Monday,0,0,Summer,20.1,0,0,128,125,118
2048-08-18,Tuesday,0,0,Summer,18.9,1,0,118,110,115
2048-08-19,Wednesday,0,0,Summer,16.9,0,0,115,114,110
2048-08-20,Thursday,0,0,Summer,17.3,0,0,110,123,129
2048-08-21,Friday,0,0,Summer,16.8,0,1,129,118,131
2048-08-22,Saturday,1,0,Summer,12.3,0,0,131,119,122
2048-08-23,Sunday,1,0,Summer,17.6,0,0,122,128,126
2048-08-24,Monday,0,0,Summer,18.8,0,0,126,118,113
2048-08-25,Tuesday,0,0,Summer,17.3,0,1,113,115,111
2048-08-26,Wednesday,0,0,Summer,22.3,0,0,111,110,120
2048-08-27,Thursday,0,0,Summer,13.8,0,1,120,129,117
2048-08-28,Friday,0,0,Summer,14.7,0,0,117,131,128
2048-08-29,Saturday,1,0,Summer,16.9,0,1,128,122,147
2048-08-30,Sunday,1,0,Summer,17.0,0,0,147,126,132
2048-08-31,Monday,0,0,Summer,10.4,0,0,132,113,115
2048-09-01,Tuesday,0,0,Autumn,17.8,0,0,115,111,100
2048-09-02,Wednesday,0,0,Autumn,16.6,0,0,100,120,111
2048-09-03,Thursday,0,0,Autumn,9.3,1,0,111,117,93
2048-09-04,Friday,0,0,Autumn,15.1,1,0,93,128,110
2048-09-05,Saturday,1,0,Autumn,12.9,0,0,110,147,122
2048-09-06,Sunday,1,0,Autumn,13.8,1,0,122,132,111
2048-09-07,Monday,0,0,Autumn,11.0,1,0,111,115,93
2048-09-08,Tuesday,0,0,Autumn,16.1,1,0,93,100,93
2048-09-09,Wednesday,0,0,Autumn,19.9,0,0,93,111,90
2048-09-10,Thursday,0,0,Autumn,15.3,0,0,90,93,96
2048-09-11,Friday,0,0,Autumn,7.8,1,1,96,110,105
2048-09-12,Saturday,1,0,Autumn,15.0,0,0,105,122,111
2048-09-13,Sunday,1,0,Autumn,13.4,1,0,111,111,109
2048-09-14,Monday,0,0,Autumn,10.5,0,1,109,93,96
2048-09-15,Tuesday,0,0,Autumn,14.7,1,0,96,93,86
2048-09-16,Wednesday,0,0,Autumn,16.1,0,0,86,90,85
2048-09-17,Thursday,0,0,Autumn,11.3,1,0,85,96,77
2048-09-18,Friday,0,0,Autumn,8.2,1,0,77,105,84
2048-09-19,Saturday,1,0,Autumn,6.9,0,1,84,111,94
2048-09-20,Sunday,1,0,Autumn,10.8,0,0,94,109,96
2048-09-21,Monday,0,0,Autumn,12.1,0,0,96,96,78
2048-09-22,Tuesday,0,0,Autumn,10.9,1,0,78,86,69
2048-09-23,Wednesday,0,0,Autumn,10.2,0,1,69,85,77
2048-09-24,Thursday,0,0,Autumn,13.8,0,1,77,77,92
2048-09-25,Friday,0,0,Autumn,13.3,0,0,92,84,86
2048-09-26,Saturday,1,0,Autumn,12.3,1,0,86,94,84
2048-09-27,Sunday,1,0,Autumn,14.0,0,0,84,96,90
2048-09-28,Monday,0,0,Autumn,9.4,1,0,90,78,91
2048-09-29,Tuesday,0,0,Autumn,7.9,0,0,91,69,68
2048-09-30,Wednesday,0,0,Autumn,9.5,1,0,68,77,75
2048-10-01,Thursday,0,0,Autumn,9.1,1,0,75,92,82
2048-10-02,Friday,0,0,Autumn,4.6,0,0,82,86,99
2048-10-03,Saturday,1,0,Autumn,8.9,0,0,99,84,99
2048-10-04,Sunday,1,0,Autumn,13.7,0,0,99,90,98
2048-10-05,Monday,0,0,Autumn,12.6,0,0,98,91,90
2048-10-06,Tuesday,0,0,Autumn,11.6,0,0,90,68,80
2048-10-07,Wednesday,0,0,Autumn,10.3,1,0,80,75,80
2048-10-08,Thursday,0,0,Autumn,14.1,0,1,80,82,88
2048-10-09,Friday,0,0,Autumn,6.4,0,0,88,99,113
2048-10-10,Saturday,1,0,Autumn,6.5,0,0,113,99,113
2048-10-11,Sunday,1,0,Autumn,12.6,0,0,113,98,105
2048-10-12,Monday,0,0,Autumn,9.2,0,0,105,90,89
2048-10-13,Tuesday,0,0,Autumn,6.9,0,0,89,80,81
2048-10-14,Wednesday,0,0,Autumn,10.4,1,0,81,80,77
2048-10-15,Thursday,0,0,Autumn,7.3,1,0,77,88,83
2048-10-16,Friday,0,0,Autumn,6.0,0,0,83,113,95
2048-10-17,Saturday,1,0,Autumn,5.7,1,0,95,113,109
2048-10-18,Sunday,1,0,Autumn,9.1,0,0,109,105,98
2048-10-19,Monday,0,0,Autumn,8.6,0,0,98,89,87
2048-10-20,Tuesday,0,0,Autumn,12.4,0,1,87,81,84
2048-10-21,Wednesday,0,0,Autumn,6.8,0,0,84,77,76
2048-10-22,Thursday,0,0,Autumn,6.6,1,0,76,83,73
2048-10-23,Friday,0,0,Autumn,11.7,1,0,73,95,89
2048-10-24,Saturday,1,0,Autumn,10.2,0,0,89,109,96
2048-10-25,Sunday,1,0,Autumn,7.6,0,1,96,98,114
2048-10-26,Monday,0,0,Autumn,2.3,0,0,114,87,102
2048-10-27,Tuesday,0,0,Autumn,4.4,0,0,102,84,92
2048-10-28,Wednesday,0,0,Autumn,3.6,0,0,92,76,73
2048-10-29,Thursday,0,0,Autumn,6.7,0,0,73,73,85
2048-10-30,Friday,0,0,Autumn,4.9,0,0,85,89,84
2048-10-31,Saturday,1,0,Autumn,11.1,0,0,84,96,93
2048-11-01,Sunday,1,0,Autumn,1.5,1,0,93,114,97
2048-11-02,Monday,0,0,Autumn,2.6,0,0,97,102,82
2048-11-03,Tuesday,0,0,Autumn,6.7,1,0,82,92,87
2048-11-04,Wednesday,0,0,Autumn,7.4,1,0,87,73,82
2048-11-05,Thursday,0,0,Autumn,-2.0,1,0,82,85,97
2048-11-06,Friday,0,0,Autumn,0.4,1,0,97,84,88
2048-11-07,Saturday,1,0,Autumn,4.7,1,0,88,93,89
2048-11-08,Sunday,1,0,Autumn,9.4,1,0,89,97,104
2048-11-09,Monday,0,0,Autumn,10.9,1,0,104,82,73
2048-11-10,Tuesday,0,0,Autumn,3.9,1,0,73,87,73
2048-11-11,Wednesday,0,0,Autumn,4.5,0,0,73,82,74
2048-11-12,Thursday,0,0,Autumn,2.4,0,1,74,97,97
2048-11-13,Friday,0,0,Autumn,6.8,0,1,97,88,122
2048-11-14,Saturday,1,0,Autumn,9.3,0,0,122,89,105
2048-11-15,Sunday,1,0,Autumn,8.4,0,0,105,104,111
2048-11-16,Monday,0,0,Autumn,4.5,1,0,111,73,94
2048-11-17,Tuesday,0,0,Autumn,2.0,1,0,94,73,85
2048-11-18,Wednesday,0,0,Autumn,4.4,0,0,85,74,80
2048-11-19,Thursday,0,0,Autumn,8.4,0,0,80,97,91
2048-11-20,Friday,0,0,Autumn,3.0,1,0,91,122,88
2048-11-21,Saturday,1,0,Autumn,-1.3,1,0,88,105,103
2048-11-22,Sunday,1,0,Autumn,3.0,1,0,103,111,90
2048-11-23,Monday,0,0,Autumn,3.1,0,0,90,94,76
2048-11-24,Tuesday,0,0,Autumn,-1.6,1,0,76,85,68
2048-11-25,Wednesday,0,0,Autumn,4.5,1,0,68,80,65
2048-11-26,Thursday,0,0,Autumn,5.3,1,0,65,91,76
2048-11-27,Friday,0,0,Autumn,9.3,1,0,76,88,79
2048-11-28,Saturday,1,0,Autumn,-0.4,0,0,79,103,84
2048-11-29,Sunday,1,0,Autumn,5.8,1,0,84,90,77
2048-11-30,Monday,0,0,Autumn,6.4,0,0,77,76,82
2048-12-01,Tuesday,0,0,Winter,5.0,0,0,82,68,76
2048-12-02,Wednesday,0,0,Winter,0.4,1,0,76,65,56
2048-12-03,Thursday,0,0,Winter,0.2,0,0,56,76,69
2048-12-04,Friday,0,0,Winter,3.6,1,0,69,79,69
2048-12-05,Saturday,1,0,Winter,3.6,1,0,69,84,66
2048-12-06,Sunday,1,0,Winter,1.6,0,0,66,77,64
2048-12-07,Monday,0,0,Winter,7.1,1,0,64,82,72
2048-12-08,Tuesday,0,0,Winter,2.0,1,0,72,76,75
2048-12-09,Wednesday,0,0,Winter,-2.5,1,0,75,56,65
2048-12-10,Thursday,0,0,Winter,2.4,0,0,65,69,62
2048-12-11,Friday,0,0,Winter,4.5,0,0,62,69,73
2048-12-12,Saturday,1,0,Winter,4.1,0,0,73,66,81
2048-12-13,Sunday,1,0,Winter,4.1,1,0,81,64,56
2048-12-14,Monday,0,0,Winter,7.5,1,0,56,72,63
2048-12-15,Tuesday,0,0,Winter,-0.3,0,0,63,75,65
2048-12-16,Wednesday,0,0,Winter,1.7,0,1,65,65,88
2048-12-17,Thursday,0,0,Winter,7.6,1,0,88,62,88
2048-12-18,Friday,0,0,Winter,-2.9,1,1,88,73,83
2048-12-19,Saturday,1,0,Winter,2.8,0,0,83,81,88
2048-12-20,Sunday,1,0,Winter,6.7,0,0,88,56,80
2048-12-21,Monday,0,0,Winter,6.6,0,0,80,63,66
2048-12-22,Tuesday,0,0,Winter,5.0,1,0,66,65,52
2048-12-23,Wednesday,0,0,Winter,5.1,1,0,52,88,58
2048-12-24,Thursday,0,1,Winter,-0.1,1,0,58,88,68
2048-12-25,Friday,0,1,Winter,7.2,0,1,68,83,99
2048-12-26,Saturday,1,1,Winter,-0.5,0,0,99,88,100
2048-12-27,Sunday,1,0,Winter,-0.3,0,0,100,80,84
2048-12-28,Monday,0,0,Winter,4.3,0,0,84,66,66
2048-12-29,Tuesday,0,0,Winter,1.7,0,0,66,52,62
2048-12-30,Wednesday,0,0,Winter,3.8,0,0,62,58,59
2048-12-31,Thursday,0,1,Winter,4.5,0,0,59,68,64
2049-01-01,Friday,0,1,Winter,8.6,1,0,64,99,77
2049-01-02,Saturday,1,0,Winter,4.6,0,0,77,100,101
2049-01-03,Sunday,1,0,Winter,1.4,0,0,101,84,89
2049-01-04,Monday,0,0,Winter,5.4,0,0,89,66,82
2049-01-05,Tuesday,0,0,Winter,0.9,0,0,82,62,57
2049-01-06,Wednesday,0,0,Winter,6.2,1,0,57,59,65
2049-01-07,Thursday,0,0,Winter,3.7,1,0,65,64,69
2049-01-08,Friday,0,0,Winter,4.7,1,0,69,77,78
2049-01-09,Saturday,1,0,Winter,-1.7,1,0,78,101,72
2049-01-10,Sunday,1,0,Winter,-3.1,0,0,72,89,77
2049-01-11,Monday,0,0,Winter,-0.8,0,0,77,82,65
2049-01-12,Tuesday,0,0,Winter,9.0,0,0,65,57,55
2049-01-13,Wednesday,0,0,Winter,0.4,0,0,55,65,45
2049-01-14,Thursday,0,0,Winter,6.1,0,0,45,69,52
2049-01-15,Friday,0,0,Winter,2.1,1,0,52,78,55
2049-01-16,Saturday,1,0,Winter,3.4,1,0,55,72,73
2049-01-17,Sunday,1,0,Winter,4.0,0,0,73,77,73
2049-01-18,Monday,0,0,Winter,9.2,0,0,73,65,67
2049-01-19,Tuesday,0,0,Winter,6.1,1,0,67,55,68
2049-01-20,Wednesday,0,0,Winter,5.6,1,0,68,45,58
2049-01-21,Thursday,0,0,Winter,8.4,1,1,58,52,61
2049-01-22,Friday,0,0,Winter,2.7,0,0,61,55,66
2049-01-23,Saturday,1,0,Winter,7.9,0,0,66,73,72
2049-01-24,Sunday,1,0,Winter,7.5,1,0,72,73,61
2049-01-25,Monday,0,0,Winter,7.6,0,0,61,67,65
2049-01-26,Tuesday,0,0,Winter,4.5,0,0,65,68,69
2049-01-27,Wednesday,0,0,Winter,3.8,0,0,69,58,63
2049-01-28,Thursday,0,0,Winter,2.6,1,0,63,61,60
2049-01-29,Friday,0,0,Winter,2.9,1,0,60,66,61
2049-01-30,Saturday,1,0,Winter,2.7,0,0,61,72,84
2049-01-31,Sunday,1,0,Winter,6.6,0,0,84,61,81
2049-02-01,Monday,0,0,Winter,5.0,0,0,81,65,69
2049-02-02,Tuesday,0,0,Winter,7.1,1,0,69,69,71
2049-02-03,Wednesday,0,0,Winter,7.4,1,0,71,63,72
2049-02-04,Thursday,0,0,Winter,2.8,0,0,72,60,71
2049-02-05,Friday,0,0,Winter,2.9,0,1,71,61,85
2049-02-06,Saturday,1,0,Winter,5.6,1,0,85,84,89
2049-02-07,Sunday,1,0,Winter,4.1,1,0,89,81,82
2049-02-08,Monday,0,0,Winter,3.9,1,0,82,69,75
2049-02-09,Tuesday,0,0,Winter,11.7,0,0,75,71,66
2049-02-10,Wednesday,0,0,Winter,2.2,0,0,66,72,60
2049-02-11,Thursday,0,0,Winter,13.0,1,0,60,71,70
2049-02-12,Friday,0,0,Winter,7.9,0,0,70,85,74
2049-02-13,Saturday,1,0,Winter,10.2,0,0,74,89,92
2049-02-14,Sunday,1,0,Winter,9.9,1,0,92,82,88
2049-02-15,Monday,0,0,Winter,9.3,1,0,88,75,89
2049-02-16,Tuesday,0,0,Winter,12.6,0,0,89,66,71
2049-02-17,Wednesday,0,0,Winter,4.5,1,0,71,60,69
2049-02-18,Thursday,0,0,Winter,7.4,0,0,69,70,68
2049-02-19,Friday,0,0,Winter,5.5,0,0,68,74,76
2049-02-20,Saturday,1,0,Winter,3.1,0,0,76,92,90
2049-02-21,Sunday,1,0,Winter,6.4,0,0,90,88,91
2049-02-22,Monday,0,0,Winter,14.1,1,0,91,89,86
2049-02-23,Tuesday,0,0,Winter,8.2,0,1,86,71,87
2049-02-24,Wednesday,0,0,Winter,14.8,0,1,87,69,86
2049-02-25,Thursday,0,0,Winter,15.2,0,0,86,68,88
2049-02-26,Friday,0,0,Winter,18.1,0,0,88,76,95
2049-02-27,Saturday,1,0,Winter,15.0,1,0,95,90,93
2049-02-28,Sunday,1,0,Winter,16.5,0,0,93,91,90
2049-03-01,Monday,0,0,Spring,10.6,1,0,90,86,84
2049-03-02,Tuesday,0,0,Spring,10.5,0,0,84,87,85
2049-03-03,Wednesday,0,0,Spring,10.8,0,0,85,86,74
2049-03-04,Thursday,0,0,Spring,10.1,0,1,74,88,92
2049-03-05,Friday,0,0,Spring,10.7,1,0,92,95,87
2049-03-06,Saturday,1,0,Spring,12.7,0,0,87,93,84
2049-03-07,Sunday,1,0,Spring,9.2,0,0,84,90,93
2049-03-08,Monday,0,0,Spring,6.6,0,0,93,84,76
2049-03-09,Tuesday,0,0,Spring,12.0,0,0,76,85,89
2049-03-10,Wednesday,0,0,Spring,9.0,0,1,89,74,96
2049-03-11,Thursday,0,0,Spring,9.5,0,0,96,92,95
2049-03-12,Friday,0,0,Spring,11.0,0,0,95,87,105
2049-03-13,Saturday,1,0,Spring,10.5,1,0,105,84,106
2049-03-14,Sunday,1,0,Spring,15.1,1,0,106,93,94
2049-03-15,Monday,0,0,Spring,11.5,1,0,94,76,88
2049-03-16,Tuesday,0,0,Spring,15.6,0,1,88,89,91
2049-03-17,Wednesday,0,0,Spring,12.9,0,0,91,96,98
2049-03-18,Thursday,0,0,Spring,12.2,0,0,98,95,93
2049-03-19,Friday,0,0,Spring,13.1,1,0,93,105,88
2049-03-20,Saturday,1,0,Spring,9.0,1,0,88,106,100
2049-03-21,Sunday,1,0,Spring,14.0,0,0,100,94,97
2049-03-22,Monday,0,0,Spring,15.7,0,0,97,88,99
2049-03-23,Tuesday,0,0,Spring,16.3,0,1,99,91,111
2049-03-24,Wednesday,0,0,Spring,9.5,0,0,111,98,87
2049-03-25,Thursday,0,0,Spring,9.1,0,0,87,93,89
2049-03-26,Friday,0,0,Spring,12.2,0,0,89,88,97
2049-03-27,Saturday,1,0,Spring,18.2,0,0,97,100,107
2049-03-28,Sunday,1,0,Spring,14.9,0,0,107,97,106
2049-03-29,Monday,0,0,Spring,12.0,0,0,106,99,98
2049-03-30,Tuesday,0,0,Spring,10.2,1,0,98,111,82
2049-03-31,Wednesday,0,0,Spring,12.7,1,0,82,87,93
2049-04-01,Thursday,0,0,Spring,12.6,1,0,93,89,94
2049-04-02,Friday,0,0,Spring,17.9,1,0,94,97,92
2049-04-03,Saturday,1,0,Spring,18.3,0,0,92,107,101
2049-04-04,Sunday,1,0,Spring,12.2,0,0,101,106,110
2049-04-05,Monday,0,0,Spring,17.8,0,1,110,98,110
2049-04-06,Tuesday,0,0,Spring,17.7,0,0,110,82,100
2049-04-07,Wednesday,0,0,Spring,12.3,1,0,100,93,95
2049-04-08,Thursday,0,0,Spring,15.8,0,0,95,94,98
2049-04-09,Friday,0,0,Spring,17.2,1,0,98,92,84
2049-04-10,Saturday,1,0,Spring,16.9,0,0,84,101,97
2049-04-11,Sunday,1,0,Spring,11.4,0,0,97,110,107
2049-04-12,Monday,0,0,Spring,17.1,1,0,107,110,104
2049-04-13,Tuesday,0,0,Spring,18.8,1,0,104,100,93
2049-04-14,Wednesday,0,0,Spring,21.8,0,1,93,95,103
2049-04-15,Thursday,0,0,Spring,15.2,0,0,103,98,109
2049-04-16,Friday,0,0,Spring,15.7,0,0,109,84,112
2049-04-17,Saturday,1,0,Spring,16.9,0,0,112,97,114
2049-04-18,Sunday,1,0,Spring,18.5,1,0,114,107,116
2049-04-19,Monday,0,0,Spring,18.1,0,0,116,104,108
2049-04-20,Tuesday,0,0,Spring,19.7,1,0,108,93,102
2049-04-21,Wednesday,0,0,Spring,14.7,0,0,102,103,99
2049-04-22,Thursday,0,0,Spring,19.4,1,0,99,109,96
2049-04-23,Friday,0,0,Spring,16.2,0,1,96,112,125
2049-04-24,Saturday,1,0,Spring,18.1,1,0,125,114,132
2049-04-25,Sunday,1,0,Spring,23.8,0,0,132,116,126
2049-04-26,Monday,0,0,Spring,14.6,1,0,126,108,109
2049-04-27,Tuesday,0,0,Spring,18.1,1,0,109,102,100
2049-04-28,Wednesday,0,0,Spring,15.3,0,0,100,99,98
2049-04-29,Thursday,0,0,Spring,19.7,0,0,98,96,100
2049-04-30,Friday,0,0,Spring,22.5,1,0,100,125,118
2049-05-01,Saturday,1,1,Spring,20.0,1,0,118,132,121
2049-05-02,Sunday,1,0,Spring,19.3,1,0,121,126,114
2049-05-03,Monday,0,0,Spring,23.7,0,0,114,109,115
2049-05-04,Tuesday,0,0,Spring,20.9,0,0,115,100,107
2049-05-05,Wednesday,0,0,Spring,22.4,0,0,107,98,112
2049-05-06,Thursday,0,0,Spring,22.3,1,0,112,100,106
2049-05-07,Friday,0,0,Spring,11.6,0,0,106,118,111
2049-05-08,Saturday,1,0,Spring,20.1,0,0,111,121,118
2049-05-09,Sunday,1,0,Spring,17.2,1,0,118,114,122
2049-05-10,Monday,0,0,Spring,18.1,1,0,122,115,114
2049-05-11,Tuesday,0,0,Spring,25.1,0,0,114,107,102
2049-05-12,Wednesday,0,0,Spring,19.7,1,0,102,112,105
2049-05-13,Thursday,0,0,Spring,26.6,0,0,105,106,116
2049-05-14,Friday,0,0,Spring,16.8,0,0,116,111,114
2049-05-15,Saturday,1,0,Spring,17.9,1,1,114,118,128
2049-05-16,Sunday,1,0,Spring,23.5,1,0,128,122,132
2049-05-17,Monday,0,0,Spring,20.3,0,0,132,114,116
2049-05-18,Tuesday,0,0,Spring,22.3,0,0,116,102,110
2049-05-19,Wednesday,0,0,Spring,21.2,0,0,110,105,103
2049-05-20,Thursday,0,0,Spring,21.2,0,0,103,116,112
2049-05-21,Friday,0,0,Spring,20.8,0,0,112,114,108
2049-05-22,Saturday,1,0,Spring,22.3,0,1,108,128,133
2049-05-23,Sunday,1,0,Spring,23.8,1,1,133,132,146
2049-05-24,Monday,0,0,Spring,26.8,0,0,146,116,120
2049-05-25,Tuesday,0,0,Spring,21.4,1,0,120,110,118
2049-05-26,Wednesday,0,0,Spring,20.9,0,1,118,103,117
2049-05-27,Thursday,0,0,Spring,20.6,0,0,117,112,109
2049-05-28,Friday,0,0,Spring,26.6,1,0,109,108,110
2049-05-29,Saturday,1,0,Spring,24.3,0,0,110,133,125
2049-05-30,Sunday,1,0,Spring,16.6,1,0,125,146,122
2049-05-31,Monday,0,0,Spring,16.6,1,0,122,120,117
2049-06-01,Tuesday,0,0,Summer,20.0,1,0,117,118,109
2049-06-02,Wednesday,0,0,Summer,23.2,0,0,109,117,115
2049-06-03,Thursday,0,0,Summer,22.5,0,0,115,109,130
2049-06-04,Friday,0,0,Summer,24.2,0,0,130,110,124
2049-06-05,Saturday,1,0,Summer,22.1,0,0,124,125,126
2049-06-06,Sunday,1,0,Summer,26.9,0,0,126,122,126
2049-06-07,Monday,0,0,Summer,25.1,1,0,126,117,123
2049-06-08,Tuesday,0,0,Summer,23.0,0,0,123,109,115
2049-06-09,Wednesday,0,0,Summer,26.2,0,0,115,115,118
2049-06-10,Thursday,0,0,Summer,17.9,0,0,118,130,115
2049-06-11,Friday,0,0,Summer,22.6,0,0,115,124,120
2049-06-12,Saturday,1,0,Summer,23.3,0,0,120,126,135
2049-06-13,Sunday,1,0,Summer,24.7,0,0,135,126,123
2049-06-14,Monday,0,0,Summer,17.8,1,0,123,123,100
2049-06-15,Tuesday,0,0,Summer,22.2,0,0,100,115,103
2049-06-16,Wednesday,0,0,Summer,24.2,1,0,103,118,104
2049-06-17,Thursday,0,0,Summer,24.4,0,1,104,115,118
2049-06-18,Friday,0,0,Summer,26.6,0,1,118,120,130
2049-06-19,Saturday,1,0,Summer,25.3,0,1,130,135,144
2049-06-20,Sunday,1,0,Summer,22.8,1,0,144,123,129
2049-06-21,Monday,0,0,Summer,25.0,0,0,129,100,125
2049-06-22,Tuesday,0,0,Summer,22.4,0,0,125,103,120
2049-06-23,Wednesday,0,0,Summer,23.4,0,0,120,104,113
2049-06-24,Thursday,0,0,Summer,25.4,0,0,113,118,124
2049-06-25,Friday,0,0,Summer,22.8,0,0,124,130,109
2049-06-26,Saturday,1,0,Summer,24.0,0,0,109,144,131
2049-06-27,Sunday,1,0,Summer,25.8,0,0,131,129,138
2049-06-28,Monday,0,0,Summer,25.0,0,0,138,125,122
2049-06-29,Tuesday,0,0,Summer,26.6,0,0,122,120,123
2049-06-30,Wednesday,0,0,Summer,29.8,0,0,123,113,116
2049-07-01,Thursday,0,0,Summer,24.9,0,1,116,124,130
2049-07-02,Friday,0,0,Summer,21.4,1,0,130,109,111
2049-07-03,Saturday,1,0,Summer,24.3,0,0,111,131,133
2049-07-04,Sunday,1,0,Summer,24.1,1,0,133,138,132
2049-07-05,Monday,0,0,Summer,24.5,1,1,132,122,129
2049-07-06,Tuesday,0,0,Summer,27.1,0,0,129,123,123
2049-07-07,Wednesday,0,0,Summer,17.5,0,0,123,116,124
2049-07-08,Thursday,0,0,Summer,27.1,0,0,124,130,128
2049-07-09,Friday,0,0,Summer,28.0,0,0,128,111,133
2049-07-10,Saturday,1,0,Summer,24.1,1,0,133,133,130
2049-07-11,Sunday,1,0,Summer,24.1,0,0,130,132,136
2049-07-12,Monday,0,0,Summer,21.6,0,0,136,129,136
2049-07-13,Tuesday,0,0,Summer,22.3,1,0,136,123,133
2049-07-14,Wednesday,0,0,Summer,24.3,1,0,133,124,105
2049-07-15,Thursday,0,0,Summer,24.0,0,0,105,128,117
2049-07-16,Friday,0,0,Summer,24.2,0,1,117,133,123
2049-07-17,Saturday,1,0,Summer,23.8,1,0,123,130,125
2049-07-18,Sunday,1,0,Summer,24.6,0,0,125,136,127
2049-07-19,Monday,0,0,Summer,24.2,1,0,127,136,125
2049-07-20,Tuesday,0,0,Summer,18.7,1,0,125,133,117
2049-07-21,Wednesday,0,0,Summer,24.1,0,0,117,105,108
2049-07-22,Thursday,0,0,Summer,27.1,0,0,108,117,120
2049-07-23,Friday,0,0,Summer,21.4,1,0,120,123,113
2049-07-24,Saturday,1,0,Summer,25.9,0,1,113,125,128
2049-07-25,Sunday,1,0,Summer,18.5,0,0,128,127,124
2049-07-26,Monday,0,0,Summer,21.1,0,0,124,125,117
2049-07-27,Tuesday,0,0,Summer,19.2,0,0,117,117,114
2049-07-28,Wednesday,0,0,Summer,25.1,0,0,114,108,114
2049-07-29,Thursday,0,0,Summer,25.8,0,0,114,120,114
2049-07-30,Friday,0,0,Summer,20.5,0,0,114,113,119
2049-07-31,Saturday,1,0,Summer,24.2,0,0,119,128,130
2049-08-01,Sunday,1,0,Summer,25.5,0,0,130,124,130
2049-08-02,Monday,0,0,Summer,20.3,0,0,130,117,108
2049-08-03,Tuesday,0,0,Summer,20.7,1,0,108,114,109
2049-08-04,Wednesday,0,0,Summer,22.4,0,0,109,114,115
2049-08-05,Thursday,0,0,Summer,17.5,1,1,115,114,123
2049-08-06,Friday,0,0,Summer,20.3,0,0,123,119,124
2049-08-07,Saturday,1,0,Summer,26.2,0,0,124,130,140
2049-08-08,Sunday,1,0,Summer,18.2,0,0,140,130,136
2049-08-09,Monday,0,0,Summer,22.1,1,0,136,108,113
2049-08-10,Tuesday,0,0,Summer,21.0,0,0,113,109,109
2049-08-11,Wednesday,0,0,Summer,18.8,1,0,109,115,102
2049-08-12,Thursday,0,0,Summer,19.8,0,0,102,123,104
2049-08-13,Friday,0,0,Summer,24.3,1,0,104,124,119
2049-08-14,Saturday,1,0,Summer,20.6,1,0,119,140,126
2049-08-15,Sunday,1,0,Summer,20.9,1,0,126,136,131
2049-08-16,Monday,0,0,Summer,23.4,0,0,131,113,132
2049-08-17,Tuesday,0,0,Summer,17.6,0,0,132,109,124
2049-08-18,Wednesday,0,0,Summer,15.2,0,0,124,102,105
2049-08-19,Thursday,0,0,Summer,23.5,0,0,105,104,105
2049-08-20,Friday,0,0,Summer,18.4,0,1,105,119,125
2049-08-21,Saturday,1,0,Summer,20.6,0,0,125,126,132
2049-08-22,Sunday,1,0,Summer,15.4,0,0,132,131,138
2049-08-23,Monday,0,0,Summer,18.7,0,0,138,132,123
2049-08-24,Tuesday,0,0,Summer,14.1,0,0,123,124,107
2049-08-25,Wednesday,0,0,Summer,17.5,0,0,107,105,99
2049-08-26,Thursday,0,0,Summer,15.2,1,0,99,105,108
2049-08-27,Friday,0,0,Summer,14.3,0,0,108,125,116
2049-08-28,Saturday,1,0,Summer,15.9,0,0,116,132,131
2049-08-29,Sunday,1,0,Summer,9.8,0,0,131,138,125
2049-08-30,Monday,0,0,Summer,13.0,0,0,125,123,109
2049-08-31,Tuesday,0,0,Summer,18.7,0,0,109,107,111
2049-09-01,Wednesday,0,0,Autumn,17.2,0,0,111,99,93
2049-09-02,Thursday,0,0,Autumn,12.8,0,1,93,108,108
2049-09-03,Friday,0,0,Autumn,17.5,0,0,108,116,122
2049-09-04,Saturday,1,0,Autumn,13.0,1,0,122,131,104
2049-09-05,Sunday,1,0,Autumn,17.7,1,0,104,125,102
2049-09-06,Monday,0,0,Autumn,15.0,1,0,102,109,94
2049-09-07,Tuesday,0,0,Autumn,14.2,0,1,94,111,100
2049-09-08,Wednesday,0,0,Autumn,14.7,0,0,100,93,94
2049-09-09,Thursday,0,0,Autumn,22.5,0,0,94,108,117
2049-09-10,Friday,0,0,Autumn,12.4,0,0,117,122,110
2049-09-11,Saturday,1,0,Autumn,15.2,1,0,110,104,106
2049-09-12,Sunday,1,0,Autumn,16.7,0,0,106,102,99
2049-09-13,Monday,0,0,Autumn,11.2,0,0,99,94,81
2049-09-14,Tuesday,0,0,Autumn,9.2,1,0,81,100,84
2049-09-15,Wednesday,0,0,Autumn,12.0,0,0,84,94,75
2049-09-16,Thursday,0,0,Autumn,15.9,0,0,75,117,83
2049-09-17,Friday,0,0,Autumn,12.4,1,0,83,110,92
2049-09-18,Saturday,1,0,Autumn,12.6,0,0,92,106,106
2049-09-19,Sunday,1,0,Autumn,15.8,1,0,106,99,95
2049-09-20,Monday,0,0,Autumn,10.5,0,0,95,81,80
2049-09-21,Tuesday,0,0,Autumn,12.5,1,0,80,84,66
2049-09-22,Wednesday,0,0,Autumn,8.1,1,1,66,75,79
2049-09-23,Thursday,0,0,Autumn,13.4,0,0,79,83,84
2049-09-24,Friday,0,0,Autumn,12.9,1,1,84,92,95
2049-09-25,Saturday,1,0,Autumn,14.5,0,0,95,106,95
2049-09-26,Sunday,1,0,Autumn,8.5,1,0,95,95,98
2049-09-27,Monday,0,0,Autumn,11.2,1,0,98,80,79
2049-09-28,Tuesday,0,0,Autumn,7.7,0,1,79,66,87
2049-09-29,Wednesday,0,0,Autumn,10.7,0,0,87,79,78
2049-09-30,Thursday,0,0,Autumn,15.7,0,1,78,84,94
2049-10-01,Friday,0,0,Autumn,10.1,0,0,94,95,90
2049-10-02,Saturday,1,0,Autumn,6.8,0,0,90,95,102
2049-10-03,Sunday,1,0,Autumn,8.7,0,0,102,98,91
2049-10-04,Monday,0,0,Autumn,5.7,1,0,91,79,79
2049-10-05,Tuesday,0,0,Autumn,6.5,1,0,79,87,67
2049-10-06,Wednesday,0,0,Autumn,12.2,0,0,67,78,71
2049-10-07,Thursday,0,0,Autumn,5.7,1,0,71,94,81
2049-10-08,Friday,0,0,Autumn,10.8,0,0,81,90,80
2049-10-09,Saturday,1,0,Autumn,9.8,1,0,80,102,94
2049-10-10,Sunday,1,0,Autumn,8.0,1,0,94,91,96
2049-10-11,Monday,0,0,Autumn,10.1,1,0,96,79,67
2049-10-12,Tuesday,0,0,Autumn,6.4,1,0,67,67,68
2049-10-13,Wednesday,0,0,Autumn,11.6,0,0,68,71,80
2049-10-14,Thursday,0,0,Autumn,6.8,0,0,80,81,76
2049-10-15,Friday,0,0,Autumn,7.6,0,0,76,80,76
2049-10-16,Saturday,1,0,Autumn,7.1,0,0,76,94,78
2049-10-17,Sunday,1,0,Autumn,10.5,0,0,78,96,82
2049-10-18,Monday,0,0,Autumn,9.9,0,0,82,67,82
2049-10-19,Tuesday,0,0,Autumn,0.3,1,0,82,68,66
2049-10-20,Wednesday,0,0,Autumn,8.8,1,0,66,80,73
2049-10-21,Thursday,0,0,Autumn,2.6,0,0,73,76,70
2049-10-22,Friday,0,0,Autumn,6.7,1,0,70,76,74
2049-10-23,Saturday,1,0,Autumn,7.2,0,0,74,78,93
2049-10-24,Sunday,1,0,Autumn,6.4,0,0,93,82,99
2049-10-25,Monday,0,0,Autumn,8.8,0,0,99,82,87
2049-10-26,Tuesday,0,0,Autumn,9.3,0,0,87,66,76
2049-10-27,Wednesday,0,0,Autumn,4.7,0,0,76,73,68
2049-10-28,Thursday,0,0,Autumn,4.4,0,0,68,70,77
2049-10-29,Friday,0,0,Autumn,6.6,0,0,77,74,79
2049-10-30,Saturday,1,0,Autumn,2.0,0,0,79,93,97
2049-10-31,Sunday,1,0,Autumn,5.0,0,0,97,99,84
2049-11-01,Monday,0,0,Autumn,10.4,1,0,84,87,75
2049-11-02,Tuesday,0,0,Autumn,1.7,0,0,75,76,71
2049-11-03,Wednesday,0,0,Autumn,5.1,0,1,71,68,81
2049-11-04,Thursday,0,0,Autumn,4.2,0,0,81,77,70
2049-11-05,Friday,0,0,Autumn,11.9,0,0,70,79,80
2049-11-06,Saturday,1,0,Autumn,4.1,0,0,80,97,97
2049-11-07,Sunday,1,0,Autumn,4.2,0,0,97,84,94
2049-11-08,Monday,0,0,Autumn,2.4,1,0,94,75,78
2049-11-09,Tuesday,0,0,Autumn,5.4,1,0,78,71,64
2049-11-10,Wednesday,0,0,Autumn,6.1,1,0,64,81,66
2049-11-11,Thursday,0,0,Autumn,2.5,1,0,66,70,59
2049-11-12,Friday,0,0,Autumn,8.0,0,0,59,80,81
2049-11-13,Saturday,1,0,Autumn,5.8,0,0,81,97,95
2049-11-14,Sunday,1,0,Autumn,7.4,0,0,95,94,96
2049-11-15,Monday,0,0,Autumn,3.8,0,0,96,78,83
2049-11-16,Tuesday,0,0,Autumn,5.4,0,0,83,64,82
2049-11-17,Wednesday,0,0,Autumn,3.9,0,0,82,66,88
2049-11-18,Thursday,0,0,Autumn,8.8,1,0,88,59,76
2049-11-19,Friday,0,0,Autumn,4.7,0,0,76,81,81
2049-11-20,Saturday,1,0,Autumn,4.3,1,0,81,95,90
2049-11-21,Sunday,1,0,Autumn,2.8,1,0,90,96,98
2049-11-22,Monday,0,0,Autumn,2.6,0,0,98,83,89
2049-11-23,Tuesday,0,0,Autumn,4.8,0,0,89,82,84
2049-11-24,Wednesday,0,0,Autumn,6.4,0,0,84,88,88
2049-11-25,Thursday,0,0,Autumn,1.9,0,0,88,76,84
2049-11-26,Friday,0,0,Autumn,4.2,1,0,84,81,71
2049-11-27,Saturday,1,0,Autumn,4.3,1,0,71,90,89
2049-11-28,Sunday,1,0,Autumn,4.8,0,0,89,98,86
2049-11-29,Monday,0,0,Autumn,-1.5,0,0,86,89,77
2049-11-30,Tuesday,0,0,Autumn,0.8,1,0,77,84,66
2049-12-01,Wednesday,0,0,Winter,-0.6,1,0,66,88,64
2049-12-02,Thursday,0,0,Winter,3.6,1,0,64,84,70
2049-12-03,Friday,0,0,Winter,0.7,0,0,70,71,81
2049-12-04,Saturday,1,0,Winter,1.9,0,1,81,89,91
2049-12-05,Sunday,1,0,Winter,-0.3,0,0,91,86,96
2049-12-06,Monday,0,0,Winter,2.1,0,0,96,77,68
2049-12-07,Tuesday,0,0,Winter,-0.1,0,0,68,66,55
2049-12-08,Wednesday,0,0,Winter,5.5,0,1,55,64,62
2049-12-09,Thursday,0,0,Winter,4.6,0,0,62,70,72
2049-12-10,Friday,0,0,Winter,3.6,1,0,72,81,67
2049-12-11,Saturday,1,0,Winter,2.2,0,0,67,91,72
2049-12-12,Sunday,1,0,Winter,-3.0,1,0,72,96,88
2049-12-13,Monday,0,0,Winter,1.7,0,0,88,68,72
2049-12-14,Tuesday,0,0,Winter,0.8,1,0,72,55,70
2049-12-15,Wednesday,0,0,Winter,3.8,0,0,70,62,73
2049-12-16,Thursday,0,0,Winter,4.9,1,0,73,72,75
2049-12-17,Friday,0,0,Winter,4.0,0,0,75,67,83
2049-12-18,Saturday,1,0,Winter,6.8,0,0,83,72,83
2049-12-19,Sunday,1,0,Winter,1.3,1,0,83,88,72
2049-12-20,Monday,0,0,Winter,1.2,0,0,72,72,70
2049-12-21,Tuesday,0,0,Winter,6.1,1,0,70,70,62
2049-12-22,Wednesday,0,0,Winter,3.5,1,0,62,73,66
2049-12-23,Thursday,0,0,Winter,2.3,0,0,66,75,76
2049-12-24,Friday,0,1,Winter,8.6,0,0,76,83,82
2049-12-25,Saturday,1,1,Winter,4.8,1,0,82,83,85
2049-12-26,Sunday,1,1,Winter,2.5,1,0,85,72,82
2049-12-27,Monday,0,0,Winter,1.0,0,0,82,70,79
2049-12-28,Tuesday,0,0,Winter,7.1,1,0,79,62,62
2049-12-29,Wednesday,0,0,Winter,3.7,1,0,62,66,73
2049-12-30,Thursday,0,0,Winter,3.2,0,0,73,76,62
2049-12-31,Friday,0,1,Winter,5.2,1,0,62,82,87
2050-01-01,Saturday,1,1,Winter,5.9,0,0,87,85,97
2050-01-02,Sunday,1,0,Winter,4.9,0,0,97,82,93
2050-01-03,Monday,0,0,Winter,6.0,1,0,93,79,81
2050-01-04,Tuesday,0,0,Winter,4.7,1,0,81,62,51
2050-01-05,Wednesday,0,0,Winter,5.1,0,1,51,73,67
2050-01-06,Thursday,0,0,Winter,1.2,1,0,67,62,61
2050-01-07,Friday,0,0,Winter,8.9,0,0,61,87,84
2050-01-08,Saturday,1,0,Winter,-0.2,0,0,84,97,88
2050-01-09,Sunday,1,0,Winter,4.5,0,0,88,93,98
2050-01-10,Monday,0,0,Winter,-0.3,0,0,98,81,93
2050-01-11,Tuesday,0,0,Winter,3.4,0,0,93,51,76
2050-01-12,Wednesday,0,0,Winter,2.1,0,0,76,67,71
2050-01-13,Thursday,0,0,Winter,4.3,1,0,71,61,58
2050-01-14,Friday,0,0,Winter,5.0,1,0,58,84,73
2050-01-15,Saturday,1,0,Winter,1.1,0,0,73,88,80
2050-01-16,Sunday,1,0,Winter,4.0,0,0,80,98,96
2050-01-17,Monday,0,0,Winter,8.3,1,0,96,93,73
2050-01-18,Tuesday,0,0,Winter,0.3,0,0,73,76,64
2050-01-19,Wednesday,0,0,Winter,1.8,1,0,64,71,68
2050-01-20,Thursday,0,0,Winter,7.0,0,0,68,58,80
2050-01-21,Friday,0,0,Winter,4.7,1,0,80,73,81
2050-01-22,Saturday,1,0,Winter,5.1,0,0,81,80,94
2050-01-23,Sunday,1,0,Winter,7.8,1,0,94,96,92
2050-01-24,Monday,0,0,Winter,2.4,1,0,92,73,85
2050-01-25,Tuesday,0,0,Winter,3.3,1,0,85,64,71
2050-01-26,Wednesday,0,0,Winter,3.1,1,0,71,68,68
2050-01-27,Thursday,0,0,Winter,4.0,1,0,68,80,71
2050-01-28,Friday,0,0,Winter,9.2,1,1,71,81,82
2050-01-29,Saturday,1,0,Winter,0.2,0,0,82,94,91
2050-01-30,Sunday,1,0,Winter,1.8,1,0,91,92,87
2050-01-31,Monday,0,0,Winter,1.4,0,0,87,85,80
2050-02-01,Tuesday,0,0,Winter,9.9,0,0,80,71,59
2050-02-02,Wednesday,0,0,Winter,3.9,0,0,59,68,57
2050-02-03,Thursday,0,0,Winter,4.9,1,0,57,71,59
2050-02-04,Friday,0,0,Winter,1.2,0,0,59,82,60
2050-02-05,Saturday,1,0,Winter,5.3,0,0,60,91,73
2050-02-06,Sunday,1,0,Winter,8.9,1,0,73,87,84
2050-02-07,Monday,0,0,Winter,7.1,1,0,84,80,76
2050-02-08,Tuesday,0,0,Winter,6.2,0,0,76,59,75
2050-02-09,Wednesday,0,0,Winter,2.0,1,0,75,57,69
2050-02-10,Thursday,0,0,Winter,5.8,1,0,69,59,72
2050-02-11,Friday,0,0,Winter,7.4,1,0,72,60,70
2050-02-12,Saturday,1,0,Winter,4.1,1,0,70,73,84
2050-02-13,Sunday,1,0,Winter,9.2,0,0,84,84,82
2050-02-14,Monday,0,0,Winter,10.0,0,0,82,76,85
2050-02-15,Tuesday,0,0,Winter,5.9,1,0,85,75,79
2050-02-16,Wednesday,0,0,Winter,9.8,0,1,79,69,87
2050-02-17,Thursday,0,0,Winter,7.4,1,0,87,72,77
2050-02-18,Friday,0,0,Winter,11.4,1,0,77,70,72
2050-02-19,Saturday,1,0,Winter,14.2,0,0,72,84,86
2050-02-20,Sunday,1,0,Winter,4.9,1,0,86,82,71
2050-02-21,Monday,0,0,Winter,10.7,0,0,71,85,81
2050-02-22,Tuesday,0,0,Winter,12.4,1,0,81,79,72
2050-02-23,Wednesday,0,0,Winter,5.8,0,0,72,87,72
2050-02-24,Thursday,0,0,Winter,7.1,1,0,72,77,59
2050-02-25,Friday,0,0,Winter,7.2,0,0,59,72,63
2050-02-26,Saturday,1,0,Winter,8.7,0,0,63,86,99
2050-02-27,Sunday,1,0,Winter,8.2,0,0,99,71,85
2050-02-28,Monday,0,0,Winter,8.9,1,0,85,81,82
2050-03-01,Tuesday,0,0,Spring,12.1,1,0,82,72,67
2050-03-02,Wednesday,0,0,Spring,4.1,1,0,67,72,58
2050-03-03,Thursday,0,0,Spring,7.0,1,0,58,59,63
2050-03-04,Friday,0,0,Spring,12.1,0,0,63,63,75
2050-03-05,Saturday,1,0,Spring,11.9,1,0,75,99,86
2050-03-06,Sunday,1,0,Spring,7.3,0,0,86,85,89
2050-03-07,Monday,0,0,Spring,12.3,0,0,89,82,79
2050-03-08,Tuesday,0,0,Spring,14.8,0,0,79,67,86
2050-03-09,Wednesday,0,0,Spring,10.8,1,0,86,58,89
2050-03-10,Thursday,0,0,Spring,8.1,0,0,89,63,89
2050-03-11,Friday,0,0,Spring,13.9,0,0,89,75,80
2050-03-12,Saturday,1,0,Spring,16.6,0,0,80,86,97
2050-03-13,Sunday,1,0,Spring,9.0,0,0,97,89,92
2050-03-14,Monday,0,0,Spring,11.9,0,0,92,79,81
2050-03-15,Tuesday,0,0,Spring,15.2,1,0,81,86,86
2050-03-16,Wednesday,0,0,Spring,12.5,1,0,86,89,85
2050-03-17,Thursday,0,0,Spring,7.1,1,0,85,89,84
2050-03-18,Friday,0,0,Spring,13.8,0,0,84,80,89
2050-03-19,Saturday,1,0,Spring,9.7,0,0,89,97,92
2050-03-20,Sunday,1,0,Spring,9.0,0,0,92,92,87
2050-03-21,Monday,0,0,Spring,7.8,1,0,87,81,76
2050-03-22,Tuesday,0,0,Spring,16.7,0,1,76,86,89
2050-03-23,Wednesday,0,0,Spring,10.8,0,1,89,85,97
2050-03-24,Thursday,0,0,Spring,14.5,0,1,97,84,107
2050-03-25,Friday,0,0,Spring,15.4,0,0,107,89,101
2050-03-26,Saturday,1,0,Spring,14.3,1,0,101,92,102
2050-03-27,Sunday,1,0,Spring,14.9,0,0,102,87,107
2050-03-28,Monday,0,0,Spring,15.3,0,0,107,76,90
2050-03-29,Tuesday,0,0,Spring,14.8,0,1,90,89,99
2050-03-30,Wednesday,0,0,Spring,12.3,0,0,99,97,97
2050-03-31,Thursday,0,0,Spring,12.2,1,1,97,107,101
2050-04-01,Friday,0,0,Spring,14.6,1,1,101,101,98
2050-04-02,Saturday,1,0,Spring,14.7,1,1,98,102,103
2050-04-03,Sunday,1,0,Spring,16.5,0,0,103,107,114
2050-04-04,Monday,0,0,Spring,18.7,1,1,114,90,94
2050-04-05,Tuesday,0,0,Spring,16.6,0,0,94,99,107
2050-04-06,Wednesday,0,0,Spring,13.3,0,0,107,97,94
2050-04-07,Thursday,0,0,Spring,9.3,0,0,94,101,82
2050-04-08,Friday,0,0,Spring,13.7,0,0,82,98,89
2050-04-09,Saturday,1,0,Spring,12.2,0,0,89,103,85
2050-04-10,Sunday,1,0,Spring,14.2,1,0,85,114,85
2050-04-11,Monday,0,0,Spring,17.3,1,0,85,94,85
2050-04-12,Tuesday,0,0,Spring,16.9,0,0,85,107,82
2050-04-13,Wednesday,0,0,Spring,22.4,0,0,82,94,80
2050-04-14,Thursday,0,0,Spring,18.5,1,0,80,82,84
2050-04-15,Friday,0,0,Spring,22.9,0,0,84,89,96
2050-04-16,Saturday,1,0,Spring,19.5,1,0,96,85,102
2050-04-17,Sunday,1,0,Spring,20.7,0,0,102,85,104
2050-04-18,Monday,0,0,Spring,16.6,1,0,104,85,90
2050-04-19,Tuesday,0,0,Spring,14.6,0,1,90,82,98
2050-04-20,Wednesday,0,0,Spring,16.6,0,1,98,80,106
2050-04-21,Thursday,0,0,Spring,18.0,0,0,106,84,100
2050-04-22,Friday,0,0,Spring,16.3,0,0,100,96,105
2050-04-23,Saturday,1,0,Spring,15.4,0,0,105,102,91
2050-04-24,Sunday,1,0,Spring,19.8,0,0,91,104,99
2050-04-25,Monday,0,0,Spring,15.6,0,0,99,90,102
2050-04-26,Tuesday,0,0,Spring,14.2,1,0,102,98,89
2050-04-27,Wednesday,0,0,Spring,15.6,0,0,89,106,98
2050-04-28,Thursday,0,0,Spring,18.4,0,0,98,100,102
2050-04-29,Friday,0,0,Spring,16.2,0,0,102,105,101
2050-04-30,Saturday,1,0,Spring,18.7,1,0,101,91,106
2050-05-01,Sunday,1,1,Spring,21.3,0,0,106,99,111
2050-05-02,Monday,0,0,Spring,21.3,1,0,111,102,97
2050-05-03,Tuesday,0,0,Spring,17.8,1,0,97,89,86
2050-05-04,Wednesday,0,0,Spring,16.0,0,0,86,98,85
2050-05-05,Thursday,0,0,Spring,18.3,0,0,85,102,88
2050-05-06,Friday,0,0,Spring,22.1,0,0,88,101,97
2050-05-07,Saturday,1,0,Spring,22.9,1,0,97,106,107
2050-05-08,Sunday,1,0,Spring,21.4,0,0,107,111,109
2050-05-09,Monday,0,0,Spring,24.1,0,0,109,97,99
2050-05-10,Tuesday,0,0,Spring,25.8,1,0,99,86,111
2050-05-11,Wednesday,0,0,Spring,19.2,1,0,111,85,102
2050-05-12,Thursday,0,0,Spring,25.3,0,0,102,88,90
2050-05-13,Friday,0,0,Spring,20.1,0,1,90,97,109
2050-05-14,Saturday,1,0,Spring,24.1,0,1,109,107,126
2050-05-15,Sunday,1,0,Spring,23.2,1,0,126,109,142
2050-05-16,Monday,0,0,Spring,15.3,0,0,142,99,117
2050-05-17,Tuesday,0,0,Spring,18.4,0,0,117,111,123
2050-05-18,Wednesday,0,0,Spring,17.7,1,0,123,102,104
2050-05-19,Thursday,0,0,Spring,16.1,1,0,104,90,91
2050-05-20,Friday,0,0,Spring,24.2,0,0,91,109,97
2050-05-21,Saturday,1,0,Spring,27.9,1,0,97,126,121
2050-05-22,Sunday,1,0,Spring,21.0,0,0,121,142,120
2050-05-23,Monday,0,0,Spring,24.4,1,0,120,117,105
2050-05-24,Tuesday,0,0,Spring,26.4,0,0,105,123,114
2050-05-25,Wednesday,0,0,Spring,22.6,0,0,114,104,106
2050-05-26,Thursday,0,0,Spring,22.0,0,0,106,91,104
2050-05-27,Friday,0,0,Spring,21.4,0,0,104,97,97
2050-05-28,Saturday,1,0,Spring,23.8,0,0,97,121,98
2050-05-29,Sunday,1,0,Spring,24.9,1,0,98,120,118
2050-05-30,Monday,0,0,Spring,23.7,0,0,118,105,117
2050-05-31,Tuesday,0,0,Spring,23.7,0,0,117,114,110
2050-06-01,Wednesday,0,0,Summer,22.3,0,0,110,106,110
2050-06-02,Thursday,0,0,Summer,17.7,0,0,110,104,102
2050-06-03,Friday,0,0,Summer,25.3,0,0,102,97,107
2050-06-04,Saturday,1,0,Summer,18.8,0,0,107,98,130
2050-06-05,Sunday,1,0,Summer,24.5,0,0,130,118,140
2050-06-06,Monday,0,0,Summer,25.0,0,0,140,117,127
2050-06-07,Tuesday,0,0,Summer,19.3,1,0,127,110,99
2050-06-08,Wednesday,0,0,Summer,21.0,1,0,99,110,105
2050-06-09,Thursday,0,0,Summer,29.2,0,0,105,102,109
2050-06-10,Friday,0,0,Summer,22.6,0,0,109,107,111
2050-06-11,Saturday,1,0,Summer,19.2,0,1,111,130,131
2050-06-12,Sunday,1,0,Summer,25.3,0,0,131,140,148
2050-06-13,Monday,0,0,Summer,20.6,0,0,148,127,130
2050-06-14,Tuesday,0,0,Summer,17.2,0,0,130,99,120
2050-06-15,Wednesday,0,0,Summer,24.5,0,0,120,105,117
2050-06-16,Thursday,0,0,Summer,20.2,0,0,117,109,117
2050-06-17,Friday,0,0,Summer,23.9,1,0,117,111,121
2050-06-18,Saturday,1,0,Summer,20.6,0,0,121,131,126
2050-06-19,Sunday,1,0,Summer,25.1,1,0,126,148,122
2050-06-20,Monday,0,0,Summer,23.6,0,0,122,130,131
2050-06-21,Tuesday,0,0,Summer,15.2,1,0,131,120,104
2050-06-22,Wednesday,0,0,Summer,24.1,0,0,104,117,112
2050-06-23,Thursday,0,0,Summer,22.1,0,0,112,117,128
2050-06-24,Friday,0,0,Summer,27.2,0,0,128,121,131
2050-06-25,Saturday,1,0,Summer,24.2,0,0,131,126,138
2050-06-26,Sunday,1,0,Summer,25.2,0,0,138,122,137
2050-06-27,Monday,0,0,Summer,20.8,0,0,137,131,134
2050-06-28,Tuesday,0,0,Summer,20.5,0,0,134,104,127
2050-06-29,Wednesday,0,0,Summer,22.8,0,0,127,112,109
2050-06-30,Thursday,0,0,Summer,21.8,1,1,109,128,130
2050-07-01,Friday,0,0,Summer,26.8,0,0,130,131,131
2050-07-02,Saturday,1,0,Summer,22.3,0,1,131,138,138
2050-07-03,Sunday,1,0,Summer,19.1,0,0,138,137,127
2050-07-04,Monday,0,0,Summer,20.2,1,0,127,134,120
2050-07-05,Tuesday,0,0,Summer,25.6,1,0,120,127,113
2050-07-06,Wednesday,0,0,Summer,22.1,0,0,113,109,112
2050-07-07,Thursday,0,0,Summer,21.9,0,1,112,130,126
2050-07-08,Friday,0,0,Summer,25.7,0,0,126,131,132
2050-07-09,Saturday,1,0,Summer,19.7,0,0,132,138,141
2050-07-10,Sunday,1,0,Summer,15.7,0,0,141,127,140
2050-07-11,Monday,0,0,Summer,19.8,0,0,140,120,131
2050-07-12,Tuesday,0,0,Summer,23.0,0,1,131,113,138
2050-07-13,Wednesday,0,0,Summer,21.5,0,0,138,112,121
2050-07-14,Thursday,0,0,Summer,17.5,0,0,121,126,115
2050-07-15,Friday,0,0,Summer,25.2,0,0,115,132,124
2050-07-16,Saturday,1,0,Summer,22.5,0,0,124,141,130
2050-07-17,Sunday,1,0,Summer,23.1,0,0,130,140,124
2050-07-18,Monday,0,0,Summer,23.1,1,0,124,131,116
2050-07-19,Tuesday,0,0,Summer,17.9,0,0,116,138,123
2050-07-20,Wednesday,0,0,Summer,22.6,0,0,123,121,128
2050-07-21,Thursday,0,0,Summer,24.4,0,0,128,115,122
2050-07-22,Friday,0,0,Summer,25.0,1,0,122,124,130
2050-07-23,Saturday,1,0,Summer,23.6,0,1,130,130,142
2050-07-24,Sunday,1,0,Summer,22.9,0,0,142,124,117
2050-07-25,Monday,0,0,Summer,16.1,0,0,117,116,101
2050-07-26,Tuesday,0,0,Summer,21.1,0,1,101,123,119
2050-07-27,Wednesday,0,0,Summer,18.2,0,0,119,128,105
2050-07-28,Thursday,0,0,Summer,24.8,0,1,105,122,113
2050-07-29,Friday,0,0,Summer,24.3,0,0,113,130,112
2050-07-30,Saturday,1,0,Summer,17.9,0,0,112,142,125
2050-07-31,Sunday,1,0,Summer,20.5,0,0,125,117,125
2050-08-01,Monday,0,0,Summer,21.3,0,0,125,101,100
2050-08-02,Tuesday,0,0,Summer,23.1,0,0,100,119,113
2050-08-03,Wednesday,0,0,Summer,15.3,0,0,113,105,107
2050-08-04,Thursday,0,0,Summer,13.6,0,0,107,113,99
2050-08-05,Friday,0,0,Summer,20.2,1,0,99,112,107
2050-08-06,Saturday,1,0,Summer,12.4,0,1,107,125,120
2050-08-07,Sunday,1,0,Summer,20.3,0,0,120,125,118
2050-08-08,Monday,0,0,Summer,21.5,0,0,118,100,100
2050-08-09,Tuesday,0,0,Summer,23.3,1,0,100,113,102
2050-08-10,Wednesday,0,0,Summer,17.6,0,0,102,107,102
2050-08-11,Thursday,0,0,Summer,19.8,0,0,102,99,103
2050-08-12,Friday,0,0,Summer,21.1,0,0,103,107,110
2050-08-13,Saturday,1,0,Summer,15.5,0,1,110,120,128
2050-08-14,Sunday,1,0,Summer,21.6,0,0,128,118,124
2050-08-15,Monday,0,0,Summer,19.6,0,0,124,100,96
2050-08-16,Tuesday,0,0,Summer,16.8,0,0,96,102,98
2050-08-17,Wednesday,0,0,Summer,18.9,1,0,98,102,91
2050-08-18,Thursday,0,0,Summer,17.9,0,0,91,103,108
2050-08-19,Friday,0,0,Summer,20.5,0,0,108,110,116
2050-08-20,Saturday,1,0,Summer,16.9,1,0,116,128,128
2050-08-21,Sunday,1,0,Summer,18.6,1,0,128,124,119
2050-08-22,Monday,0,0,Summer,15.9,0,0,119,96,112
2050-08-23,Tuesday,0,0,Summer,14.8,0,0,112,98,96
2050-08-24,Wednesday,0,0,Summer,17.9,0,1,96,91,104
2050-08-25,Thursday,0,0,Summer,14.6,0,0,104,108,99
2050-08-26,Friday,0,0,Summer,19.5,0,0,99,116,115
2050-08-27,Saturday,1,0,Summer,18.7,0,0,115,128,137
2050-08-28,Sunday,1,0,Summer,14.5,0,0,137,119,129
2050-08-29,Monday,0,0,Summer,17.3,0,0,129,112,104
2050-08-30,Tuesday,0,0,Summer,14.2,1,0,104,96,91
2050-08-31,Wednesday,0,0,Summer,11.5,0,0,91,104,117
2050-09-01,Thursday,0,0,Autumn,14.4,0,0,117,99,111
2050-09-02,Friday,0,0,Autumn,15.8,0,0,111,115,105
2050-09-03,Saturday,1,0,Autumn,17.4,1,0,105,137,122
2050-09-04,Sunday,1,0,Autumn,16.1,1,0,122,129,118
2050-09-05,Monday,0,0,Autumn,18.2,0,0,118,104,123
2050-09-06,Tuesday,0,0,Autumn,12.4,0,0,123,91,103
2050-09-07,Wednesday,0,0,Autumn,14.0,1,0,103,117,97
2050-09-08,Thursday,0,0,Autumn,19.9,0,0,97,111,102
2050-09-09,Friday,0,0,Autumn,9.0,1,0,102,105,95
2050-09-10,Saturday,1,0,Autumn,13.3,0,0,95,122,103
2050-09-11,Sunday,1,0,Autumn,11.3,0,0,103,118,99
2050-09-12,Monday,0,0,Autumn,13.7,0,0,99,123,96
2050-09-13,Tuesday,0,0,Autumn,12.8,0,0,96,103,99
2050-09-14,Wednesday,0,0,Autumn,15.8,1,0,99,97,91
2050-09-15,Thursday,0,0,Autumn,14.6,0,0,91,102,91
2050-09-16,Friday,0,0,Autumn,9.7,0,0,91,95,84
2050-09-17,Saturday,1,0,Autumn,11.7,0,0,84,103,102
2050-09-18,Sunday,1,0,Autumn,13.3,0,0,102,99,113
2050-09-19,Monday,0,0,Autumn,15.3,0,0,113,96,93
2050-09-20,Tuesday,0,0,Autumn,20.2,0,0,93,99,90
2050-09-21,Wednesday,0,0,Autumn,14.9,0,0,90,91,83
2050-09-22,Thursday,0,0,Autumn,9.6,1,0,83,91,89
2050-09-23,Friday,0,0,Autumn,12.1,1,0,89,84,95
2050-09-24,Saturday,1,0,Autumn,12.8,0,0,95,102,104
2050-09-25,Sunday,1,0,Autumn,10.5,1,0,104,113,94
2050-09-26,Monday,0,0,Autumn,13.3,1,0,94,93,88
2050-09-27,Tuesday,0,0,Autumn,4.9,1,0,88,90,81
2050-09-28,Wednesday,0,0,Autumn,13.2,1,0,81,83,81
2050-09-29,Thursday,0,0,Autumn,10.0,0,0,81,89,78
2050-09-30,Friday,0,0,Autumn,10.9,0,1,78,95,88
2050-10-01,Saturday,1,0,Autumn,15.5,1,0,88,104,86
2050-10-02,Sunday,1,0,Autumn,7.1,1,0,86,94,95
2050-10-03,Monday,0,0,Autumn,11.5,0,1,95,88,103
2050-10-04,Tuesday,0,0,Autumn,12.9,0,0,103,81,79
2050-10-05,Wednesday,0,0,Autumn,10.9,0,0,79,81,74
2050-10-06,Thursday,0,0,Autumn,5.4,0,1,74,78,79
2050-10-07,Friday,0,0,Autumn,14.1,1,0,79,88,91
2050-10-08,Saturday,1,0,Autumn,9.3,0,0,91,86,95
2050-10-09,Sunday,1,0,Autumn,8.1,0,0,95,95,106
2050-10-10,Monday,0,0,Autumn,8.6,1,0,106,103,90
2050-10-11,Tuesday,0,0,Autumn,8.3,0,0,90,79,73
2050-10-12,Wednesday,0,0,Autumn,5.7,0,0,73,74,68
2050-10-13,Thursday,0,0,Autumn,9.6,0,0,68,79,70
2050-10-14,Friday,0,0,Autumn,7.1,0,1,70,91,97
2050-10-15,Saturday,1,0,Autumn,10.8,0,0,97,95,114
2050-10-16,Sunday,1,0,Autumn,10.2,0,0,114,106,111
2050-10-17,Monday,0,0,Autumn,13.3,1,0,111,90,88
2050-10-18,Tuesday,0,0,Autumn,7.7,0,0,88,73,81
2050-10-19,Wednesday,0,0,Autumn,5.7,1,0,81,68,60
2050-10-20,Thursday,0,0,Autumn,3.6,0,1,60,70,73
2050-10-21,Friday,0,0,Autumn,14.4,1,1,73,97,81
2050-10-22,Saturday,1,0,Autumn,9.7,1,0,81,114,98
2050-10-23,Sunday,1,0,Autumn,5.5,1,0,98,111,96
2050-10-24,Monday,0,0,Autumn,12.5,0,0,96,88,94
2050-10-25,Tuesday,0,0,Autumn,11.4,0,0,94,81,91
2050-10-26,Wednesday,0,0,Autumn,3.1,1,0,91,60,69
2050-10-27,Thursday,0,0,Autumn,4.7,1,1,69,73,84
2050-10-28,Friday,0,0,Autumn,6.5,1,0,84,81,74
2050-10-29,Saturday,1,0,Autumn,3.5,0,0,74,98,106
2050-10-30,Sunday,1,0,Autumn,6.3,0,0,106,96,90
2050-10-31,Monday,0,0,Autumn,8.6,0,0,90,94,91
2050-11-01,Tuesday,0,0,Autumn,2.2,0,0,91,91,92
2050-11-02,Wednesday,0,0,Autumn,7.1,1,0,92,69,79
2050-11-03,Thursday,0,0,Autumn,9.6,0,0,79,84,75
2050-11-04,Friday,0,0,Autumn,7.2,0,0,75,74,74
2050-11-05,Saturday,1,0,Autumn,5.6,0,0,74,106,84
2050-11-06,Sunday,1,0,Autumn,3.7,1,0,84,90,84
2050-11-07,Monday,0,0,Autumn,8.1,0,0,84,91,87
2050-11-08,Tuesday,0,0,Autumn,2.0,0,0,87,92,85
2050-11-09,Wednesday,0,0,Autumn,6.1,1,0,85,79,77
2050-11-10,Thursday,0,0,Autumn,5.3,1,0,77,75,64
2050-11-11,Friday,0,0,Autumn,8.5,0,0,64,74,87
2050-11-12,Saturday,1,0,Autumn,3.3,0,1,87,84,96
2050-11-13,Sunday,1,0,Autumn,3.5,0,0,96,84,88
2050-11-14,Monday,0,0,Autumn,1.1,1,0,88,87,78
2050-11-15,Tuesday,0,0,Autumn,6.1,0,0,78,85,66
2050-11-16,Wednesday,0,0,Autumn,3.4,0,0,66,77,69
2050-11-17,Thursday,0,0,Autumn,2.0,0,0,69,64,68
2050-11-18,Friday,0,0,Autumn,2.2,1,0,68,87,73
2050-11-19,Saturday,1,0,Autumn,6.0,1,0,73,96,93
2050-11-20,Sunday,1,0,Autumn,1.0,1,1,93,88,85
2050-11-21,Monday,0,0,Autumn,1.2,0,0,85,78,75
2050-11-22,Tuesday,0,0,Autumn,6.8,0,0,75,66,67
2050-11-23,Wednesday,0,0,Autumn,3.6,0,0,67,69,67
2050-11-24,Thursday,0,0,Autumn,6.8,0,0,67,68,77
2050-11-25,Friday,0,0,Autumn,2.8,0,1,77,73,85
2050-11-26,Saturday,1,0,Autumn,3.8,0,0,85,93,90
2050-11-27,Sunday,1,0,Autumn,4.2,1,0,90,85,69
2050-11-28,Monday,0,0,Autumn,7.9,1,0,69,75,73
2050-11-29,Tuesday,0,0,Autumn,7.6,1,0,73,67,56
2050-11-30,Wednesday,0,0,Autumn,7.0,0,0,56,67,61
2050-12-01,Thursday,0,0,Winter,1.6,1,0,61,77,58
2050-12-02,Friday,0,0,Winter,0.5,1,0,58,85,51
2050-12-03,Saturday,1,0,Winter,5.7,1,0,51,90,72
2050-12-04,Sunday,1,0,Winter,7.5,0,0,72,69,73
2050-12-05,Monday,0,0,Winter,6.8,1,0,73,73,70
2050-12-06,Tuesday,0,0,Winter,3.3,0,0,70,56,67
2050-12-07,Wednesday,0,0,Winter,5.4,0,0,67,61,69
2050-12-08,Thursday,0,0,Winter,5.4,0,0,69,58,71
2050-12-09,Friday,0,0,Winter,3.6,0,0,71,51,71
2050-12-10,Saturday,1,0,Winter,3.7,1,0,71,72,81
2050-12-11,Sunday,1,0,Winter,3.4,1,0,81,73,78
2050-12-12,Monday,0,0,Winter,0.7,1,0,78,70,66
2050-12-13,Tuesday,0,0,Winter,1.0,1,0,66,67,59
2050-12-14,Wednesday,0,0,Winter,0.9,1,0,59,69,60
2050-12-15,Thursday,0,0,Winter,-1.8,1,0,60,71,64
2050-12-16,Friday,0,0,Winter,3.5,1,1,64,71,78
2050-12-17,Saturday,1,0,Winter,2.9,0,0,78,81,82
2050-12-18,Sunday,1,0,Winter,5.3,0,0,82,78,97
2050-12-19,Monday,0,0,Winter,6.8,0,0,97,66,89
2050-12-20,Tuesday,0,0,Winter,7.0,1,0,89,59,65
2050-12-21,Wednesday,0,0,Winter,7.3,1,0,65,60,61
2050-12-22,Thursday,0,0,Winter,0.7,0,0,61,64,74
2050-12-23,Friday,0,0,Winter,-1.3,1,0,74,78,65
2050-12-24,Saturday,1,1,Winter,5.8,1,1,65,82,80
2050-12-25,Sunday,1,1,Winter,7.2,0,0,80,97,112
2050-12-26,Monday,0,1,Winter,7.7,1,0,112,89,91
2050-12-27,Tuesday,0,0,Winter,4.5,1,0,91,65,58
2050-12-28,Wednesday,0,0,Winter,-2.9,0,0,58,61,52
2050-12-29,Thursday,0,0,Winter,4.2,0,0,52,74,60
2050-12-30,Friday,0,0,Winter,4.8,1,0,60,65,70
2050-12-31,Saturday,1,1,Winter,6.9,0,0,70,80,87
2051-01-01,Sunday,1,1,Winter,7.5,0,0,87,112,91
2051-01-02,Monday,0,0,Winter,6.0,1,0,91,91,58
2051-01-03,Tuesday,0,0,Winter,1.5,0,0,58,58,61
2051-01-04,Wednesday,0,0,Winter,0.3,0,0,61,52,58
2051-01-05,Thursday,0,0,Winter,5.0,1,0,58,60,68
2051-01-06,Friday,0,0,Winter,1.1,1,1,68,70,71
2051-01-07,Saturday,1,0,Winter,7.9,0,0,71,87,82
2051-01-08,Sunday,1,0,Winter,-1.6,0,0,82,91,79
2051-01-09,Monday,0,0,Winter,5.3,0,0,79,58,63
2051-01-10,Tuesday,0,0,Winter,4.6,0,1,63,61,72
2051-01-11,Wednesday,0,0,Winter,3.1,1,0,72,58,59
2051-01-12,Thursday,0,0,Winter,1.0,0,0,59,68,52
2051-01-13,Friday,0,0,Winter,-2.3,0,1,52,71,79
2051-01-14,Saturday,1,0,Winter,2.3,1,0,79,82,82
2051-01-15,Sunday,1,0,Winter,2.5,1,0,82,79,82
2051-01-16,Monday,0,0,Winter,7.4,1,1,82,63,84
2051-01-17,Tuesday,0,0,Winter,1.8,0,0,84,72,72
2051-01-18,Wednesday,0,0,Winter,5.6,0,0,72,59,65
2051-01-19,Thursday,0,0,Winter,0.5,1,1,65,52,58
2051-01-20,Friday,0,0,Winter,5.9,1,0,58,79,74
2051-01-21,Saturday,1,0,Winter,-2.2,1,1,74,82,73
2051-01-22,Sunday,1,0,Winter,10.9,0,0,73,82,83
2051-01-23,Monday,0,0,Winter,4.3,1,0,83,84,76
2051-01-24,Tuesday,0,0,Winter,-3.6,1,0,76,72,55
2051-01-25,Wednesday,0,0,Winter,2.7,0,0,55,65,68
2051-01-26,Thursday,0,0,Winter,2.4,0,0,68,58,52
2051-01-27,Friday,0,0,Winter,3.1,0,0,52,74,56
2051-01-28,Saturday,1,0,Winter,4.1,1,0,56,73,68
2051-01-29,Sunday,1,0,Winter,3.3,0,0,68,83,81
2051-01-30,Monday,0,0,Winter,3.0,0,0,81,76,63
2051-01-31,Tuesday,0,0,Winter,2.1,1,1,63,55,68
2051-02-01,Wednesday,0,0,Winter,8.1,1,0,68,68,71
2051-02-02,Thursday,0,0,Winter,9.4,0,0,71,52,65
2051-02-03,Friday,0,0,Winter,5.1,1,0,65,56,65
2051-02-04,Saturday,1,0,Winter,6.0,0,1,65,68,91
2051-02-05,Sunday,1,0,Winter,2.8,0,0,91,81,96
2051-02-06,Monday,0,0,Winter,6.5,1,0,96,63,70
2051-02-07,Tuesday,0,0,Winter,7.1,1,0,70,68,59
2051-02-08,Wednesday,0,0,Winter,5.9,1,1,59,71,68
2051-02-09,Thursday,0,0,Winter,7.8,1,0,68,65,59
2051-02-10,Friday,0,0,Winter,7.7,1,0,59,65,74
2051-02-11,Saturday,1,0,Winter,3.8,1,0,74,91,85
2051-02-12,Sunday,1,0,Winter,10.6,1,0,85,96,87
2051-02-13,Monday,0,0,Winter,6.6,1,0,87,70,79
2051-02-14,Tuesday,0,0,Winter,12.4,0,0,79,59,77
2051-02-15,Wednesday,0,0,Winter,8.7,1,1,77,68,84
2051-02-16,Thursday,0,0,Winter,13.5,0,0,84,59,82
2051-02-17,Friday,0,0,Winter,11.3,1,0,82,74,89
2051-02-18,Saturday,1,0,Winter,8.6,0,1,89,85,90
2051-02-19,Sunday,1,0,Winter,5.9,0,0,90,87,92
2051-02-20,Monday,0,0,Winter,6.1,1,0,92,79,87
2051-02-21,Tuesday,0,0,Winter,10.0,1,0,87,77,74
2051-02-22,Wednesday,0,0,Winter,8.9,0,0,74,84,72
2051-02-23,Thursday,0,0,Winter,6.9,0,1,72,82,81
2051-02-24,Friday,0,0,Winter,11.3,0,0,81,89,87
2051-02-25,Saturday,1,0,Winter,9.1,1,0,87,90,97
2051-02-26,Sunday,1,0,Winter,11.7,0,0,97,92,95
2051-02-27,Monday,0,0,Winter,6.4,1,0,95,87,88
2051-02-28,Tuesday,0,0,Winter,12.5,1,0,88,74,80
2051-03-01,Wednesday,0,0,Spring,11.1,0,0,80,72,86
2051-03-02,Thursday,0,0,Spring,13.4,0,0,86,81,88
2051-03-03,Friday,0,0,Spring,12.9,1,1,88,87,95
2051-03-04,Saturday,1,0,Spring,9.9,1,0,95,97,88
2051-03-05,Sunday,1,0,Spring,9.8,0,1,88,95,84
2051-03-06,Monday,0,0,Spring,15.8,0,0,84,88,82
2051-03-07,Tuesday,0,0,Spring,9.7,0,0,82,80,63
2051-03-08,Wednesday,0,0,Spring,13.0,0,0,63,86,75
2051-03-09,Thursday,0,0,Spring,9.8,0,1,75,88,95
2051-03-10,Friday,0,0,Spring,5.5,0,0,95,95,95
2051-03-11,Saturday,1,0,Spring,7.6,0,1,95,88,85
2051-03-12,Sunday,1,0,Spring,12.7,1,0,85,84,85
2051-03-13,Monday,0,0,Spring,13.7,1,0,85,82,83
2051-03-14,Tuesday,0,0,Spring,13.0,1,0,83,63,83
2051-03-15,Wednesday,0,0,Spring,15.4,0,0,83,75,87
2051-03-16,Thursday,0,0,Spring,13.3,0,0,87,95,92
2051-03-17,Friday,0,0,Spring,10.0,0,1,92,95,106
2051-03-18,Saturday,1,0,Spring,14.3,0,0,106,85,117
2051-03-19,Sunday,1,0,Spring,13.2,0,0,117,85,106
2051-03-20,Monday,0,0,Spring,11.1,1,0,106,83,78
2051-03-21,Tuesday,0,0,Spring,14.4,0,0,78,83,78
2051-03-22,Wednesday,0,0,Spring,13.4,0,0,78,87,78
2051-03-23,Thursday,0,0,Spring,11.5,0,0,78,92,78
2051-03-24,Friday,0,0,Spring,13.0,0,1,78,106,96
2051-03-25,Saturday,1,0,Spring,17.9,0,0,96,117,130
2051-03-26,Sunday,1,0,Spring,18.0,0,0,130,106,112
2051-03-27,Monday,0,0,Spring,14.6,0,0,112,78,91
2051-03-28,Tuesday,0,0,Spring,14.4,0,0,91,78,105
2051-03-29,Wednesday,0,0,Spring,10.1,0,0,105,78,95
2051-03-30,Thursday,0,0,Spring,19.7,1,0,95,78,92
2051-03-31,Friday,0,0,Spring,17.8,1,1,92,96,107
2051-04-01,Saturday,1,0,Spring,17.1,0,0,107,130,120
2051-04-02,Sunday,1,0,Spring,8.2,0,0,120,112,109
2051-04-03,Monday,0,0,Spring,15.3,1,1,109,91,103
2051-04-04,Tuesday,0,0,Spring,15.0,1,0,103,105,100
2051-04-05,Wednesday,0,0,Spring,17.6,1,0,100,95,82
2051-04-06,Thursday,0,0,Spring,14.4,0,0,82,92,86
2051-04-07,Friday,0,0,Spring,15.2,1,0,86,107,83
2051-04-08,Saturday,1,0,Spring,17.9,1,0,83,120,96
2051-04-09,Sunday,1,0,Spring,13.9,0,0,96,109,107
2051-04-10,Monday,0,0,Spring,14.7,0,0,107,103,96
2051-04-11,Tuesday,0,0,Spring,17.1,1,1,96,100,98
2051-04-12,Wednesday,0,0,Spring,20.7,1,1,98,82,79
2051-04-13,Thursday,0,0,Spring,19.3,0,0,79,86,78
2051-04-14,Friday,0,0,Spring,20.2,0,0,78,83,82
2051-04-15,Saturday,1,0,Spring,17.4,0,0,82,96,86
2051-04-16,Sunday,1,0,Spring,21.8,1,1,86,107,107
2051-04-17,Monday,0,0,Spring,12.3,0,0,107,96,97
2051-04-18,Tuesday,0,0,Spring,23.7,0,0,97,98,104
2051-04-19,Wednesday,0,0,Spring,24.2,0,1,104,79,114
2051-04-20,Thursday,0,0,Spring,19.3,0,0,114,78,111
2051-04-21,Friday,0,0,Spring,20.6,1,0,111,82,104
2051-04-22,Saturday,1,0,Spring,18.1,1,0,104,86,104
2051-04-23,Sunday,1,0,Spring,17.7,0,0,104,107,110
2051-04-24,Monday,0,0,Spring,16.7,0,0,110,97,93
2051-04-25,Tuesday,0,0,Spring,18.5,0,0,93,104,98
2051-04-26,Wednesday,0,0,Spring,20.5,0,0,98,114,99
2051-04-27,Thursday,0,0,Spring,20.2,0,1,99,111,104
2051-04-28,Friday,0,0,Spring,25.0,0,1,104,104,105
2051-04-29,Saturday,1,0,Spring,19.5,0,0,105,104,95
2051-04-30,Sunday,1,0,Spring,14.9,1,0,95,110,98
2051-05-01,Monday,0,1,Spring,24.4,1,0,98,93,95
2051-05-02,Tuesday,0,0,Spring,15.9,0,0,95,98,89
2051-05-03,Wednesday,0,0,Spring,18.1,1,1,89,99,90
2051-05-04,Thursday,0,0,Spring,20.7,0,0,90,104,95
2051-05-05,Friday,0,0,Spring,21.2,0,0,95,105,97
2051-05-06,Saturday,1,0,Spring,15.8,0,0,97,95,104
2051-05-07,Sunday,1,0,Spring,18.0,0,1,104,98,118
2051-05-08,Monday,0,0,Spring,15.9,0,0,118,95,99
2051-05-09,Tuesday,0,0,Spring,22.3,1,0,99,89,100
2051-05-10,Wednesday,0,0,Spring,24.1,1,1,100,90,98
2051-05-11,Thursday,0,0,Spring,17.0,0,0,98,95,85
2051-05-12,Friday,0,0,Spring,23.8,1,0,85,97,105
2051-05-13,Saturday,1,0,Spring,23.7,1,0,105,104,96
2051-05-14,Sunday,1,0,Spring,19.0,1,0,96,118,101
2051-05-15,Monday,0,0,Spring,15.2,0,0,101,99,101
2051-05-16,Tuesday,0,0,Spring,18.0,0,0,101,100,107
2051-05-17,Wednesday,0,0,Spring,19.5,1,0,107,98,98
2051-05-18,Thursday,0,0,Spring,26.0,1,0,98,85,92
2051-05-19,Friday,0,0,Spring,21.1,0,0,92,105,118
2051-05-20,Saturday,1,0,Spring,18.6,1,0,118,96,118
2051-05-21,Sunday,1,0,Spring,22.1,0,0,118,101,122
2051-05-22,Monday,0,0,Spring,17.9,0,0,122,101,110
2051-05-23,Tuesday,0,0,Spring,23.4,1,0,110,107,108
2051-05-24,Wednesday,0,0,Spring,19.0,1,0,108,98,101
2051-05-25,Thursday,0,0,Spring,19.5,0,0,101,92,99
2051-05-26,Friday,0,0,Spring,23.2,1,0,99,118,94
2051-05-27,Saturday,1,0,Spring,27.4,0,0,94,118,105
2051-05-28,Sunday,1,0,Spring,28.8,0,0,105,122,122
2051-05-29,Monday,0,0,Spring,19.2,0,0,122,110,118
2051-05-30,Tuesday,0,0,Spring,20.5,0,0,118,108,110
2051-05-31,Wednesday,0,0,Spring,23.9,0,0,110,101,98
2051-06-01,Thursday,0,0,Summer,26.0,0,0,98,99,107
2051-06-02,Friday,0,0,Summer,16.0,0,1,107,94,117
2051-06-03,Saturday,1,0,Summer,22.8,0,0,117,105,107
2051-06-04,Sunday,1,0,Summer,21.1,0,0,107,122,128
2051-06-05,Monday,0,0,Summer,16.9,0,0,128,118,122
2051-06-06,Tuesday,0,0,Summer,18.7,0,0,122,110,106
2051-06-07,Wednesday,0,0,Summer,21.0,0,0,106,98,104
2051-06-08,Thursday,0,0,Summer,23.0,0,0,104,107,107
2051-06-09,Friday,0,0,Summer,25.8,0,0,107,117,126
2051-06-10,Saturday,1,0,Summer,23.9,0,0,126,107,122
2051-06-11,Sunday,1,0,Summer,25.7,0,0,122,128,119
2051-06-12,Monday,0,0,Summer,23.0,0,0,119,122,115
2051-06-13,Tuesday,0,0,Summer,20.8,0,0,115,106,102
2051-06-14,Wednesday,0,0,Summer,22.4,0,0,102,104,112
2051-06-15,Thursday,0,0,Summer,25.0,0,0,112,107,113
2051-06-16,Friday,0,0,Summer,26.1,0,1,113,126,122
2051-06-17,Saturday,1,0,Summer,22.5,0,0,122,122,122
2051-06-18,Sunday,1,0,Summer,20.2,1,0,122,119,116
2051-06-19,Monday,0,0,Summer,24.0,1,0,116,115,107
2051-06-20,Tuesday,0,0,Summer,24.4,1,0,107,102,92
2051-06-21,Wednesday,0,0,Summer,26.7,0,0,92,112,96
2051-06-22,Thursday,0,0,Summer,21.0,0,0,96,113,108
2051-06-23,Friday,0,0,Summer,21.0,0,0,108,122,126
2051-06-24,Saturday,1,0,Summer,25.2,0,1,126,122,134
2051-06-25,Sunday,1,0,Summer,21.7,0,0,134,116,128
2051-06-26,Monday,0,0,Summer,21.6,0,0,128,107,131
2051-06-27,Tuesday,0,0,Summer,26.7,1,0,131,92,114
2051-06-28,Wednesday,0,0,Summer,18.8,1,0,114,96,90
2051-06-29,Thursday,0,0,Summer,29.1,0,0,90,108,110
2051-06-30,Friday,0,0,Summer,21.0,1,0,110,126,117
2051-07-01,Saturday,1,0,Summer,25.4,1,0,117,134,124
2051-07-02,Sunday,1,0,Summer,22.5,0,0,124,128,119
2051-07-03,Monday,0,0,Summer,23.6,0,0,119,131,124
2051-07-04,Tuesday,0,0,Summer,21.9,0,0,124,114,97
2051-07-05,Wednesday,0,0,Summer,25.3,0,0,97,90,97
2051-07-06,Thursday,0,0,Summer,21.6,0,0,97,110,104
2051-07-07,Friday,0,0,Summer,20.9,0,0,104,117,109
2051-07-08,Saturday,1,0,Summer,28.0,0,0,109,124,124
2051-07-09,Sunday,1,0,Summer,22.6,0,0,124,119,116
2051-07-10,Monday,0,0,Summer,20.4,0,0,116,124,118
2051-07-11,Tuesday,0,0,Summer,17.9,0,0,118,97,127
2051-07-12,Wednesday,0,0,Summer,27.9,1,0,127,97,107
2051-07-13,Thursday,0,0,Summer,20.6,0,0,107,104,111
2051-07-14,Friday,0,0,Summer,28.4,0,0,111,109,119
2051-07-15,Saturday,1,0,Summer,23.3,0,0,119,124,129
2051-07-16,Sunday,1,0,Summer,22.5,0,0,129,116,123
2051-07-17,Monday,0,0,Summer,22.5,0,0,123,118,116
2051-07-18,Tuesday,0,0,Summer,28.5,0,1,116,127,128
2051-07-19,Wednesday,0,0,Summer,15.2,0,0,128,107,120
2051-07-20,Thursday,0,0,Summer,22.4,0,0,120,111,122
2051-07-21,Friday,0,0,Summer,20.8,0,0,122,119,131
2051-07-22,Saturday,1,0,Summer,20.9,0,0,131,129,128
2051-07-23,Sunday,1,0,Summer,21.9,1,0,128,123,125
2051-07-24,Monday,0,0,Summer,20.6,0,0,125,116,115
2051-07-25,Tuesday,0,0,Summer,21.8,0,0,115,128,122
2051-07-26,Wednesday,0,0,Summer,21.1,1,1,122,120,111
2051-07-27,Thursday,0,0,Summer,17.1,0,0,111,122,122
2051-07-28,Friday,0,0,Summer,22.1,0,1,122,131,136
2051-07-29,Saturday,1,0,Summer,23.0,1,0,136,128,141
2051-07-30,Sunday,1,0,Summer,19.1,0,0,141,125,133
2051-07-31,Monday,0,0,Summer,26.3,0,0,133,115,120
2051-08-01,Tuesday,0,0,Summer,24.5,1,0,120,122,110
2051-08-02,Wednesday,0,0,Summer,23.0,1,0,110,111,105
2051-08-03,Thursday,0,0,Summer,22.8,0,0,105,122,99
2051-08-04,Friday,0,0,Summer,20.3,0,0,99,136,115
2051-08-05,Saturday,1,0,Summer,23.5,0,0,115,141,127
2051-08-06,Sunday,1,0,Summer,24.7,0,1,127,133,139
2051-08-07,Monday,0,0,Summer,22.2,0,0,139,120,119
2051-08-08,Tuesday,0,0,Summer,18.0,1,0,119,110,110
2051-08-09,Wednesday,0,0,Summer,19.4,0,0,110,105,107
2051-08-10,Thursday,0,0,Summer,21.2,1,0,107,99,91
2051-08-11,Friday,0,0,Summer,21.8,1,0,91,115,105
2051-08-12,Saturday,1,0,Summer,18.9,0,0,105,127,126
2051-08-13,Sunday,1,0,Summer,17.3,0,0,126,139,135
2051-08-14,Monday,0,0,Summer,23.6,0,0,135,119,116
2051-08-15,Tuesday,0,0,Summer,15.5,0,0,116,110,98
2051-08-16,Wednesday,0,0,Summer,15.8,0,0,98,107,109
2051-08-17,Thursday,0,0,Summer,14.5,0,0,109,91,106
2051-08-18,Friday,0,0,Summer,15.5,0,1,106,105,110
2051-08-19,Saturday,1,0,Summer,21.9,0,0,110,126,117
2051-08-20,Sunday,1,0,Summer,21.9,0,0,117,135,126
2051-08-21,Monday,0,0,Summer,17.7,0,0,126,116,121
2051-08-22,Tuesday,0,0,Summer,19.2,0,0,121,98,107
2051-08-23,Wednesday,0,0,Summer,17.5,1,0,107,109,93
2051-08-24,Thursday,0,0,Summer,13.8,0,0,93,106,87
2051-08-25,Friday,0,0,Summer,23.9,0,1,87,110,107
2051-08-26,Saturday,1,0,Summer,21.2,1,1,107,117,117
2051-08-27,Sunday,1,0,Summer,18.0,0,0,117,126,113
2051-08-28,Monday,0,0,Summer,14.2,1,0,113,121,116
2051-08-29,Tuesday,0,0,Summer,16.0,0,0,116,107,97
2051-08-30,Wednesday,0,0,Summer,14.4,0,0,97,93,91
2051-08-31,Thursday,0,0,Summer,16.6,1,0,91,87,107
2051-09-01,Friday,0,0,Autumn,17.1,0,0,107,107,102
2051-09-02,Saturday,1,0,Autumn,15.0,1,0,102,117,107
2051-09-03,Sunday,1,0,Autumn,11.5,1,0,107,113,114
2051-09-04,Monday,0,0,Autumn,22.1,0,0,114,116,107
2051-09-05,Tuesday,0,0,Autumn,16.2,0,1,107,97,108
2051-09-06,Wednesday,0,0,Autumn,16.7,0,0,108,91,94
2051-09-07,Thursday,0,0,Autumn,13.9,0,0,94,107,91
2051-09-08,Friday,0,0,Autumn,10.3,0,0,91,102,85
2051-09-09,Saturday,1,0,Autumn,14.6,0,0,85,107,99
2051-09-10,Sunday,1,0,Autumn,13.7,0,0,99,114,107
2051-09-11,Monday,0,0,Autumn,16.6,0,0,107,107,114
2051-09-12,Tuesday,0,0,Autumn,17.0,0,0,114,108,101
2051-09-13,Wednesday,0,0,Autumn,16.4,0,0,101,94,104
2051-09-14,Thursday,0,0,Autumn,16.9,0,0,104,91,105
2051-09-15,Friday,0,0,Autumn,19.2,1,0,105,85,93
2051-09-16,Saturday,1,0,Autumn,14.8,1,0,93,99,99
2051-09-17,Sunday,1,0,Autumn,16.7,0,0,99,107,104
2051-09-18,Monday,0,0,Autumn,14.8,1,0,104,114,87
2051-09-19,Tuesday,0,0,Autumn,7.4,0,0,87,101,85
2051-09-20,Wednesday,0,0,Autumn,12.5,0,0,85,104,84
2051-09-21,Thursday,0,0,Autumn,10.2,0,0,84,105,89
2051-09-22,Friday,0,0,Autumn,13.3,0,0,89,93,93
2051-09-23,Saturday,1,0,Autumn,10.0,1,0,93,99,96
2051-09-24,Sunday,1,0,Autumn,14.1,0,0,96,104,97
2051-09-25,Monday,0,0,Autumn,15.0,1,0,97,87,79
2051-09-26,Tuesday,0,0,Autumn,15.5,0,0,79,85,70
2051-09-27,Wednesday,0,0,Autumn,16.6,0,0,70,84,86
2051-09-28,Thursday,0,0,Autumn,6.5,0,0,86,89,86
2051-09-29,Friday,0,0,Autumn,7.8,0,0,86,93,97
2051-09-30,Saturday,1,0,Autumn,20.0,0,0,97,96,104
2051-10-01,Sunday,1,0,Autumn,14.1,0,1,104,97,110
2051-10-02,Monday,0,0,Autumn,11.6,0,0,110,79,90
2051-10-03,Tuesday,0,0,Autumn,10.8,1,1,90,70,82
2051-10-04,Wednesday,0,0,Autumn,10.4,1,0,82,86,81
2051-10-05,Thursday,0,0,Autumn,4.6,1,0,81,86,76
2051-10-06,Friday,0,0,Autumn,7.9,1,0,76,97,90
2051-10-07,Saturday,1,0,Autumn,9.7,0,0,90,104,109
2051-10-08,Sunday,1,0,Autumn,7.7,1,0,109,110,111
2051-10-09,Monday,0,0,Autumn,8.0,1,0,111,90,101
2051-10-10,Tuesday,0,0,Autumn,17.2,0,0,101,82,84
2051-10-11,Wednesday,0,0,Autumn,8.7,1,0,84,81,86
2051-10-12,Thursday,0,0,Autumn,10.1,0,0,86,76,84
2051-10-13,Friday,0,0,Autumn,9.8,0,0,84,90,90
2051-10-14,Saturday,1,0,Autumn,10.7,0,0,90,109,96
2051-10-15,Sunday,1,0,Autumn,7.3,0,0,96,111,97
2051-10-16,Monday,0,0,Autumn,12.4,0,0,97,101,77
2051-10-17,Tuesday,0,0,Autumn,9.8,1,0,77,84,79
2051-10-18,Wednesday,0,0,Autumn,4.4,0,0,79,86,77
2051-10-19,Thursday,0,0,Autumn,7.8,0,1,77,84,85
2051-10-20,Friday,0,0,Autumn,7.5,0,0,85,90,98
2051-10-21,Saturday,1,0,Autumn,7.2,1,0,98,96,97
2051-10-22,Sunday,1,0,Autumn,9.2,1,0,97,97,87
2051-10-23,Monday,0,0,Autumn,9.5,0,0,87,77,80
2051-10-24,Tuesday,0,0,Autumn,9.0,1,0,80,79,87
2051-10-25,Wednesday,0,0,Autumn,8.3,1,0,87,77,77
2051-10-26,Thursday,0,0,Autumn,7.4,1,0,77,85,83
2051-10-27,Friday,0,0,Autumn,0.6,1,0,83,98,79
2051-10-28,Saturday,1,0,Autumn,9.2,0,0,79,97,96
2051-10-29,Sunday,1,0,Autumn,8.2,0,0,96,87,95
2051-10-30,Monday,0,0,Autumn,3.6,1,0,95,80,78
2051-10-31,Tuesday,0,0,Autumn,7.3,1,0,78,87,72
2051-11-01,Wednesday,0,0,Autumn,8.3,0,0,72,77,73
2051-11-02,Thursday,0,0,Autumn,9.7,0,1,73,83,74
2051-11-03,Friday,0,0,Autumn,7.6,0,0,74,79,69
2051-11-04,Saturday,1,0,Autumn,6.9,0,0,69,96,76
2051-11-05,Sunday,1,0,Autumn,8.7,0,0,76,95,76
2051-11-06,Monday,0,0,Autumn,4.8,0,0,76,78,71
2051-11-07,Tuesday,0,0,Autumn,6.8,0,0,71,72,67
2051-11-08,Wednesday,0,0,Autumn,3.6,0,0,67,73,62
2051-11-09,Thursday,0,0,Autumn,8.7,0,1,62,74,87
2051-11-10,Friday,0,0,Autumn,0.4,0,1,87,69,86
2051-11-11,Saturday,1,0,Autumn,7.6,0,0,86,76,95
2051-11-12,Sunday,1,0,Autumn,5.1,0,0,95,76,78
2051-11-13,Monday,0,0,Autumn,7.8,0,0,78,71,76
2051-11-14,Tuesday,0,0,Autumn,2.5,0,0,76,67,77
2051-11-15,Wednesday,0,0,Autumn,5.0,0,0,77,62,74
2051-11-16,Thursday,0,0,Autumn,4.8,0,0,74,87,76
2051-11-17,Friday,0,0,Autumn,5.9,1,0,76,86,77
2051-11-18,Saturday,1,0,Autumn,1.3,1,0,77,95,87
2051-11-19,Sunday,1,0,Autumn,6.3,0,0,87,78,86
2051-11-20,Monday,0,0,Autumn,-1.2,1,0,86,76,79
2051-11-21,Tuesday,0,0,Autumn,2.2,0,0,79,77,67
2051-11-22,Wednesday,0,0,Autumn,-0.6,0,0,67,74,74
2051-11-23,Thursday,0,0,Autumn,6.5,0,0,74,76,79
2051-11-24,Friday,0,0,Autumn,5.2,1,1,79,77,87
2051-11-25,Saturday,1,0,Autumn,5.3,0,0,87,87,90
2051-11-26,Sunday,1,0,Autumn,8.3,1,0,90,86,95
2051-11-27,Monday,0,0,Autumn,2.8,1,0,95,79,71
2051-11-28,Tuesday,0,0,Autumn,5.5,0,0,71,67,61
2051-11-29,Wednesday,0,0,Autumn,3.8,1,0,61,74,64
2051-11-30,Thursday,0,0,Autumn,3.3,1,0,64,79,63
2051-12-01,Friday,0,0,Winter,7.4,0,0,63,87,78
2051-12-02,Saturday,1,0,Winter,9.7,0,0,78,90,102
2051-12-03,Sunday,1,0,Winter,2.1,0,0,102,95,95
2051-12-04,Monday,0,0,Winter,5.9,0,0,95,71,80
2051-12-05,Tuesday,0,0,Winter,4.3,0,0,80,61,80
2051-12-06,Wednesday,0,0,Winter,4.3,0,0,80,64,74
2051-12-07,Thursday,0,0,Winter,4.0,0,0,74,63,78
2051-12-08,Friday,0,0,Winter,2.2,0,0,78,78,76
2051-12-09,Saturday,1,0,Winter,-5.0,0,0,76,102,84
2051-12-10,Sunday,1,0,Winter,7.8,1,0,84,95,81
2051-12-11,Monday,0,0,Winter,1.0,0,0,81,80,76
2051-12-12,Tuesday,0,0,Winter,2.4,1,0,76,80,72
2051-12-13,Wednesday,0,0,Winter,2.4,1,0,72,74,71
2051-12-14,Thursday,0,0,Winter,0.7,0,1,71,78,82
2051-12-15,Friday,0,0,Winter,3.8,0,0,82,76,79
2051-12-16,Saturday,1,0,Winter,2.9,0,0,79,84,88
2051-12-17,Sunday,1,0,Winter,0.9,0,0,88,81,94
2051-12-18,Monday,0,0,Winter,3.5,0,0,94,76,79
2051-12-19,Tuesday,0,0,Winter,2.9,1,0,79,72,59
2051-12-20,Wednesday,0,0,Winter,5.8,0,0,59,71,57
2051-12-21,Thursday,0,0,Winter,-1.0,0,0,57,82,67
2051-12-22,Friday,0,0,Winter,0.6,0,0,67,79,67
2051-12-23,Saturday,1,0,Winter,5.2,1,0,67,88,74
2051-12-24,Sunday,1,1,Winter,1.1,1,0,74,94,80
2051-12-25,Monday,0,1,Winter,0.3,0,0,80,79,80
2051-12-26,Tuesday,0,1,Winter,1.3,0,0,80,59,84
2051-12-27,Wednesday,0,0,Winter,2.8,1,0,84,57,57
2051-12-28,Thursday,0,0,Winter,2.8,1,0,57,67,67
2051-12-29,Friday,0,0,Winter,2.5,1,0,67,67,74
2051-12-30,Saturday,1,0,Winter,0.1,1,1,74,74,84
2051-12-31,Sunday,1,1,Winter,5.5,0,0,84,80,88
2052-01-01,Monday,0,1,Winter,7.2,0,0,88,80,90
2052-01-02,Tuesday,0,0,Winter,-2.5,0,0,90,84,78
2052-01-03,Wednesday,0,0,Winter,-1.4,1,0,78,57,61
2052-01-04,Thursday,0,0,Winter,6.4,1,0,61,67,51
2052-01-05,Friday,0,0,Winter,8.1,0,0,51,74,71
2052-01-06,Saturday,1,0,Winter,-2.9,1,0,71,84,85
2052-01-07,Sunday,1,0,Winter,5.9,1,0,85,88,73
2052-01-08,Monday,0,0,Winter,8.5,0,0,73,90,69
2052-01-09,Tuesday,0,0,Winter,1.0,1,0,69,78,61
2052-01-10,Wednesday,0,0,Winter,8.4,1,0,61,61,58
2052-01-11,Thursday,0,0,Winter,3.2,0,0,58,51,54
2052-01-12,Friday,0,0,Winter,4.7,0,0,54,71,75
2052-01-13,Saturday,1,0,Winter,1.7,0,0,75,85,96
2052-01-14,Sunday,1,0,Winter,6.9,0,0,96,73,89
2052-01-15,Monday,0,0,Winter,6.5,0,0,89,69,71
2052-01-16,Tuesday,0,0,Winter,9.3,1,1,71,61,73
2052-01-17,Wednesday,0,0,Winter,8.5,0,0,73,58,60
2052-01-18,Thursday,0,0,Winter,4.2,1,0,60,54,57
2052-01-19,Friday,0,0,Winter,13.7,0,0,57,75,77
2052-01-20,Saturday,1,0,Winter,8.5,1,1,77,96,98
2052-01-21,Sunday,1,0,Winter,6.1,0,0,98,89,96
2052-01-22,Monday,0,0,Winter,1.6,1,0,96,71,70
2052-01-23,Tuesday,0,0,Winter,0.1,0,0,70,73,67
2052-01-24,Wednesday,0,0,Winter,0.5,1,0,67,60,57
2052-01-25,Thursday,0,0,Winter,2.1,0,0,57,57,66
2052-01-26,Friday,0,0,Winter,9.1,1,0,66,77,75
2052-01-27,Saturday,1,0,Winter,6.6,0,0,75,98,100
2052-01-28,Sunday,1,0,Winter,3.4,1,0,100,96,93
2052-01-29,Monday,0,0,Winter,4.9,0,0,93,70,71
2052-01-30,Tuesday,0,0,Winter,4.6,0,0,71,67,59
2052-01-31,Wednesday,0,0,Winter,7.9,1,0,59,57,59
2052-02-01,Thursday,0,0,Winter,3.0,0,1,59,66,55
2052-02-02,Friday,0,0,Winter,6.8,1,0,55,75,63
2052-02-03,Saturday,1,0,Winter,6.8,0,0,63,100,79
2052-02-04,Sunday,1,0,Winter,3.5,1,0,79,93,75
2052-02-05,Monday,0,0,Winter,10.9,0,0,75,71,73
2052-02-06,Tuesday,0,0,Winter,5.4,0,0,73,59,59
2052-02-07,Wednesday,0,0,Winter,3.4,1,1,59,59,53
2052-02-08,Thursday,0,0,Winter,9.1,1,0,53,55,61
2052-02-09,Friday,0,0,Winter,6.8,1,1,61,63,70
2052-02-10,Saturday,1,0,Winter,8.0,1,0,70,79,80
2052-02-11,Sunday,1,0,Winter,3.4,1,0,80,75,77
2052-02-12,Monday,0,0,Winter,9.5,1,0,77,73,73
2052-02-13,Tuesday,0,0,Winter,13.7,0,0,73,59,71
2052-02-14,Wednesday,0,0,Winter,3.5,0,1,71,53,75
2052-02-15,Thursday,0,0,Winter,8.5,1,0,75,61,81
2052-02-16,Friday,0,0,Winter,5.3,0,0,81,70,81
2052-02-17,Saturday,1,0,Winter,15.8,1,0,81,80,90
2052-02-18,Sunday,1,0,Winter,11.6,1,0,90,77,85
2052-02-19,Monday,0,0,Winter,8.9,1,0,85,73,59
2052-02-20,Tuesday,0,0,Winter,4.5,0,0,59,71,62
2052-02-21,Wednesday,0,0,Winter,5.4,1,0,62,75,73
2052-02-22,Thursday,0,0,Winter,10.8,0,0,73,81,81
2052-02-23,Friday,0,0,Winter,4.6,0,0,81,81,78
2052-02-24,Saturday,1,0,Winter,4.8,1,0,78,90,86
2052-02-25,Sunday,1,0,Winter,9.0,1,0,86,85,76
2052-02-26,Monday,0,0,Winter,9.5,0,0,76,59,73
2052-02-27,Tuesday,0,0,Winter,10.4,1,0,73,62,62
2052-02-28,Wednesday,0,0,Winter,8.1,1,0,62,73,65
2052-02-29,Thursday,0,0,Winter,12.4,0,0,65,81,68
2052-03-01,Friday,0,0,Spring,7.2,0,0,68,78,80
2052-03-02,Saturday,1,0,Spring,11.8,1,0,80,86,72
2052-03-03,Sunday,1,0,Spring,10.8,0,0,72,76,79
2052-03-04,Monday,0,0,Spring,12.1,0,1,79,73,79
2052-03-05,Tuesday,0,0,Spring,14.0,0,0,79,62,71
2052-03-06,Wednesday,0,0,Spring,9.2,1,0,71,65,45
2052-03-07,Thursday,0,0,Spring,8.8,1,0,45,68,55
2052-03-08,Friday,0,0,Spring,5.9,1,0,55,80,71
2052-03-09,Saturday,1,0,Spring,5.1,1,0,71,72,72
2052-03-10,Sunday,1,0,Spring,10.8,1,0,72,79,83
2052-03-11,Monday,0,0,Spring,11.1,0,1,83,79,94
2052-03-12,Tuesday,0,0,Spring,8.4,0,0,94,71,85
2052-03-13,Wednesday,0,0,Spring,9.2,0,0,85,45,76
2052-03-14,Thursday,0,0,Spring,16.5,0,1,76,55,86
2052-03-15,Friday,0,0,Spring,14.8,0,0,86,71,92
2052-03-16,Saturday,1,0,Spring,8.5,0,0,92,72,87
2052-03-17,Sunday,1,0,Spring,11.2,0,0,87,83,85
2052-03-18,Monday,0,0,Spring,13.9,0,0,85,94,81
2052-03-19,Tuesday,0,0,Spring,10.9,0,0,81,85,87
2052-03-20,Wednesday,0,0,Spring,10.6,0,0,87,76,77
2052-03-21,Thursday,0,0,Spring,12.2,0,0,77,86,82
2052-03-22,Friday,0,0,Spring,16.6,1,0,82,92,86
2052-03-23,Saturday,1,0,Spring,17.1,1,0,86,87,95
2052-03-24,Sunday,1,0,Spring,11.5,0,0,95,85,99
2052-03-25,Monday,0,0,Spring,15.2,0,0,99,81,94
2052-03-26,Tuesday,0,0,Spring,14.0,0,0,94,87,77
2052-03-27,Wednesday,0,0,Spring,11.2,1,0,77,77,78
2052-03-28,Thursday,0,0,Spring,13.5,0,0,78,82,84
2052-03-29,Friday,0,0,Spring,10.7,0,0,84,86,91
2052-03-30,Saturday,1,0,Spring,18.2,0,0,91,95,100
2052-03-31,Sunday,1,0,Spring,19.5,0,0,100,99,99
2052-04-01,Monday,0,0,Spring,13.8,0,1,99,94,107
2052-04-02,Tuesday,0,0,Spring,13.3,0,0,107,77,91
2052-04-03,Wednesday,0,0,Spring,18.5,0,0,91,78,97
2052-04-04,Thursday,0,0,Spring,19.2,0,0,97,84,95
2052-04-05,Friday,0,0,Spring,12.4,0,0,95,91,96
2052-04-06,Saturday,1,0,Spring,15.4,1,0,96,100,96
2052-04-07,Sunday,1,0,Spring,15.9,0,0,96,99,101
2052-04-08,Monday,0,0,Spring,13.9,1,0,101,107,100
2052-04-09,Tuesday,0,0,Spring,17.5,0,0,100,91,94
2052-04-10,Wednesday,0,0,Spring,14.4,1,0,94,97,92
2052-04-11,Thursday,0,0,Spring,15.1,1,0,92,95,103
2052-04-12,Friday,0,0,Spring,16.6,0,0,103,96,95
2052-04-13,Saturday,1,0,Spring,12.5,0,0,95,96,95
2052-04-14,Sunday,1,0,Spring,11.0,0,1,95,101,109
2052-04-15,Monday,0,0,Spring,20.1,1,1,109,100,94
2052-04-16,Tuesday,0,0,Spring,15.3,0,0,94,94,96
2052-04-17,Wednesday,0,0,Spring,24.0,0,0,96,92,92
2052-04-18,Thursday,0,0,Spring,23.7,1,0,92,103,94
2052-04-19,Friday,0,0,Spring,16.4,0,1,94,95,112
2052-04-20,Saturday,1,0,Spring,25.1,0,0,112,95,106
2052-04-21,Sunday,1,0,Spring,21.0,1,0,106,109,94
2052-04-22,Monday,0,0,Spring,16.4,1,0,94,94,74
2052-04-23,Tuesday,0,0,Spring,10.8,0,0,74,96,84
2052-04-24,Wednesday,0,0,Spring,20.7,0,0,84,92,96
2052-04-25,Thursday,0,0,Spring,18.9,0,0,96,94,90
2052-04-26,Friday,0,0,Spring,20.2,0,0,90,112,111
2052-04-27,Saturday,1,0,Spring,18.4,1,0,111,106,111
2052-04-28,Sunday,1,0,Spring,15.8,0,0,111,94,107
2052-04-29,Monday,0,0,Spring,18.1,0,1,107,74,107
2052-04-30,Tuesday,0,0,Spring,21.6,1,0,107,84,82
2052-05-01,Wednesday,0,1,Spring,18.5,0,0,82,96,100
2052-05-02,Thursday,0,0,Spring,18.7,1,0,100,90,82
2052-05-03,Friday,0,0,Spring,15.3,0,0,82,111,86
2052-05-04,Saturday,1,0,Spring,20.3,0,0,86,111,95
2052-05-05,Sunday,1,0,Spring,16.8,1,0,95,107,104
2052-05-06,Monday,0,0,Spring,23.0,0,0,104,107,107
2052-05-07,Tuesday,0,0,Spring,18.1,1,0,107,82,99
2052-05-08,Wednesday,0,0,Spring,19.6,0,0,99,100,98
2052-05-09,Thursday,0,0,Spring,27.1,1,0,98,82,93
2052-05-10,Friday,0,0,Spring,19.8,0,0,93,86,101
2052-05-11,Saturday,1,0,Spring,19.5,1,0,101,95,102
2052-05-12,Sunday,1,0,Spring,22.7,1,0,102,104,106
2052-05-13,Monday,0,0,Spring,15.7,0,0,106,107,99
2052-05-14,Tuesday,0,0,Spring,24.9,0,0,99,99,99
2052-05-15,Wednesday,0,0,Spring,24.2,1,0,99,98,111
2052-05-16,Thursday,0,0,Spring,22.9,1,0,111,93,109
2052-05-17,Friday,0,0,Spring,11.3,0,0,109,101,108
2052-05-18,Saturday,1,0,Spring,20.7,1,0,108,102,106
2052-05-19,Sunday,1,0,Spring,17.8,1,0,106,106,105
2052-05-20,Monday,0,0,Spring,25.0,0,1,105,99,116
2052-05-21,Tuesday,0,0,Spring,24.9,0,0,116,99,108
2052-05-22,Wednesday,0,0,Spring,23.0,0,1,108,111,112
2052-05-23,Thursday,0,0,Spring,18.3,1,0,112,109,94
2052-05-24,Friday,0,0,Spring,26.5,0,1,94,108,111
2052-05-25,Saturday,1,0,Spring,21.3,0,0,111,106,120
2052-05-26,Sunday,1,0,Spring,27.6,0,0,120,105,110
2052-05-27,Monday,0,0,Spring,23.0,1,0,110,116,114
2052-05-28,Tuesday,0,0,Spring,23.8,0,0,114,108,110
2052-05-29,Wednesday,0,0,Spring,21.0,0,1,110,112,125
2052-05-30,Thursday,0,0,Spring,26.6,0,1,125,94,121
2052-05-31,Friday,0,0,Spring,24.3,0,0,121,111,103
2052-06-01,Saturday,1,0,Summer,26.8,0,0,103,120,117
2052-06-02,Sunday,1,0,Summer,23.1,0,0,117,110,114
2052-06-03,Monday,0,0,Summer,22.5,0,0,114,114,104
2052-06-04,Tuesday,0,0,Summer,24.4,0,0,104,110,110
2052-06-05,Wednesday,0,0,Summer,27.0,0,0,110,125,109
2052-06-06,Thursday,0,0,Summer,25.8,0,0,109,121,106
2052-06-07,Friday,0,0,Summer,23.2,1,0,106,103,103
2052-06-08,Saturday,1,0,Summer,17.2,0,1,103,117,128
2052-06-09,Sunday,1,0,Summer,25.3,1,0,128,114,120
2052-06-10,Monday,0,0,Summer,18.6,0,0,120,104,102
2052-06-11,Tuesday,0,0,Summer,23.0,1,0,102,110,99
2052-06-12,Wednesday,0,0,Summer,22.6,0,0,99,109,112
2052-06-13,Thursday,0,0,Summer,18.7,1,0,112,106,110
2052-06-14,Friday,0,0,Summer,24.1,0,0,110,103,117
2052-06-15,Saturday,1,0,Summer,29.4,0,0,117,128,133
2052-06-16,Sunday,1,0,Summer,22.0,1,0,133,120,113
2052-06-17,Monday,0,0,Summer,25.3,0,0,113,102,107
2052-06-18,Tuesday,0,0,Summer,30.1,0,1,107,99,122
2052-06-19,Wednesday,0,0,Summer,25.6,0,0,122,112,102
2052-06-20,Thursday,0,0,Summer,21.1,1,0,102,110,91
2052-06-21,Friday,0,0,Summer,23.7,0,0,91,117,101
2052-06-22,Saturday,1,0,Summer,24.4,1,0,101,133,113
2052-06-23,Sunday,1,0,Summer,27.3,0,0,113,113,119
2052-06-24,Monday,0,0,Summer,26.6,1,0,119,107,100
2052-06-25,Tuesday,0,0,Summer,14.6,1,0,100,122,104
2052-06-26,Wednesday,0,0,Summer,20.4,0,0,104,102,119
2052-06-27,Thursday,0,0,Summer,22.7,0,0,119,91,106
2052-06-28,Friday,0,0,Summer,19.8,0,0,106,101,99
2052-06-29,Saturday,1,0,Summer,11.8,0,0,99,113,106
2052-06-30,Sunday,1,0,Summer,20.7,0,0,106,119,119
2052-07-01,Monday,0,0,Summer,22.8,0,0,119,100,110
2052-07-02,Tuesday,0,0,Summer,21.2,0,0,110,104,111
2052-07-03,Wednesday,0,0,Summer,19.7,0,0,111,119,109
2052-07-04,Thursday,0,0,Summer,22.8,0,1,109,106,120
2052-07-05,Friday,0,0,Summer,23.7,1,0,120,99,131
2052-07-06,Saturday,1,0,Summer,21.2,0,0,131,106,123
2052-07-07,Sunday,1,0,Summer,26.7,0,0,123,119,125
2052-07-08,Monday,0,0,Summer,22.7,1,0,125,110,114
2052-07-09,Tuesday,0,0,Summer,19.8,0,0,114,111,127
2052-07-10,Wednesday,0,0,Summer,19.0,0,0,127,109,121
2052-07-11,Thursday,0,0,Summer,21.7,1,0,121,120,117
2052-07-12,Friday,0,0,Summer,25.6,0,0,117,131,122
2052-07-13,Saturday,1,0,Summer,19.7,1,1,122,123,140
2052-07-14,Sunday,1,0,Summer,23.9,1,0,140,125,129
2052-07-15,Monday,0,0,Summer,22.3,0,0,129,114,128
2052-07-16,Tuesday,0,0,Summer,27.9,0,0,128,127,122
2052-07-17,Wednesday,0,0,Summer,23.1,0,0,122,121,114
2052-07-18,Thursday,0,0,Summer,19.7,1,0,114,117,101
2052-07-19,Friday,0,0,Summer,23.9,0,0,101,122,118
2052-07-20,Saturday,1,0,Summer,23.9,1,0,118,140,115
2052-07-21,Sunday,1,0,Summer,20.4,0,0,115,129,130
2052-07-22,Monday,0,0,Summer,18.0,0,0,130,128,109
2052-07-23,Tuesday,0,0,Summer,23.0,0,0,109,122,99
2052-07-24,Wednesday,0,0,Summer,21.5,1,0,99,114,102
2052-07-25,Thursday,0,0,Summer,16.6,0,0,102,101,110
2052-07-26,Friday,0,0,Summer,21.8,0,0,110,118,115
2052-07-27,Saturday,1,0,Summer,19.1,1,0,115,115,122
2052-07-28,Sunday,1,0,Summer,16.3,0,0,122,130,125
2052-07-29,Monday,0,0,Summer,19.7,0,0,125,109,117
2052-07-30,Tuesday,0,0,Summer,24.5,0,1,117,99,128
2052-07-31,Wednesday,0,0,Summer,24.2,1,0,128,102,108
2052-08-01,Thursday,0,0,Summer,23.3,1,0,108,110,109
2052-08-02,Friday,0,0,Summer,21.1,0,0,109,115,101
2052-08-03,Saturday,1,0,Summer,22.0,1,0,101,122,124
2052-08-04,Sunday,1,0,Summer,20.4,0,0,124,125,122
2052-08-05,Monday,0,0,Summer,16.6,0,0,122,117,113
2052-08-06,Tuesday,0,0,Summer,17.1,0,0,113,128,110
2052-08-07,Wednesday,0,0,Summer,17.9,0,0,110,108,102
2052-08-08,Thursday,0,0,Summer,23.8,0,1,102,109,121
2052-08-09,Friday,0,0,Summer,22.7,0,0,121,101,121
2052-08-10,Saturday,1,0,Summer,16.1,0,0,121,124,120
2052-08-11,Sunday,1,0,Summer,19.3,0,0,120,122,134
2052-08-12,Monday,0,0,Summer,17.8,1,0,134,113,120
2052-08-13,Tuesday,0,0,Summer,18.4,0,0,120,110,122
2052-08-14,Wednesday,0,0,Summer,17.1,0,0,122,102,97
2052-08-15,Thursday,0,0,Summer,22.8,0,0,97,121,105
2052-08-16,Friday,0,0,Summer,18.4,1,1,105,121,125
2052-08-17,Saturday,1,0,Summer,19.0,0,0,125,120,118
2052-08-18,Sunday,1,0,Summer,18.8,1,0,118,134,118
2052-08-19,Monday,0,0,Summer,14.9,0,0,118,120,103
2052-08-20,Tuesday,0,0,Summer,18.2,0,0,103,122,110
2052-08-21,Wednesday,0,0,Summer,20.9,0,0,110,97,103
2052-08-22,Thursday,0,0,Summer,22.0,0,0,103,105,100
2052-08-23,Friday,0,0,Summer,14.0,0,0,100,125,123
2052-08-24,Saturday,1,0,Summer,12.7,1,0,123,118,123
2052-08-25,Sunday,1,0,Summer,17.3,0,0,123,118,125
2052-08-26,Monday,0,0,Summer,20.3,0,0,125,103,113
2052-08-27,Tuesday,0,0,Summer,17.9,0,1,113,110,121
2052-08-28,Wednesday,0,0,Summer,18.7,0,0,121,103,115
2052-08-29,Thursday,0,0,Summer,12.4,0,1,115,100,102
2052-08-30,Friday,0,0,Summer,14.6,0,0,102,123,125
2052-08-31,Saturday,1,0,Summer,9.6,1,0,125,123,132
2052-09-01,Sunday,1,0,Autumn,15.6,1,0,132,125,117
2052-09-02,Monday,0,0,Autumn,9.3,1,0,117,113,88
2052-09-03,Tuesday,0,0,Autumn,19.7,0,0,88,121,90
2052-09-04,Wednesday,0,0,Autumn,20.2,1,0,90,115,87
2052-09-05,Thursday,0,0,Autumn,15.7,1,0,87,102,92
2052-09-06,Friday,0,0,Autumn,10.6,0,1,92,125,107
2052-09-07,Saturday,1,0,Autumn,16.1,0,0,107,132,113
2052-09-08,Sunday,1,0,Autumn,20.4,1,0,113,117,116
2052-09-09,Monday,0,0,Autumn,16.1,0,0,116,88,98
2052-09-10,Tuesday,0,0,Autumn,18.0,0,0,98,90,99
2052-09-11,Wednesday,0,0,Autumn,12.9,1,0,99,87,88
2052-09-12,Thursday,0,0,Autumn,11.5,1,0,88,92,98
2052-09-13,Friday,0,0,Autumn,13.8,0,0,98,107,117
2052-09-14,Saturday,1,0,Autumn,8.0,0,0,117,113,115
2052-09-15,Sunday,1,0,Autumn,20.4,0,0,115,116,113
2052-09-16,Monday,0,0,Autumn,13.9,0,0,113,98,99
2052-09-17,Tuesday,0,0,Autumn,15.9,0,0,99,99,102
2052-09-18,Wednesday,0,0,Autumn,11.7,1,0,102,88,95
2052-09-19,Thursday,0,0,Autumn,8.3,1,0,95,98,76
2052-09-20,Friday,0,0,Autumn,17.0,1,0,76,117,97
2052-09-21,Saturday,1,0,Autumn,9.2,1,1,97,115,107
2052-09-22,Sunday,1,0,Autumn,13.5,1,0,107,113,107
2052-09-23,Monday,0,0,Autumn,13.6,0,0,107,99,96
2052-09-24,Tuesday,0,0,Autumn,12.3,0,0,96,102,90
2052-09-25,Wednesday,0,0,Autumn,9.6,0,0,90,95,76
2052-09-26,Thursday,0,0,Autumn,11.3,1,0,76,76,65
2052-09-27,Friday,0,0,Autumn,8.7,1,0,65,97,77
2052-09-28,Saturday,1,0,Autumn,13.8,0,0,77,107,95
2052-09-29,Sunday,1,0,Autumn,12.9,0,0,95,107,100
2052-09-30,Monday,0,0,Autumn,11.0,0,0,100,96,93
2052-10-01,Tuesday,0,0,Autumn,9.2,0,0,93,90,81
2052-10-02,Wednesday,0,0,Autumn,17.0,1,0,81,76,69
2052-10-03,Thursday,0,0,Autumn,6.6,0,0,69,65,78
2052-10-04,Friday,0,0,Autumn,5.8,0,0,78,77,85
2052-10-05,Saturday,1,0,Autumn,10.0,1,0,85,95,87
2052-10-06,Sunday,1,0,Autumn,9.3,0,0,87,100,100
2052-10-07,Monday,0,0,Autumn,13.2,0,0,100,93,84
2052-10-08,Tuesday,0,0,Autumn,11.7,1,0,84,81,80
2052-10-09,Wednesday,0,0,Autumn,9.7,0,0,80,69,78
2052-10-10,Thursday,0,0,Autumn,10.9,0,0,78,78,76
2052-10-11,Friday,0,0,Autumn,10.7,0,0,76,85,88
2052-10-12,Saturday,1,0,Autumn,15.4,0,0,88,87,87
2052-10-13,Sunday,1,0,Autumn,9.7,0,0,87,100,93
2052-10-14,Monday,0,0,Autumn,6.7,1,0,93,84,80
2052-10-15,Tuesday,0,0,Autumn,9.2,0,1,80,80,78
2052-10-16,Wednesday,0,0,Autumn,0.6,1,0,78,78,75
2052-10-17,Thursday,0,0,Autumn,8.2,0,0,75,76,86
2052-10-18,Friday,0,0,Autumn,11.4,1,0,86,88,86
2052-10-19,Saturday,1,0,Autumn,9.8,1,0,86,87,90
2052-10-20,Sunday,1,0,Autumn,8.8,0,0,90,93,91
2052-10-21,Monday,0,0,Autumn,9.7,1,0,91,80,78
2052-10-22,Tuesday,0,0,Autumn,10.9,1,0,78,78,71
2052-10-23,Wednesday,0,0,Autumn,11.7,0,0,71,75,75
2052-10-24,Thursday,0,0,Autumn,8.6,1,0,75,86,76
2052-10-25,Friday,0,0,Autumn,6.2,0,0,76,86,94
2052-10-26,Saturday,1,0,Autumn,0.1,1,0,94,90,88
2052-10-27,Sunday,1,0,Autumn,9.8,0,0,88,91,85
2052-10-28,Monday,0,0,Autumn,8.3,0,0,85,78,66
2052-10-29,Tuesday,0,0,Autumn,7.1,0,0,66,71,75
2052-10-30,Wednesday,0,0,Autumn,4.4,0,0,75,75,84
2052-10-31,Thursday,0,0,Autumn,9.2,0,0,84,76,74
2052-11-01,Friday,0,0,Autumn,5.4,0,0,74,94,88
2052-11-02,Saturday,1,0,Autumn,6.0,1,0,88,88,93
2052-11-03,Sunday,1,0,Autumn,5.8,0,0,93,85,90
2052-11-04,Monday,0,0,Autumn,7.2,0,0,90,66,69
2052-11-05,Tuesday,0,0,Autumn,2.3,1,0,69,75,69
2052-11-06,Wednesday,0,0,Autumn,7.3,1,0,69,84,80
2052-11-07,Thursday,0,0,Autumn,3.3,1,0,80,74,84
2052-11-08,Friday,0,0,Autumn,3.3,0,0,84,88,89
2052-11-09,Saturday,1,0,Autumn,7.9,1,0,89,93,98
2052-11-10,Sunday,1,0,Autumn,2.2,0,0,98,90,80
2052-11-11,Monday,0,0,Autumn,7.7,0,0,80,69,78
2052-11-12,Tuesday,0,0,Autumn,5.3,1,0,78,69,74
2052-11-13,Wednesday,0,0,Autumn,-0.1,0,0,74,80,70
2052-11-14,Thursday,0,0,Autumn,8.8,0,1,70,84,86
2052-11-15,Friday,0,0,Autumn,5.6,0,0,86,89,84
2052-11-16,Saturday,1,0,Autumn,5.7,0,0,84,98,82
2052-11-17,Sunday,1,0,Autumn,7.5,0,0,82,80,89
2052-11-18,Monday,0,0,Autumn,8.9,1,0,89,78,90
2052-11-19,Tuesday,0,0,Autumn,4.9,1,0,90,74,70
2052-11-20,Wednesday,0,0,Autumn,6.1,1,0,70,70,68
2052-11-21,Thursday,0,0,Autumn,5.2,0,1,68,86,74
2052-11-22,Friday,0,0,Autumn,3.0,1,0,74,84,78
2052-11-23,Saturday,1,0,Autumn,-0.8,1,0,78,82,76
2052-11-24,Sunday,1,0,Autumn,4.6,0,0,76,89,82
2052-11-25,Monday,0,0,Autumn,8.0,0,0,82,90,87
2052-11-26,Tuesday,0,0,Autumn,5.5,0,0,87,70,79
2052-11-27,Wednesday,0,0,Autumn,0.5,0,0,79,68,71
2052-11-28,Thursday,0,0,Autumn,6.9,0,0,71,74,68
2052-11-29,Friday,0,0,Autumn,2.7,1,0,68,78,77
2052-11-30,Saturday,1,0,Autumn,-2.8,1,0,77,76,69
2052-12-01,Sunday,1,0,Winter,6.5,0,0,69,82,87
2052-12-02,Monday,0,0,Winter,0.6,1,0,87,87,74
2052-12-03,Tuesday,0,0,Winter,8.7,0,0,74,79,66
2052-12-04,Wednesday,0,0,Winter,6.8,0,0,66,71,57
2052-12-05,Thursday,0,0,Winter,2.6,1,0,57,68,58
2052-12-06,Friday,0,0,Winter,4.6,0,0,58,77,67
2052-12-07,Saturday,1,0,Winter,10.5,1,0,67,69,78
2052-12-08,Sunday,1,0,Winter,6.2,0,0,78,87,76
2052-12-09,Monday,0,0,Winter,3.9,0,0,76,74,75
2052-12-10,Tuesday,0,0,Winter,11.8,1,0,75,66,51
2052-12-11,Wednesday,0,0,Winter,3.4,0,0,51,57,56
2052-12-12,Thursday,0,0,Winter,4.8,0,0,56,58,56
2052-12-13,Friday,0,0,Winter,0.2,1,0,56,67,62
2052-12-14,Saturday,1,0,Winter,-2.0,1,0,62,78,78
2052-12-15,Sunday,1,0,Winter,2.2,1,0,78,76,81
2052-12-16,Monday,0,0,Winter,3.1,1,0,81,75,71
2052-12-17,Tuesday,0,0,Winter,4.0,0,0,71,51,72
2052-12-18,Wednesday,0,0,Winter,-1.3,0,0,72,56,72
2052-12-19,Thursday,0,0,Winter,5.0,1,0,72,56,75
2052-12-20,Friday,0,0,Winter,0.5,0,0,75,62,67
2052-12-21,Saturday,1,0,Winter,4.8,0,1,67,78,91
2052-12-22,Sunday,1,0,Winter,5.8,0,0,91,81,92
2052-12-23,Monday,0,0,Winter,1.8,1,0,92,71,72
2052-12-24,Tuesday,0,1,Winter,0.1,1,0,72,72,77
2052-12-25,Wednesday,0,1,Winter,7.7,0,0,77,72,80
2052-12-26,Thursday,0,1,Winter,5.7,0,0,80,75,73
2052-12-27,Friday,0,0,Winter,3.6,1,0,73,67,79
2052-12-28,Saturday,1,0,Winter,7.5,0,0,79,91,84
2052-12-29,Sunday,1,0,Winter,3.4,0,0,84,92,74
2052-12-30,Monday,0,0,Winter,1.3,0,0,74,72,90
2052-12-31,Tuesday,0,1,Winter,0.2,0,0,90,77,75
2053-01-01,Wednesday,0,1,Winter,2.9,0,0,75,80,83
2053-01-02,Thursday,0,0,Winter,5.6,0,0,83,73,70
2053-01-03,Friday,0,0,Winter,7.5,0,0,70,79,74
2053-01-04,Saturday,1,0,Winter,3.4,1,0,74,84,74
2053-01-05,Sunday,1,0,Winter,7.0,0,0,74,74,71
2053-01-06,Monday,0,0,Winter,2.8,1,0,71,90,74
2053-01-07,Tuesday,0,0,Winter,1.1,1,0,74,75,82
2053-01-08,Wednesday,0,0,Winter,-0.4,0,1,82,83,83
2053-01-09,Thursday,0,0,Winter,2.1,1,0,83,70,60
2053-01-10,Friday,0,0,Winter,-0.1,0,0,60,74,61
2053-01-11,Saturday,1,0,Winter,9.8,0,0,61,74,71
2053-01-12,Sunday,1,0,Winter,5.1,0,0,71,71,76
2053-01-13,Monday,0,0,Winter,3.6,0,0,76,74,67
2053-01-14,Tuesday,0,0,Winter,9.1,0,0,67,82,86
2053-01-15,Wednesday,0,0,Winter,0.1,1,1,86,83,81
2053-01-16,Thursday,0,0,Winter,3.7,1,1,81,60,82
2053-01-17,Friday,0,0,Winter,10.2,0,0,82,61,77
2053-01-18,Saturday,1,0,Winter,3.8,0,0,77,71,80
2053-01-19,Sunday,1,0,Winter,11.7,0,0,80,76,81
2053-01-20,Monday,0,0,Winter,6.8,0,0,81,67,71
2053-01-21,Tuesday,0,0,Winter,8.4,0,0,71,86,70
2053-01-22,Wednesday,0,0,Winter,8.6,0,0,70,81,74
2053-01-23,Thursday,0,0,Winter,4.7,0,0,74,82,72
2053-01-24,Friday,0,0,Winter,3.3,0,1,72,77,99
2053-01-25,Saturday,1,0,Winter,4.5,1,0,99,80,92
2053-01-26,Sunday,1,0,Winter,2.0,1,0,92,81,87
2053-01-27,Monday,0,0,Winter,4.9,0,0,87,71,73
2053-01-28,Tuesday,0,0,Winter,5.2,1,0,73,70,55
2053-01-29,Wednesday,0,0,Winter,10.4,1,0,55,74,53
2053-01-30,Thursday,0,0,Winter,7.2,1,1,53,72,68
2053-01-31,Friday,0,0,Winter,12.6,0,0,68,99,83
2053-02-01,Saturday,1,0,Winter,-0.8,1,0,83,92,86
2053-02-02,Sunday,1,0,Winter,2.1,1,0,86,87,83
2053-02-03,Monday,0,0,Winter,4.8,1,0,83,73,67
2053-02-04,Tuesday,0,0,Winter,10.5,1,0,67,55,80
2053-02-05,Wednesday,0,0,Winter,5.8,0,0,80,53,71
2053-02-06,Thursday,0,0,Winter,1.9,0,0,71,68,66
2053-02-07,Friday,0,0,Winter,5.7,1,0,66,83,70
2053-02-08,Saturday,1,0,Winter,2.9,0,0,70,86,86
2053-02-09,Sunday,1,0,Winter,2.5,1,1,86,83,87
2053-02-10,Monday,0,0,Winter,12.8,1,0,87,67,80
2053-02-11,Tuesday,0,0,Winter,5.9,0,0,80,80,75
2053-02-12,Wednesday,0,0,Winter,7.6,1,0,75,71,66
2053-02-13,Thursday,0,0,Winter,6.9,1,1,66,66,63
2053-02-14,Friday,0,0,Winter,6.6,1,0,63,70,75
2053-02-15,Saturday,1,0,Winter,5.0,1,0,75,86,73
2053-02-16,Sunday,1,0,Winter,6.7,1,0,73,87,83
2053-02-17,Monday,0,0,Winter,8.8,0,0,83,80,73
2053-02-18,Tuesday,0,0,Winter,12.2,1,0,73,75,76
2053-02-19,Wednesday,0,0,Winter,10.9,0,0,76,66,82
2053-02-20,Thursday,0,0,Winter,4.6,1,0,82,63,66
2053-02-21,Friday,0,0,Winter,11.3,0,0,66,75,70
2053-02-22,Saturday,1,0,Winter,9.9,1,0,70,73,93
2053-02-23,Sunday,1,0,Winter,6.8,0,0,93,83,92
2053-02-24,Monday,0,0,Winter,9.4,0,1,92,73,92
2053-02-25,Tuesday,0,0,Winter,10.7,1,0,92,76,69
2053-02-26,Wednesday,0,0,Winter,9.3,0,0,69,82,66
2053-02-27,Thursday,0,0,Winter,10.7,0,0,66,66,72
2053-02-28,Friday,0,0,Winter,6.9,1,0,72,70,69
2053-03-01,Saturday,1,0,Spring,15.6,0,0,69,93,84
2053-03-02,Sunday,1,0,Spring,4.0,0,0,84,92,91
2053-03-03,Monday,0,0,Spring,11.7,0,0,91,92,76
2053-03-04,Tuesday,0,0,Spring,11.2,1,0,76,69,74
2053-03-05,Wednesday,0,0,Spring,12.2,0,1,74,66,76
2053-03-06,Thursday,0,0,Spring,8.3,0,0,76,72,83
2053-03-07,Friday,0,0,Spring,14.1,1,0,83,69,83
2053-03-08,Saturday,1,0,Spring,10.5,1,0,83,84,93
2053-03-09,Sunday,1,0,Spring,7.4,0,0,93,91,103
2053-03-10,Monday,0,0,Spring,7.8,0,0,103,76,82
2053-03-11,Tuesday,0,0,Spring,11.7,1,0,82,74,70
2053-03-12,Wednesday,0,0,Spring,6.7,1,0,70,76,79
2053-03-13,Thursday,0,0,Spring,17.0,1,0,79,83,95
2053-03-14,Friday,0,0,Spring,14.9,0,1,95,83,112
2053-03-15,Saturday,1,0,Spring,17.5,1,0,112,93,91
2053-03-16,Sunday,1,0,Spring,17.3,1,1,91,103,109
2053-03-17,Monday,0,0,Spring,11.3,1,0,109,82,83
2053-03-18,Tuesday,0,0,Spring,9.9,1,0,83,70,81
2053-03-19,Wednesday,0,0,Spring,4.6,0,0,81,79,77
2053-03-20,Thursday,0,0,Spring,11.6,1,0,77,95,81
2053-03-21,Friday,0,0,Spring,18.3,0,1,81,112,103
2053-03-22,Saturday,1,0,Spring,10.7,0,0,103,91,99
2053-03-23,Sunday,1,0,Spring,12.7,0,0,99,109,95
2053-03-24,Monday,0,0,Spring,11.9,0,0,95,83,84
2053-03-25,Tuesday,0,0,Spring,14.8,0,0,84,81,85
2053-03-26,Wednesday,0,0,Spring,17.7,0,0,85,77,96
2053-03-27,Thursday,0,0,Spring,9.4,0,0,96,81,94
2053-03-28,Friday,0,0,Spring,10.2,1,0,94,103,93
2053-03-29,Saturday,1,0,Spring,18.8,0,0,93,99,102
2053-03-30,Sunday,1,0,Spring,16.7,0,0,102,95,82
2053-03-31,Monday,0,0,Spring,13.9,0,1,82,84,87
2053-04-01,Tuesday,0,0,Spring,20.0,1,0,87,85,86
2053-04-02,Wednesday,0,0,Spring,11.0,0,0,86,96,84
2053-04-03,Thursday,0,0,Spring,18.0,0,0,84,94,88
2053-04-04,Friday,0,0,Spring,15.2,0,0,88,93,78
2053-04-05,Saturday,1,0,Spring,17.4,0,0,78,102,88
2053-04-06,Sunday,1,0,Spring,8.6,1,0,88,82,79
2053-04-07,Monday,0,0,Spring,15.1,1,0,79,87,74
2053-04-08,Tuesday,0,0,Spring,18.3,0,1,74,86,69
2053-04-09,Wednesday,0,0,Spring,16.0,0,0,69,84,78
2053-04-10,Thursday,0,0,Spring,20.1,0,0,78,88,88
2053-04-11,Friday,0,0,Spring,20.2,1,0,88,78,93
2053-04-12,Saturday,1,0,Spring,13.8,1,0,93,88,93
2053-04-13,Sunday,1,0,Spring,19.3,1,0,93,79,98
2053-04-14,Monday,0,0,Spring,14.0,1,0,98,74,96
2053-04-15,Tuesday,0,0,Spring,17.3,0,0,96,69,77
2053-04-16,Wednesday,0,0,Spring,19.3,0,1,77,78,82
2053-04-17,Thursday,0,0,Spring,15.0,1,0,82,88,87
2053-04-18,Friday,0,0,Spring,20.0,0,0,87,93,101
2053-04-19,Saturday,1,0,Spring,16.3,0,0,101,93,97
2053-04-20,Sunday,1,0,Spring,16.2,1,0,97,98,110
2053-04-21,Monday,0,0,Spring,20.2,0,1,110,96,102
2053-04-22,Tuesday,0,0,Spring,15.7,0,0,102,77,90
2053-04-23,Wednesday,0,0,Spring,15.7,0,0,90,82,93
2053-04-24,Thursday,0,0,Spring,21.6,0,0,93,87,106
2053-04-25,Friday,0,0,Spring,19.0,0,0,106,101,100
2053-04-26,Saturday,1,0,Spring,14.4,0,0,100,97,110
2053-04-27,Sunday,1,0,Spring,21.5,0,0,110,110,112
2053-04-28,Monday,0,0,Spring,17.9,1,0,112,102,89
2053-04-29,Tuesday,0,0,Spring,15.0,0,0,89,90,84
2053-04-30,Wednesday,0,0,Spring,11.8,1,0,84,93,75
2053-05-01,Thursday,0,1,Spring,22.2,1,0,75,106,101
2053-05-02,Friday,0,0,Spring,17.0,0,0,101,100,94
2053-05-03,Saturday,1,0,Spring,16.0,0,0,94,110,110
2053-05-04,Sunday,1,0,Spring,21.8,1,0,110,112,110
2053-05-05,Monday,0,0,Spring,22.4,0,0,110,89,102
2053-05-06,Tuesday,0,0,Spring,17.8,0,0,102,84,94
2053-05-07,Wednesday,0,0,Spring,23.0,0,0,94,75,85
2053-05-08,Thursday,0,0,Spring,26.5,1,0,85,101,98
2053-05-09,Friday,0,0,Spring,24.5,1,0,98,94,102
2053-05-10,Saturday,1,0,Spring,24.2,0,0,102,110,110
2053-05-11,Sunday,1,0,Spring,21.6,0,0,110,110,131
2053-05-12,Monday,0,0,Spring,19.5,0,0,131,102,104
2053-05-13,Tuesday,0,0,Spring,20.7,0,1,104,94,110
2053-05-14,Wednesday,0,0,Spring,22.3,0,0,110,85,105
2053-05-15,Thursday,0,0,Spring,17.3,1,0,105,98,97
2053-05-16,Friday,0,0,Spring,18.9,0,0,97,102,105
2053-05-17,Saturday,1,0,Spring,17.0,0,0,105,110,115
2053-05-18,Sunday,1,0,Spring,22.1,0,0,115,131,121
2053-05-19,Monday,0,0,Spring,21.7,1,0,121,104,102
2053-05-20,Tuesday,0,0,Spring,19.6,1,0,102,110,98
2053-05-21,Wednesday,0,0,Spring,24.1,0,0,98,105,98
2053-05-22,Thursday,0,0,Spring,18.6,0,0,98,97,109
2053-05-23,Friday,0,0,Spring,19.8,1,0,109,105,113
2053-05-24,Saturday,1,0,Spring,24.3,0,0,113,115,121
2053-05-25,Sunday,1,0,Spring,24.8,1,0,121,121,114
2053-05-26,Monday,0,0,Spring,19.7,1,0,114,102,99
2053-05-27,Tuesday,0,0,Spring,22.8,1,0,99,98,91
2053-05-28,Wednesday,0,0,Spring,19.9,0,0,91,98,94
2053-05-29,Thursday,0,0,Spring,21.7,0,0,94,109,91
2053-05-30,Friday,0,0,Spring,22.8,0,0,91,113,101
2053-05-31,Saturday,1,0,Spring,24.1,0,0,101,121,109
2053-06-01,Sunday,1,0,Summer,23.4,0,0,109,114,112
2053-06-02,Monday,0,0,Summer,23.3,0,1,112,99,127
2053-06-03,Tuesday,0,0,Summer,19.3,1,0,127,91,105
2053-06-04,Wednesday,0,0,Summer,23.8,0,0,105,94,105
2053-06-05,Thursday,0,0,Summer,24.3,0,0,105,91,104
2053-06-06,Friday,0,0,Summer,24.8,0,0,104,101,115
2053-06-07,Saturday,1,0,Summer,20.6,0,0,115,109,117
2053-06-08,Sunday,1,0,Summer,25.5,0,0,117,112,117
2053-06-09,Monday,0,0,Summer,18.9,0,0,117,127,110
2053-06-10,Tuesday,0,0,Summer,21.6,0,0,110,105,102
2053-06-11,Wednesday,0,0,Summer,22.0,1,0,102,105,112
2053-06-12,Thursday,0,0,Summer,19.1,0,0,112,104,113
2053-06-13,Friday,0,0,Summer,22.0,1,0,113,115,110
2053-06-14,Saturday,1,0,Summer,23.6,0,0,110,117,127
2053-06-15,Sunday,1,0,Summer,17.5,0,0,127,117,131
2053-06-16,Monday,0,0,Summer,21.8,0,0,131,110,112
2053-06-17,Tuesday,0,0,Summer,17.7,0,0,112,102,104
2053-06-18,Wednesday,0,0,Summer,29.1,0,0,104,112,111
2053-06-19,Thursday,0,0,Summer,23.6,0,0,111,113,109
2053-06-20,Friday,0,0,Summer,23.4,1,0,109,110,108
2053-06-21,Saturday,1,0,Summer,23.7,0,1,108,127,127
2053-06-22,Sunday,1,0,Summer,24.8,0,0,127,131,129
2053-06-23,Monday,0,0,Summer,25.9,0,0,129,112,140
2053-06-24,Tuesday,0,0,Summer,18.3,0,0,140,104,113
2053-06-25,Wednesday,0,0,Summer,26.9,1,0,113,111,100
2053-06-26,Thursday,0,0,Summer,26.7,0,0,100,109,116
2053-06-27,Friday,0,0,Summer,22.7,0,0,116,108,119
2053-06-28,Saturday,1,0,Summer,22.6,0,0,119,127,126
2053-06-29,Sunday,1,0,Summer,13.6,0,0,126,129,130
2053-06-30,Monday,0,0,Summer,19.1,0,0,130,140,115
2053-07-01,Tuesday,0,0,Summer,24.4,0,0,115,113,115
2053-07-02,Wednesday,0,0,Summer,26.4,1,1,115,100,114
2053-07-03,Thursday,0,0,Summer,24.9,0,0,114,116,117
2053-07-04,Friday,0,0,Summer,22.5,0,0,117,119,121
2053-07-05,Saturday,1,0,Summer,28.5,0,0,121,126,148
2053-07-06,Sunday,1,0,Summer,25.7,0,0,148,130,136
2053-07-07,Monday,0,0,Summer,21.4,0,0,136,115,115
2053-07-08,Tuesday,0,0,Summer,29.1,1,0,115,115,116
2053-07-09,Wednesday,0,0,Summer,19.2,0,0,116,114,120
2053-07-10,Thursday,0,0,Summer,18.0,0,0,120,117,107
2053-07-11,Friday,0,0,Summer,21.1,0,0,107,121,119
2053-07-12,Saturday,1,0,Summer,20.0,0,0,119,148,124
2053-07-13,Sunday,1,0,Summer,21.2,0,0,124,136,119
2053-07-14,Monday,0,0,Summer,24.6,0,0,119,115,113
2053-07-15,Tuesday,0,0,Summer,22.0,1,0,113,116,104
2053-07-16,Wednesday,0,0,Summer,22.0,0,0,104,120,101
2053-07-17,Thursday,0,0,Summer,22.1,0,0,101,107,101
2053-07-18,Friday,0,0,Summer,15.0,0,1,101,119,114
2053-07-19,Saturday,1,0,Summer,17.3,0,0,114,124,127
2053-07-20,Sunday,1,0,Summer,20.6,0,0,127,119,118
2053-07-21,Monday,0,0,Summer,19.1,0,0,118,113,112
2053-07-22,Tuesday,0,0,Summer,20.9,1,1,112,104,99
2053-07-23,Wednesday,0,0,Summer,25.7,0,0,99,101,103
2053-07-24,Thursday,0,0,Summer,21.1,0,0,103,101,111
2053-07-25,Friday,0,0,Summer,17.3,0,1,111,114,119
2053-07-26,Saturday,1,0,Summer,18.8,0,0,119,127,130
2053-07-27,Sunday,1,0,Summer,26.2,0,0,130,118,115
2053-07-28,Monday,0,0,Summer,25.6,0,0,115,112,104
2053-07-29,Tuesday,0,0,Summer,22.7,0,0,104,99,107
2053-07-30,Wednesday,0,0,Summer,16.1,1,0,107,103,105
2053-07-31,Thursday,0,0,Summer,21.6,0,0,105,111,123
2053-08-01,Friday,0,0,Summer,21.7,0,0,123,119,128
2053-08-02,Saturday,1,0,Summer,20.5,0,0,128,130,140
2053-08-03,Sunday,1,0,Summer,18.6,0,0,140,115,122
2053-08-04,Monday,0,0,Summer,19.1,0,0,122,104,110
2053-08-05,Tuesday,0,0,Summer,18.1,0,0,110,107,97
2053-08-06,Wednesday,0,0,Summer,16.5,0,0,97,105,108
2053-08-07,Thursday,0,0,Summer,23.9,0,0,108,123,114
2053-08-08,Friday,0,0,Summer,22.3,0,1,114,128,133
2053-08-09,Saturday,1,0,Summer,18.7,0,0,133,140,120
2053-08-10,Sunday,1,0,Summer,20.5,1,0,120,122,102
2053-08-11,Monday,0,0,Summer,20.5,0,0,102,110,116
2053-08-12,Tuesday,0,0,Summer,26.2,0,1,116,97,142
2053-08-13,Wednesday,0,0,Summer,21.6,0,0,142,108,126
2053-08-14,Thursday,0,0,Summer,21.4,0,1,126,114,139
2053-08-15,Friday,0,0,Summer,18.9,0,0,139,133,128
2053-08-16,Saturday,1,0,Summer,17.3,0,0,128,120,117
2053-08-17,Sunday,1,0,Summer,22.6,0,0,117,102,128
2053-08-18,Monday,0,0,Summer,20.3,0,0,128,116,116
2053-08-19,Tuesday,0,0,Summer,15.7,0,0,116,142,116
2053-08-20,Wednesday,0,0,Summer,19.4,0,0,116,126,128
2053-08-21,Thursday,0,0,Summer,20.4,0,1,128,139,133
2053-08-22,Friday,0,0,Summer,11.4,0,0,133,128,117
2053-08-23,Saturday,1,0,Summer,14.8,0,0,117,117,111
2053-08-24,Sunday,1,0,Summer,18.5,1,0,111,128,116
2053-08-25,Monday,0,0,Summer,11.5,0,0,116,116,114
2053-08-26,Tuesday,0,0,Summer,11.8,0,0,114,116,106
2053-08-27,Wednesday,0,0,Summer,16.1,0,0,106,128,110
2053-08-28,Thursday,0,0,Summer,18.3,0,0,110,133,112
2053-08-29,Friday,0,0,Summer,18.2,0,0,112,117,113
2053-08-30,Saturday,1,0,Summer,21.2,1,0,113,111,128
2053-08-31,Sunday,1,0,Summer,16.6,0,1,128,116,129
2053-09-01,Monday,0,0,Autumn,15.0,1,0,129,114,103
2053-09-02,Tuesday,0,0,Autumn,12.1,1,0,103,106,105
2053-09-03,Wednesday,0,0,Autumn,14.7,1,0,105,110,96
2053-09-04,Thursday,0,0,Autumn,17.8,0,0,96,112,100
2053-09-05,Friday,0,0,Autumn,17.7,0,0,100,113,104
2053-09-06,Saturday,1,0,Autumn,16.1,1,1,104,128,108
2053-09-07,Sunday,1,0,Autumn,16.8,1,0,108,129,108
2053-09-08,Monday,0,0,Autumn,18.8,0,0,108,103,102
2053-09-09,Tuesday,0,0,Autumn,15.0,0,0,102,105,95
2053-09-10,Wednesday,0,0,Autumn,18.8,0,0,95,96,102
2053-09-11,Thursday,0,0,Autumn,12.3,0,0,102,100,91
2053-09-12,Friday,0,0,Autumn,14.1,0,0,91,104,100
2053-09-13,Saturday,1,0,Autumn,12.7,0,0,100,108,103
2053-09-14,Sunday,1,0,Autumn,16.3,1,1,103,108,117
2053-09-15,Monday,0,0,Autumn,10.8,1,0,117,102,108
2053-09-16,Tuesday,0,0,Autumn,12.7,0,0,108,95,105
2053-09-17,Wednesday,0,0,Autumn,7.9,1,0,105,102,93
2053-09-18,Thursday,0,0,Autumn,15.1,1,0,93,91,89
2053-09-19,Friday,0,0,Autumn,16.8,0,0,89,100,96
2053-09-20,Saturday,1,0,Autumn,15.7,1,0,96,103,94
2053-09-21,Sunday,1,0,Autumn,15.2,0,0,94,117,110
2053-09-22,Monday,0,0,Autumn,15.1,1,0,110,108,83
2053-09-23,Tuesday,0,0,Autumn,14.5,0,0,83,105,86
2053-09-24,Wednesday,0,0,Autumn,14.1,1,0,86,93,96
2053-09-25,Thursday,0,0,Autumn,14.1,0,0,96,89,82
2053-09-26,Friday,0,0,Autumn,9.9,0,0,82,96,93
2053-09-27,Saturday,1,0,Autumn,11.1,0,0,93,94,104
2053-09-28,Sunday,1,0,Autumn,11.8,0,0,104,110,101
2053-09-29,Monday,0,0,Autumn,10.4,1,0,101,83,77
2053-09-30,Tuesday,0,0,Autumn,6.5,0,0,77,86,66
2053-10-01,Wednesday,0,0,Autumn,7.4,0,0,66,96,73
2053-10-02,Thursday,0,0,Autumn,11.6,1,1,73,82,79
2053-10-03,Friday,0,0,Autumn,13.4,0,1,79,93,87
2053-10-04,Saturday,1,0,Autumn,10.6,1,0,87,104,102
2053-10-05,Sunday,1,0,Autumn,18.7,0,0,102,101,98
2053-10-06,Monday,0,0,Autumn,7.5,0,0,98,77,87
2053-10-07,Tuesday,0,0,Autumn,11.4,0,0,87,66,72
2053-10-08,Wednesday,0,0,Autumn,13.8,1,0,72,73,76
2053-10-09,Thursday,0,0,Autumn,12.9,1,0,76,79,79
2053-10-10,Friday,0,0,Autumn,11.5,1,0,79,87,91
2053-10-11,Saturday,1,0,Autumn,12.6,0,0,91,102,89
2053-10-12,Sunday,1,0,Autumn,9.4,0,0,89,98,88
2053-10-13,Monday,0,0,Autumn,14.1,0,0,88,87,91
2053-10-14,Tuesday,0,0,Autumn,12.8,0,0,91,72,78
2053-10-15,Wednesday,0,0,Autumn,6.2,0,0,78,76,73
2053-10-16,Thursday,0,0,Autumn,9.6,1,0,73,79,79
2053-10-17,Friday,0,0,Autumn,3.8,1,0,79,91,79
2053-10-18,Saturday,1,0,Autumn,12.9,0,0,79,89,92
2053-10-19,Sunday,1,0,Autumn,8.8,1,0,92,88,88
2053-10-20,Monday,0,0,Autumn,12.1,0,0,88,91,83
2053-10-21,Tuesday,0,0,Autumn,7.5,0,0,83,78,69
2053-10-22,Wednesday,0,0,Autumn,2.1,0,0,69,73,66
2053-10-23,Thursday,0,0,Autumn,15.5,0,1,66,79,89
2053-10-24,Friday,0,0,Autumn,7.8,1,0,89,79,82
2053-10-25,Saturday,1,0,Autumn,4.3,0,0,82,92,93
2053-10-26,Sunday,1,0,Autumn,10.6,0,0,93,88,91
2053-10-27,Monday,0,0,Autumn,13.1,0,0,91,83,88
2053-10-28,Tuesday,0,0,Autumn,6.3,1,0,88,69,70
2053-10-29,Wednesday,0,0,Autumn,6.4,0,0,70,66,61
2053-10-30,Thursday,0,0,Autumn,7.3,1,0,61,89,77
2053-10-31,Friday,0,0,Autumn,3.1,0,0,77,82,73
2053-11-01,Saturday,1,0,Autumn,4.3,1,0,73,93,78
2053-11-02,Sunday,1,0,Autumn,11.6,0,0,78,91,88
2053-11-03,Monday,0,0,Autumn,5.7,0,0,88,88,69
2053-11-04,Tuesday,0,0,Autumn,3.5,0,0,69,70,64
2053-11-05,Wednesday,0,0,Autumn,4.5,1,0,64,61,57
2053-11-06,Thursday,0,0,Autumn,8.9,1,1,57,77,72
2053-11-07,Friday,0,0,Autumn,-0.3,1,0,72,73,70
2053-11-08,Saturday,1,0,Autumn,6.3,0,0,70,78,78
2053-11-09,Sunday,1,0,Autumn,12.8,0,0,78,88,86
2053-11-10,Monday,0,0,Autumn,11.4,0,1,86,69,95
2053-11-11,Tuesday,0,0,Autumn,6.9,0,0,95,64,96
2053-11-12,Wednesday,0,0,Autumn,9.0,0,0,96,57,83
2053-11-13,Thursday,0,0,Autumn,8.9,1,0,83,72,75
2053-11-14,Friday,0,0,Autumn,4.5,1,0,75,70,67
2053-11-15,Saturday,1,0,Autumn,7.5,0,0,67,78,76
2053-11-16,Sunday,1,0,Autumn,10.0,0,1,76,86,91
2053-11-17,Monday,0,0,Autumn,0.8,0,0,91,95,91
2053-11-18,Tuesday,0,0,Autumn,6.2,0,0,91,96,79
2053-11-19,Wednesday,0,0,Autumn,5.5,0,0,79,83,81
2053-11-20,Thursday,0,0,Autumn,4.6,0,0,81,75,75
2053-11-21,Friday,0,0,Autumn,4.3,0,0,75,67,83
2053-11-22,Saturday,1,0,Autumn,4.8,1,0,83,76,80
2053-11-23,Sunday,1,0,Autumn,5.0,0,0,80,91,81
2053-11-24,Monday,0,0,Autumn,7.3,1,0,81,91,72
2053-11-25,Tuesday,0,0,Autumn,5.3,1,0,72,79,81
2053-11-26,Wednesday,0,0,Autumn,3.3,0,0,81,81,77
2053-11-27,Thursday,0,0,Autumn,1.2,0,0,77,75,83
2053-11-28,Friday,0,0,Autumn,2.3,1,0,83,83,82
2053-11-29,Saturday,1,0,Autumn,4.4,0,0,82,80,91
2053-11-30,Sunday,1,0,Autumn,1.5,0,0,91,81,84
2053-12-01,Monday,0,0,Winter,6.4,0,1,84,72,80
2053-12-02,Tuesday,0,0,Winter,4.8,1,0,80,81,64
2053-12-03,Wednesday,0,0,Winter,6.9,0,0,64,77,61
2053-12-04,Thursday,0,0,Winter,1.5,0,0,61,83,67
2053-12-05,Friday,0,0,Winter,0.8,1,0,67,82,68
2053-12-06,Saturday,1,0,Winter,6.7,0,0,68,91,82
2053-12-07,Sunday,1,0,Winter,3.6,1,0,82,84,85
2053-12-08,Monday,0,0,Winter,2.6,0,0,85,80,88
2053-12-09,Tuesday,0,0,Winter,5.3,1,0,88,64,64
2053-12-10,Wednesday,0,0,Winter,5.1,0,0,64,61,66
2053-12-11,Thursday,0,0,Winter,-0.6,0,0,66,67,61
2053-12-12,Friday,0,0,Winter,7.2,0,0,61,68,58
2053-12-13,Saturday,1,0,Winter,1.8,0,0,58,82,90
2053-12-14,Sunday,1,0,Winter,8.2,0,0,90,85,88
2053-12-15,Monday,0,0,Winter,-1.0,1,0,88,88,71
2053-12-16,Tuesday,0,0,Winter,4.0,0,0,71,64,72
2053-12-17,Wednesday,0,0,Winter,2.5,0,0,72,66,84
2053-12-18,Thursday,0,0,Winter,-2.9,0,0,84,61,73
2053-12-19,Friday,0,0,Winter,5.0,0,0,73,58,89
2053-12-20,Saturday,1,0,Winter,-2.8,1,0,89,90,84
2053-12-21,Sunday,1,0,Winter,2.1,0,0,84,88,91
2053-12-22,Monday,0,0,Winter,6.3,1,0,91,71,68
2053-12-23,Tuesday,0,0,Winter,1.4,0,0,68,72,60
2053-12-24,Wednesday,0,1,Winter,0.3,0,0,60,84,74
2053-12-25,Thursday,0,1,Winter,5.4,0,0,74,73,89
2053-12-26,Friday,0,1,Winter,2.3,0,0,89,89,88
2053-12-27,Saturday,1,0,Winter,1.9,1,0,88,84,91
2053-12-28,Sunday,1,0,Winter,6.9,0,0,91,91,93
2053-12-29,Monday,0,0,Winter,-0.4,1,0,93,68,69
2053-12-30,Tuesday,0,0,Winter,1.8,1,0,69,60,65
2053-12-31,Wednesday,0,1,Winter,5.8,0,0,65,74,68
2054-01-01,Thursday,0,1,Winter,-0.5,1,0,68,89,83
2054-01-02,Friday,0,0,Winter,8.6,0,0,83,88,84
2054-01-03,Saturday,1,0,Winter,2.7,1,0,84,91,90
2054-01-04,Sunday,1,0,Winter,6.0,0,0,90,93,91
2054-01-05,Monday,0,0,Winter,6.0,0,0,91,69,77
2054-01-06,Tuesday,0,0,Winter,3.0,0,0,77,65,45
2054-01-07,Wednesday,0,0,Winter,2.1,1,0,45,68,48
2054-01-08,Thursday,0,0,Winter,3.4,0,0,48,83,57
2054-01-09,Friday,0,0,Winter,5.7,1,0,57,84,73
2054-01-10,Saturday,1,0,Winter,0.7,1,0,73,90,78
2054-01-11,Sunday,1,0,Winter,0.1,0,0,78,91,70
2054-01-12,Monday,0,0,Winter,8.2,1,0,70,77,71
2054-01-13,Tuesday,0,0,Winter,1.7,0,1,71,45,66
2054-01-14,Wednesday,0,0,Winter,5.0,1,0,66,48,57
2054-01-15,Thursday,0,0,Winter,3.4,0,0,57,57,64
2054-01-16,Friday,0,0,Winter,3.6,1,0,64,73,70
2054-01-17,Saturday,1,0,Winter,8.5,1,0,70,78,92
2054-01-18,Sunday,1,0,Winter,4.0,0,0,92,70,90
2054-01-19,Monday,0,0,Winter,3.3,1,0,90,71,72
2054-01-20,Tuesday,0,0,Winter,3.6,1,0,72,66,66
2054-01-21,Wednesday,0,0,Winter,3.0,1,0,66,57,58
2054-01-22,Thursday,0,0,Winter,2.6,1,0,58,64,56
2054-01-23,Friday,0,0,Winter,3.2,1,0,56,70,69
2054-01-24,Saturday,1,0,Winter,9.8,0,0,69,92,96
2054-01-25,Sunday,1,0,Winter,7.0,1,0,96,90,88
2054-01-26,Monday,0,0,Winter,4.0,1,0,88,72,75
2054-01-27,Tuesday,0,0,Winter,8.0,0,0,75,66,64
2054-01-28,Wednesday,0,0,Winter,0.4,0,0,64,58,65
2054-01-29,Thursday,0,0,Winter,9.4,0,0,65,56,60
2054-01-30,Friday,0,0,Winter,9.3,1,0,60,69,69
2054-01-31,Saturday,1,0,Winter,12.2,1,0,69,96,87
2054-02-01,Sunday,1,0,Winter,8.7,1,0,87,88,94
2054-02-02,Monday,0,0,Winter,7.1,0,0,94,75,65
2054-02-03,Tuesday,0,0,Winter,9.8,0,0,65,64,77
2054-02-04,Wednesday,0,0,Winter,4.1,0,0,77,65,79
2054-02-05,Thursday,0,0,Winter,4.9,1,0,79,60,72
2054-02-06,Friday,0,0,Winter,6.1,1,0,72,69,69
2054-02-07,Saturday,1,0,Winter,10.5,1,1,69,87,96
2054-02-08,Sunday,1,0,Winter,3.9,0,0,96,94,105
2054-02-09,Monday,0,0,Winter,3.8,1,0,105,65,75
2054-02-10,Tuesday,0,0,Winter,7.5,1,1,75,77,87
2054-02-11,Wednesday,0,0,Winter,9.1,1,0,87,79,84
2054-02-12,Thursday,0,0,Winter,4.9,1,0,84,72,83
2054-02-13,Friday,0,0,Winter,9.2,0,0,83,69,86
2054-02-14,Saturday,1,0,Winter,11.4,1,0,86,96,91
2054-02-15,Sunday,1,0,Winter,11.1,0,0,91,105,88
2054-02-16,Monday,0,0,Winter,8.7,1,0,88,75,71
2054-02-17,Tuesday,0,0,Winter,7.5,1,0,71,87,75
2054-02-18,Wednesday,0,0,Winter,13.1,1,0,75,84,74
2054-02-19,Thursday,0,0,Winter,8.1,0,0,74,83,64
2054-02-20,Friday,0,0,Winter,11.0,1,0,64,86,71
2054-02-21,Saturday,1,0,Winter,14.2,0,0,71,91,80
2054-02-22,Sunday,1,0,Winter,11.0,1,1,80,88,92
2054-02-23,Monday,0,0,Winter,5.7,1,0,92,71,80
2054-02-24,Tuesday,0,0,Winter,5.1,0,0,80,75,75
2054-02-25,Wednesday,0,0,Winter,8.1,1,0,75,74,60
2054-02-26,Thursday,0,0,Winter,11.3,1,0,60,64,61
2054-02-27,Friday,0,0,Winter,10.6,1,0,61,71,62
2054-02-28,Saturday,1,0,Winter,16.1,0,0,62,80,80
2054-03-01,Sunday,1,0,Spring,10.9,1,0,80,92,92
2054-03-02,Monday,0,0,Spring,8.8,1,0,92,80,81
2054-03-03,Tuesday,0,0,Spring,6.6,0,0,81,75,78
2054-03-04,Wednesday,0,0,Spring,13.7,0,0,78,60,87
2054-03-05,Thursday,0,0,Spring,10.3,0,0,87,61,75
2054-03-06,Friday,0,0,Spring,5.9,0,0,75,62,85
2054-03-07,Saturday,1,0,Spring,10.7,1,0,85,80,87
2054-03-08,Sunday,1,0,Spring,7.8,0,0,87,92,109
2054-03-09,Monday,0,0,Spring,9.7,0,0,109,81,94
2054-03-10,Tuesday,0,0,Spring,11.1,0,0,94,78,73
2054-03-11,Wednesday,0,0,Spring,8.6,1,0,73,87,73
2054-03-12,Thursday,0,0,Spring,10.0,0,0,73,75,70
2054-03-13,Friday,0,0,Spring,9.4,1,0,70,85,94
2054-03-14,Saturday,1,0,Spring,9.6,0,1,94,87,100
2054-03-15,Sunday,1,0,Spring,8.9,0,0,100,109,112
2054-03-16,Monday,0,0,Spring,10.7,0,0,112,94,104
2054-03-17,Tuesday,0,0,Spring,9.6,0,0,104,73,80
2054-03-18,Wednesday,0,0,Spring,14.2,0,0,80,73,70
2054-03-19,Thursday,0,0,Spring,13.3,0,0,70,70,84
2054-03-20,Friday,0,0,Spring,16.4,0,0,84,94,92
2054-03-21,Saturday,1,0,Spring,18.7,1,0,92,100,101
2054-03-22,Sunday,1,0,Spring,15.2,0,0,101,112,108
2054-03-23,Monday,0,0,Spring,14.7,0,0,108,104,80
2054-03-24,Tuesday,0,0,Spring,15.7,0,0,80,80,82
2054-03-25,Wednesday,0,0,Spring,15.1,0,0,82,70,89
2054-03-26,Thursday,0,0,Spring,14.0,0,0,89,84,78
2054-03-27,Friday,0,0,Spring,13.9,1,0,78,92,92
2054-03-28,Saturday,1,0,Spring,11.1,1,0,92,101,96
2054-03-29,Sunday,1,0,Spring,16.9,0,0,96,108,96
2054-03-30,Monday,0,0,Spring,14.4,1,0,96,80,87
2054-03-31,Tuesday,0,0,Spring,19.1,0,0,87,82,87
2054-04-01,Wednesday,0,0,Spring,17.6,1,0,87,89,96
2054-04-02,Thursday,0,0,Spring,13.2,0,0,96,78,87
2054-04-03,Friday,0,0,Spring,19.0,0,0,87,92,105
2054-04-04,Saturday,1,0,Spring,7.7,1,0,105,96,101
2054-04-05,Sunday,1,0,Spring,21.3,0,1,101,96,116
2054-04-06,Monday,0,0,Spring,11.7,0,1,116,87,103
2054-04-07,Tuesday,0,0,Spring,17.4,1,0,103,87,85
2054-04-08,Wednesday,0,0,Spring,17.3,1,0,85,96,94
2054-04-09,Thursday,0,0,Spring,19.6,1,0,94,87,92
2054-04-10,Friday,0,0,Spring,15.4,0,0,92,105,98
2054-04-11,Saturday,1,0,Spring,10.1,0,0,98,101,110
2054-04-12,Sunday,1,0,Spring,15.7,0,0,110,116,123
2054-04-13,Monday,0,0,Spring,16.2,1,0,123,103,100
2054-04-14,Tuesday,0,0,Spring,10.9,0,0,100,85,102
2054-04-15,Wednesday,0,0,Spring,17.3,0,0,102,94,92
2054-04-16,Thursday,0,0,Spring,14.1,0,0,92,92,95
2054-04-17,Friday,0,0,Spring,19.4,1,0,95,98,104
2054-04-18,Saturday,1,0,Spring,16.9,0,0,104,110,88
2054-04-19,Sunday,1,0,Spring,23.7,1,0,88,123,98
2054-04-20,Monday,0,0,Spring,17.2,0,0,98,100,92
2054-04-21,Tuesday,0,0,Spring,19.4,0,0,92,102,97
2054-04-22,Wednesday,0,0,Spring,17.6,1,0,97,92,92
2054-04-23,Thursday,0,0,Spring,13.5,0,0,92,95,77
2054-04-24,Friday,0,0,Spring,17.9,0,0,77,104,92
2054-04-25,Saturday,1,0,Spring,20.9,0,0,92,88,91
2054-04-26,Sunday,1,0,Spring,20.6,0,0,91,98,96
2054-04-27,Monday,0,0,Spring,18.1,1,1,96,92,95
2054-04-28,Tuesday,0,0,Spring,14.7,1,0,95,97,91
2054-04-29,Wednesday,0,0,Spring,21.2,0,1,91,92,98
2054-04-30,Thursday,0,0,Spring,20.6,1,1,98,77,99
2054-05-01,Friday,0,1,Spring,22.0,1,0,99,92,102
2054-05-02,Saturday,1,0,Spring,18.8,1,0,102,91,105
2054-05-03,Sunday,1,0,Spring,14.7,1,0,105,96,92
2054-05-04,Monday,0,0,Spring,21.5,0,0,92,95,93
2054-05-05,Tuesday,0,0,Spring,20.0,1,0,93,91,82
2054-05-06,Wednesday,0,0,Spring,24.3,0,0,82,98,90
2054-05-07,Thursday,0,0,Spring,20.3,0,0,90,99,99
2054-05-08,Friday,0,0,Spring,20.2,0,1,99,102,106
2054-05-09,Saturday,1,0,Spring,21.7,0,0,106,105,112
2054-05-10,Sunday,1,0,Spring,18.8,0,0,112,92,105
2054-05-11,Monday,0,0,Spring,18.8,0,0,105,93,112
2054-05-12,Tuesday,0,0,Spring,20.5,0,0,112,82,102
2054-05-13,Wednesday,0,0,Spring,18.1,1,0,102,90,97
2054-05-14,Thursday,0,0,Spring,20.3,1,0,97,99,91
2054-05-15,Friday,0,0,Spring,26.9,0,0,91,106,88
2054-05-16,Saturday,1,0,Spring,24.3,0,0,88,112,104
2054-05-17,Sunday,1,0,Spring,22.2,0,0,104,105,98
2054-05-18,Monday,0,0,Spring,26.1,0,0,98,112,104
2054-05-19,Tuesday,0,0,Spring,19.0,0,1,104,102,110
2054-05-20,Wednesday,0,0,Spring,29.1,0,0,110,97,109
2054-05-21,Thursday,0,0,Spring,20.3,0,0,109,91,103
2054-05-22,Friday,0,0,Spring,27.8,0,0,103,88,100
2054-05-23,Saturday,1,0,Spring,27.8,1,1,100,104,112
2054-05-24,Sunday,1,0,Spring,16.7,0,1,112,98,119
2054-05-25,Monday,0,0,Spring,26.4,0,0,119,104,124
2054-05-26,Tuesday,0,0,Spring,21.2,0,0,124,110,114
2054-05-27,Wednesday,0,0,Spring,20.4,0,0,114,109,111
2054-05-28,Thursday,0,0,Spring,23.8,1,0,111,103,119
2054-05-29,Friday,0,0,Spring,19.2,0,0,119,100,112
2054-05-30,Saturday,1,0,Spring,23.8,0,0,112,112,112
2054-05-31,Sunday,1,0,Spring,19.6,0,0,112,119,118
2054-06-01,Monday,0,0,Summer,23.0,0,0,118,124,127
2054-06-02,Tuesday,0,0,Summer,26.5,0,0,127,114,126
2054-06-03,Wednesday,0,0,Summer,23.7,1,0,126,111,116
2054-06-04,Thursday,0,0,Summer,21.5,1,0,116,119,100
2054-06-05,Friday,0,0,Summer,24.3,0,0,100,112,101
2054-06-06,Saturday,1,0,Summer,18.5,1,1,101,112,120
2054-06-07,Sunday,1,0,Summer,20.2,1,0,120,118,116
2054-06-08,Monday,0,0,Summer,21.5,0,0,116,127,114
2054-06-09,Tuesday,0,0,Summer,25.2,0,0,114,126,123
2054-06-10,Wednesday,0,0,Summer,24.1,0,0,123,116,110
2054-06-11,Thursday,0,0,Summer,24.5,0,0,110,100,106
2054-06-12,Friday,0,0,Summer,22.8,0,1,106,101,127
2054-06-13,Saturday,1,0,Summer,20.6,0,0,127,120,120
2054-06-14,Sunday,1,0,Summer,27.4,0,0,120,116,132
2054-06-15,Monday,0,0,Summer,20.9,0,0,132,114,121
2054-06-16,Tuesday,0,0,Summer,24.2,0,0,121,123,118
2054-06-17,Wednesday,0,0,Summer,22.6,1,0,118,110,112
2054-06-18,Thursday,0,0,Summer,24.7,0,0,112,106,116
2054-06-19,Friday,0,0,Summer,21.2,0,0,116,127,127
2054-06-20,Saturday,1,0,Summer,26.2,0,0,127,120,117
2054-06-21,Sunday,1,0,Summer,27.1,0,0,117,132,136
2054-06-22,Monday,0,0,Summer,26.0,0,0,136,121,126
2054-06-23,Tuesday,0,0,Summer,23.5,0,0,126,118,127
2054-06-24,Wednesday,0,0,Summer,21.7,0,1,127,112,129
2054-06-25,Thursday,0,0,Summer,31.4,0,0,129,116,142
2054-06-26,Friday,0,0,Summer,20.0,0,0,142,127,128
2054-06-27,Saturday,1,0,Summer,25.6,0,0,128,117,142
2054-06-28,Sunday,1,0,Summer,23.9,0,0,142,136,132
2054-06-29,Monday,0,0,Summer,22.7,0,0,132,126,126
2054-06-30,Tuesday,0,0,Summer,23.4,0,0,126,127,129
2054-07-01,Wednesday,0,0,Summer,21.3,0,0,129,129,124
2054-07-02,Thursday,0,0,Summer,24.1,1,0,124,142,112
2054-07-03,Friday,0,0,Summer,23.7,0,0,112,128,123
2054-07-04,Saturday,1,0,Summer,30.8,0,0,123,142,134
2054-07-05,Sunday,1,0,Summer,25.9,0,0,134,132,140
2054-07-06,Monday,0,0,Summer,24.2,0,0,140,126,121
2054-07-07,Tuesday,0,0,Summer,24.3,0,1,121,129,124
2054-07-08,Wednesday,0,0,Summer,28.1,0,0,124,124,118
2054-07-09,Thursday,0,0,Summer,19.6,1,0,118,112,110
2054-07-10,Friday,0,0,Summer,21.9,0,0,110,123,119
2054-07-11,Saturday,1,0,Summer,16.7,1,1,119,134,135
2054-07-12,Sunday,1,0,Summer,24.0,0,0,135,140,139
2054-07-13,Monday,0,0,Summer,24.8,0,0,139,121,116
2054-07-14,Tuesday,0,0,Summer,19.2,0,0,116,124,108
2054-07-15,Wednesday,0,0,Summer,26.4,0,0,108,118,109
2054-07-16,Thursday,0,0,Summer,19.9,1,0,109,110,105
2054-07-17,Friday,0,0,Summer,20.9,1,0,105,119,105
2054-07-18,Saturday,1,0,Summer,22.2,0,0,105,135,118
2054-07-19,Sunday,1,0,Summer,26.6,0,0,118,139,138
2054-07-20,Monday,0,0,Summer,19.1,0,0,138,116,123
2054-07-21,Tuesday,0,0,Summer,22.5,0,1,123,108,114
2054-07-22,Wednesday,0,0,Summer,23.9,1,0,114,109,112
2054-07-23,Thursday,0,0,Summer,23.2,0,0,112,105,109
2054-07-24,Friday,0,0,Summer,23.2,0,0,109,105,127
2054-07-25,Saturday,1,0,Summer,23.6,0,0,127,118,125
2054-07-26,Sunday,1,0,Summer,19.5,0,0,125,138,126
2054-07-27,Monday,0,0,Summer,26.1,0,0,126,123,118
2054-07-28,Tuesday,0,0,Summer,20.6,0,0,118,114,105
2054-07-29,Wednesday,0,0,Summer,20.1,0,0,105,112,111
2054-07-30,Thursday,0,0,Summer,24.8,1,0,111,109,111
2054-07-31,Friday,0,0,Summer,18.8,1,1,111,127,125
2054-08-01,Saturday,1,0,Summer,21.5,0,0,125,125,130
2054-08-02,Sunday,1,0,Summer,18.3,0,0,130,126,129
2054-08-03,Monday,0,0,Summer,27.9,0,1,129,118,140
2054-08-04,Tuesday,0,0,Summer,27.1,0,0,140,105,127
2054-08-05,Wednesday,0,0,Summer,19.7,0,0,127,111,104
2054-08-06,Thursday,0,0,Summer,21.5,0,0,104,111,112
2054-08-07,Friday,0,0,Summer,19.8,0,0,112,125,127
2054-08-08,Saturday,1,0,Summer,18.6,1,1,127,130,119
2054-08-09,Sunday,1,0,Summer,19.9,0,0,119,129,116
2054-08-10,Monday,0,0,Summer,19.3,1,0,116,140,119
2054-08-11,Tuesday,0,0,Summer,14.7,0,0,119,127,121
2054-08-12,Wednesday,0,0,Summer,20.0,0,0,121,104,114
2054-08-13,Thursday,0,0,Summer,18.9,1,0,114,112,113
2054-08-14,Friday,0,0,Summer,19.8,0,1,113,127,137
2054-08-15,Saturday,1,0,Summer,18.5,0,0,137,119,128
2054-08-16,Sunday,1,0,Summer,17.5,0,0,128,116,117
2054-08-17,Monday,0,0,Summer,21.1,1,0,117,119,108
2054-08-18,Tuesday,0,0,Summer,19.9,0,0,108,121,111
2054-08-19,Wednesday,0,0,Summer,22.4,1,0,111,114,111
2054-08-20,Thursday,0,0,Summer,19.5,0,0,111,113,118
2054-08-21,Friday,0,0,Summer,17.3,0,1,118,137,143
2054-08-22,Saturday,1,0,Summer,19.6,1,0,143,128,136
2054-08-23,Sunday,1,0,Summer,11.6,0,0,136,117,116
2054-08-24,Monday,0,0,Summer,23.7,0,0,116,108,105
2054-08-25,Tuesday,0,0,Summer,18.1,0,0,105,111,106
2054-08-26,Wednesday,0,0,Summer,23.7,0,0,106,111,119
2054-08-27,Thursday,0,0,Summer,14.3,0,1,119,118,127
2054-08-28,Friday,0,0,Summer,13.4,0,0,127,143,122
2054-08-29,Saturday,1,0,Summer,17.7,0,0,122,136,125
2054-08-30,Sunday,1,0,Summer,17.6,0,1,125,116,127
2054-08-31,Monday,0,0,Summer,17.3,1,0,127,105,109
2054-09-01,Tuesday,0,0,Autumn,16.7,1,0,109,106,97
2054-09-02,Wednesday,0,0,Autumn,14.1,0,0,97,119,94
2054-09-03,Thursday,0,0,Autumn,11.4,0,0,94,127,97
2054-09-04,Friday,0,0,Autumn,16.5,0,0,97,122,106
2054-09-05,Saturday,1,0,Autumn,11.6,1,0,106,125,112
2054-09-06,Sunday,1,0,Autumn,11.2,0,0,112,127,106
2054-09-07,Monday,0,0,Autumn,14.0,1,0,106,109,98
2054-09-08,Tuesday,0,0,Autumn,16.3,0,0,98,97,107
2054-09-09,Wednesday,0,0,Autumn,20.8,0,0,107,94,102
2054-09-10,Thursday,0,0,Autumn,17.6,0,0,102,97,102
2054-09-11,Friday,0,0,Autumn,18.8,1,0,102,106,93
2054-09-12,Saturday,1,0,Autumn,16.3,0,0,93,112,111
2054-09-13,Sunday,1,0,Autumn,15.2,0,0,111,106,105
2054-09-14,Monday,0,0,Autumn,21.5,0,0,105,98,106
2054-09-15,Tuesday,0,0,Autumn,9.8,0,0,106,107,110
2054-09-16,Wednesday,0,0,Autumn,12.4,0,0,110,102,96
2054-09-17,Thursday,0,0,Autumn,12.4,0,0,96,102,92
2054-09-18,Friday,0,0,Autumn,16.0,1,0,92,93,97
2054-09-19,Saturday,1,0,Autumn,10.2,1,1,97,111,100
2054-09-20,Sunday,1,0,Autumn,15.2,0,0,100,105,104
2054-09-21,Monday,0,0,Autumn,14.5,0,0,104,106,96
2054-09-22,Tuesday,0,0,Autumn,15.0,0,0,96,110,96
2054-09-23,Wednesday,0,0,Autumn,14.8,0,0,96,96,79
2054-09-24,Thursday,0,0,Autumn,16.9,0,0,79,92,91
2054-09-25,Friday,0,0,Autumn,11.9,1,1,91,97,117
2054-09-26,Saturday,1,0,Autumn,13.5,0,0,117,100,109
2054-09-27,Sunday,1,0,Autumn,9.5,0,1,109,104,102
2054-09-28,Monday,0,0,Autumn,8.7,1,1,102,96,101
2054-09-29,Tuesday,0,0,Autumn,16.7,1,0,101,96,86
2054-09-30,Wednesday,0,0,Autumn,8.8,0,0,86,79,82
2054-10-01,Thursday,0,0,Autumn,13.0,0,0,82,91,82
2054-10-02,Friday,0,0,Autumn,12.5,0,0,82,117,87
2054-10-03,Saturday,1,0,Autumn,14.2,0,0,87,109,104
